ISO-10303-21;
HEADER;
FILE_DESCRIPTION (( 'STEP AP214' ),
    '1' );
FILE_NAME ('50-Íâ³ÝÈ¦Ö§¼Üv1.0.STEP',
    '2026-08-16T14:42:53',
    ( '' ),
    ( '' ),
    'SwSTEP 2.0',
    'SolidWorks 2024',
    '' );
FILE_SCHEMA (( 'AUTOMOTIVE_DESIGN' ));
ENDSEC;

DATA;
#1 = ORIENTED_EDGE ( 'NONE', *, *, #1424, .T. ) ;
#2 = DIRECTION ( 'NONE',  ( 0.000000000000000000, 0.000000000000000000, 1.000000000000000000 ) ) ;
#3 = LINE ( 'NONE', #340, #1208 ) ;
#4 = CARTESIAN_POINT ( 'NONE',  ( 13.49999999999953815, -75.50000000000002842, 22.33268590218010630 ) ) ;
#5 = VERTEX_POINT ( 'NONE', #1116 ) ;
#6 = ORIENTED_EDGE ( 'NONE', *, *, #1454, .T. ) ;
#7 = ORIENTED_EDGE ( 'NONE', *, *, #1519, .F. ) ;
#8 = EDGE_CURVE ( 'NONE', #638, #1216, #995, .T. ) ;
#9 = DIRECTION ( 'NONE',  ( -0.000000000000000000, -1.000000000000000000, -0.000000000000000000 ) ) ;
#10 = FACE_OUTER_BOUND ( 'NONE', #162, .T. ) ;
#11 = FACE_OUTER_BOUND ( 'NONE', #1420, .T. ) ;
#12 = AXIS2_PLACEMENT_3D ( 'NONE', #442, #1374, #551 ) ;
#13 = VERTEX_POINT ( 'NONE', #279 ) ;
#14 = DIRECTION ( 'NONE',  ( 0.000000000000000000, 0.000000000000000000, 1.000000000000000000 ) ) ;
#15 = VERTEX_POINT ( 'NONE', #522 ) ;
#16 = EDGE_LOOP ( 'NONE', ( #1159, #446, #1324, #627 ) ) ;
#17 = DIRECTION ( 'NONE',  ( -0.000000000000000000, -1.000000000000000000, -0.000000000000000000 ) ) ;
#18 = CIRCLE ( 'NONE', #617, 1.010000000000000453 ) ;
#19 = COLOUR_RGB ( '',0.7921568627450980005, 0.8196078431372548767, 0.9333333333333333481 ) ;
#20 = AXIS2_PLACEMENT_3D ( 'NONE', #1343, #640, #144 ) ;
#21 = DIRECTION ( 'NONE',  ( -0.000000000000000000, 1.000000000000000000, -0.000000000000000000 ) ) ;
#22 = DIRECTION ( 'NONE',  ( 0.000000000000000000, 0.000000000000000000, -1.000000000000000000 ) ) ;
#23 = AXIS2_PLACEMENT_3D ( 'NONE', #272, #170, #748 ) ;
#24 = EDGE_LOOP ( 'NONE', ( #376, #1144, #1346, #1079 ) ) ;
#25 = DIRECTION ( 'NONE',  ( -0.000000000000000000, 1.000000000000000000, -0.000000000000000000 ) ) ;
#26 = AXIS2_PLACEMENT_3D ( 'NONE', #734, #21, #622 ) ;
#27 = ORIENTED_EDGE ( 'NONE', *, *, #1160, .T. ) ;
#28 = CYLINDRICAL_SURFACE ( 'NONE', #740, 1.049999999999998934 ) ;
#29 = CARTESIAN_POINT ( 'NONE',  ( 19.09188309203688050, -18.00000000000000355, 19.09188309203668510 ) ) ;
#30 = PRODUCT_RELATED_PRODUCT_CATEGORY ( 'part', '', ( #608 ) ) ;
#31 = ORIENTED_EDGE ( 'NONE', *, *, #511, .T. ) ;
#32 = CARTESIAN_POINT ( 'NONE',  ( -23.38268590217949594, -0.5000000000000004441, -14.55000000000060112 ) ) ;
#33 = ORIENTED_EDGE ( 'NONE', *, *, #61, .F. ) ;
#34 = LINE ( 'NONE', #770, #834 ) ;
#35 = VERTEX_POINT ( 'NONE', #63 ) ;
#36 = CARTESIAN_POINT ( 'NONE',  ( 3.747002708109903324E-13, 9.500000000000000000, -26.99999999999999645 ) ) ;
#37 = DIRECTION ( 'NONE',  ( 0.000000000000000000, -1.000000000000000000, 0.000000000000000000 ) ) ;
#38 = CYLINDRICAL_SURFACE ( 'NONE', #1360, 1.049999999999998934 ) ;
#39 = DIRECTION ( 'NONE',  ( 0.000000000000000000, 0.000000000000000000, 1.000000000000000000 ) ) ;
#40 = EDGE_LOOP ( 'NONE', ( #1481, #358 ) ) ;
#41 = ADVANCED_FACE ( 'NONE', ( #533 ), #1499, .F. ) ;
#42 = DIRECTION ( 'NONE',  ( 0.000000000000000000, 0.000000000000000000, 1.000000000000000000 ) ) ;
#43 = ORIENTED_EDGE ( 'NONE', *, *, #325, .T. ) ;
#44 = LINE ( 'NONE', #989, #445 ) ;
#45 = CIRCLE ( 'NONE', #236, 1.050000000000000488 ) ;
#46 = LINE ( 'NONE', #965, #174 ) ;
#47 = CARTESIAN_POINT ( 'NONE',  ( -19.09188309203688050, -18.00000000000000355, -20.10188309203668311 ) ) ;
#48 = DIRECTION ( 'NONE',  ( 0.000000000000000000, 0.000000000000000000, -1.000000000000000000 ) ) ;
#49 = EDGE_LOOP ( 'NONE', ( #249, #281, #1461, #304 ) ) ;
#50 = CARTESIAN_POINT ( 'NONE',  ( -13.50000000000051870, -0.5000000000000004441, 22.33268590217954852 ) ) ;
#51 = ORIENTED_EDGE ( 'NONE', *, *, #186, .T. ) ;
#52 = EDGE_CURVE ( 'NONE', #1392, #13, #783, .T. ) ;
#53 = AXIS2_PLACEMENT_3D ( 'NONE', #1492, #1020, #217 ) ;
#54 = VECTOR ( 'NONE', #323, 1000.000000000000000 ) ;
#55 = CARTESIAN_POINT ( 'NONE',  ( -23.38268590217949594, -0.5000000000000004441, -12.45000000000060325 ) ) ;
#56 = CARTESIAN_POINT ( 'NONE',  ( 13.49999999999953815, -0.5000000000000004441, 22.33268590218010630 ) ) ;
#57 = VERTEX_POINT ( 'NONE', #1255 ) ;
#58 = CARTESIAN_POINT ( 'NONE',  ( 19.09188309203688050, -18.00000000000000355, -18.08188309203668354 ) ) ;
#59 = VERTEX_POINT ( 'NONE', #1505 ) ;
#60 = DIRECTION ( 'NONE',  ( 0.000000000000000000, 0.000000000000000000, 1.000000000000000000 ) ) ;
#61 = EDGE_CURVE ( 'NONE', #1392, #542, #911, .T. ) ;
#62 = DIRECTION ( 'NONE',  ( -0.000000000000000000, 1.000000000000000000, -0.000000000000000000 ) ) ;
#63 = CARTESIAN_POINT ( 'NONE',  ( 19.09188309203688050, -0.5000000000000004441, -18.08188309203668354 ) ) ;
#64 = EDGE_LOOP ( 'NONE', ( #1275, #825, #234, #1218 ) ) ;
#65 = CARTESIAN_POINT ( 'NONE',  ( 0.000000000000000000, 7.500000000000000000, -29.00000000000000000 ) ) ;
#66 = EDGE_CURVE ( 'NONE', #710, #529, #514, .T. ) ;
#67 = CARTESIAN_POINT ( 'NONE',  ( 0.000000000000000000, 9.500000000000000000, -29.00000000000000711 ) ) ;
#68 = ORIENTED_EDGE ( 'NONE', *, *, #1468, .T. ) ;
#69 = EDGE_LOOP ( 'NONE', ( #776, #1448, #629, #420 ) ) ;
#70 = AXIS2_PLACEMENT_3D ( 'NONE', #379, #655, #1484 ) ;
#71 = CIRCLE ( 'NONE', #766, 1.049999999999998934 ) ;
#72 = DIRECTION ( 'NONE',  ( 0.000000000000000000, 1.000000000000000000, 0.000000000000000000 ) ) ;
#73 = DIRECTION ( 'NONE',  ( 0.000000000000000000, 0.000000000000000000, 1.000000000000000000 ) ) ;
#74 = EDGE_CURVE ( 'NONE', #775, #1187, #45, .T. ) ;
#75 = FACE_BOUND ( 'NONE', #384, .T. ) ;
#76 = EDGE_CURVE ( 'NONE', #542, #474, #1104, .T. ) ;
#77 = ORIENTED_EDGE ( 'NONE', *, *, #752, .F. ) ;
#78 = FACE_OUTER_BOUND ( 'NONE', #1127, .T. ) ;
#79 = FACE_BOUND ( 'NONE', #1110, .T. ) ;
#80 = FACE_OUTER_BOUND ( 'NONE', #258, .T. ) ;
#81 = DIRECTION ( 'NONE',  ( 0.000000000000000000, -1.000000000000000000, 0.000000000000000000 ) ) ;
#82 = EDGE_LOOP ( 'NONE', ( #1270, #1091, #1128, #119 ) ) ;
#83 = DIRECTION ( 'NONE',  ( 0.000000000000000000, -1.000000000000000000, 0.000000000000000000 ) ) ;
#84 = DIRECTION ( 'NONE',  ( 0.000000000000000000, 0.000000000000000000, -1.000000000000000000 ) ) ;
#85 = FACE_BOUND ( 'NONE', #131, .T. ) ;
#86 = ORIENTED_EDGE ( 'NONE', *, *, #1179, .T. ) ;
#87 = VECTOR ( 'NONE', #1071, 1000.000000000000000 ) ;
#88 = ADVANCED_FACE ( 'NONE', ( #1132, #75, #456, #552, #804, #1273, #925, #678, #210, #85, #93, #686, #197, #319, #579, #1139, #800, #1263 ), #1047, .T. ) ;
#89 = AXIS2_PLACEMENT_3D ( 'NONE', #302, #658, #1129 ) ;
#90 = EDGE_CURVE ( 'NONE', #497, #835, #1506, .T. ) ;
#91 = LINE ( 'NONE', #194, #962 ) ;
#92 = CARTESIAN_POINT ( 'NONE',  ( -13.50000000000051870, 9.500000000000000000, 24.43268590217954639 ) ) ;
#93 = FACE_BOUND ( 'NONE', #352, .T. ) ;
#94 = ORIENTED_EDGE ( 'NONE', *, *, #473, .T. ) ;
#95 = CARTESIAN_POINT ( 'NONE',  ( 0.000000000000000000, 9.500000000000000000, 22.02499999999999858 ) ) ;
#96 = CARTESIAN_POINT ( 'NONE',  ( 19.09188309203688050, -0.5000000000000004441, 19.09188309203668510 ) ) ;
#97 = CARTESIAN_POINT ( 'NONE',  ( -23.38268590218016030, -0.5000000000000004441, 13.49999999999945643 ) ) ;
#98 = ORIENTED_EDGE ( 'NONE', *, *, #1075, .T. ) ;
#99 = CYLINDRICAL_SURFACE ( 'NONE', #1112, 1.050000000000002265 ) ;
#100 = VERTEX_POINT ( 'NONE', #188 ) ;
#101 = DIRECTION ( 'NONE',  ( 0.000000000000000000, 0.000000000000000000, -1.000000000000000000 ) ) ;
#102 = CARTESIAN_POINT ( 'NONE',  ( -13.50000000000051870, -0.5000000000000004441, 24.43268590217954639 ) ) ;
#103 = EDGE_CURVE ( 'NONE', #1166, #1081, #808, .T. ) ;
#104 = DIRECTION ( 'NONE',  ( -0.000000000000000000, 1.000000000000000000, -0.000000000000000000 ) ) ;
#105 = ORIENTED_EDGE ( 'NONE', *, *, #1335, .F. ) ;
#106 = ORIENTED_EDGE ( 'NONE', *, *, #1179, .F. ) ;
#107 = ORIENTED_EDGE ( 'NONE', *, *, #1107, .F. ) ;
#108 = CIRCLE ( 'NONE', #765, 1.050000000000000488 ) ;
#109 = CIRCLE ( 'NONE', #517, 1.050000000000002265 ) ;
#110 = DIRECTION ( 'NONE',  ( -0.000000000000000000, 1.000000000000000000, -0.000000000000000000 ) ) ;
#111 = DIRECTION ( 'NONE',  ( 0.000000000000000000, 0.000000000000000000, 1.000000000000000000 ) ) ;
#112 = EDGE_CURVE ( 'NONE', #221, #35, #1485, .T. ) ;
#113 = ORIENTED_EDGE ( 'NONE', *, *, #464, .T. ) ;
#114 = EDGE_CURVE ( 'NONE', #679, #997, #1268, .T. ) ;
#115 = ORIENTED_EDGE ( 'NONE', *, *, #815, .F. ) ;
#116 = DIRECTION ( 'NONE',  ( 0.000000000000000000, 0.000000000000000000, 1.000000000000000000 ) ) ;
#117 = CARTESIAN_POINT ( 'NONE',  ( 23.38268590218006793, -75.50000000000002842, -12.44999999999961915 ) ) ;
#118 = SURFACE_SIDE_STYLE ('',( #708 ) ) ;
#119 = ORIENTED_EDGE ( 'NONE', *, *, #636, .T. ) ;
#120 = FACE_OUTER_BOUND ( 'NONE', #1439, .T. ) ;
#121 = ORIENTED_EDGE ( 'NONE', *, *, #400, .F. ) ;
#122 = ORIENTED_EDGE ( 'NONE', *, *, #988, .F. ) ;
#123 = EDGE_CURVE ( 'NONE', #1187, #775, #1535, .T. ) ;
#124 = DIRECTION ( 'NONE',  ( 0.000000000000000000, -1.000000000000000000, 0.000000000000000000 ) ) ;
#125 = CARTESIAN_POINT ( 'NONE',  ( 13.50000000000035350, -0.5000000000000004441, -23.38268590217964871 ) ) ;
#126 = CARTESIAN_POINT ( 'NONE',  ( -19.09188309203688050, -18.00000000000000355, 19.09188309203668510 ) ) ;
#127 = AXIS2_PLACEMENT_3D ( 'NONE', #1452, #1215, #970 ) ;
#128 = VERTEX_POINT ( 'NONE', #1147 ) ;
#129 = CARTESIAN_POINT ( 'NONE',  ( -19.09188309203688050, -0.5000000000000004441, 19.09188309203668510 ) ) ;
#130 = VERTEX_POINT ( 'NONE', #1517 ) ;
#131 = EDGE_LOOP ( 'NONE', ( #727, #1265 ) ) ;
#132 = VECTOR ( 'NONE', #780, 1000.000000000000000 ) ;
#133 = CARTESIAN_POINT ( 'NONE',  ( 3.748288587249007904E-13, -0.5000000000000004441, -28.04999999999999716 ) ) ;
#134 = CIRCLE ( 'NONE', #1241, 29.00000000000000000 ) ;
#135 = VECTOR ( 'NONE', #649, 1000.000000000000000 ) ;
#136 = CIRCLE ( 'NONE', #1012, 22.02499999999999858 ) ;
#137 = DIRECTION ( 'NONE',  ( -0.000000000000000000, 1.000000000000000000, -0.000000000000000000 ) ) ;
#138 = CARTESIAN_POINT ( 'NONE',  ( 0.000000000000000000, -0.5000000000000004441, 0.000000000000000000 ) ) ;
#139 = VERTEX_POINT ( 'NONE', #573 ) ;
#140 = CARTESIAN_POINT ( 'NONE',  ( 0.000000000000000000, 7.500000000000000000, 0.000000000000000000 ) ) ;
#141 = EDGE_LOOP ( 'NONE', ( #115, #226 ) ) ;
#142 = VECTOR ( 'NONE', #137, 1000.000000000000000 ) ;
#143 = ORIENTED_EDGE ( 'NONE', *, *, #1315, .F. ) ;
#144 = DIRECTION ( 'NONE',  ( 0.000000000000000000, 0.000000000000000000, 1.000000000000000000 ) ) ;
#145 = CYLINDRICAL_SURFACE ( 'NONE', #811, 1.049999999999998934 ) ;
#146 = ADVANCED_FACE ( 'NONE', ( #451 ), #920, .F. ) ;
#147 = CARTESIAN_POINT ( 'NONE',  ( -19.09188309203688050, -0.5000000000000004441, -19.09188309203668510 ) ) ;
#148 = PRODUCT_DEFINITION_CONTEXT ( 'detailed design', #1393, 'design' ) ;
#149 = CARTESIAN_POINT ( 'NONE',  ( 0.000000000000000000, 7.500000000000000000, 0.000000000000000000 ) ) ;
#150 = ORIENTED_EDGE ( 'NONE', *, *, #1039, .F. ) ;
#151 = CARTESIAN_POINT ( 'NONE',  ( -5.689893001203927270E-13, -75.50000000000002842, 26.99999999999999645 ) ) ;
#152 = ORIENTED_EDGE ( 'NONE', *, *, #647, .T. ) ;
#153 = CARTESIAN_POINT ( 'NONE',  ( 3.747002708109903324E-13, 9.500000000000000000, -26.99999999999999645 ) ) ;
#154 = ADVANCED_FACE ( 'NONE', ( #726 ), #939, .F. ) ;
#155 = DIRECTION ( 'NONE',  ( 0.000000000000000000, 0.000000000000000000, 1.000000000000000000 ) ) ;
#156 = CARTESIAN_POINT ( 'NONE',  ( 0.000000000000000000, 9.500000000000000000, 0.000000000000000000 ) ) ;
#157 = ADVANCED_FACE ( 'NONE', ( #1311 ), #233, .F. ) ;
#158 = CYLINDRICAL_SURFACE ( 'NONE', #950, 1.050000000000002265 ) ;
#159 = ORIENTED_EDGE ( 'NONE', *, *, #570, .T. ) ;
#160 = ADVANCED_FACE ( 'NONE', ( #1170 ), #824, .F. ) ;
#161 = CARTESIAN_POINT ( 'NONE',  ( -27.00000000000000355, -75.50000000000002842, -1.050000000000661737 ) ) ;
#162 = EDGE_LOOP ( 'NONE', ( #827, #1256, #971, #812 ) ) ;
#163 = DIRECTION ( 'NONE',  ( 0.000000000000000000, 0.000000000000000000, -1.000000000000000000 ) ) ;
#164 = DIRECTION ( 'NONE',  ( 0.000000000000000000, 1.000000000000000000, 0.000000000000000000 ) ) ;
#165 = CIRCLE ( 'NONE', #1508, 1.010000000000000453 ) ;
#166 = CARTESIAN_POINT ( 'NONE',  ( 23.38268590217959542, -75.50000000000002842, 13.50000000000043698 ) ) ;
#167 = ORIENTED_EDGE ( 'NONE', *, *, #1253, .F. ) ;
#168 = VECTOR ( 'NONE', #978, 1000.000000000000000 ) ;
#169 = AXIS2_PLACEMENT_3D ( 'NONE', #1522, #1289, #695 ) ;
#170 = DIRECTION ( 'NONE',  ( 0.000000000000000000, 1.000000000000000000, 0.000000000000000000 ) ) ;
#171 = VERTEX_POINT ( 'NONE', #585 ) ;
#172 = ADVANCED_FACE ( 'NONE', ( #11 ), #616, .F. ) ;
#173 = AXIS2_PLACEMENT_3D ( 'NONE', #1373, #308, #1368 ) ;
#174 = VECTOR ( 'NONE', #1193, 1000.000000000000000 ) ;
#175 = DIRECTION ( 'NONE',  ( -0.000000000000000000, 1.000000000000000000, -0.000000000000000000 ) ) ;
#176 = CARTESIAN_POINT ( 'NONE',  ( 3.063453968067104401E-15, 78.25310452552594143, 25.01500000000000412 ) ) ;
#177 = FACE_OUTER_BOUND ( 'NONE', #82, .T. ) ;
#178 = ORIENTED_EDGE ( 'NONE', *, *, #647, .F. ) ;
#179 = EDGE_LOOP ( 'NONE', ( #749, #77 ) ) ;
#180 = CYLINDRICAL_SURFACE ( 'NONE', #89, 1.050000000000002265 ) ;
#181 = LINE ( 'NONE', #277, #1488 ) ;
#182 = EDGE_LOOP ( 'NONE', ( #704, #657 ) ) ;
#183 = EDGE_LOOP ( 'NONE', ( #271, #948 ) ) ;
#184 = LINE ( 'NONE', #65, #544 ) ;
#185 = EDGE_CURVE ( 'NONE', #1148, #1093, #1011, .T. ) ;
#186 = EDGE_CURVE ( 'NONE', #972, #656, #641, .T. ) ;
#187 = FACE_BOUND ( 'NONE', #1007, .T. ) ;
#188 = CARTESIAN_POINT ( 'NONE',  ( 19.09188309203688050, 9.500000000000000000, 18.08188309203668354 ) ) ;
#189 = AXIS2_PLACEMENT_3D ( 'NONE', #485, #341, #471 ) ;
#190 = AXIS2_PLACEMENT_3D ( 'NONE', #854, #175, #60 ) ;
#191 = ORIENTED_EDGE ( 'NONE', *, *, #214, .F. ) ;
#192 = CIRCLE ( 'NONE', #1180, 1.010000000000000453 ) ;
#193 = DIRECTION ( 'NONE',  ( 0.000000000000000000, 0.000000000000000000, -1.000000000000000000 ) ) ;
#194 = CARTESIAN_POINT ( 'NONE',  ( 23.38268590217959542, -75.50000000000002842, 14.55000000000044125 ) ) ;
#195 = DIRECTION ( 'NONE',  ( 0.000000000000000000, 0.000000000000000000, -1.000000000000000000 ) ) ;
#196 = SHAPE_DEFINITION_REPRESENTATION ( #1134, #550 ) ;
#197 = FACE_BOUND ( 'NONE', #1533, .T. ) ;
#198 = EDGE_LOOP ( 'NONE', ( #1456, #1250, #396, #331 ) ) ;
#199 = MANIFOLD_SOLID_BREP ( '\X2\52079664\X0\-\X2\62c94f38\X0\10', #262 ) ;
#200 = EDGE_LOOP ( 'NONE', ( #1233, #1400, #879, #574 ) ) ;
#201 = CARTESIAN_POINT ( 'NONE',  ( 0.000000000000000000, 78.25310452552594143, -25.01500000000000412 ) ) ;
#202 = CARTESIAN_POINT ( 'NONE',  ( 19.09188309203688050, -0.5000000000000004441, 18.08188309203668354 ) ) ;
#203 = DIRECTION ( 'NONE',  ( 0.000000000000000000, -1.000000000000000000, 0.000000000000000000 ) ) ;
#204 = ORIENTED_EDGE ( 'NONE', *, *, #1149, .F. ) ;
#205 = EDGE_CURVE ( 'NONE', #252, #1100, #1427, .T. ) ;
#206 = EDGE_LOOP ( 'NONE', ( #1118, #979, #94, #122 ) ) ;
#207 =( GEOMETRIC_REPRESENTATION_CONTEXT ( 3 ) GLOBAL_UNCERTAINTY_ASSIGNED_CONTEXT ( ( #709 ) ) GLOBAL_UNIT_ASSIGNED_CONTEXT ( ( #1021, #910, #1498 ) ) REPRESENTATION_CONTEXT ( 'NONE', 'WORKASPACE' ) );
#208 = DIRECTION ( 'NONE',  ( 0.000000000000000000, -1.000000000000000000, 0.000000000000000000 ) ) ;
#209 = DIRECTION ( 'NONE',  ( 0.000000000000000000, 0.000000000000000000, 1.000000000000000000 ) ) ;
#210 = FACE_BOUND ( 'NONE', #1243, .T. ) ;
#211 = AXIS2_PLACEMENT_3D ( 'NONE', #1523, #81, #1408 ) ;
#212 = ORIENTED_EDGE ( 'NONE', *, *, #1366, .T. ) ;
#213 = VECTOR ( 'NONE', #363, 1000.000000000000000 ) ;
#214 = EDGE_CURVE ( 'NONE', #1441, #59, #1304, .T. ) ;
#215 = AXIS2_PLACEMENT_3D ( 'NONE', #151, #1117, #556 ) ;
#216 = AXIS2_PLACEMENT_3D ( 'NONE', #318, #868, #1480 ) ;
#217 = DIRECTION ( 'NONE',  ( 0.000000000000000000, 0.000000000000000000, 1.000000000000000000 ) ) ;
#218 = VECTOR ( 'NONE', #1213, 1000.000000000000000 ) ;
#219 = DIRECTION ( 'NONE',  ( 0.000000000000000000, -1.000000000000000000, 0.000000000000000000 ) ) ;
#220 = DIRECTION ( 'NONE',  ( 0.000000000000000000, 0.000000000000000000, -1.000000000000000000 ) ) ;
#221 = VERTEX_POINT ( 'NONE', #702 ) ;
#222 = DIRECTION ( 'NONE',  ( 0.000000000000000000, 0.000000000000000000, 1.000000000000000000 ) ) ;
#223 = EDGE_CURVE ( 'NONE', #730, #504, #108, .T. ) ;
#224 = FACE_OUTER_BOUND ( 'NONE', #200, .T. ) ;
#225 = CARTESIAN_POINT ( 'NONE',  ( -13.50000000000051870, 9.500000000000000000, 22.33268590217954852 ) ) ;
#226 = ORIENTED_EDGE ( 'NONE', *, *, #731, .F. ) ;
#227 = DIRECTION ( 'NONE',  ( -0.000000000000000000, 1.000000000000000000, -0.000000000000000000 ) ) ;
#228 = ORIENTED_EDGE ( 'NONE', *, *, #52, .T. ) ;
#229 = EDGE_CURVE ( 'NONE', #972, #171, #832, .T. ) ;
#230 = CYLINDRICAL_SURFACE ( 'NONE', #1178, 1.050000000000000711 ) ;
#231 = EDGE_CURVE ( 'NONE', #893, #458, #516, .T. ) ;
#232 = DIRECTION ( 'NONE',  ( 0.000000000000000000, 0.000000000000000000, 1.000000000000000000 ) ) ;
#233 = CYLINDRICAL_SURFACE ( 'NONE', #387, 1.050000000000002265 ) ;
#234 = ORIENTED_EDGE ( 'NONE', *, *, #944, .T. ) ;
#235 = EDGE_LOOP ( 'NONE', ( #405, #1016 ) ) ;
#236 = AXIS2_PLACEMENT_3D ( 'NONE', #932, #903, #324 ) ;
#237 = ORIENTED_EDGE ( 'NONE', *, *, #90, .T. ) ;
#238 = CIRCLE ( 'NONE', #1060, 1.010000000000000453 ) ;
#239 = LINE ( 'NONE', #1425, #242 ) ;
#240 = LINE ( 'NONE', #117, #963 ) ;
#241 = CARTESIAN_POINT ( 'NONE',  ( 3.747002708109903324E-13, -75.50000000000002842, -25.94999999999999218 ) ) ;
#242 = VECTOR ( 'NONE', #1076, 1000.000000000000000 ) ;
#243 = CIRCLE ( 'NONE', #794, 1.050000000000000488 ) ;
#244 = EDGE_LOOP ( 'NONE', ( #1489, #877 ) ) ;
#245 = ORIENTED_EDGE ( 'NONE', *, *, #829, .T. ) ;
#246 = ORIENTED_EDGE ( 'NONE', *, *, #707, .F. ) ;
#247 = DIRECTION ( 'NONE',  ( 0.000000000000000000, 0.000000000000000000, -1.000000000000000000 ) ) ;
#248 = CARTESIAN_POINT ( 'NONE',  ( 13.49999999999953815, 9.500000000000000000, 24.43268590218010416 ) ) ;
#249 = ORIENTED_EDGE ( 'NONE', *, *, #1108, .F. ) ;
#250 = CYLINDRICAL_SURFACE ( 'NONE', #291, 1.050000000000001821 ) ;
#251 = EDGE_LOOP ( 'NONE', ( #295, #904, #869, #510 ) ) ;
#252 = VERTEX_POINT ( 'NONE', #56 ) ;
#253 = DIRECTION ( 'NONE',  ( 0.000000000000000000, 0.000000000000000000, 1.000000000000000000 ) ) ;
#254 = CYLINDRICAL_SURFACE ( 'NONE', #26, 1.010000000000000453 ) ;
#255 = DIRECTION ( 'NONE',  ( 0.000000000000000000, 0.000000000000000000, 1.000000000000000000 ) ) ;
#256 = VERTEX_POINT ( 'NONE', #745 ) ;
#257 = CYLINDRICAL_SURFACE ( 'NONE', #1279, 1.049999999999998934 ) ;
#258 = EDGE_LOOP ( 'NONE', ( #851, #1121, #273, #407 ) ) ;
#259 = AXIS2_PLACEMENT_3D ( 'NONE', #733, #9, #2 ) ;
#260 = ORIENTED_EDGE ( 'NONE', *, *, #806, .T. ) ;
#261 = AXIS2_PLACEMENT_3D ( 'NONE', #1537, #124, #828 ) ;
#262 = CLOSED_SHELL ( 'NONE', ( #172, #494, #366, #1382, #385, #623, #722, #1234, #1030, #692, #1190, #154, #537, #1511, #906, #263, #1423, #146, #673, #1477, #1543, #540, #1292, #419, #88, #1246, #596, #531, #354, #157, #936, #700, #1415, #1532, #449, #1421, #943, #567, #625, #1287, #926, #160, #1245, #41 ) ) ;
#263 = ADVANCED_FACE ( 'NONE', ( #982 ), #1120, .F. ) ;
#264 = DIRECTION ( 'NONE',  ( 0.000000000000000000, 1.000000000000000000, 0.000000000000000000 ) ) ;
#265 = AXIS2_PLACEMENT_3D ( 'NONE', #803, #1303, #209 ) ;
#266 = LINE ( 'NONE', #1077, #218 ) ;
#267 = CARTESIAN_POINT ( 'NONE',  ( 13.50000000000035350, -75.50000000000002842, -22.33268590217964444 ) ) ;
#268 = CIRCLE ( 'NONE', #861, 1.050000000000001821 ) ;
#269 = AXIS2_PLACEMENT_3D ( 'NONE', #1247, #1286, #222 ) ;
#270 = DIRECTION ( 'NONE',  ( 0.000000000000000000, 0.000000000000000000, -1.000000000000000000 ) ) ;
#271 = ORIENTED_EDGE ( 'NONE', *, *, #1493, .F. ) ;
#272 = CARTESIAN_POINT ( 'NONE',  ( 13.50000000000035350, 9.500000000000000000, -23.38268590217964871 ) ) ;
#273 = ORIENTED_EDGE ( 'NONE', *, *, #76, .T. ) ;
#274 = CARTESIAN_POINT ( 'NONE',  ( -23.38268590218016030, -0.5000000000000004441, 14.54999999999945715 ) ) ;
#275 = EDGE_CURVE ( 'NONE', #603, #256, #181, .T. ) ;
#276 = DIRECTION ( 'NONE',  ( -0.000000000000000000, 1.000000000000000000, -0.000000000000000000 ) ) ;
#277 = CARTESIAN_POINT ( 'NONE',  ( -13.49999999999970157, -75.50000000000002842, -22.33268590218002103 ) ) ;
#278 = LINE ( 'NONE', #754, #631 ) ;
#279 = CARTESIAN_POINT ( 'NONE',  ( -5.689893001203927270E-13, -0.5000000000000004441, 28.04999999999999361 ) ) ;
#280 = LINE ( 'NONE', #58, #394 ) ;
#281 = ORIENTED_EDGE ( 'NONE', *, *, #112, .T. ) ;
#282 = CARTESIAN_POINT ( 'NONE',  ( -19.09188309203688050, 9.500000000000000000, 19.09188309203668510 ) ) ;
#283 = DIRECTION ( 'NONE',  ( 0.000000000000000000, -1.000000000000000000, 0.000000000000000000 ) ) ;
#284 = EDGE_CURVE ( 'NONE', #128, #1316, #753, .T. ) ;
#285 = ORIENTED_EDGE ( 'NONE', *, *, #1149, .T. ) ;
#286 = LINE ( 'NONE', #1261, #168 ) ;
#287 = EDGE_LOOP ( 'NONE', ( #860, #1001 ) ) ;
#288 = DIRECTION ( 'NONE',  ( 0.000000000000000000, -1.000000000000000000, 0.000000000000000000 ) ) ;
#289 = DIRECTION ( 'NONE',  ( 0.000000000000000000, 0.000000000000000000, 1.000000000000000000 ) ) ;
#290 = EDGE_LOOP ( 'NONE', ( #1028, #1419 ) ) ;
#291 = AXIS2_PLACEMENT_3D ( 'NONE', #876, #728, #1460 ) ;
#292 = AXIS2_PLACEMENT_3D ( 'NONE', #928, #306, #784 ) ;
#293 = EDGE_CURVE ( 'NONE', #769, #949, #1214, .T. ) ;
#294 = DIRECTION ( 'NONE',  ( -0.000000000000000000, 1.000000000000000000, -0.000000000000000000 ) ) ;
#295 = ORIENTED_EDGE ( 'NONE', *, *, #344, .F. ) ;
#296 = AXIS2_PLACEMENT_3D ( 'NONE', #1326, #37, #615 ) ;
#297 = CARTESIAN_POINT ( 'NONE',  ( 19.09188309203688050, 9.500000000000000000, 20.10188309203668311 ) ) ;
#298 = CARTESIAN_POINT ( 'NONE',  ( 19.09188309203688050, -18.00000000000000355, -19.09188309203668510 ) ) ;
#299 = ORIENTED_EDGE ( 'NONE', *, *, #1521, .T. ) ;
#300 = ORIENTED_EDGE ( 'NONE', *, *, #1005, .F. ) ;
#301 = EDGE_CURVE ( 'NONE', #739, #580, #409, .T. ) ;
#302 = CARTESIAN_POINT ( 'NONE',  ( 13.50000000000035350, -75.50000000000002842, -23.38268590217964871 ) ) ;
#303 = FACE_BOUND ( 'NONE', #182, .T. ) ;
#304 = ORIENTED_EDGE ( 'NONE', *, *, #1493, .T. ) ;
#305 = ORIENTED_EDGE ( 'NONE', *, *, #123, .T. ) ;
#306 = DIRECTION ( 'NONE',  ( 0.000000000000000000, 1.000000000000000000, 0.000000000000000000 ) ) ;
#307 = EDGE_CURVE ( 'NONE', #139, #826, #444, .T. ) ;
#308 = DIRECTION ( 'NONE',  ( 0.000000000000000000, 1.000000000000000000, 0.000000000000000000 ) ) ;
#309 = AXIS2_PLACEMENT_3D ( 'NONE', #462, #432, #1391 ) ;
#310 = CARTESIAN_POINT ( 'NONE',  ( -19.09188309203688050, -18.00000000000000355, 19.09188309203668510 ) ) ;
#311 = AXIS2_PLACEMENT_3D ( 'NONE', #822, #1200, #1293 ) ;
#312 = EDGE_LOOP ( 'NONE', ( #357, #237 ) ) ;
#313 = CIRCLE ( 'NONE', #1130, 25.01500000000000412 ) ;
#314 = AXIS2_PLACEMENT_3D ( 'NONE', #469, #817, #1192 ) ;
#315 = EDGE_CURVE ( 'NONE', #130, #769, #1177, .T. ) ;
#316 = FACE_BOUND ( 'NONE', #977, .T. ) ;
#317 = EDGE_CURVE ( 'NONE', #1023, #321, #688, .T. ) ;
#318 = CARTESIAN_POINT ( 'NONE',  ( 0.000000000000000000, 8.500000000000000000, 0.000000000000000000 ) ) ;
#319 = FACE_BOUND ( 'NONE', #1183, .T. ) ;
#320 = VERTEX_POINT ( 'NONE', #1222 ) ;
#321 = VERTEX_POINT ( 'NONE', #1248 ) ;
#322 = CARTESIAN_POINT ( 'NONE',  ( 0.000000000000000000, 7.500000000000007105, -25.01500000000000412 ) ) ;
#323 = DIRECTION ( 'NONE',  ( -0.000000000000000000, 1.000000000000000000, -0.000000000000000000 ) ) ;
#324 = DIRECTION ( 'NONE',  ( 0.000000000000000000, 0.000000000000000000, -1.000000000000000000 ) ) ;
#325 = EDGE_CURVE ( 'NONE', #479, #580, #1205, .T. ) ;
#326 = EDGE_LOOP ( 'NONE', ( #107, #1501, #1411, #369 ) ) ;
#327 = EDGE_LOOP ( 'NONE', ( #757, #600, #299, #558 ) ) ;
#328 = DIRECTION ( 'NONE',  ( 0.000000000000000000, 1.000000000000000000, 0.000000000000000000 ) ) ;
#329 = DIRECTION ( 'NONE',  ( -0.000000000000000000, 1.000000000000000000, -0.000000000000000000 ) ) ;
#330 = CARTESIAN_POINT ( 'NONE',  ( 0.000000000000000000, 9.500000000000000000, 0.000000000000000000 ) ) ;
#331 = ORIENTED_EDGE ( 'NONE', *, *, #1212, .T. ) ;
#332 = CARTESIAN_POINT ( 'NONE',  ( -13.49999999999970157, -0.5000000000000004441, -24.43268590218001890 ) ) ;
#333 = AXIS2_PLACEMENT_3D ( 'NONE', #129, #994, #1321 ) ;
#334 = VECTOR ( 'NONE', #759, 1000.000000000000000 ) ;
#335 = VECTOR ( 'NONE', #1211, 1000.000000000000000 ) ;
#336 = AXIS2_PLACEMENT_3D ( 'NONE', #147, #526, #1006 ) ;
#337 = AXIS2_PLACEMENT_3D ( 'NONE', #515, #750, #1219 ) ;
#338 = DIRECTION ( 'NONE',  ( 0.000000000000000000, -1.000000000000000000, 0.000000000000000000 ) ) ;
#339 = CIRCLE ( 'NONE', #1210, 1.049999999999998934 ) ;
#340 = CARTESIAN_POINT ( 'NONE',  ( -19.09188309203688050, -18.00000000000000355, 18.08188309203668354 ) ) ;
#341 = DIRECTION ( 'NONE',  ( -0.000000000000000000, 1.000000000000000000, -0.000000000000000000 ) ) ;
#342 = ORIENTED_EDGE ( 'NONE', *, *, #870, .T. ) ;
#343 = CARTESIAN_POINT ( 'NONE',  ( -23.38268590218016030, -75.50000000000002842, 14.54999999999945715 ) ) ;
#344 = EDGE_CURVE ( 'NONE', #527, #610, #882, .T. ) ;
#345 = EDGE_LOOP ( 'NONE', ( #553, #820, #105, #1542 ) ) ;
#346 = EDGE_CURVE ( 'NONE', #57, #638, #1405, .T. ) ;
#347 = CARTESIAN_POINT ( 'NONE',  ( 0.000000000000000000, -53.79610742253483124, 0.000000000000000000 ) ) ;
#348 = CARTESIAN_POINT ( 'NONE',  ( 23.38268590217959542, -0.5000000000000004441, 13.50000000000043698 ) ) ;
#349 = DIRECTION ( 'NONE',  ( 0.000000000000000000, 0.000000000000000000, -1.000000000000000000 ) ) ;
#350 = ORIENTED_EDGE ( 'NONE', *, *, #90, .F. ) ;
#351 = ORIENTED_EDGE ( 'NONE', *, *, #66, .T. ) ;
#352 = EDGE_LOOP ( 'NONE', ( #713, #1365 ) ) ;
#353 = CYLINDRICAL_SURFACE ( 'NONE', #687, 22.02499999999999858 ) ;
#354 = ADVANCED_FACE ( 'NONE', ( #992 ), #891, .F. ) ;
#355 = CARTESIAN_POINT ( 'NONE',  ( 19.09188309203688050, -18.00000000000000355, -20.10188309203668311 ) ) ;
#356 = CARTESIAN_POINT ( 'NONE',  ( 23.38268590218006793, -0.5000000000000004441, -13.49999999999961986 ) ) ;
#357 = ORIENTED_EDGE ( 'NONE', *, *, #577, .T. ) ;
#358 = ORIENTED_EDGE ( 'NONE', *, *, #123, .F. ) ;
#359 = ORIENTED_EDGE ( 'NONE', *, *, #223, .F. ) ;
#360 = CARTESIAN_POINT ( 'NONE',  ( -13.49999999999970157, -0.5000000000000004441, -22.33268590218002103 ) ) ;
#361 = CIRCLE ( 'NONE', #1238, 1.010000000000000453 ) ;
#362 = DIRECTION ( 'NONE',  ( 0.000000000000000000, -1.000000000000000000, 0.000000000000000000 ) ) ;
#363 = DIRECTION ( 'NONE',  ( -0.000000000000000000, 1.000000000000000000, -0.000000000000000000 ) ) ;
#364 = AXIS2_PLACEMENT_3D ( 'NONE', #1161, #440, #73 ) ;
#365 = AXIS2_PLACEMENT_3D ( 'NONE', #518, #276, #155 ) ;
#366 = ADVANCED_FACE ( 'NONE', ( #1363 ), #1242, .F. ) ;
#367 = CARTESIAN_POINT ( 'NONE',  ( -19.09188309203688050, 9.500000000000000000, 18.08188309203668354 ) ) ;
#368 = VERTEX_POINT ( 'NONE', #773 ) ;
#369 = ORIENTED_EDGE ( 'NONE', *, *, #831, .T. ) ;
#370 = DIRECTION ( 'NONE',  ( -0.000000000000000000, -1.000000000000000000, -0.000000000000000000 ) ) ;
#371 = CARTESIAN_POINT ( 'NONE',  ( 0.000000000000000000, 8.500000000000000000, 22.02499999999999858 ) ) ;
#372 = DIRECTION ( 'NONE',  ( -0.000000000000000000, 1.000000000000000000, -0.000000000000000000 ) ) ;
#373 = LINE ( 'NONE', #884, #1349 ) ;
#374 = VERTEX_POINT ( 'NONE', #67 ) ;
#375 = EDGE_CURVE ( 'NONE', #1049, #1541, #767, .T. ) ;
#376 = ORIENTED_EDGE ( 'NONE', *, *, #8, .F. ) ;
#377 = CYLINDRICAL_SURFACE ( 'NONE', #389, 25.01500000000000412 ) ;
#378 = DIRECTION ( 'NONE',  ( 0.000000000000000000, 0.000000000000000000, -1.000000000000000000 ) ) ;
#379 = CARTESIAN_POINT ( 'NONE',  ( 23.38268590217959542, -0.5000000000000004441, 13.50000000000043698 ) ) ;
#380 = FACE_OUTER_BOUND ( 'NONE', #1057, .T. ) ;
#381 = EDGE_CURVE ( 'NONE', #1122, #1158, #1378, .T. ) ;
#382 = ORIENTED_EDGE ( 'NONE', *, *, #1108, .T. ) ;
#383 = CARTESIAN_POINT ( 'NONE',  ( 0.000000000000000000, -53.79610742253483124, 22.02499999999999858 ) ) ;
#384 = EDGE_LOOP ( 'NONE', ( #106, #463 ) ) ;
#385 = ADVANCED_FACE ( 'NONE', ( #1096 ), #38, .F. ) ;
#386 = CARTESIAN_POINT ( 'NONE',  ( 2.697284575122045346E-15, 8.500000000000000000, -22.02499999999999858 ) ) ;
#387 = AXIS2_PLACEMENT_3D ( 'NONE', #947, #1078, #1089 ) ;
#388 = VECTOR ( 'NONE', #624, 1000.000000000000000 ) ;
#389 = AXIS2_PLACEMENT_3D ( 'NONE', #764, #415, #1239 ) ;
#390 = FACE_OUTER_BOUND ( 'NONE', #1348, .T. ) ;
#391 = DIRECTION ( 'NONE',  ( 0.000000000000000000, 0.000000000000000000, 1.000000000000000000 ) ) ;
#392 = CIRCLE ( 'NONE', #1463, 1.049999999999998934 ) ;
#393 = CIRCLE ( 'NONE', #1538, 1.010000000000000453 ) ;
#394 = VECTOR ( 'NONE', #528, 1000.000000000000000 ) ;
#395 = CARTESIAN_POINT ( 'NONE',  ( -5.689893001203927270E-13, -75.50000000000002842, 26.99999999999999645 ) ) ;
#396 = ORIENTED_EDGE ( 'NONE', *, *, #881, .T. ) ;
#397 = APPLICATION_CONTEXT ( 'automotive_design' ) ;
#398 = DIRECTION ( 'NONE',  ( 0.000000000000000000, 0.000000000000000000, 1.000000000000000000 ) ) ;
#399 = VERTEX_POINT ( 'NONE', #403 ) ;
#400 = EDGE_CURVE ( 'NONE', #320, #949, #238, .T. ) ;
#401 = DIRECTION ( 'NONE',  ( 0.000000000000000000, -1.000000000000000000, 0.000000000000000000 ) ) ;
#402 = CARTESIAN_POINT ( 'NONE',  ( 23.38268590218006793, 9.500000000000000000, -13.49999999999961986 ) ) ;
#403 = CARTESIAN_POINT ( 'NONE',  ( 3.748288587249007904E-13, 9.500000000000000000, -28.04999999999999716 ) ) ;
#404 = DIRECTION ( 'NONE',  ( 0.000000000000000000, 1.000000000000000000, 0.000000000000000000 ) ) ;
#405 = ORIENTED_EDGE ( 'NONE', *, *, #437, .F. ) ;
#406 = LINE ( 'NONE', #1267, #1359 ) ;
#407 = ORIENTED_EDGE ( 'NONE', *, *, #1152, .F. ) ;
#408 = CARTESIAN_POINT ( 'NONE',  ( 13.49999999999953815, -75.50000000000002842, 23.38268590218010345 ) ) ;
#409 = LINE ( 'NONE', #1451, #907 ) ;
#410 = DIRECTION ( 'NONE',  ( 0.000000000000000000, 0.000000000000000000, 1.000000000000000000 ) ) ;
#411 = ORIENTED_EDGE ( 'NONE', *, *, #988, .T. ) ;
#412 = AXIS2_PLACEMENT_3D ( 'NONE', #1232, #1126, #541 ) ;
#413 = DIRECTION ( 'NONE',  ( -0.000000000000000000, 1.000000000000000000, -0.000000000000000000 ) ) ;
#414 = EDGE_LOOP ( 'NONE', ( #575, #985 ) ) ;
#415 = DIRECTION ( 'NONE',  ( -0.000000000000000000, -1.000000000000000000, -0.000000000000000000 ) ) ;
#416 = AXIS2_PLACEMENT_3D ( 'NONE', #1531, #1282, #220 ) ;
#417 = DIRECTION ( 'NONE',  ( 0.000000000000000000, 0.000000000000000000, -1.000000000000000000 ) ) ;
#418 = AXIS2_PLACEMENT_3D ( 'NONE', #632, #974, #744 ) ;
#419 = ADVANCED_FACE ( 'NONE', ( #316, #902 ), #676, .F. ) ;
#420 = ORIENTED_EDGE ( 'NONE', *, *, #1199, .F. ) ;
#421 = AXIS2_PLACEMENT_3D ( 'NONE', #637, #294, #398 ) ;
#422 = ORIENTED_EDGE ( 'NONE', *, *, #999, .T. ) ;
#423 = CIRCLE ( 'NONE', #546, 1.049999999999998934 ) ;
#424 = FACE_OUTER_BOUND ( 'NONE', #64, .T. ) ;
#425 = CARTESIAN_POINT ( 'NONE',  ( 0.000000000000000000, 7.500000000000000000, 0.000000000000000000 ) ) ;
#426 = ORIENTED_EDGE ( 'NONE', *, *, #1269, .F. ) ;
#427 = EDGE_LOOP ( 'NONE', ( #1495, #635 ) ) ;
#428 = EDGE_CURVE ( 'NONE', #252, #15, #392, .T. ) ;
#429 = CARTESIAN_POINT ( 'NONE',  ( 0.000000000000000000, -0.5000000000000000000, -29.00000000000000000 ) ) ;
#430 = CARTESIAN_POINT ( 'NONE',  ( -23.38268590218016030, 9.500000000000000000, 14.54999999999945715 ) ) ;
#431 = APPLICATION_PROTOCOL_DEFINITION ( 'draft international standard', 'automotive_design', 1998, #397 ) ;
#432 = DIRECTION ( 'NONE',  ( 0.000000000000000000, -1.000000000000000000, 0.000000000000000000 ) ) ;
#433 = EDGE_CURVE ( 'NONE', #1023, #529, #91, .T. ) ;
#434 = ORIENTED_EDGE ( 'NONE', *, *, #1468, .F. ) ;
#435 = AXIS2_PLACEMENT_3D ( 'NONE', #166, #670, #410 ) ;
#436 = ORIENTED_EDGE ( 'NONE', *, *, #1390, .F. ) ;
#437 = EDGE_CURVE ( 'NONE', #13, #1392, #791, .T. ) ;
#438 = EDGE_CURVE ( 'NONE', #5, #1216, #1036, .T. ) ;
#439 = CIRCLE ( 'NONE', #261, 1.049999999999998934 ) ;
#440 = DIRECTION ( 'NONE',  ( 0.000000000000000000, 1.000000000000000000, 0.000000000000000000 ) ) ;
#441 = FACE_OUTER_BOUND ( 'NONE', #447, .T. ) ;
#442 = CARTESIAN_POINT ( 'NONE',  ( 0.000000000000000000, 7.500000000000000000, 0.000000000000000000 ) ) ;
#443 = DIRECTION ( 'NONE',  ( 0.000000000000000000, 0.000000000000000000, 1.000000000000000000 ) ) ;
#444 = CIRCLE ( 'NONE', #1358, 1.050000000000000711 ) ;
#445 = VECTOR ( 'NONE', #1230, 1000.000000000000000 ) ;
#446 = ORIENTED_EDGE ( 'NONE', *, *, #785, .F. ) ;
#447 = EDGE_LOOP ( 'NONE', ( #813, #1527, #152, #1370 ) ) ;
#448 = DIRECTION ( 'NONE',  ( 0.000000000000000000, 1.000000000000000000, 0.000000000000000000 ) ) ;
#449 = ADVANCED_FACE ( 'NONE', ( #659 ), #896, .F. ) ;
#450 = DIRECTION ( 'NONE',  ( 0.000000000000000000, 0.000000000000000000, 1.000000000000000000 ) ) ;
#451 = FACE_OUTER_BOUND ( 'NONE', #887, .T. ) ;
#452 = ORIENTED_EDGE ( 'NONE', *, *, #785, .T. ) ;
#453 = VERTEX_POINT ( 'NONE', #322 ) ;
#454 = LINE ( 'NONE', #201, #1383 ) ;
#455 = DIRECTION ( 'NONE',  ( 0.000000000000000000, 0.000000000000000000, 1.000000000000000000 ) ) ;
#456 = FACE_BOUND ( 'NONE', #183, .T. ) ;
#457 = ORIENTED_EDGE ( 'NONE', *, *, #1152, .T. ) ;
#458 = VERTEX_POINT ( 'NONE', #430 ) ;
#459 = DIRECTION ( 'NONE',  ( 0.000000000000000000, 1.000000000000000000, -0.000000000000000000 ) ) ;
#460 = CARTESIAN_POINT ( 'NONE',  ( -13.50000000000051870, -75.50000000000002842, 24.43268590217954639 ) ) ;
#461 = CARTESIAN_POINT ( 'NONE',  ( 13.49999999999953815, 9.500000000000000000, 23.38268590218010345 ) ) ;
#462 = CARTESIAN_POINT ( 'NONE',  ( -5.689893001203927270E-13, -0.5000000000000004441, 26.99999999999999645 ) ) ;
#463 = ORIENTED_EDGE ( 'NONE', *, *, #473, .F. ) ;
#464 = EDGE_CURVE ( 'NONE', #1158, #1122, #1514, .T. ) ;
#465 = DIRECTION ( 'NONE',  ( 0.000000000000000000, -1.000000000000000000, 0.000000000000000000 ) ) ;
#466 = AXIS2_PLACEMENT_3D ( 'NONE', #1435, #719, #22 ) ;
#467 = EDGE_LOOP ( 'NONE', ( #942, #204 ) ) ;
#468 = AXIS2_PLACEMENT_3D ( 'NONE', #645, #1465, #1217 ) ;
#469 = CARTESIAN_POINT ( 'NONE',  ( 23.38268590218006793, -75.50000000000002842, -13.49999999999961986 ) ) ;
#470 = DIRECTION ( 'NONE',  ( 0.000000000000000000, 0.000000000000000000, -1.000000000000000000 ) ) ;
#471 = DIRECTION ( 'NONE',  ( 0.000000000000000000, 0.000000000000000000, 1.000000000000000000 ) ) ;
#472 = ORIENTED_EDGE ( 'NONE', *, *, #1223, .T. ) ;
#473 = EDGE_CURVE ( 'NONE', #100, #652, #793, .T. ) ;
#474 = VERTEX_POINT ( 'NONE', #1266 ) ;
#475 = VERTEX_POINT ( 'NONE', #1038 ) ;
#476 = EDGE_CURVE ( 'NONE', #453, #1008, #454, .T. ) ;
#477 = DIRECTION ( 'NONE',  ( 0.000000000000000000, 1.000000000000000000, 0.000000000000000000 ) ) ;
#478 = CARTESIAN_POINT ( 'NONE',  ( 27.00000000000000000, 9.500000000000000000, -1.049999999999524869 ) ) ;
#479 = VERTEX_POINT ( 'NONE', #95 ) ;
#480 = ORIENTED_EDGE ( 'NONE', *, *, #883, .F. ) ;
#481 = ORIENTED_EDGE ( 'NONE', *, *, #346, .F. ) ;
#482 = AXIS2_PLACEMENT_3D ( 'NONE', #1339, #746, #1446 ) ;
#483 = CARTESIAN_POINT ( 'NONE',  ( 13.50000000000035350, 9.500000000000000000, -24.43268590217964942 ) ) ;
#484 = DIRECTION ( 'NONE',  ( -0.000000000000000000, 1.000000000000000000, -0.000000000000000000 ) ) ;
#485 = CARTESIAN_POINT ( 'NONE',  ( 27.00000000000000000, -75.50000000000002842, 4.770489558936219510E-13 ) ) ;
#486 = DIRECTION ( 'NONE',  ( 0.000000000000000000, 0.000000000000000000, 1.000000000000000000 ) ) ;
#487 = ORIENTED_EDGE ( 'NONE', *, *, #301, .F. ) ;
#488 = EDGE_LOOP ( 'NONE', ( #1018, #941, #898, #1274 ) ) ;
#489 = MECHANICAL_DESIGN_GEOMETRIC_PRESENTATION_REPRESENTATION (  '', ( #565 ), #1377 ) ;
#490 = CIRCLE ( 'NONE', #23, 1.050000000000002265 ) ;
#491 = DIRECTION ( 'NONE',  ( 0.000000000000000000, 0.000000000000000000, 1.000000000000000000 ) ) ;
#492 = CIRCLE ( 'NONE', #1334, 1.050000000000001821 ) ;
#493 = CARTESIAN_POINT ( 'NONE',  ( -23.38268590218016030, -75.50000000000002842, 12.44999999999945572 ) ) ;
#494 = ADVANCED_FACE ( 'NONE', ( #807 ), #1254, .F. ) ;
#495 = CIRCLE ( 'NONE', #1410, 21.00000000000000000 ) ;
#496 = CARTESIAN_POINT ( 'NONE',  ( -19.09188309203688050, -0.5000000000000004441, -19.09188309203668510 ) ) ;
#497 = VERTEX_POINT ( 'NONE', #908 ) ;
#498 = ORIENTED_EDGE ( 'NONE', *, *, #229, .F. ) ;
#499 = CARTESIAN_POINT ( 'NONE',  ( 0.000000000000000000, -0.5000000000000000000, 0.000000000000000000 ) ) ;
#500 = DIRECTION ( 'NONE',  ( 0.000000000000000000, 0.000000000000000000, 1.000000000000000000 ) ) ;
#501 = DIRECTION ( 'NONE',  ( 0.000000000000000000, 0.000000000000000000, 1.000000000000000000 ) ) ;
#502 = CARTESIAN_POINT ( 'NONE',  ( 0.000000000000000000, 9.500000000000000000, 0.000000000000000000 ) ) ;
#503 = ORIENTED_EDGE ( 'NONE', *, *, #1124, .T. ) ;
#504 = VERTEX_POINT ( 'NONE', #1013 ) ;
#505 = FACE_OUTER_BOUND ( 'NONE', #595, .T. ) ;
#506 = AXIS2_PLACEMENT_3D ( 'NONE', #976, #957, #48 ) ;
#507 = DIRECTION ( 'NONE',  ( 0.000000000000000000, 0.000000000000000000, 1.000000000000000000 ) ) ;
#508 = CARTESIAN_POINT ( 'NONE',  ( -13.50000000000051870, 9.500000000000000000, 23.38268590217954568 ) ) ;
#509 = DIRECTION ( 'NONE',  ( 0.000000000000000000, 0.000000000000000000, 1.000000000000000000 ) ) ;
#510 = ORIENTED_EDGE ( 'NONE', *, *, #1434, .T. ) ;
#511 = EDGE_CURVE ( 'NONE', #475, #958, #990, .T. ) ;
#512 = CARTESIAN_POINT ( 'NONE',  ( -27.00000000000000355, 9.500000000000000000, -6.609296443471635030E-13 ) ) ;
#513 = EDGE_LOOP ( 'NONE', ( #1333, #1066, #1, #587 ) ) ;
#514 = CIRCLE ( 'NONE', #888, 1.050000000000004041 ) ;
#515 = CARTESIAN_POINT ( 'NONE',  ( 0.000000000000000000, 9.500000000000000000, 0.000000000000000000 ) ) ;
#516 = CIRCLE ( 'NONE', #1174, 1.050000000000000488 ) ;
#517 = AXIS2_PLACEMENT_3D ( 'NONE', #36, #264, #889 ) ;
#518 = CARTESIAN_POINT ( 'NONE',  ( -23.38268590217949594, -75.50000000000002842, -13.50000000000060218 ) ) ;
#519 = DIRECTION ( 'NONE',  ( -0.000000000000000000, 1.000000000000000000, -0.000000000000000000 ) ) ;
#520 = AXIS2_PLACEMENT_3D ( 'NONE', #1069, #370, #101 ) ;
#521 = DIRECTION ( 'NONE',  ( 0.000000000000000000, 0.000000000000000000, 1.000000000000000000 ) ) ;
#522 = CARTESIAN_POINT ( 'NONE',  ( 13.49999999999953815, -0.5000000000000004441, 24.43268590218010416 ) ) ;
#523 = CARTESIAN_POINT ( 'NONE',  ( 0.000000000000000000, -0.5000000000000000000, -25.01500000000000412 ) ) ;
#524 = ORIENTED_EDGE ( 'NONE', *, *, #672, .T. ) ;
#525 = CARTESIAN_POINT ( 'NONE',  ( -23.38268590217949594, 9.500000000000000000, -13.50000000000060218 ) ) ;
#526 = DIRECTION ( 'NONE',  ( 0.000000000000000000, -1.000000000000000000, 0.000000000000000000 ) ) ;
#527 = VERTEX_POINT ( 'NONE', #1032 ) ;
#528 = DIRECTION ( 'NONE',  ( -0.000000000000000000, 1.000000000000000000, -0.000000000000000000 ) ) ;
#529 = VERTEX_POINT ( 'NONE', #787 ) ;
#530 = CARTESIAN_POINT ( 'NONE',  ( 23.38268590218006793, -0.5000000000000004441, -14.54999999999962057 ) ) ;
#531 = ADVANCED_FACE ( 'NONE', ( #562, #303, #778, #187, #1024, #1131, #548, #1137, #1259, #1271, #1388, #79, #555, #952, #1416, #1403, #930, #598 ), #1288, .T. ) ;
#532 = CARTESIAN_POINT ( 'NONE',  ( -27.00000000000000355, -0.5000000000000004441, -6.609296443471635030E-13 ) ) ;
#533 = FACE_OUTER_BOUND ( 'NONE', #326, .T. ) ;
#534 = CIRCLE ( 'NONE', #1323, 1.010000000000000453 ) ;
#535 = ORIENTED_EDGE ( 'NONE', *, *, #1315, .T. ) ;
#536 = DIRECTION ( 'NONE',  ( 0.000000000000000000, 0.000000000000000000, 1.000000000000000000 ) ) ;
#537 = ADVANCED_FACE ( 'NONE', ( #838 ), #699, .F. ) ;
#538 = DIRECTION ( 'NONE',  ( 0.000000000000000000, 1.000000000000000000, 0.000000000000000000 ) ) ;
#539 = AXIS2_PLACEMENT_3D ( 'NONE', #126, #735, #1540 ) ;
#540 = ADVANCED_FACE ( 'NONE', ( #224 ), #1317, .F. ) ;
#541 = DIRECTION ( 'NONE',  ( 1.000000000000000000, 0.000000000000000000, 0.000000000000000000 ) ) ;
#542 = VERTEX_POINT ( 'NONE', #846 ) ;
#543 = AXIS2_PLACEMENT_3D ( 'NONE', #156, #164, #1103 ) ;
#544 = VECTOR ( 'NONE', #698, 1000.000000000000000 ) ;
#545 = EDGE_LOOP ( 'NONE', ( #1329, #1133 ) ) ;
#546 = AXIS2_PLACEMENT_3D ( 'NONE', #706, #1426, #470 ) ;
#547 = DIRECTION ( 'NONE',  ( 0.000000000000000000, 0.000000000000000000, -1.000000000000000000 ) ) ;
#548 = FACE_BOUND ( 'NONE', #40, .T. ) ;
#549 = EDGE_CURVE ( 'NONE', #915, #987, #239, .T. ) ;
#550 = ADVANCED_BREP_SHAPE_REPRESENTATION ( '50-\X2\59169f7f5708652f67b6\X0\v1.0', ( #199, #412 ), #207 ) ;
#551 = DIRECTION ( 'NONE',  ( 0.000000000000000000, 0.000000000000000000, -1.000000000000000000 ) ) ;
#552 = FACE_BOUND ( 'NONE', #1181, .T. ) ;
#553 = ORIENTED_EDGE ( 'NONE', *, *, #1454, .F. ) ;
#554 = CARTESIAN_POINT ( 'NONE',  ( 0.000000000000000000, 8.500000000000000000, 21.00000000000000000 ) ) ;
#555 = FACE_BOUND ( 'NONE', #1003, .T. ) ;
#556 = DIRECTION ( 'NONE',  ( 0.000000000000000000, 0.000000000000000000, 1.000000000000000000 ) ) ;
#557 = CARTESIAN_POINT ( 'NONE',  ( -5.688607122064822185E-13, -75.50000000000002842, 25.94999999999999574 ) ) ;
#558 = ORIENTED_EDGE ( 'NONE', *, *, #1085, .T. ) ;
#559 = CIRCLE ( 'NONE', #1025, 22.02499999999999858 ) ;
#560 = ORIENTED_EDGE ( 'NONE', *, *, #1486, .T. ) ;
#561 = EDGE_CURVE ( 'NONE', #763, #1441, #1467, .T. ) ;
#562 = FACE_BOUND ( 'NONE', #287, .T. ) ;
#563 = CARTESIAN_POINT ( 'NONE',  ( 0.000000000000000000, 7.500000000000007105, 0.000000000000000000 ) ) ;
#564 = DIRECTION ( 'NONE',  ( -0.000000000000000000, 1.000000000000000000, -0.000000000000000000 ) ) ;
#565 = STYLED_ITEM ( 'NONE', ( #1054 ), #199 ) ;
#566 = ORIENTED_EDGE ( 'NONE', *, *, #1424, .F. ) ;
#567 = ADVANCED_FACE ( 'NONE', ( #717 ), #592, .F. ) ;
#568 = AXIS2_PLACEMENT_3D ( 'NONE', #1184, #338, #705 ) ;
#569 = CIRCLE ( 'NONE', #768, 1.050000000000002265 ) ;
#570 = EDGE_CURVE ( 'NONE', #15, #252, #439, .T. ) ;
#571 = DIRECTION ( 'NONE',  ( 0.000000000000000000, 0.000000000000000000, 1.000000000000000000 ) ) ;
#572 = CARTESIAN_POINT ( 'NONE',  ( 19.09188309203688050, -0.5000000000000004441, 20.10188309203668311 ) ) ;
#573 = CARTESIAN_POINT ( 'NONE',  ( -27.00000000000000355, -0.5000000000000004441, 1.049999999999339906 ) ) ;
#574 = ORIENTED_EDGE ( 'NONE', *, *, #654, .T. ) ;
#575 = ORIENTED_EDGE ( 'NONE', *, *, #916, .F. ) ;
#576 = DIRECTION ( 'NONE',  ( 0.000000000000000000, 0.000000000000000000, 1.000000000000000000 ) ) ;
#577 = EDGE_CURVE ( 'NONE', #835, #497, #929, .T. ) ;
#578 = FACE_OUTER_BOUND ( 'NONE', #611, .T. ) ;
#579 = FACE_BOUND ( 'NONE', #1475, .T. ) ;
#580 = VERTEX_POINT ( 'NONE', #724 ) ;
#581 = EDGE_LOOP ( 'NONE', ( #1487, #566 ) ) ;
#582 = DIRECTION ( 'NONE',  ( 0.000000000000000000, 0.000000000000000000, 1.000000000000000000 ) ) ;
#583 = CARTESIAN_POINT ( 'NONE',  ( -19.09188309203688050, -0.5000000000000004441, 19.09188309203668510 ) ) ;
#584 = FACE_OUTER_BOUND ( 'NONE', #1068, .T. ) ;
#585 = CARTESIAN_POINT ( 'NONE',  ( 3.747002708109903324E-13, 9.500000000000000000, -25.94999999999999218 ) ) ;
#586 = ORIENTED_EDGE ( 'NONE', *, *, #999, .F. ) ;
#587 = ORIENTED_EDGE ( 'NONE', *, *, #968, .F. ) ;
#588 = CIRCLE ( 'NONE', #642, 1.049999999999998934 ) ;
#589 = ORIENTED_EDGE ( 'NONE', *, *, #307, .T. ) ;
#590 = CIRCLE ( 'NONE', #1464, 1.050000000000002265 ) ;
#591 = VECTOR ( 'NONE', #329, 1000.000000000000000 ) ;
#592 = CYLINDRICAL_SURFACE ( 'NONE', #736, 1.050000000000000488 ) ;
#593 = DIRECTION ( 'NONE',  ( 0.000000000000000000, 1.000000000000000000, 0.000000000000000000 ) ) ;
#594 = ORIENTED_EDGE ( 'NONE', *, *, #806, .F. ) ;
#595 = EDGE_LOOP ( 'NONE', ( #594, #1307, #1322, #27 ) ) ;
#596 = ADVANCED_FACE ( 'NONE', ( #937 ), #353, .F. ) ;
#597 = ORIENTED_EDGE ( 'NONE', *, *, #1502, .T. ) ;
#598 = FACE_BOUND ( 'NONE', #244, .T. ) ;
#599 = CARTESIAN_POINT ( 'NONE',  ( -23.38268590217949594, 9.500000000000000000, -12.45000000000060325 ) ) ;
#600 = ORIENTED_EDGE ( 'NONE', *, *, #1088, .T. ) ;
#601 = CARTESIAN_POINT ( 'NONE',  ( -19.09188309203688050, -0.5000000000000004441, 20.10188309203668311 ) ) ;
#602 = ORIENTED_EDGE ( 'NONE', *, *, #1142, .F. ) ;
#603 = VERTEX_POINT ( 'NONE', #360 ) ;
#604 = EDGE_CURVE ( 'NONE', #1314, #739, #136, .T. ) ;
#605 = DIRECTION ( 'NONE',  ( -0.000000000000000000, 1.000000000000000000, -0.000000000000000000 ) ) ;
#606 = DIRECTION ( 'NONE',  ( 0.000000000000000000, -1.000000000000000000, 0.000000000000000000 ) ) ;
#607 = FILL_AREA_STYLE_COLOUR ( '', #19 ) ;
#608 = PRODUCT ( '50-\X2\59169f7f5708652f67b6\X0\v1.0', '50-\X2\59169f7f5708652f67b6\X0\v1.0', '', ( #897 ) ) ;
#609 = CARTESIAN_POINT ( 'NONE',  ( 19.09188309203688050, 9.500000000000000000, -20.10188309203668311 ) ) ;
#610 = VERTEX_POINT ( 'NONE', #483 ) ;
#611 = EDGE_LOOP ( 'NONE', ( #723, #560, #113, #178 ) ) ;
#612 = AXIS2_PLACEMENT_3D ( 'NONE', #402, #873, #507 ) ;
#613 = AXIS2_PLACEMENT_3D ( 'NONE', #1115, #865, #1338 ) ;
#614 = CARTESIAN_POINT ( 'NONE',  ( 3.551475717527324818E-15, 9.500000000000000000, 29.00000000000000711 ) ) ;
#615 = DIRECTION ( 'NONE',  ( 0.000000000000000000, 0.000000000000000000, -1.000000000000000000 ) ) ;
#616 = CYLINDRICAL_SURFACE ( 'NONE', #539, 1.010000000000000453 ) ;
#617 = AXIS2_PLACEMENT_3D ( 'NONE', #1034, #1040, #685 ) ;
#618 = FACE_OUTER_BOUND ( 'NONE', #24, .T. ) ;
#619 = EDGE_LOOP ( 'NONE', ( #452, #6 ) ) ;
#620 = ORIENTED_EDGE ( 'NONE', *, *, #325, .F. ) ;
#621 = FACE_OUTER_BOUND ( 'NONE', #1479, .T. ) ;
#622 = DIRECTION ( 'NONE',  ( 0.000000000000000000, 0.000000000000000000, 1.000000000000000000 ) ) ;
#623 = ADVANCED_FACE ( 'NONE', ( #1300 ), #964, .F. ) ;
#624 = DIRECTION ( 'NONE',  ( -0.000000000000000000, -1.000000000000000000, -0.000000000000000000 ) ) ;
#625 = ADVANCED_FACE ( 'NONE', ( #1442 ), #230, .F. ) ;
#626 = DIRECTION ( 'NONE',  ( -0.000000000000000000, 1.000000000000000000, -0.000000000000000000 ) ) ;
#627 = ORIENTED_EDGE ( 'NONE', *, *, #681, .F. ) ;
#628 = DIRECTION ( 'NONE',  ( 0.000000000000000000, 1.000000000000000000, 0.000000000000000000 ) ) ;
#629 = ORIENTED_EDGE ( 'NONE', *, *, #731, .T. ) ;
#630 = DIRECTION ( 'NONE',  ( 0.000000000000000000, 1.000000000000000000, 0.000000000000000000 ) ) ;
#631 = VECTOR ( 'NONE', #626, 1000.000000000000000 ) ;
#632 = CARTESIAN_POINT ( 'NONE',  ( 0.000000000000000000, -0.5000000000000004441, 0.000000000000000000 ) ) ;
#633 = DIRECTION ( 'NONE',  ( -0.000000000000000000, 1.000000000000000000, -0.000000000000000000 ) ) ;
#634 = FACE_OUTER_BOUND ( 'NONE', #488, .T. ) ;
#635 = ORIENTED_EDGE ( 'NONE', *, *, #231, .F. ) ;
#636 = EDGE_CURVE ( 'NONE', #529, #710, #933, .T. ) ;
#637 = CARTESIAN_POINT ( 'NONE',  ( -13.50000000000051870, -75.50000000000002842, 23.38268590217954568 ) ) ;
#638 = VERTEX_POINT ( 'NONE', #945 ) ;
#639 = AXIS2_PLACEMENT_3D ( 'NONE', #330, #810, #1022 ) ;
#640 = DIRECTION ( 'NONE',  ( 0.000000000000000000, 1.000000000000000000, 0.000000000000000000 ) ) ;
#641 = CIRCLE ( 'NONE', #466, 1.050000000000002265 ) ;
#642 = AXIS2_PLACEMENT_3D ( 'NONE', #525, #880, #1350 ) ;
#643 = DIRECTION ( 'NONE',  ( 0.000000000000000000, 0.000000000000000000, -1.000000000000000000 ) ) ;
#644 = ORIENTED_EDGE ( 'NONE', *, *, #1168, .T. ) ;
#645 = CARTESIAN_POINT ( 'NONE',  ( -23.38268590217949594, -0.5000000000000004441, -13.50000000000060218 ) ) ;
#646 = ORIENTED_EDGE ( 'NONE', *, *, #549, .T. ) ;
#647 = EDGE_CURVE ( 'NONE', #1148, #1122, #1044, .T. ) ;
#648 = LINE ( 'NONE', #973, #1330 ) ;
#649 = DIRECTION ( 'NONE',  ( -0.000000000000000000, 1.000000000000000000, -0.000000000000000000 ) ) ;
#650 = APPLICATION_PROTOCOL_DEFINITION ( 'draft international standard', 'automotive_design', 1998, #1393 ) ;
#651 = VERTEX_POINT ( 'NONE', #55 ) ;
#652 = VERTEX_POINT ( 'NONE', #297 ) ;
#653 = LINE ( 'NONE', #1019, #960 ) ;
#654 = EDGE_CURVE ( 'NONE', #1008, #1541, #1432, .T. ) ;
#655 = DIRECTION ( 'NONE',  ( 0.000000000000000000, -1.000000000000000000, 0.000000000000000000 ) ) ;
#656 = VERTEX_POINT ( 'NONE', #133 ) ;
#657 = ORIENTED_EDGE ( 'NONE', *, *, #1168, .F. ) ;
#658 = DIRECTION ( 'NONE',  ( -0.000000000000000000, 1.000000000000000000, -0.000000000000000000 ) ) ;
#659 = FACE_OUTER_BOUND ( 'NONE', #198, .T. ) ;
#660 = AXIS2_PLACEMENT_3D ( 'NONE', #758, #288, #163 ) ;
#661 = CARTESIAN_POINT ( 'NONE',  ( -5.689893001203927270E-13, 9.500000000000000000, 26.99999999999999645 ) ) ;
#662 = VECTOR ( 'NONE', #519, 1000.000000000000000 ) ;
#663 = AXIS2_PLACEMENT_3D ( 'NONE', #425, #1520, #694 ) ;
#664 = AXIS2_PLACEMENT_3D ( 'NONE', #348, #1407, #818 ) ;
#665 = ORIENTED_EDGE ( 'NONE', *, *, #1269, .T. ) ;
#666 = VECTOR ( 'NONE', #677, 1000.000000000000000 ) ;
#667 = CARTESIAN_POINT ( 'NONE',  ( -23.38268590218016030, 9.500000000000000000, 12.44999999999945572 ) ) ;
#668 = DIRECTION ( 'NONE',  ( 0.000000000000000000, 0.000000000000000000, 1.000000000000000000 ) ) ;
#669 = CARTESIAN_POINT ( 'NONE',  ( 23.38268590217959542, -0.5000000000000004441, 14.55000000000044125 ) ) ;
#670 = DIRECTION ( 'NONE',  ( -0.000000000000000000, 1.000000000000000000, -0.000000000000000000 ) ) ;
#671 = DIRECTION ( 'NONE',  ( -0.000000000000000000, 1.000000000000000000, -0.000000000000000000 ) ) ;
#672 = EDGE_CURVE ( 'NONE', #458, #893, #1536, .T. ) ;
#673 = ADVANCED_FACE ( 'NONE', ( #1004 ), #377, .F. ) ;
#674 = ORIENTED_EDGE ( 'NONE', *, *, #275, .F. ) ;
#675 = ORIENTED_EDGE ( 'NONE', *, *, #604, .T. ) ;
#676 = PLANE ( 'NONE',  #663 ) ;
#677 = DIRECTION ( 'NONE',  ( -0.000000000000000000, 1.000000000000000000, -0.000000000000000000 ) ) ;
#678 = FACE_BOUND ( 'NONE', #1197, .T. ) ;
#679 = VERTEX_POINT ( 'NONE', #614 ) ;
#680 = CIRCLE ( 'NONE', #482, 1.049999999999998934 ) ;
#681 = EDGE_CURVE ( 'NONE', #997, #867, #1302, .T. ) ;
#682 = ORIENTED_EDGE ( 'NONE', *, *, #1335, .T. ) ;
#683 = DIRECTION ( 'NONE',  ( 0.000000000000000000, 0.000000000000000000, -1.000000000000000000 ) ) ;
#684 = AXIS2_PLACEMENT_3D ( 'NONE', #1375, #1163, #790 ) ;
#685 = DIRECTION ( 'NONE',  ( 0.000000000000000000, 0.000000000000000000, -1.000000000000000000 ) ) ;
#686 = FACE_BOUND ( 'NONE', #581, .T. ) ;
#687 = AXIS2_PLACEMENT_3D ( 'NONE', #347, #605, #491 ) ;
#688 = CIRCLE ( 'NONE', #70, 1.050000000000004041 ) ;
#689 = VECTOR ( 'NONE', #799, 1000.000000000000000 ) ;
#690 = ORIENTED_EDGE ( 'NONE', *, *, #570, .F. ) ;
#691 = AXIS2_PLACEMENT_3D ( 'NONE', #563, #938, #455 ) ;
#692 = ADVANCED_FACE ( 'NONE', ( #621 ), #28, .F. ) ;
#693 = CIRCLE ( 'NONE', #296, 1.010000000000000453 ) ;
#694 = DIRECTION ( 'NONE',  ( 0.000000000000000000, -0.000000000000000000, 1.000000000000000000 ) ) ;
#695 = DIRECTION ( 'NONE',  ( 0.000000000000000000, 0.000000000000000000, -1.000000000000000000 ) ) ;
#696 = DIRECTION ( 'NONE',  ( 0.000000000000000000, 1.000000000000000000, 0.000000000000000000 ) ) ;
#697 = ORIENTED_EDGE ( 'NONE', *, *, #881, .F. ) ;
#698 = DIRECTION ( 'NONE',  ( -0.000000000000000000, -1.000000000000000000, -0.000000000000000000 ) ) ;
#699 = CYLINDRICAL_SURFACE ( 'NONE', #314, 1.050000000000000488 ) ;
#700 = ADVANCED_FACE ( 'NONE', ( #505 ), #871, .F. ) ;
#701 = DIRECTION ( 'NONE',  ( 0.000000000000000000, 1.000000000000000000, 0.000000000000000000 ) ) ;
#702 = CARTESIAN_POINT ( 'NONE',  ( 19.09188309203688050, -0.5000000000000004441, -20.10188309203668311 ) ) ;
#703 = EDGE_LOOP ( 'NONE', ( #1143, #1354, #1251, #1207 ) ) ;
#704 = ORIENTED_EDGE ( 'NONE', *, *, #103, .F. ) ;
#705 = DIRECTION ( 'NONE',  ( 0.000000000000000000, -0.000000000000000000, -1.000000000000000000 ) ) ;
#706 = CARTESIAN_POINT ( 'NONE',  ( -13.49999999999970157, -0.5000000000000004441, -23.38268590218001819 ) ) ;
#707 = EDGE_CURVE ( 'NONE', #1081, #100, #648, .T. ) ;
#708 = SURFACE_STYLE_FILL_AREA ( #1295 ) ;
#709 = UNCERTAINTY_MEASURE_WITH_UNIT (LENGTH_MEASURE( 1.000000000000000082E-05 ), #1021, 'distance_accuracy_value', 'NONE');
#710 = VERTEX_POINT ( 'NONE', #1325 ) ;
#711 = AXIS2_PLACEMENT_3D ( 'NONE', #1186, #104, #1194 ) ;
#712 = AXIS2_PLACEMENT_3D ( 'NONE', #508, #538, #1327 ) ;
#713 = ORIENTED_EDGE ( 'NONE', *, *, #636, .F. ) ;
#714 = CIRCLE ( 'NONE', #292, 1.049999999999998934 ) ;
#715 = AXIS2_PLACEMENT_3D ( 'NONE', #1503, #328, #571 ) ;
#716 = CIRCLE ( 'NONE', #912, 1.050000000000000711 ) ;
#717 = FACE_OUTER_BOUND ( 'NONE', #1072, .T. ) ;
#718 = FACE_BOUND ( 'NONE', #312, .T. ) ;
#719 = DIRECTION ( 'NONE',  ( 0.000000000000000000, -1.000000000000000000, 0.000000000000000000 ) ) ;
#720 = DIRECTION ( 'NONE',  ( -0.000000000000000000, 1.000000000000000000, -0.000000000000000000 ) ) ;
#721 = EDGE_LOOP ( 'NONE', ( #1037, #951 ) ) ;
#722 = ADVANCED_FACE ( 'NONE', ( #863 ), #1449, .F. ) ;
#723 = ORIENTED_EDGE ( 'NONE', *, *, #185, .T. ) ;
#724 = CARTESIAN_POINT ( 'NONE',  ( 2.697284575122045346E-15, 9.500000000000000000, -22.02499999999999858 ) ) ;
#725 = DIRECTION ( 'NONE',  ( -0.000000000000000000, 1.000000000000000000, -0.000000000000000000 ) ) ;
#726 = FACE_OUTER_BOUND ( 'NONE', #513, .T. ) ;
#727 = ORIENTED_EDGE ( 'NONE', *, *, #1212, .F. ) ;
#728 = DIRECTION ( 'NONE',  ( -0.000000000000000000, 1.000000000000000000, -0.000000000000000000 ) ) ;
#729 = ORIENTED_EDGE ( 'NONE', *, *, #829, .F. ) ;
#730 = VERTEX_POINT ( 'NONE', #530 ) ;
#731 = EDGE_CURVE ( 'NONE', #1306, #1369, #588, .T. ) ;
#732 = CIRCLE ( 'NONE', #506, 1.010000000000000453 ) ;
#733 = CARTESIAN_POINT ( 'NONE',  ( 0.000000000000000000, 8.500000000000000000, 0.000000000000000000 ) ) ;
#734 = CARTESIAN_POINT ( 'NONE',  ( -19.09188309203688050, -18.00000000000000355, -19.09188309203668510 ) ) ;
#735 = DIRECTION ( 'NONE',  ( -0.000000000000000000, 1.000000000000000000, -0.000000000000000000 ) ) ;
#736 = AXIS2_PLACEMENT_3D ( 'NONE', #1167, #1051, #116 ) ;
#737 = DIRECTION ( 'NONE',  ( 0.000000000000000000, 1.000000000000000000, 0.000000000000000000 ) ) ;
#738 = VERTEX_POINT ( 'NONE', #1094 ) ;
#739 = VERTEX_POINT ( 'NONE', #386 ) ;
#740 = AXIS2_PLACEMENT_3D ( 'NONE', #408, #1457, #1469 ) ;
#741 = VECTOR ( 'NONE', #901, 1000.000000000000000 ) ;
#742 = EDGE_CURVE ( 'NONE', #171, #399, #109, .T. ) ;
#743 = DIRECTION ( 'NONE',  ( -0.000000000000000000, 1.000000000000000000, -0.000000000000000000 ) ) ;
#744 = DIRECTION ( 'NONE',  ( 0.000000000000000000, 0.000000000000000000, 1.000000000000000000 ) ) ;
#745 = CARTESIAN_POINT ( 'NONE',  ( -13.49999999999970157, 9.500000000000000000, -22.33268590218002103 ) ) ;
#746 = DIRECTION ( 'NONE',  ( 0.000000000000000000, -1.000000000000000000, 0.000000000000000000 ) ) ;
#747 = EDGE_LOOP ( 'NONE', ( #1466, #285, #1447, #1296 ) ) ;
#748 = DIRECTION ( 'NONE',  ( 0.000000000000000000, 0.000000000000000000, 1.000000000000000000 ) ) ;
#749 = ORIENTED_EDGE ( 'NONE', *, *, #831, .F. ) ;
#750 = DIRECTION ( 'NONE',  ( 0.000000000000000000, 1.000000000000000000, 0.000000000000000000 ) ) ;
#751 = CARTESIAN_POINT ( 'NONE',  ( -13.50000000000051870, -75.50000000000002842, 23.38268590217954568 ) ) ;
#752 = EDGE_CURVE ( 'NONE', #1500, #59, #165, .T. ) ;
#753 = LINE ( 'NONE', #267, #135 ) ;
#754 = CARTESIAN_POINT ( 'NONE',  ( -13.50000000000051870, -75.50000000000002842, 22.33268590217954852 ) ) ;
#755 = ORIENTED_EDGE ( 'NONE', *, *, #1399, .F. ) ;
#756 = DIRECTION ( 'NONE',  ( 0.000000000000000000, -1.000000000000000000, 0.000000000000000000 ) ) ;
#757 = ORIENTED_EDGE ( 'NONE', *, *, #1058, .F. ) ;
#758 = CARTESIAN_POINT ( 'NONE',  ( 0.000000000000000000, -0.5000000000000000000, 0.000000000000000000 ) ) ;
#759 = DIRECTION ( 'NONE',  ( -0.000000000000000000, 1.000000000000000000, -0.000000000000000000 ) ) ;
#760 = CYLINDRICAL_SURFACE ( 'NONE', #435, 1.050000000000004041 ) ;
#761 = EDGE_LOOP ( 'NONE', ( #1067, #1228 ) ) ;
#762 = CARTESIAN_POINT ( 'NONE',  ( 3.747002708109903324E-13, -0.5000000000000004441, -25.94999999999999218 ) ) ;
#763 = VERTEX_POINT ( 'NONE', #998 ) ;
#764 = CARTESIAN_POINT ( 'NONE',  ( 0.000000000000000000, 78.25310452552594143, 0.000000000000000000 ) ) ;
#765 = AXIS2_PLACEMENT_3D ( 'NONE', #356, #1202, #1444 ) ;
#766 = AXIS2_PLACEMENT_3D ( 'NONE', #1496, #1043, #193 ) ;
#767 = LINE ( 'NONE', #176, #388 ) ;
#768 = AXIS2_PLACEMENT_3D ( 'NONE', #125, #606, #1318 ) ;
#769 = VERTEX_POINT ( 'NONE', #772 ) ;
#770 = CARTESIAN_POINT ( 'NONE',  ( 3.748288587249007904E-13, -75.50000000000002842, -28.04999999999999716 ) ) ;
#771 = ORIENTED_EDGE ( 'NONE', *, *, #752, .T. ) ;
#772 = CARTESIAN_POINT ( 'NONE',  ( -19.09188309203688050, -0.5000000000000004441, -20.10188309203668311 ) ) ;
#773 = CARTESIAN_POINT ( 'NONE',  ( -27.00000000000000355, 9.500000000000000000, -1.050000000000661737 ) ) ;
#774 = CARTESIAN_POINT ( 'NONE',  ( 3.063453968067104401E-15, -0.5000000000000000000, 25.01500000000000412 ) ) ;
#775 = VERTEX_POINT ( 'NONE', #274 ) ;
#776 = ORIENTED_EDGE ( 'NONE', *, *, #1017, .T. ) ;
#777 = FACE_OUTER_BOUND ( 'NONE', #251, .T. ) ;
#778 = FACE_BOUND ( 'NONE', #721, .T. ) ;
#779 = CIRCLE ( 'NONE', #1529, 25.01500000000000412 ) ;
#780 = DIRECTION ( 'NONE',  ( -0.000000000000000000, -1.000000000000000000, -0.000000000000000000 ) ) ;
#781 = ORIENTED_EDGE ( 'NONE', *, *, #1017, .F. ) ;
#782 = AXIS2_PLACEMENT_3D ( 'NONE', #583, #1309, #247 ) ;
#783 = CIRCLE ( 'NONE', #309, 1.049999999999998934 ) ;
#784 = DIRECTION ( 'NONE',  ( 0.000000000000000000, 0.000000000000000000, 1.000000000000000000 ) ) ;
#785 = EDGE_CURVE ( 'NONE', #374, #679, #1379, .T. ) ;
#786 = EDGE_CURVE ( 'NONE', #399, #171, #1082, .T. ) ;
#787 = CARTESIAN_POINT ( 'NONE',  ( 23.38268590217959542, 9.500000000000000000, 14.55000000000044125 ) ) ;
#788 = CIRCLE ( 'NONE', #127, 29.00000000000000711 ) ;
#789 = AXIS2_PLACEMENT_3D ( 'NONE', #1431, #477, #576 ) ;
#790 = DIRECTION ( 'NONE',  ( 0.000000000000000000, 0.000000000000000000, 1.000000000000000000 ) ) ;
#791 = CIRCLE ( 'NONE', #1380, 1.049999999999998934 ) ;
#792 = AXIS2_PLACEMENT_3D ( 'NONE', #895, #227, #1413 ) ;
#793 = CIRCLE ( 'NONE', #364, 1.010000000000000453 ) ;
#794 = AXIS2_PLACEMENT_3D ( 'NONE', #1155, #701, #232 ) ;
#795 = ORIENTED_EDGE ( 'NONE', *, *, #1160, .F. ) ;
#796 = ORIENTED_EDGE ( 'NONE', *, *, #301, .T. ) ;
#797 = EDGE_CURVE ( 'NONE', #475, #835, #44, .T. ) ;
#798 = DIRECTION ( 'NONE',  ( -0.000000000000000000, 1.000000000000000000, -0.000000000000000000 ) ) ;
#799 = DIRECTION ( 'NONE',  ( -0.000000000000000000, 1.000000000000000000, -0.000000000000000000 ) ) ;
#800 = FACE_BOUND ( 'NONE', #849, .T. ) ;
#801 = EDGE_LOOP ( 'NONE', ( #589, #956, #342, #805 ) ) ;
#802 = DIRECTION ( 'NONE',  ( 0.000000000000000000, 0.000000000000000000, 1.000000000000000000 ) ) ;
#803 = CARTESIAN_POINT ( 'NONE',  ( 23.38268590217959542, -75.50000000000002842, 13.50000000000043698 ) ) ;
#804 = FACE_BOUND ( 'NONE', #141, .T. ) ;
#805 = ORIENTED_EDGE ( 'NONE', *, *, #1521, .F. ) ;
#806 = EDGE_CURVE ( 'NONE', #730, #1264, #1113, .T. ) ;
#807 = FACE_OUTER_BOUND ( 'NONE', #206, .T. ) ;
#808 = CIRCLE ( 'NONE', #211, 1.010000000000000453 ) ;
#809 = LINE ( 'NONE', #355, #54 ) ;
#810 = DIRECTION ( 'NONE',  ( 0.000000000000000000, 1.000000000000000000, 0.000000000000000000 ) ) ;
#811 = AXIS2_PLACEMENT_3D ( 'NONE', #751, #725, #1087 ) ;
#812 = ORIENTED_EDGE ( 'NONE', *, *, #944, .F. ) ;
#813 = ORIENTED_EDGE ( 'NONE', *, *, #1486, .F. ) ;
#814 = CARTESIAN_POINT ( 'NONE',  ( 13.50000000000035350, -0.5000000000000004441, -23.38268590217964871 ) ) ;
#815 = EDGE_CURVE ( 'NONE', #1369, #1306, #1206, .T. ) ;
#816 = CIRCLE ( 'NONE', #612, 1.050000000000000488 ) ;
#817 = DIRECTION ( 'NONE',  ( -0.000000000000000000, 1.000000000000000000, -0.000000000000000000 ) ) ;
#818 = DIRECTION ( 'NONE',  ( 0.000000000000000000, 0.000000000000000000, -1.000000000000000000 ) ) ;
#819 = SURFACE_STYLE_USAGE ( .BOTH. , #118 ) ;
#820 = ORIENTED_EDGE ( 'NONE', *, *, #114, .T. ) ;
#821 = CARTESIAN_POINT ( 'NONE',  ( 23.38268590217959542, -75.50000000000002842, 12.45000000000043272 ) ) ;
#822 = CARTESIAN_POINT ( 'NONE',  ( -27.00000000000000355, -75.50000000000002842, -6.609296443471635030E-13 ) ) ;
#823 = CARTESIAN_POINT ( 'NONE',  ( -5.689893001203927270E-13, -75.50000000000002842, 28.04999999999999361 ) ) ;
#824 = CYLINDRICAL_SURFACE ( 'NONE', #711, 1.010000000000000453 ) ;
#825 = ORIENTED_EDGE ( 'NONE', *, *, #1519, .T. ) ;
#826 = VERTEX_POINT ( 'NONE', #1367 ) ;
#827 = ORIENTED_EDGE ( 'NONE', *, *, #315, .T. ) ;
#828 = DIRECTION ( 'NONE',  ( 0.000000000000000000, 0.000000000000000000, -1.000000000000000000 ) ) ;
#829 = EDGE_CURVE ( 'NONE', #775, #458, #1372, .T. ) ;
#830 = DIRECTION ( 'NONE',  ( 0.000000000000000000, -1.000000000000000000, 0.000000000000000000 ) ) ;
#831 = EDGE_CURVE ( 'NONE', #59, #1500, #393, .T. ) ;
#832 = LINE ( 'NONE', #241, #1052 ) ;
#833 = ORIENTED_EDGE ( 'NONE', *, *, #786, .T. ) ;
#834 = VECTOR ( 'NONE', #1356, 1000.000000000000000 ) ;
#835 = VERTEX_POINT ( 'NONE', #554 ) ;
#836 = AXIS2_PLACEMENT_3D ( 'NONE', #1381, #798, #668 ) ;
#837 = AXIS2_PLACEMENT_3D ( 'NONE', #1470, #954, #855 ) ;
#838 = FACE_OUTER_BOUND ( 'NONE', #1387, .T. ) ;
#839 = DIRECTION ( 'NONE',  ( -0.000000000000000000, 1.000000000000000000, -0.000000000000000000 ) ) ;
#840 = DIRECTION ( 'NONE',  ( 0.000000000000000000, -1.000000000000000000, 0.000000000000000000 ) ) ;
#841 = EDGE_CURVE ( 'NONE', #474, #542, #714, .T. ) ;
#842 = EDGE_LOOP ( 'NONE', ( #921, #1525, #905, #729 ) ) ;
#843 = DIRECTION ( 'NONE',  ( 0.000000000000000000, 0.000000000000000000, 1.000000000000000000 ) ) ;
#844 = ORIENTED_EDGE ( 'NONE', *, *, #577, .F. ) ;
#845 = ORIENTED_EDGE ( 'NONE', *, *, #205, .T. ) ;
#846 = CARTESIAN_POINT ( 'NONE',  ( -5.688607122064822185E-13, 9.500000000000000000, 25.94999999999999574 ) ) ;
#847 = CARTESIAN_POINT ( 'NONE',  ( 0.000000000000000000, -0.5000000000000000000, 0.000000000000000000 ) ) ;
#848 = CARTESIAN_POINT ( 'NONE',  ( -23.38268590218016030, 9.500000000000000000, 13.49999999999945643 ) ) ;
#849 = EDGE_LOOP ( 'NONE', ( #620, #434 ) ) ;
#850 = DIRECTION ( 'NONE',  ( 0.000000000000000000, 0.000000000000000000, 1.000000000000000000 ) ) ;
#851 = ORIENTED_EDGE ( 'NONE', *, *, #437, .T. ) ;
#852 = ORIENTED_EDGE ( 'NONE', *, *, #966, .T. ) ;
#853 = AXIS2_PLACEMENT_3D ( 'NONE', #140, #1345, #270 ) ;
#854 = CARTESIAN_POINT ( 'NONE',  ( 23.38268590218006793, -75.50000000000002842, -13.49999999999961986 ) ) ;
#855 = DIRECTION ( 'NONE',  ( 0.000000000000000000, -0.000000000000000000, 1.000000000000000000 ) ) ;
#856 = CARTESIAN_POINT ( 'NONE',  ( 13.50000000000035350, -75.50000000000002842, -24.43268590217964942 ) ) ;
#857 = CARTESIAN_POINT ( 'NONE',  ( 0.000000000000000000, 7.500000000000007105, 0.000000000000000000 ) ) ;
#858 = EDGE_LOOP ( 'NONE', ( #934, #1453 ) ) ;
#859 = DIRECTION ( 'NONE',  ( -0.000000000000000000, 1.000000000000000000, -0.000000000000000000 ) ) ;
#860 = ORIENTED_EDGE ( 'NONE', *, *, #1412, .F. ) ;
#861 = AXIS2_PLACEMENT_3D ( 'NONE', #1196, #737, #14 ) ;
#862 = AXIS2_PLACEMENT_3D ( 'NONE', #1000, #283, #417 ) ;
#863 = FACE_OUTER_BOUND ( 'NONE', #842, .T. ) ;
#864 = DIRECTION ( 'NONE',  ( 0.000000000000000000, 0.000000000000000000, 1.000000000000000000 ) ) ;
#865 = DIRECTION ( 'NONE',  ( -0.000000000000000000, 1.000000000000000000, -0.000000000000000000 ) ) ;
#866 = CYLINDRICAL_SURFACE ( 'NONE', #853, 29.00000000000000000 ) ;
#867 = VERTEX_POINT ( 'NONE', #429 ) ;
#868 = DIRECTION ( 'NONE',  ( -0.000000000000000000, -1.000000000000000000, -0.000000000000000000 ) ) ;
#869 = ORIENTED_EDGE ( 'NONE', *, *, #284, .T. ) ;
#870 = EDGE_CURVE ( 'NONE', #368, #961, #1280, .T. ) ;
#871 = CYLINDRICAL_SURFACE ( 'NONE', #190, 1.050000000000000488 ) ;
#872 = EDGE_CURVE ( 'NONE', #321, #710, #1123, .T. ) ;
#873 = DIRECTION ( 'NONE',  ( 0.000000000000000000, 1.000000000000000000, 0.000000000000000000 ) ) ;
#874 = PRODUCT_DEFINITION ( 'æœ', '', #1229, #148 ) ;
#875 = CARTESIAN_POINT ( 'NONE',  ( -23.38268590217949594, -75.50000000000002842, -13.50000000000060218 ) ) ;
#876 = CARTESIAN_POINT ( 'NONE',  ( 27.00000000000000000, -75.50000000000002842, 4.770489558936219510E-13 ) ) ;
#877 = ORIENTED_EDGE ( 'NONE', *, *, #953, .F. ) ;
#878 = CARTESIAN_POINT ( 'NONE',  ( 0.000000000000000000, -0.5000000000000000000, 0.000000000000000000 ) ) ;
#879 = ORIENTED_EDGE ( 'NONE', *, *, #476, .T. ) ;
#880 = DIRECTION ( 'NONE',  ( 0.000000000000000000, 1.000000000000000000, 0.000000000000000000 ) ) ;
#881 = EDGE_CURVE ( 'NONE', #15, #1297, #653, .T. ) ;
#882 = LINE ( 'NONE', #856, #662 ) ;
#883 = EDGE_CURVE ( 'NONE', #1445, #651, #71, .T. ) ;
#884 = CARTESIAN_POINT ( 'NONE',  ( -27.00000000000000355, -75.50000000000002842, 1.049999999999339906 ) ) ;
#885 = ORIENTED_EDGE ( 'NONE', *, *, #1107, .T. ) ;
#886 = CARTESIAN_POINT ( 'NONE',  ( -19.09188309203688050, 9.500000000000000000, -20.10188309203668311 ) ) ;
#887 = EDGE_LOOP ( 'NONE', ( #755, #1507, #844, #1135 ) ) ;
#888 = AXIS2_PLACEMENT_3D ( 'NONE', #1397, #696, #1027 ) ;
#889 = DIRECTION ( 'NONE',  ( 0.000000000000000000, 0.000000000000000000, 1.000000000000000000 ) ) ;
#890 = CIRCLE ( 'NONE', #468, 1.049999999999998934 ) ;
#891 = CYLINDRICAL_SURFACE ( 'NONE', #1056, 1.049999999999998934 ) ;
#892 = CIRCLE ( 'NONE', #1440, 1.049999999999998934 ) ;
#893 = VERTEX_POINT ( 'NONE', #667 ) ;
#894 = ORIENTED_EDGE ( 'NONE', *, *, #464, .F. ) ;
#895 = CARTESIAN_POINT ( 'NONE',  ( -19.09188309203688050, -18.00000000000000355, -19.09188309203668510 ) ) ;
#896 = CYLINDRICAL_SURFACE ( 'NONE', #836, 1.049999999999998934 ) ;
#897 = PRODUCT_CONTEXT ( 'NONE', #397, 'mechanical' ) ;
#898 = ORIENTED_EDGE ( 'NONE', *, *, #1005, .T. ) ;
#899 = EDGE_LOOP ( 'NONE', ( #1204, #922 ) ) ;
#900 = EDGE_CURVE ( 'NONE', #374, #867, #184, .T. ) ;
#901 = DIRECTION ( 'NONE',  ( -0.000000000000000000, 1.000000000000000000, -0.000000000000000000 ) ) ;
#902 = FACE_OUTER_BOUND ( 'NONE', #1172, .T. ) ;
#903 = DIRECTION ( 'NONE',  ( 0.000000000000000000, -1.000000000000000000, 0.000000000000000000 ) ) ;
#904 = ORIENTED_EDGE ( 'NONE', *, *, #1352, .T. ) ;
#905 = ORIENTED_EDGE ( 'NONE', *, *, #231, .T. ) ;
#906 = ADVANCED_FACE ( 'NONE', ( #78 ), #99, .F. ) ;
#907 = VECTOR ( 'NONE', #633, 1000.000000000000000 ) ;
#908 = CARTESIAN_POINT ( 'NONE',  ( 2.571758278209441661E-15, 8.500000000000000000, -21.00000000000000000 ) ) ;
#909 = CARTESIAN_POINT ( 'NONE',  ( 3.063453968067104401E-15, 7.500000000000007105, 25.01500000000000412 ) ) ;
#910 =( NAMED_UNIT ( * ) PLANE_ANGLE_UNIT ( ) SI_UNIT ( $, .RADIAN. ) );
#911 = LINE ( 'NONE', #557, #1353 ) ;
#912 = AXIS2_PLACEMENT_3D ( 'NONE', #1341, #756, #1109 ) ;
#913 = CIRCLE ( 'NONE', #1409, 1.049999999999998934 ) ;
#914 = EDGE_LOOP ( 'NONE', ( #682, #1029 ) ) ;
#915 = VERTEX_POINT ( 'NONE', #332 ) ;
#916 = EDGE_CURVE ( 'NONE', #128, #527, #590, .T. ) ;
#917 = CARTESIAN_POINT ( 'NONE',  ( -5.689893001203927270E-13, -0.5000000000000004441, 26.99999999999999645 ) ) ;
#918 = EDGE_CURVE ( 'NONE', #504, #730, #1154, .T. ) ;
#919 = DIRECTION ( 'NONE',  ( -0.000000000000000000, 1.000000000000000000, -0.000000000000000000 ) ) ;
#920 = CYLINDRICAL_SURFACE ( 'NONE', #1236, 21.00000000000000000 ) ;
#921 = ORIENTED_EDGE ( 'NONE', *, *, #74, .T. ) ;
#922 = ORIENTED_EDGE ( 'NONE', *, *, #870, .F. ) ;
#923 = CARTESIAN_POINT ( 'NONE',  ( 19.09188309203688050, -18.00000000000000355, 19.09188309203668510 ) ) ;
#924 = CARTESIAN_POINT ( 'NONE',  ( -13.49999999999970157, 9.500000000000000000, -23.38268590218001819 ) ) ;
#925 = FACE_BOUND ( 'NONE', #427, .T. ) ;
#926 = ADVANCED_FACE ( 'NONE', ( #424 ), #935, .F. ) ;
#927 = ORIENTED_EDGE ( 'NONE', *, *, #918, .T. ) ;
#928 = CARTESIAN_POINT ( 'NONE',  ( -5.689893001203927270E-13, 9.500000000000000000, 26.99999999999999645 ) ) ;
#929 = CIRCLE ( 'NONE', #259, 21.00000000000000000 ) ;
#930 = FACE_OUTER_BOUND ( 'NONE', #914, .T. ) ;
#931 = CARTESIAN_POINT ( 'NONE',  ( 27.00000000000000000, -0.5000000000000004441, 4.770489558936219510E-13 ) ) ;
#932 = CARTESIAN_POINT ( 'NONE',  ( -23.38268590218016030, -0.5000000000000004441, 13.49999999999945643 ) ) ;
#933 = CIRCLE ( 'NONE', #789, 1.050000000000004041 ) ;
#934 = ORIENTED_EDGE ( 'NONE', *, *, #185, .F. ) ;
#935 = CYLINDRICAL_SURFACE ( 'NONE', #792, 1.010000000000000453 ) ;
#936 = ADVANCED_FACE ( 'NONE', ( #777 ), #180, .F. ) ;
#937 = FACE_OUTER_BOUND ( 'NONE', #1394, .T. ) ;
#938 = DIRECTION ( 'NONE',  ( -0.000000000000000000, -1.000000000000000000, -0.000000000000000000 ) ) ;
#939 = CYLINDRICAL_SURFACE ( 'NONE', #189, 1.050000000000001821 ) ;
#940 = EDGE_LOOP ( 'NONE', ( #212, #382, #472, #1059 ) ) ;
#941 = ORIENTED_EDGE ( 'NONE', *, *, #344, .T. ) ;
#942 = ORIENTED_EDGE ( 'NONE', *, *, #186, .F. ) ;
#943 = ADVANCED_FACE ( 'NONE', ( #441 ), #1347, .F. ) ;
#944 = EDGE_CURVE ( 'NONE', #130, #320, #986, .T. ) ;
#945 = CARTESIAN_POINT ( 'NONE',  ( 27.00000000000000000, -0.5000000000000004441, -1.049999999999524869 ) ) ;
#946 = CARTESIAN_POINT ( 'NONE',  ( -13.50000000000051870, -0.5000000000000004441, 23.38268590217954568 ) ) ;
#947 = CARTESIAN_POINT ( 'NONE',  ( 3.747002708109903324E-13, -75.50000000000002842, -26.99999999999999645 ) ) ;
#948 = ORIENTED_EDGE ( 'NONE', *, *, #1223, .F. ) ;
#949 = VERTEX_POINT ( 'NONE', #886 ) ;
#950 = AXIS2_PLACEMENT_3D ( 'NONE', #1105, #720, #843 ) ;
#951 = ORIENTED_EDGE ( 'NONE', *, *, #112, .F. ) ;
#952 = FACE_BOUND ( 'NONE', #414, .T. ) ;
#953 = EDGE_CURVE ( 'NONE', #1541, #1008, #313, .T. ) ;
#954 = DIRECTION ( 'NONE',  ( 0.000000000000000000, 1.000000000000000000, 0.000000000000000000 ) ) ;
#955 = CARTESIAN_POINT ( 'NONE',  ( -13.50000000000051870, -0.5000000000000004441, 23.38268590217954568 ) ) ;
#956 = ORIENTED_EDGE ( 'NONE', *, *, #1058, .T. ) ;
#957 = DIRECTION ( 'NONE',  ( 0.000000000000000000, 1.000000000000000000, -0.000000000000000000 ) ) ;
#958 = VERTEX_POINT ( 'NONE', #1092 ) ;
#959 = AXIS2_PLACEMENT_3D ( 'NONE', #499, #401, #1086 ) ;
#960 = VECTOR ( 'NONE', #1165, 1000.000000000000000 ) ;
#961 = VERTEX_POINT ( 'NONE', #1138 ) ;
#962 = VECTOR ( 'NONE', #1513, 1000.000000000000000 ) ;
#963 = VECTOR ( 'NONE', #839, 1000.000000000000000 ) ;
#964 = CYLINDRICAL_SURFACE ( 'NONE', #311, 1.050000000000000711 ) ;
#965 = CARTESIAN_POINT ( 'NONE',  ( 2.571758278209441661E-15, -0.5000000000000004441, -21.00000000000000000 ) ) ;
#966 = EDGE_CURVE ( 'NONE', #656, #399, #34, .T. ) ;
#967 =( NAMED_UNIT ( * ) PLANE_ANGLE_UNIT ( ) SI_UNIT ( $, .RADIAN. ) );
#968 = EDGE_CURVE ( 'NONE', #57, #5, #286, .T. ) ;
#969 = ORIENTED_EDGE ( 'NONE', *, *, #549, .F. ) ;
#970 = DIRECTION ( 'NONE',  ( 0.000000000000000000, 0.000000000000000000, 1.000000000000000000 ) ) ;
#971 = ORIENTED_EDGE ( 'NONE', *, *, #1039, .T. ) ;
#972 = VERTEX_POINT ( 'NONE', #762 ) ;
#973 = CARTESIAN_POINT ( 'NONE',  ( 19.09188309203688050, -18.00000000000000355, 18.08188309203668354 ) ) ;
#974 = DIRECTION ( 'NONE',  ( -0.000000000000000000, 1.000000000000000000, -0.000000000000000000 ) ) ;
#975 = CARTESIAN_POINT ( 'NONE',  ( -19.09188309203688050, -18.00000000000000355, 20.10188309203668311 ) ) ;
#976 = CARTESIAN_POINT ( 'NONE',  ( 19.09188309203688050, 9.500000000000000000, -19.09188309203668510 ) ) ;
#977 = EDGE_LOOP ( 'NONE', ( #31, #1141 ) ) ;
#978 = DIRECTION ( 'NONE',  ( -0.000000000000000000, 1.000000000000000000, -0.000000000000000000 ) ) ;
#979 = ORIENTED_EDGE ( 'NONE', *, *, #707, .T. ) ;
#980 = DIRECTION ( 'NONE',  ( 0.000000000000000000, 1.000000000000000000, -0.000000000000000000 ) ) ;
#981 = FACE_OUTER_BOUND ( 'NONE', #761, .T. ) ;
#982 = FACE_OUTER_BOUND ( 'NONE', #1290, .T. ) ;
#983 = AXIS2_PLACEMENT_3D ( 'NONE', #310, #671, #1386 ) ;
#984 = DIRECTION ( 'NONE',  ( 0.000000000000000000, 0.000000000000000000, 1.000000000000000000 ) ) ;
#985 = ORIENTED_EDGE ( 'NONE', *, *, #1352, .F. ) ;
#986 = LINE ( 'NONE', #1474, #689 ) ;
#987 = VERTEX_POINT ( 'NONE', #1455 ) ;
#988 = EDGE_CURVE ( 'NONE', #1166, #652, #406, .T. ) ;
#989 = CARTESIAN_POINT ( 'NONE',  ( 0.000000000000000000, -0.5000000000000004441, 21.00000000000000000 ) ) ;
#990 = CIRCLE ( 'NONE', #53, 21.00000000000000000 ) ;
#991 = CYLINDRICAL_SURFACE ( 'NONE', #418, 21.00000000000000000 ) ;
#992 = FACE_OUTER_BOUND ( 'NONE', #1042, .T. ) ;
#993 = UNCERTAINTY_MEASURE_WITH_UNIT (LENGTH_MEASURE( 1.000000000000000082E-05 ), #1176, 'distance_accuracy_value', 'NONE');
#994 = DIRECTION ( 'NONE',  ( 0.000000000000000000, -1.000000000000000000, 0.000000000000000000 ) ) ;
#995 = LINE ( 'NONE', #1106, #1150 ) ;
#996 = CYLINDRICAL_SURFACE ( 'NONE', #215, 1.049999999999998934 ) ;
#997 = VERTEX_POINT ( 'NONE', #1227 ) ;
#998 = CARTESIAN_POINT ( 'NONE',  ( -19.09188309203688050, -0.5000000000000004441, 18.08188309203668354 ) ) ;
#999 = EDGE_CURVE ( 'NONE', #1314, #479, #1235, .T. ) ;
#1000 = CARTESIAN_POINT ( 'NONE',  ( 27.00000000000000000, -0.5000000000000004441, 4.770489558936219510E-13 ) ) ;
#1001 = ORIENTED_EDGE ( 'NONE', *, *, #561, .F. ) ;
#1002 = DIRECTION ( 'NONE',  ( -0.000000000000000000, 1.000000000000000000, -0.000000000000000000 ) ) ;
#1003 = EDGE_LOOP ( 'NONE', ( #1195, #359 ) ) ;
#1004 = FACE_OUTER_BOUND ( 'NONE', #703, .T. ) ;
#1005 = EDGE_CURVE ( 'NONE', #610, #1316, #490, .T. ) ;
#1006 = DIRECTION ( 'NONE',  ( 0.000000000000000000, 0.000000000000000000, -1.000000000000000000 ) ) ;
#1007 = EDGE_LOOP ( 'NONE', ( #1364, #7 ) ) ;
#1008 = VERTEX_POINT ( 'NONE', #523 ) ;
#1009 = DIRECTION ( 'NONE',  ( 0.000000000000000000, 0.000000000000000000, -1.000000000000000000 ) ) ;
#1010 = CIRCLE ( 'NONE', #333, 1.010000000000000453 ) ;
#1011 = CIRCLE ( 'NONE', #1301, 1.049999999999998934 ) ;
#1012 = AXIS2_PLACEMENT_3D ( 'NONE', #1528, #17, #253 ) ;
#1013 = CARTESIAN_POINT ( 'NONE',  ( 23.38268590218006793, -0.5000000000000004441, -12.44999999999961915 ) ) ;
#1014 = AXIS2_PLACEMENT_3D ( 'NONE', #1053, #593, #450 ) ;
#1015 = FACE_OUTER_BOUND ( 'NONE', #16, .T. ) ;
#1016 = ORIENTED_EDGE ( 'NONE', *, *, #52, .F. ) ;
#1017 = EDGE_CURVE ( 'NONE', #651, #1445, #890, .T. ) ;
#1018 = ORIENTED_EDGE ( 'NONE', *, *, #916, .T. ) ;
#1019 = CARTESIAN_POINT ( 'NONE',  ( 13.49999999999953815, -75.50000000000002842, 24.43268590218010416 ) ) ;
#1020 = DIRECTION ( 'NONE',  ( 0.000000000000000000, 1.000000000000000000, 0.000000000000000000 ) ) ;
#1021 =( LENGTH_UNIT ( ) NAMED_UNIT ( * ) SI_UNIT ( .MILLI., .METRE. ) );
#1022 = DIRECTION ( 'NONE',  ( 0.000000000000000000, -0.000000000000000000, 1.000000000000000000 ) ) ;
#1023 = VERTEX_POINT ( 'NONE', #669 ) ;
#1024 = FACE_BOUND ( 'NONE', #1062, .T. ) ;
#1025 = AXIS2_PLACEMENT_3D ( 'NONE', #502, #1472, #486 ) ;
#1026 = DIRECTION ( 'NONE',  ( 0.000000000000000000, 1.000000000000000000, 0.000000000000000000 ) ) ;
#1027 = DIRECTION ( 'NONE',  ( 0.000000000000000000, 0.000000000000000000, 1.000000000000000000 ) ) ;
#1028 = ORIENTED_EDGE ( 'NONE', *, *, #1483, .F. ) ;
#1029 = ORIENTED_EDGE ( 'NONE', *, *, #681, .T. ) ;
#1030 = ADVANCED_FACE ( 'NONE', ( #80 ), #996, .F. ) ;
#1031 = AXIS2_PLACEMENT_3D ( 'NONE', #1482, #743, #1119 ) ;
#1032 = CARTESIAN_POINT ( 'NONE',  ( 13.50000000000035350, -0.5000000000000004441, -24.43268590217964942 ) ) ;
#1033 = VECTOR ( 'NONE', #859, 1000.000000000000000 ) ;
#1034 = CARTESIAN_POINT ( 'NONE',  ( 19.09188309203688050, 9.500000000000000000, -19.09188309203668510 ) ) ;
#1035 = CARTESIAN_POINT ( 'NONE',  ( 3.551475717527324030E-15, 7.500000000000000000, 29.00000000000000000 ) ) ;
#1036 = CIRCLE ( 'NONE', #715, 1.050000000000001821 ) ;
#1037 = ORIENTED_EDGE ( 'NONE', *, *, #1366, .F. ) ;
#1038 = CARTESIAN_POINT ( 'NONE',  ( 0.000000000000000000, 7.500000000000000000, 21.00000000000000000 ) ) ;
#1039 = EDGE_CURVE ( 'NONE', #949, #320, #192, .T. ) ;
#1040 = DIRECTION ( 'NONE',  ( 0.000000000000000000, 1.000000000000000000, -0.000000000000000000 ) ) ;
#1041 = DIRECTION ( 'NONE',  ( 0.000000000000000000, 1.000000000000000000, 0.000000000000000000 ) ) ;
#1042 = EDGE_LOOP ( 'NONE', ( #969, #1524, #1151, #1312 ) ) ;
#1043 = DIRECTION ( 'NONE',  ( 0.000000000000000000, -1.000000000000000000, 0.000000000000000000 ) ) ;
#1044 = LINE ( 'NONE', #460, #335 ) ;
#1045 = LINE ( 'NONE', #823, #591 ) ;
#1046 = EDGE_CURVE ( 'NONE', #35, #738, #280, .T. ) ;
#1047 = PLANE ( 'NONE',  #639 ) ;
#1048 = ORIENTED_EDGE ( 'NONE', *, *, #317, .F. ) ;
#1049 = VERTEX_POINT ( 'NONE', #909 ) ;
#1050 = DIRECTION ( 'NONE',  ( 0.000000000000000000, 0.000000000000000000, -1.000000000000000000 ) ) ;
#1051 = DIRECTION ( 'NONE',  ( -0.000000000000000000, 1.000000000000000000, -0.000000000000000000 ) ) ;
#1052 = VECTOR ( 'NONE', #372, 1000.000000000000000 ) ;
#1053 = CARTESIAN_POINT ( 'NONE',  ( 19.09188309203688050, 9.500000000000000000, 19.09188309203668510 ) ) ;
#1054 = PRESENTATION_STYLE_ASSIGNMENT (( #819 ) ) ;
#1055 = AXIS2_PLACEMENT_3D ( 'NONE', #298, #1471, #1125 ) ;
#1056 = AXIS2_PLACEMENT_3D ( 'NONE', #1478, #1351, #289 ) ;
#1057 = EDGE_LOOP ( 'NONE', ( #33, #228, #457, #1429 ) ) ;
#1058 = EDGE_CURVE ( 'NONE', #826, #368, #1385, .T. ) ;
#1059 = ORIENTED_EDGE ( 'NONE', *, *, #1046, .F. ) ;
#1060 = AXIS2_PLACEMENT_3D ( 'NONE', #1344, #448, #802 ) ;
#1061 = CIRCLE ( 'NONE', #664, 1.050000000000004041 ) ;
#1062 = EDGE_LOOP ( 'NONE', ( #781, #480 ) ) ;
#1063 = DIRECTION ( 'NONE',  ( 0.000000000000000000, 0.000000000000000000, 1.000000000000000000 ) ) ;
#1064 = CYLINDRICAL_SURFACE ( 'NONE', #265, 1.050000000000004041 ) ;
#1065 =( NAMED_UNIT ( * ) SI_UNIT ( $, .STERADIAN. ) SOLID_ANGLE_UNIT ( ) );
#1066 = ORIENTED_EDGE ( 'NONE', *, *, #8, .T. ) ;
#1067 = ORIENTED_EDGE ( 'NONE', *, *, #604, .F. ) ;
#1068 = EDGE_LOOP ( 'NONE', ( #1098, #1198, #351, #1376 ) ) ;
#1069 = CARTESIAN_POINT ( 'NONE',  ( 0.000000000000000000, 78.25310452552594143, 0.000000000000000000 ) ) ;
#1070 = FACE_OUTER_BOUND ( 'NONE', #1473, .T. ) ;
#1071 = DIRECTION ( 'NONE',  ( -0.000000000000000000, 1.000000000000000000, -0.000000000000000000 ) ) ;
#1072 = EDGE_LOOP ( 'NONE', ( #436, #305, #245, #524 ) ) ;
#1073 = DIRECTION ( 'NONE',  ( -0.000000000000000000, 1.000000000000000000, -0.000000000000000000 ) ) ;
#1074 = ORIENTED_EDGE ( 'NONE', *, *, #841, .F. ) ;
#1075 = EDGE_CURVE ( 'NONE', #739, #1314, #1512, .T. ) ;
#1076 = DIRECTION ( 'NONE',  ( -0.000000000000000000, 1.000000000000000000, -0.000000000000000000 ) ) ;
#1077 = CARTESIAN_POINT ( 'NONE',  ( -23.38268590217949594, -75.50000000000002842, -14.55000000000060112 ) ) ;
#1078 = DIRECTION ( 'NONE',  ( -0.000000000000000000, 1.000000000000000000, -0.000000000000000000 ) ) ;
#1079 = ORIENTED_EDGE ( 'NONE', *, *, #438, .T. ) ;
#1080 = DIRECTION ( 'NONE',  ( 0.000000000000000000, 0.000000000000000000, -1.000000000000000000 ) ) ;
#1081 = VERTEX_POINT ( 'NONE', #202 ) ;
#1082 = CIRCLE ( 'NONE', #1436, 1.050000000000002265 ) ;
#1083 = ORIENTED_EDGE ( 'NONE', *, *, #815, .T. ) ;
#1084 = AXIS2_PLACEMENT_3D ( 'NONE', #1146, #1175, #111 ) ;
#1085 = EDGE_CURVE ( 'NONE', #961, #368, #1305, .T. ) ;
#1086 = DIRECTION ( 'NONE',  ( 0.000000000000000000, 0.000000000000000000, -1.000000000000000000 ) ) ;
#1087 = DIRECTION ( 'NONE',  ( 0.000000000000000000, 0.000000000000000000, 1.000000000000000000 ) ) ;
#1088 = EDGE_CURVE ( 'NONE', #826, #139, #716, .T. ) ;
#1089 = DIRECTION ( 'NONE',  ( 0.000000000000000000, 0.000000000000000000, 1.000000000000000000 ) ) ;
#1090 = CARTESIAN_POINT ( 'NONE',  ( 13.50000000000035350, 9.500000000000000000, -23.38268590217964871 ) ) ;
#1091 = ORIENTED_EDGE ( 'NONE', *, *, #1142, .T. ) ;
#1092 = CARTESIAN_POINT ( 'NONE',  ( 2.571758278209441661E-15, 7.500000000000000000, -21.00000000000000000 ) ) ;
#1093 = VERTEX_POINT ( 'NONE', #50 ) ;
#1094 = CARTESIAN_POINT ( 'NONE',  ( 19.09188309203688050, 9.500000000000000000, -18.08188309203668354 ) ) ;
#1095 = CARTESIAN_POINT ( 'NONE',  ( -5.688607122064822185E-13, -0.5000000000000004441, 25.94999999999999574 ) ) ;
#1096 = FACE_OUTER_BOUND ( 'NONE', #69, .T. ) ;
#1097 = CARTESIAN_POINT ( 'NONE',  ( 23.38268590218006793, 9.500000000000000000, -12.44999999999961915 ) ) ;
#1098 = ORIENTED_EDGE ( 'NONE', *, *, #317, .T. ) ;
#1099 = CARTESIAN_POINT ( 'NONE',  ( -19.09188309203688050, 9.500000000000000000, -19.09188309203668510 ) ) ;
#1100 = VERTEX_POINT ( 'NONE', #1516 ) ;
#1101 = DIRECTION ( 'NONE',  ( 0.000000000000000000, 0.000000000000000000, 1.000000000000000000 ) ) ;
#1102 = CYLINDRICAL_SURFACE ( 'NONE', #1276, 1.010000000000000453 ) ;
#1103 = DIRECTION ( 'NONE',  ( 0.000000000000000000, 0.000000000000000000, 1.000000000000000000 ) ) ;
#1104 = CIRCLE ( 'NONE', #1299, 1.049999999999998934 ) ;
#1105 = CARTESIAN_POINT ( 'NONE',  ( 13.50000000000035350, -75.50000000000002842, -23.38268590217964871 ) ) ;
#1106 = CARTESIAN_POINT ( 'NONE',  ( 27.00000000000000000, -75.50000000000002842, -1.049999999999524869 ) ) ;
#1107 = EDGE_CURVE ( 'NONE', #763, #1500, #3, .T. ) ;
#1108 = EDGE_CURVE ( 'NONE', #221, #1428, #809, .T. ) ;
#1109 = DIRECTION ( 'NONE',  ( 0.000000000000000000, 0.000000000000000000, -1.000000000000000000 ) ) ;
#1110 = EDGE_LOOP ( 'NONE', ( #481, #1357 ) ) ;
#1111 = EDGE_CURVE ( 'NONE', #638, #57, #492, .T. ) ;
#1112 = AXIS2_PLACEMENT_3D ( 'NONE', #1252, #1401, #536 ) ;
#1113 = LINE ( 'NONE', #1476, #1510 ) ;
#1114 = AXIS2_PLACEMENT_3D ( 'NONE', #946, #830, #84 ) ;
#1115 = CARTESIAN_POINT ( 'NONE',  ( -13.49999999999970157, -75.50000000000002842, -23.38268590218001819 ) ) ;
#1116 = CARTESIAN_POINT ( 'NONE',  ( 27.00000000000000000, 9.500000000000000000, 1.050000000000478995 ) ) ;
#1117 = DIRECTION ( 'NONE',  ( -0.000000000000000000, 1.000000000000000000, -0.000000000000000000 ) ) ;
#1118 = ORIENTED_EDGE ( 'NONE', *, *, #103, .T. ) ;
#1119 = DIRECTION ( 'NONE',  ( 0.000000000000000000, 0.000000000000000000, 1.000000000000000000 ) ) ;
#1120 = CYLINDRICAL_SURFACE ( 'NONE', #613, 1.049999999999998934 ) ;
#1121 = ORIENTED_EDGE ( 'NONE', *, *, #61, .T. ) ;
#1122 = VERTEX_POINT ( 'NONE', #92 ) ;
#1123 = LINE ( 'NONE', #821, #741 ) ;
#1124 = EDGE_CURVE ( 'NONE', #453, #1049, #1361, .T. ) ;
#1125 = DIRECTION ( 'NONE',  ( 0.000000000000000000, 0.000000000000000000, 1.000000000000000000 ) ) ;
#1126 = DIRECTION ( 'NONE',  ( 0.000000000000000000, 0.000000000000000000, 1.000000000000000000 ) ) ;
#1127 = EDGE_LOOP ( 'NONE', ( #51, #852, #833, #498 ) ) ;
#1128 = ORIENTED_EDGE ( 'NONE', *, *, #433, .T. ) ;
#1129 = DIRECTION ( 'NONE',  ( 0.000000000000000000, 0.000000000000000000, 1.000000000000000000 ) ) ;
#1130 = AXIS2_PLACEMENT_3D ( 'NONE', #878, #1332, #195 ) ;
#1131 = FACE_BOUND ( 'NONE', #545, .T. ) ;
#1132 = FACE_BOUND ( 'NONE', #179, .T. ) ;
#1133 = ORIENTED_EDGE ( 'NONE', *, *, #1088, .F. ) ;
#1134 = PRODUCT_DEFINITION_SHAPE ( 'NONE', 'NONE',  #874 ) ;
#1135 = ORIENTED_EDGE ( 'NONE', *, *, #797, .F. ) ;
#1136 = CARTESIAN_POINT ( 'NONE',  ( -19.09188309203688050, 9.500000000000000000, 19.09188309203668510 ) ) ;
#1137 = FACE_BOUND ( 'NONE', #858, .T. ) ;
#1138 = CARTESIAN_POINT ( 'NONE',  ( -27.00000000000000355, 9.500000000000000000, 1.049999999999339906 ) ) ;
#1139 = FACE_BOUND ( 'NONE', #1340, .T. ) ;
#1140 = EDGE_CURVE ( 'NONE', #1100, #1297, #913, .T. ) ;
#1141 = ORIENTED_EDGE ( 'NONE', *, *, #1399, .T. ) ;
#1142 = EDGE_CURVE ( 'NONE', #321, #1023, #1061, .T. ) ;
#1143 = ORIENTED_EDGE ( 'NONE', *, *, #1502, .F. ) ;
#1144 = ORIENTED_EDGE ( 'NONE', *, *, #1111, .T. ) ;
#1145 = DIRECTION ( 'NONE',  ( -0.000000000000000000, -1.000000000000000000, -0.000000000000000000 ) ) ;
#1146 = CARTESIAN_POINT ( 'NONE',  ( 13.49999999999953815, 9.500000000000000000, 23.38268590218010345 ) ) ;
#1147 = CARTESIAN_POINT ( 'NONE',  ( 13.50000000000035350, -0.5000000000000004441, -22.33268590217964444 ) ) ;
#1148 = VERTEX_POINT ( 'NONE', #102 ) ;
#1149 = EDGE_CURVE ( 'NONE', #656, #972, #1260, .T. ) ;
#1150 = VECTOR ( 'NONE', #1494, 1000.000000000000000 ) ;
#1151 = ORIENTED_EDGE ( 'NONE', *, *, #275, .T. ) ;
#1152 = EDGE_CURVE ( 'NONE', #13, #474, #1045, .T. ) ;
#1153 = DIRECTION ( 'NONE',  ( 0.000000000000000000, 0.000000000000000000, -1.000000000000000000 ) ) ;
#1154 = CIRCLE ( 'NONE', #1490, 1.050000000000000488 ) ;
#1155 = CARTESIAN_POINT ( 'NONE',  ( 23.38268590218006793, 9.500000000000000000, -13.49999999999961986 ) ) ;
#1156 = DIRECTION ( 'NONE',  ( 0.000000000000000000, 0.000000000000000000, -1.000000000000000000 ) ) ;
#1157 = VECTOR ( 'NONE', #1002, 1000.000000000000000 ) ;
#1158 = VERTEX_POINT ( 'NONE', #225 ) ;
#1159 = ORIENTED_EDGE ( 'NONE', *, *, #114, .F. ) ;
#1160 = EDGE_CURVE ( 'NONE', #1398, #1264, #243, .T. ) ;
#1161 = CARTESIAN_POINT ( 'NONE',  ( 19.09188309203688050, 9.500000000000000000, 19.09188309203668510 ) ) ;
#1162 = DIRECTION ( 'NONE',  ( 0.000000000000000000, 0.000000000000000000, 1.000000000000000000 ) ) ;
#1163 = DIRECTION ( 'NONE',  ( -0.000000000000000000, -1.000000000000000000, -0.000000000000000000 ) ) ;
#1164 = ORIENTED_EDGE ( 'NONE', *, *, #1434, .F. ) ;
#1165 = DIRECTION ( 'NONE',  ( -0.000000000000000000, 1.000000000000000000, -0.000000000000000000 ) ) ;
#1166 = VERTEX_POINT ( 'NONE', #572 ) ;
#1167 = CARTESIAN_POINT ( 'NONE',  ( -23.38268590218016030, -75.50000000000002842, 13.49999999999945643 ) ) ;
#1168 = EDGE_CURVE ( 'NONE', #1081, #1166, #361, .T. ) ;
#1169 = CARTESIAN_POINT ( 'NONE',  ( -23.38268590218016030, -0.5000000000000004441, 12.44999999999945572 ) ) ;
#1170 = FACE_OUTER_BOUND ( 'NONE', #49, .T. ) ;
#1171 = EDGE_LOOP ( 'NONE', ( #1048, #602 ) ) ;
#1172 = EDGE_LOOP ( 'NONE', ( #503, #597 ) ) ;
#1173 = CARTESIAN_POINT ( 'NONE',  ( -27.00000000000000355, -75.50000000000002842, -6.609296443471635030E-13 ) ) ;
#1174 = AXIS2_PLACEMENT_3D ( 'NONE', #848, #1319, #255 ) ;
#1175 = DIRECTION ( 'NONE',  ( 0.000000000000000000, 1.000000000000000000, 0.000000000000000000 ) ) ;
#1176 =( LENGTH_UNIT ( ) NAMED_UNIT ( * ) SI_UNIT ( .MILLI., .METRE. ) );
#1177 = CIRCLE ( 'NONE', #336, 1.010000000000000453 ) ;
#1178 = AXIS2_PLACEMENT_3D ( 'NONE', #1173, #110, #1063 ) ;
#1179 = EDGE_CURVE ( 'NONE', #652, #100, #1437, .T. ) ;
#1180 = AXIS2_PLACEMENT_3D ( 'NONE', #1099, #1026, #1504 ) ;
#1181 = EDGE_LOOP ( 'NONE', ( #121, #150 ) ) ;
#1182 = ORIENTED_EDGE ( 'NONE', *, *, #1412, .T. ) ;
#1183 = EDGE_LOOP ( 'NONE', ( #1164, #300 ) ) ;
#1184 = CARTESIAN_POINT ( 'NONE',  ( 0.000000000000000000, -0.5000000000000000000, 0.000000000000000000 ) ) ;
#1185 = CARTESIAN_POINT ( 'NONE',  ( 23.38268590218006793, 9.500000000000000000, -14.54999999999962057 ) ) ;
#1186 = CARTESIAN_POINT ( 'NONE',  ( 19.09188309203688050, -18.00000000000000355, -19.09188309203668510 ) ) ;
#1187 = VERTEX_POINT ( 'NONE', #1169 ) ;
#1188 = DIRECTION ( 'NONE',  ( 0.000000000000000000, 1.000000000000000000, 0.000000000000000000 ) ) ;
#1189 = ORIENTED_EDGE ( 'NONE', *, *, #797, .T. ) ;
#1190 = ADVANCED_FACE ( 'NONE', ( #584 ), #1064, .F. ) ;
#1191 = EDGE_LOOP ( 'NONE', ( #690, #1320 ) ) ;
#1192 = DIRECTION ( 'NONE',  ( 0.000000000000000000, 0.000000000000000000, 1.000000000000000000 ) ) ;
#1193 = DIRECTION ( 'NONE',  ( -0.000000000000000000, 1.000000000000000000, -0.000000000000000000 ) ) ;
#1194 = DIRECTION ( 'NONE',  ( 0.000000000000000000, 0.000000000000000000, 1.000000000000000000 ) ) ;
#1195 = ORIENTED_EDGE ( 'NONE', *, *, #918, .F. ) ;
#1196 = CARTESIAN_POINT ( 'NONE',  ( 27.00000000000000000, 9.500000000000000000, 4.770489558936219510E-13 ) ) ;
#1197 = EDGE_LOOP ( 'NONE', ( #1285, #894 ) ) ;
#1198 = ORIENTED_EDGE ( 'NONE', *, *, #872, .T. ) ;
#1199 = EDGE_CURVE ( 'NONE', #651, #1369, #1396, .T. ) ;
#1200 = DIRECTION ( 'NONE',  ( -0.000000000000000000, 1.000000000000000000, -0.000000000000000000 ) ) ;
#1201 = LINE ( 'NONE', #493, #142 ) ;
#1202 = DIRECTION ( 'NONE',  ( 0.000000000000000000, -1.000000000000000000, 0.000000000000000000 ) ) ;
#1203 = FACE_OUTER_BOUND ( 'NONE', #345, .T. ) ;
#1204 = ORIENTED_EDGE ( 'NONE', *, *, #1085, .F. ) ;
#1205 = CIRCLE ( 'NONE', #543, 22.02499999999999858 ) ;
#1206 = CIRCLE ( 'NONE', #1331, 1.049999999999998934 ) ;
#1207 = ORIENTED_EDGE ( 'NONE', *, *, #476, .F. ) ;
#1208 = VECTOR ( 'NONE', #919, 1000.000000000000000 ) ;
#1209 = EDGE_CURVE ( 'NONE', #915, #603, #423, .T. ) ;
#1210 = AXIS2_PLACEMENT_3D ( 'NONE', #1443, #1310, #500 ) ;
#1211 = DIRECTION ( 'NONE',  ( -0.000000000000000000, 1.000000000000000000, -0.000000000000000000 ) ) ;
#1212 = EDGE_CURVE ( 'NONE', #1297, #1100, #1515, .T. ) ;
#1213 = DIRECTION ( 'NONE',  ( -0.000000000000000000, 1.000000000000000000, -0.000000000000000000 ) ) ;
#1214 = LINE ( 'NONE', #47, #334 ) ;
#1215 = DIRECTION ( 'NONE',  ( 0.000000000000000000, 1.000000000000000000, 0.000000000000000000 ) ) ;
#1216 = VERTEX_POINT ( 'NONE', #478 ) ;
#1217 = DIRECTION ( 'NONE',  ( 0.000000000000000000, 0.000000000000000000, -1.000000000000000000 ) ) ;
#1218 = ORIENTED_EDGE ( 'NONE', *, *, #400, .T. ) ;
#1219 = DIRECTION ( 'NONE',  ( 0.000000000000000000, 0.000000000000000000, 1.000000000000000000 ) ) ;
#1220 = PLANE ( 'NONE',  #837 ) ;
#1221 = EDGE_CURVE ( 'NONE', #1093, #1148, #1283, .T. ) ;
#1222 = CARTESIAN_POINT ( 'NONE',  ( -19.09188309203688050, 9.500000000000000000, -18.08188309203668354 ) ) ;
#1223 = EDGE_CURVE ( 'NONE', #1428, #738, #18, .T. ) ;
#1224 = EDGE_CURVE ( 'NONE', #256, #987, #892, .T. ) ;
#1225 = DIRECTION ( 'NONE',  ( -0.000000000000000000, -1.000000000000000000, -0.000000000000000000 ) ) ;
#1226 = ORIENTED_EDGE ( 'NONE', *, *, #1224, .F. ) ;
#1227 = CARTESIAN_POINT ( 'NONE',  ( 3.551475717527324030E-15, -0.5000000000000000000, 29.00000000000000000 ) ) ;
#1228 = ORIENTED_EDGE ( 'NONE', *, *, #1075, .F. ) ;
#1229 = PRODUCT_DEFINITION_FORMATION_WITH_SPECIFIED_SOURCE ( 'ä»', '', #608, .NOT_KNOWN. ) ;
#1230 = DIRECTION ( 'NONE',  ( -0.000000000000000000, 1.000000000000000000, -0.000000000000000000 ) ) ;
#1231 = DIRECTION ( 'NONE',  ( 0.000000000000000000, -1.000000000000000000, 0.000000000000000000 ) ) ;
#1232 = CARTESIAN_POINT ( 'NONE',  ( 0.000000000000000000, 0.000000000000000000, 0.000000000000000000 ) ) ;
#1233 = ORIENTED_EDGE ( 'NONE', *, *, #375, .F. ) ;
#1234 = ADVANCED_FACE ( 'NONE', ( #578 ), #145, .F. ) ;
#1235 = LINE ( 'NONE', #383, #1033 ) ;
#1236 = AXIS2_PLACEMENT_3D ( 'NONE', #138, #1418, #501 ) ;
#1237 = ORIENTED_EDGE ( 'NONE', *, *, #786, .F. ) ;
#1238 = AXIS2_PLACEMENT_3D ( 'NONE', #96, #1272, #1530 ) ;
#1239 = DIRECTION ( 'NONE',  ( 0.000000000000000000, 0.000000000000000000, -1.000000000000000000 ) ) ;
#1240 = AXIS2_PLACEMENT_3D ( 'NONE', #923, #1278, #1395 ) ;
#1241 = AXIS2_PLACEMENT_3D ( 'NONE', #847, #362, #378 ) ;
#1242 = CYLINDRICAL_SURFACE ( 'NONE', #1055, 1.010000000000000453 ) ;
#1243 = EDGE_LOOP ( 'NONE', ( #1074, #1308 ) ) ;
#1244 = ORIENTED_EDGE ( 'NONE', *, *, #511, .F. ) ;
#1245 = ADVANCED_FACE ( 'NONE', ( #1458 ), #1102, .F. ) ;
#1246 = ADVANCED_FACE ( 'NONE', ( #718, #981 ), #1220, .T. ) ;
#1247 = CARTESIAN_POINT ( 'NONE',  ( -27.00000000000000355, 9.500000000000000000, -6.609296443471635030E-13 ) ) ;
#1248 = CARTESIAN_POINT ( 'NONE',  ( 23.38268590217959542, -0.5000000000000004441, 12.45000000000043272 ) ) ;
#1249 = CYLINDRICAL_SURFACE ( 'NONE', #12, 29.00000000000000000 ) ;
#1250 = ORIENTED_EDGE ( 'NONE', *, *, #428, .T. ) ;
#1251 = ORIENTED_EDGE ( 'NONE', *, *, #953, .T. ) ;
#1252 = CARTESIAN_POINT ( 'NONE',  ( 3.747002708109903324E-13, -75.50000000000002842, -26.99999999999999645 ) ) ;
#1253 = EDGE_CURVE ( 'NONE', #958, #497, #46, .T. ) ;
#1254 = CYLINDRICAL_SURFACE ( 'NONE', #1240, 1.010000000000000453 ) ;
#1255 = CARTESIAN_POINT ( 'NONE',  ( 27.00000000000000000, -0.5000000000000004441, 1.050000000000478995 ) ) ;
#1256 = ORIENTED_EDGE ( 'NONE', *, *, #293, .T. ) ;
#1257 = AXIS2_PLACEMENT_3D ( 'NONE', #97, #203, #1156 ) ;
#1258 = DIRECTION ( 'NONE',  ( -0.000000000000000000, 1.000000000000000000, -0.000000000000000000 ) ) ;
#1259 = FACE_BOUND ( 'NONE', #235, .T. ) ;
#1260 = CIRCLE ( 'NONE', #169, 1.050000000000002265 ) ;
#1261 = CARTESIAN_POINT ( 'NONE',  ( 27.00000000000000000, -75.50000000000002842, 1.050000000000478995 ) ) ;
#1262 = DIRECTION ( 'NONE',  ( -0.000000000000000000, 1.000000000000000000, -0.000000000000000000 ) ) ;
#1263 = FACE_OUTER_BOUND ( 'NONE', #619, .T. ) ;
#1264 = VERTEX_POINT ( 'NONE', #1185 ) ;
#1265 = ORIENTED_EDGE ( 'NONE', *, *, #1140, .F. ) ;
#1266 = CARTESIAN_POINT ( 'NONE',  ( -5.689893001203927270E-13, 9.500000000000000000, 28.04999999999999361 ) ) ;
#1267 = CARTESIAN_POINT ( 'NONE',  ( 19.09188309203688050, -18.00000000000000355, 20.10188309203668311 ) ) ;
#1268 = LINE ( 'NONE', #1035, #132 ) ;
#1269 = EDGE_CURVE ( 'NONE', #987, #256, #339, .T. ) ;
#1270 = ORIENTED_EDGE ( 'NONE', *, *, #872, .F. ) ;
#1271 = FACE_BOUND ( 'NONE', #1191, .T. ) ;
#1272 = DIRECTION ( 'NONE',  ( 0.000000000000000000, -1.000000000000000000, 0.000000000000000000 ) ) ;
#1273 = FACE_BOUND ( 'NONE', #899, .T. ) ;
#1274 = ORIENTED_EDGE ( 'NONE', *, *, #284, .F. ) ;
#1275 = ORIENTED_EDGE ( 'NONE', *, *, #293, .F. ) ;
#1276 = AXIS2_PLACEMENT_3D ( 'NONE', #29, #484, #864 ) ;
#1277 = PRESENTATION_LAYER_ASSIGNMENT (  '', '', ( #565 ) ) ;
#1278 = DIRECTION ( 'NONE',  ( -0.000000000000000000, 1.000000000000000000, -0.000000000000000000 ) ) ;
#1279 = AXIS2_PLACEMENT_3D ( 'NONE', #395, #25, #521 ) ;
#1280 = CIRCLE ( 'NONE', #269, 1.050000000000000711 ) ;
#1281 = DIRECTION ( 'NONE',  ( 0.000000000000000000, 1.000000000000000000, 0.000000000000000000 ) ) ;
#1282 = DIRECTION ( 'NONE',  ( 0.000000000000000000, -1.000000000000000000, 0.000000000000000000 ) ) ;
#1283 = CIRCLE ( 'NONE', #1114, 1.049999999999998934 ) ;
#1284 = ORIENTED_EDGE ( 'NONE', *, *, #883, .T. ) ;
#1285 = ORIENTED_EDGE ( 'NONE', *, *, #381, .F. ) ;
#1286 = DIRECTION ( 'NONE',  ( 0.000000000000000000, 1.000000000000000000, 0.000000000000000000 ) ) ;
#1287 = ADVANCED_FACE ( 'NONE', ( #390 ), #1337, .F. ) ;
#1288 = PLANE ( 'NONE',  #568 ) ;
#1289 = DIRECTION ( 'NONE',  ( 0.000000000000000000, -1.000000000000000000, 0.000000000000000000 ) ) ;
#1290 = EDGE_LOOP ( 'NONE', ( #1402, #646, #665, #674 ) ) ;
#1291 = DIRECTION ( 'NONE',  ( -0.000000000000000000, 1.000000000000000000, -0.000000000000000000 ) ) ;
#1292 = ADVANCED_FACE ( 'NONE', ( #1070 ), #991, .F. ) ;
#1293 = DIRECTION ( 'NONE',  ( 0.000000000000000000, 0.000000000000000000, 1.000000000000000000 ) ) ;
#1294 = DIRECTION ( 'NONE',  ( 0.000000000000000000, 0.000000000000000000, 1.000000000000000000 ) ) ;
#1295 = FILL_AREA_STYLE ('',( #607 ) ) ;
#1296 = ORIENTED_EDGE ( 'NONE', *, *, #742, .T. ) ;
#1297 = VERTEX_POINT ( 'NONE', #248 ) ;
#1298 = ORIENTED_EDGE ( 'NONE', *, *, #1355, .F. ) ;
#1299 = AXIS2_PLACEMENT_3D ( 'NONE', #661, #1041, #443 ) ;
#1300 = FACE_OUTER_BOUND ( 'NONE', #801, .T. ) ;
#1301 = AXIS2_PLACEMENT_3D ( 'NONE', #955, #840, #349 ) ;
#1302 = CIRCLE ( 'NONE', #959, 29.00000000000000000 ) ;
#1303 = DIRECTION ( 'NONE',  ( -0.000000000000000000, 1.000000000000000000, -0.000000000000000000 ) ) ;
#1304 = LINE ( 'NONE', #975, #213 ) ;
#1305 = CIRCLE ( 'NONE', #1384, 1.050000000000000711 ) ;
#1306 = VERTEX_POINT ( 'NONE', #1433 ) ;
#1307 = ORIENTED_EDGE ( 'NONE', *, *, #223, .T. ) ;
#1308 = ORIENTED_EDGE ( 'NONE', *, *, #76, .F. ) ;
#1309 = DIRECTION ( 'NONE',  ( 0.000000000000000000, -1.000000000000000000, 0.000000000000000000 ) ) ;
#1310 = DIRECTION ( 'NONE',  ( 0.000000000000000000, 1.000000000000000000, 0.000000000000000000 ) ) ;
#1311 = FACE_OUTER_BOUND ( 'NONE', #747, .T. ) ;
#1312 = ORIENTED_EDGE ( 'NONE', *, *, #1224, .T. ) ;
#1313 = DIRECTION ( 'NONE',  ( 0.000000000000000000, -1.000000000000000000, 0.000000000000000000 ) ) ;
#1314 = VERTEX_POINT ( 'NONE', #371 ) ;
#1315 = EDGE_CURVE ( 'NONE', #1264, #1398, #816, .T. ) ;
#1316 = VERTEX_POINT ( 'NONE', #1450 ) ;
#1317 = CYLINDRICAL_SURFACE ( 'NONE', #520, 25.01500000000000412 ) ;
#1318 = DIRECTION ( 'NONE',  ( 0.000000000000000000, 0.000000000000000000, -1.000000000000000000 ) ) ;
#1319 = DIRECTION ( 'NONE',  ( 0.000000000000000000, 1.000000000000000000, 0.000000000000000000 ) ) ;
#1320 = ORIENTED_EDGE ( 'NONE', *, *, #428, .F. ) ;
#1321 = DIRECTION ( 'NONE',  ( 0.000000000000000000, 0.000000000000000000, -1.000000000000000000 ) ) ;
#1322 = ORIENTED_EDGE ( 'NONE', *, *, #1355, .T. ) ;
#1323 = AXIS2_PLACEMENT_3D ( 'NONE', #496, #1313, #1080 ) ;
#1324 = ORIENTED_EDGE ( 'NONE', *, *, #900, .T. ) ;
#1325 = CARTESIAN_POINT ( 'NONE',  ( 23.38268590217959542, 9.500000000000000000, 12.45000000000043272 ) ) ;
#1326 = CARTESIAN_POINT ( 'NONE',  ( 19.09188309203688050, -0.5000000000000004441, -19.09188309203668510 ) ) ;
#1327 = DIRECTION ( 'NONE',  ( 0.000000000000000000, 0.000000000000000000, 1.000000000000000000 ) ) ;
#1328 = CARTESIAN_POINT ( 'NONE',  ( 0.000000000000000000, -53.79610742253483124, 0.000000000000000000 ) ) ;
#1329 = ORIENTED_EDGE ( 'NONE', *, *, #307, .F. ) ;
#1330 = VECTOR ( 'NONE', #1362, 1000.000000000000000 ) ;
#1331 = AXIS2_PLACEMENT_3D ( 'NONE', #1526, #72, #582 ) ;
#1332 = DIRECTION ( 'NONE',  ( 0.000000000000000000, -1.000000000000000000, 0.000000000000000000 ) ) ;
#1333 = ORIENTED_EDGE ( 'NONE', *, *, #346, .T. ) ;
#1334 = AXIS2_PLACEMENT_3D ( 'NONE', #931, #219, #1417 ) ;
#1335 = EDGE_CURVE ( 'NONE', #867, #997, #134, .T. ) ;
#1336 = DIRECTION ( 'NONE',  ( 0.000000000000000000, 0.000000000000000000, -1.000000000000000000 ) ) ;
#1337 = CYLINDRICAL_SURFACE ( 'NONE', #365, 1.049999999999998934 ) ;
#1338 = DIRECTION ( 'NONE',  ( 0.000000000000000000, 0.000000000000000000, 1.000000000000000000 ) ) ;
#1339 = CARTESIAN_POINT ( 'NONE',  ( -13.49999999999970157, -0.5000000000000004441, -23.38268590218001819 ) ) ;
#1340 = EDGE_LOOP ( 'NONE', ( #1226, #426 ) ) ;
#1341 = CARTESIAN_POINT ( 'NONE',  ( -27.00000000000000355, -0.5000000000000004441, -6.609296443471635030E-13 ) ) ;
#1342 = ORIENTED_EDGE ( 'NONE', *, *, #1371, .F. ) ;
#1343 = CARTESIAN_POINT ( 'NONE',  ( -23.38268590218016030, 9.500000000000000000, 13.49999999999945643 ) ) ;
#1344 = CARTESIAN_POINT ( 'NONE',  ( -19.09188309203688050, 9.500000000000000000, -19.09188309203668510 ) ) ;
#1345 = DIRECTION ( 'NONE',  ( -0.000000000000000000, -1.000000000000000000, -0.000000000000000000 ) ) ;
#1346 = ORIENTED_EDGE ( 'NONE', *, *, #968, .T. ) ;
#1347 = CYLINDRICAL_SURFACE ( 'NONE', #421, 1.049999999999998934 ) ;
#1348 = EDGE_LOOP ( 'NONE', ( #1342, #1284, #1422, #1083 ) ) ;
#1349 = VECTOR ( 'NONE', #1262, 1000.000000000000000 ) ;
#1350 = DIRECTION ( 'NONE',  ( 0.000000000000000000, 0.000000000000000000, 1.000000000000000000 ) ) ;
#1351 = DIRECTION ( 'NONE',  ( -0.000000000000000000, 1.000000000000000000, -0.000000000000000000 ) ) ;
#1352 = EDGE_CURVE ( 'NONE', #527, #128, #569, .T. ) ;
#1353 = VECTOR ( 'NONE', #564, 1000.000000000000000 ) ;
#1354 = ORIENTED_EDGE ( 'NONE', *, *, #375, .T. ) ;
#1355 = EDGE_CURVE ( 'NONE', #504, #1398, #240, .T. ) ;
#1356 = DIRECTION ( 'NONE',  ( -0.000000000000000000, 1.000000000000000000, -0.000000000000000000 ) ) ;
#1357 = ORIENTED_EDGE ( 'NONE', *, *, #1111, .F. ) ;
#1358 = AXIS2_PLACEMENT_3D ( 'NONE', #532, #1231, #643 ) ;
#1359 = VECTOR ( 'NONE', #413, 1000.000000000000000 ) ;
#1360 = AXIS2_PLACEMENT_3D ( 'NONE', #875, #1459, #391 ) ;
#1361 = CIRCLE ( 'NONE', #691, 25.01500000000000412 ) ;
#1362 = DIRECTION ( 'NONE',  ( -0.000000000000000000, 1.000000000000000000, -0.000000000000000000 ) ) ;
#1363 = FACE_OUTER_BOUND ( 'NONE', #940, .T. ) ;
#1364 = ORIENTED_EDGE ( 'NONE', *, *, #315, .F. ) ;
#1365 = ORIENTED_EDGE ( 'NONE', *, *, #66, .F. ) ;
#1366 = EDGE_CURVE ( 'NONE', #35, #221, #693, .T. ) ;
#1367 = CARTESIAN_POINT ( 'NONE',  ( -27.00000000000000355, -0.5000000000000004441, -1.050000000000661737 ) ) ;
#1368 = DIRECTION ( 'NONE',  ( 0.000000000000000000, 0.000000000000000000, 1.000000000000000000 ) ) ;
#1369 = VERTEX_POINT ( 'NONE', #599 ) ;
#1370 = ORIENTED_EDGE ( 'NONE', *, *, #381, .T. ) ;
#1371 = EDGE_CURVE ( 'NONE', #1445, #1306, #266, .T. ) ;
#1372 = LINE ( 'NONE', #343, #1406 ) ;
#1373 = CARTESIAN_POINT ( 'NONE',  ( -13.50000000000051870, 9.500000000000000000, 23.38268590217954568 ) ) ;
#1374 = DIRECTION ( 'NONE',  ( -0.000000000000000000, -1.000000000000000000, -0.000000000000000000 ) ) ;
#1375 = CARTESIAN_POINT ( 'NONE',  ( 0.000000000000000000, 8.500000000000000000, 0.000000000000000000 ) ) ;
#1376 = ORIENTED_EDGE ( 'NONE', *, *, #433, .F. ) ;
#1377 =( GEOMETRIC_REPRESENTATION_CONTEXT ( 3 ) GLOBAL_UNCERTAINTY_ASSIGNED_CONTEXT ( ( #993 ) ) GLOBAL_UNIT_ASSIGNED_CONTEXT ( ( #1176, #967, #1065 ) ) REPRESENTATION_CONTEXT ( 'NONE', 'WORKASPACE' ) );
#1378 = CIRCLE ( 'NONE', #712, 1.049999999999998934 ) ;
#1379 = CIRCLE ( 'NONE', #337, 29.00000000000000711 ) ;
#1380 = AXIS2_PLACEMENT_3D ( 'NONE', #917, #208, #683 ) ;
#1381 = CARTESIAN_POINT ( 'NONE',  ( 13.49999999999953815, -75.50000000000002842, 23.38268590218010345 ) ) ;
#1382 = ADVANCED_FACE ( 'NONE', ( #10 ), #254, .F. ) ;
#1383 = VECTOR ( 'NONE', #1145, 1000.000000000000000 ) ;
#1384 = AXIS2_PLACEMENT_3D ( 'NONE', #512, #628, #42 ) ;
#1385 = LINE ( 'NONE', #161, #1157 ) ;
#1386 = DIRECTION ( 'NONE',  ( 0.000000000000000000, 0.000000000000000000, 1.000000000000000000 ) ) ;
#1387 = EDGE_LOOP ( 'NONE', ( #927, #260, #535, #1298 ) ) ;
#1388 = FACE_BOUND ( 'NONE', #1171, .T. ) ;
#1389 = DIRECTION ( 'NONE',  ( 0.000000000000000000, 1.000000000000000000, 0.000000000000000000 ) ) ;
#1390 = EDGE_CURVE ( 'NONE', #1187, #893, #1201, .T. ) ;
#1391 = DIRECTION ( 'NONE',  ( 0.000000000000000000, 0.000000000000000000, -1.000000000000000000 ) ) ;
#1392 = VERTEX_POINT ( 'NONE', #1095 ) ;
#1393 = APPLICATION_CONTEXT ( 'automotive_design' ) ;
#1394 = EDGE_LOOP ( 'NONE', ( #487, #98, #422, #43 ) ) ;
#1395 = DIRECTION ( 'NONE',  ( 0.000000000000000000, 0.000000000000000000, 1.000000000000000000 ) ) ;
#1396 = LINE ( 'NONE', #1539, #666 ) ;
#1397 = CARTESIAN_POINT ( 'NONE',  ( 23.38268590217959542, 9.500000000000000000, 13.50000000000043698 ) ) ;
#1398 = VERTEX_POINT ( 'NONE', #1097 ) ;
#1399 = EDGE_CURVE ( 'NONE', #958, #475, #495, .T. ) ;
#1400 = ORIENTED_EDGE ( 'NONE', *, *, #1124, .F. ) ;
#1401 = DIRECTION ( 'NONE',  ( -0.000000000000000000, 1.000000000000000000, -0.000000000000000000 ) ) ;
#1402 = ORIENTED_EDGE ( 'NONE', *, *, #1483, .T. ) ;
#1403 = FACE_BOUND ( 'NONE', #290, .T. ) ;
#1404 = AXIS2_PLACEMENT_3D ( 'NONE', #1328, #1073, #850 ) ;
#1405 = CIRCLE ( 'NONE', #862, 1.050000000000001821 ) ;
#1406 = VECTOR ( 'NONE', #1258, 1000.000000000000000 ) ;
#1407 = DIRECTION ( 'NONE',  ( 0.000000000000000000, -1.000000000000000000, 0.000000000000000000 ) ) ;
#1408 = DIRECTION ( 'NONE',  ( 0.000000000000000000, 0.000000000000000000, -1.000000000000000000 ) ) ;
#1409 = AXIS2_PLACEMENT_3D ( 'NONE', #461, #1389, #1294 ) ;
#1410 = AXIS2_PLACEMENT_3D ( 'NONE', #149, #404, #509 ) ;
#1411 = ORIENTED_EDGE ( 'NONE', *, *, #214, .T. ) ;
#1412 = EDGE_CURVE ( 'NONE', #1441, #763, #1010, .T. ) ;
#1413 = DIRECTION ( 'NONE',  ( 0.000000000000000000, 0.000000000000000000, 1.000000000000000000 ) ) ;
#1414 = ORIENTED_EDGE ( 'NONE', *, *, #742, .F. ) ;
#1415 = ADVANCED_FACE ( 'NONE', ( #618 ), #250, .F. ) ;
#1416 = FACE_BOUND ( 'NONE', #467, .T. ) ;
#1417 = DIRECTION ( 'NONE',  ( 0.000000000000000000, 0.000000000000000000, -1.000000000000000000 ) ) ;
#1418 = DIRECTION ( 'NONE',  ( -0.000000000000000000, 1.000000000000000000, -0.000000000000000000 ) ) ;
#1419 = ORIENTED_EDGE ( 'NONE', *, *, #1209, .F. ) ;
#1420 = EDGE_LOOP ( 'NONE', ( #1182, #885, #771, #191 ) ) ;
#1421 = ADVANCED_FACE ( 'NONE', ( #380 ), #257, .F. ) ;
#1422 = ORIENTED_EDGE ( 'NONE', *, *, #1199, .T. ) ;
#1423 = ADVANCED_FACE ( 'NONE', ( #120 ), #1438, .F. ) ;
#1424 = EDGE_CURVE ( 'NONE', #1216, #5, #268, .T. ) ;
#1425 = CARTESIAN_POINT ( 'NONE',  ( -13.49999999999970157, -75.50000000000002842, -24.43268590218001890 ) ) ;
#1426 = DIRECTION ( 'NONE',  ( 0.000000000000000000, -1.000000000000000000, 0.000000000000000000 ) ) ;
#1427 = LINE ( 'NONE', #4, #87 ) ;
#1428 = VERTEX_POINT ( 'NONE', #609 ) ;
#1429 = ORIENTED_EDGE ( 'NONE', *, *, #841, .T. ) ;
#1430 = EDGE_LOOP ( 'NONE', ( #246, #644, #411, #86 ) ) ;
#1431 = CARTESIAN_POINT ( 'NONE',  ( 23.38268590217959542, 9.500000000000000000, 13.50000000000043698 ) ) ;
#1432 = CIRCLE ( 'NONE', #660, 25.01500000000000412 ) ;
#1433 = CARTESIAN_POINT ( 'NONE',  ( -23.38268590217949594, 9.500000000000000000, -14.55000000000060112 ) ) ;
#1434 = EDGE_CURVE ( 'NONE', #1316, #610, #1462, .T. ) ;
#1435 = CARTESIAN_POINT ( 'NONE',  ( 3.747002708109903324E-13, -0.5000000000000004441, -26.99999999999999645 ) ) ;
#1436 = AXIS2_PLACEMENT_3D ( 'NONE', #153, #630, #1101 ) ;
#1437 = CIRCLE ( 'NONE', #1014, 1.010000000000000453 ) ;
#1438 = CYLINDRICAL_SURFACE ( 'NONE', #1404, 22.02499999999999858 ) ;
#1439 = EDGE_LOOP ( 'NONE', ( #675, #796, #68, #586 ) ) ;
#1440 = AXIS2_PLACEMENT_3D ( 'NONE', #924, #1281, #1162 ) ;
#1441 = VERTEX_POINT ( 'NONE', #601 ) ;
#1442 = FACE_OUTER_BOUND ( 'NONE', #327, .T. ) ;
#1443 = CARTESIAN_POINT ( 'NONE',  ( -13.49999999999970157, 9.500000000000000000, -23.38268590218001819 ) ) ;
#1444 = DIRECTION ( 'NONE',  ( 0.000000000000000000, 0.000000000000000000, -1.000000000000000000 ) ) ;
#1445 = VERTEX_POINT ( 'NONE', #32 ) ;
#1446 = DIRECTION ( 'NONE',  ( 0.000000000000000000, 0.000000000000000000, -1.000000000000000000 ) ) ;
#1447 = ORIENTED_EDGE ( 'NONE', *, *, #229, .T. ) ;
#1448 = ORIENTED_EDGE ( 'NONE', *, *, #1371, .T. ) ;
#1449 = CYLINDRICAL_SURFACE ( 'NONE', #1031, 1.050000000000000488 ) ;
#1450 = CARTESIAN_POINT ( 'NONE',  ( 13.50000000000035350, 9.500000000000000000, -22.33268590217964444 ) ) ;
#1451 = CARTESIAN_POINT ( 'NONE',  ( 2.697284575122045346E-15, -53.79610742253483124, -22.02499999999999858 ) ) ;
#1452 = CARTESIAN_POINT ( 'NONE',  ( 0.000000000000000000, 9.500000000000000000, 0.000000000000000000 ) ) ;
#1453 = ORIENTED_EDGE ( 'NONE', *, *, #1221, .F. ) ;
#1454 = EDGE_CURVE ( 'NONE', #679, #374, #788, .T. ) ;
#1455 = CARTESIAN_POINT ( 'NONE',  ( -13.49999999999970157, 9.500000000000000000, -24.43268590218001890 ) ) ;
#1456 = ORIENTED_EDGE ( 'NONE', *, *, #205, .F. ) ;
#1457 = DIRECTION ( 'NONE',  ( -0.000000000000000000, 1.000000000000000000, -0.000000000000000000 ) ) ;
#1458 = FACE_OUTER_BOUND ( 'NONE', #1430, .T. ) ;
#1459 = DIRECTION ( 'NONE',  ( -0.000000000000000000, 1.000000000000000000, -0.000000000000000000 ) ) ;
#1460 = DIRECTION ( 'NONE',  ( 0.000000000000000000, 0.000000000000000000, 1.000000000000000000 ) ) ;
#1461 = ORIENTED_EDGE ( 'NONE', *, *, #1046, .T. ) ;
#1462 = CIRCLE ( 'NONE', #1509, 1.050000000000002265 ) ;
#1463 = AXIS2_PLACEMENT_3D ( 'NONE', #1497, #83, #1153 ) ;
#1464 = AXIS2_PLACEMENT_3D ( 'NONE', #814, #1491, #1050 ) ;
#1465 = DIRECTION ( 'NONE',  ( 0.000000000000000000, -1.000000000000000000, 0.000000000000000000 ) ) ;
#1466 = ORIENTED_EDGE ( 'NONE', *, *, #966, .F. ) ;
#1467 = CIRCLE ( 'NONE', #782, 1.010000000000000453 ) ;
#1468 = EDGE_CURVE ( 'NONE', #580, #479, #559, .T. ) ;
#1469 = DIRECTION ( 'NONE',  ( 0.000000000000000000, 0.000000000000000000, 1.000000000000000000 ) ) ;
#1470 = CARTESIAN_POINT ( 'NONE',  ( 0.000000000000000000, 8.500000000000000000, 0.000000000000000000 ) ) ;
#1471 = DIRECTION ( 'NONE',  ( -0.000000000000000000, 1.000000000000000000, -0.000000000000000000 ) ) ;
#1472 = DIRECTION ( 'NONE',  ( 0.000000000000000000, 1.000000000000000000, 0.000000000000000000 ) ) ;
#1473 = EDGE_LOOP ( 'NONE', ( #167, #1244, #1189, #350 ) ) ;
#1474 = CARTESIAN_POINT ( 'NONE',  ( -19.09188309203688050, -18.00000000000000355, -18.08188309203668354 ) ) ;
#1475 = EDGE_LOOP ( 'NONE', ( #1414, #1237 ) ) ;
#1476 = CARTESIAN_POINT ( 'NONE',  ( 23.38268590218006793, -75.50000000000002842, -14.54999999999962057 ) ) ;
#1477 = ADVANCED_FACE ( 'NONE', ( #1203 ), #866, .T. ) ;
#1478 = CARTESIAN_POINT ( 'NONE',  ( -13.49999999999970157, -75.50000000000002842, -23.38268590218001819 ) ) ;
#1479 = EDGE_LOOP ( 'NONE', ( #159, #845, #1518, #697 ) ) ;
#1480 = DIRECTION ( 'NONE',  ( 0.000000000000000000, 0.000000000000000000, 1.000000000000000000 ) ) ;
#1481 = ORIENTED_EDGE ( 'NONE', *, *, #74, .F. ) ;
#1482 = CARTESIAN_POINT ( 'NONE',  ( -23.38268590218016030, -75.50000000000002842, 13.49999999999945643 ) ) ;
#1483 = EDGE_CURVE ( 'NONE', #603, #915, #680, .T. ) ;
#1484 = DIRECTION ( 'NONE',  ( 0.000000000000000000, 0.000000000000000000, -1.000000000000000000 ) ) ;
#1485 = CIRCLE ( 'NONE', #416, 1.010000000000000453 ) ;
#1486 = EDGE_CURVE ( 'NONE', #1093, #1158, #278, .T. ) ;
#1487 = ORIENTED_EDGE ( 'NONE', *, *, #438, .F. ) ;
#1488 = VECTOR ( 'NONE', #62, 1000.000000000000000 ) ;
#1489 = ORIENTED_EDGE ( 'NONE', *, *, #654, .F. ) ;
#1490 = AXIS2_PLACEMENT_3D ( 'NONE', #1534, #465, #1009 ) ;
#1491 = DIRECTION ( 'NONE',  ( 0.000000000000000000, -1.000000000000000000, 0.000000000000000000 ) ) ;
#1492 = CARTESIAN_POINT ( 'NONE',  ( 0.000000000000000000, 7.500000000000000000, 0.000000000000000000 ) ) ;
#1493 = EDGE_CURVE ( 'NONE', #738, #1428, #732, .T. ) ;
#1494 = DIRECTION ( 'NONE',  ( -0.000000000000000000, 1.000000000000000000, -0.000000000000000000 ) ) ;
#1495 = ORIENTED_EDGE ( 'NONE', *, *, #672, .F. ) ;
#1496 = CARTESIAN_POINT ( 'NONE',  ( -23.38268590217949594, -0.5000000000000004441, -13.50000000000060218 ) ) ;
#1497 = CARTESIAN_POINT ( 'NONE',  ( 13.49999999999953815, -0.5000000000000004441, 23.38268590218010345 ) ) ;
#1498 =( NAMED_UNIT ( * ) SI_UNIT ( $, .STERADIAN. ) SOLID_ANGLE_UNIT ( ) );
#1499 = CYLINDRICAL_SURFACE ( 'NONE', #983, 1.010000000000000453 ) ;
#1500 = VERTEX_POINT ( 'NONE', #367 ) ;
#1501 = ORIENTED_EDGE ( 'NONE', *, *, #561, .T. ) ;
#1502 = EDGE_CURVE ( 'NONE', #1049, #453, #779, .T. ) ;
#1503 = CARTESIAN_POINT ( 'NONE',  ( 27.00000000000000000, 9.500000000000000000, 4.770489558936219510E-13 ) ) ;
#1504 = DIRECTION ( 'NONE',  ( 0.000000000000000000, 0.000000000000000000, 1.000000000000000000 ) ) ;
#1505 = CARTESIAN_POINT ( 'NONE',  ( -19.09188309203688050, 9.500000000000000000, 20.10188309203668311 ) ) ;
#1506 = CIRCLE ( 'NONE', #684, 21.00000000000000000 ) ;
#1507 = ORIENTED_EDGE ( 'NONE', *, *, #1253, .T. ) ;
#1508 = AXIS2_PLACEMENT_3D ( 'NONE', #282, #980, #1336 ) ;
#1509 = AXIS2_PLACEMENT_3D ( 'NONE', #1090, #1188, #984 ) ;
#1510 = VECTOR ( 'NONE', #1291, 1000.000000000000000 ) ;
#1511 = ADVANCED_FACE ( 'NONE', ( #634 ), #158, .F. ) ;
#1512 = CIRCLE ( 'NONE', #216, 22.02499999999999858 ) ;
#1513 = DIRECTION ( 'NONE',  ( -0.000000000000000000, 1.000000000000000000, -0.000000000000000000 ) ) ;
#1514 = CIRCLE ( 'NONE', #173, 1.049999999999998934 ) ;
#1515 = CIRCLE ( 'NONE', #1084, 1.049999999999998934 ) ;
#1516 = CARTESIAN_POINT ( 'NONE',  ( 13.49999999999953815, 9.500000000000000000, 22.33268590218010630 ) ) ;
#1517 = CARTESIAN_POINT ( 'NONE',  ( -19.09188309203688050, -0.5000000000000004441, -18.08188309203668354 ) ) ;
#1518 = ORIENTED_EDGE ( 'NONE', *, *, #1140, .T. ) ;
#1519 = EDGE_CURVE ( 'NONE', #769, #130, #534, .T. ) ;
#1520 = DIRECTION ( 'NONE',  ( 0.000000000000000000, 1.000000000000000000, 0.000000000000000000 ) ) ;
#1521 = EDGE_CURVE ( 'NONE', #139, #961, #373, .T. ) ;
#1522 = CARTESIAN_POINT ( 'NONE',  ( 3.747002708109903324E-13, -0.5000000000000004441, -26.99999999999999645 ) ) ;
#1523 = CARTESIAN_POINT ( 'NONE',  ( 19.09188309203688050, -0.5000000000000004441, 19.09188309203668510 ) ) ;
#1524 = ORIENTED_EDGE ( 'NONE', *, *, #1209, .T. ) ;
#1525 = ORIENTED_EDGE ( 'NONE', *, *, #1390, .T. ) ;
#1526 = CARTESIAN_POINT ( 'NONE',  ( -23.38268590217949594, 9.500000000000000000, -13.50000000000060218 ) ) ;
#1527 = ORIENTED_EDGE ( 'NONE', *, *, #1221, .T. ) ;
#1528 = CARTESIAN_POINT ( 'NONE',  ( 0.000000000000000000, 8.500000000000000000, 0.000000000000000000 ) ) ;
#1529 = AXIS2_PLACEMENT_3D ( 'NONE', #857, #1225, #39 ) ;
#1530 = DIRECTION ( 'NONE',  ( 0.000000000000000000, 0.000000000000000000, -1.000000000000000000 ) ) ;
#1531 = CARTESIAN_POINT ( 'NONE',  ( 19.09188309203688050, -0.5000000000000004441, -19.09188309203668510 ) ) ;
#1532 = ADVANCED_FACE ( 'NONE', ( #177 ), #760, .F. ) ;
#1533 = EDGE_LOOP ( 'NONE', ( #795, #143 ) ) ;
#1534 = CARTESIAN_POINT ( 'NONE',  ( 23.38268590218006793, -0.5000000000000004441, -13.49999999999961986 ) ) ;
#1535 = CIRCLE ( 'NONE', #1257, 1.050000000000000488 ) ;
#1536 = CIRCLE ( 'NONE', #20, 1.050000000000000488 ) ;
#1537 = CARTESIAN_POINT ( 'NONE',  ( 13.49999999999953815, -0.5000000000000004441, 23.38268590218010345 ) ) ;
#1538 = AXIS2_PLACEMENT_3D ( 'NONE', #1136, #459, #547 ) ;
#1539 = CARTESIAN_POINT ( 'NONE',  ( -23.38268590217949594, -75.50000000000002842, -12.45000000000060325 ) ) ;
#1540 = DIRECTION ( 'NONE',  ( 0.000000000000000000, 0.000000000000000000, 1.000000000000000000 ) ) ;
#1541 = VERTEX_POINT ( 'NONE', #774 ) ;
#1542 = ORIENTED_EDGE ( 'NONE', *, *, #900, .F. ) ;
#1543 = ADVANCED_FACE ( 'NONE', ( #1015 ), #1249, .T. ) ;
ENDSEC;
END-ISO-10303-21;
