ISO-10303-21;
HEADER;
FILE_DESCRIPTION (( 'STEP AP214' ),
    '1' );
FILE_NAME ('ÏÂ¶Ë¸Çv1.0.STEP',
    '2026-08-16T14:43:11',
    ( '' ),
    ( '' ),
    'SwSTEP 2.0',
    'SolidWorks 2024',
    '' );
FILE_SCHEMA (( 'AUTOMOTIVE_DESIGN' ));
ENDSEC;

DATA;
#1 = CIRCLE ( 'NONE', #1989, 0.8000000000004513501 ) ;
#2 = CYLINDRICAL_SURFACE ( 'NONE', #2843, 0.8000000000004513501 ) ;
#3 = AXIS2_PLACEMENT_3D ( 'NONE', #626, #3057, #1110 ) ;
#4 = DIRECTION ( 'NONE',  ( -1.000000000000000000, 0.000000000000000000, 0.000000000000000000 ) ) ;
#5 = EDGE_CURVE ( 'NONE', #918, #1341, #1633, .T. ) ;
#6 = CYLINDRICAL_SURFACE ( 'NONE', #1585, 1.024999999999998135 ) ;
#7 = VERTEX_POINT ( 'NONE', #3491 ) ;
#8 = CARTESIAN_POINT ( 'NONE',  ( 46.68866279190552859, -32.93937835615508902, 25.34999999999999787 ) ) ;
#9 = ORIENTED_EDGE ( 'NONE', *, *, #2007, .T. ) ;
#10 = CARTESIAN_POINT ( 'NONE',  ( 5.124637297340456144, -42.35778022538745802, 3.450000000000000178 ) ) ;
#11 = VERTEX_POINT ( 'NONE', #2395 ) ;
#12 = DIRECTION ( 'NONE',  ( 0.000000000000000000, 0.000000000000000000, 1.000000000000000000 ) ) ;
#13 = CARTESIAN_POINT ( 'NONE',  ( 15.52876021520791383, -48.84928093285210338, 27.44999999999999929 ) ) ;
#14 = ORIENTED_EDGE ( 'NONE', *, *, #2208, .T. ) ;
#15 = CARTESIAN_POINT ( 'NONE',  ( 58.06179262282417142, -37.43481582163340704, 27.44999999999999929 ) ) ;
#16 = CARTESIAN_POINT ( 'NONE',  ( 31.43866279190552504, -32.93937835615508902, 53.90584412271572035 ) ) ;
#17 = CIRCLE ( 'NONE', #1943, 1.650000000000002132 ) ;
#18 = CARTESIAN_POINT ( 'NONE',  ( 22.02026092267527702, -7.635352861589228546, 21.44999999999999574 ) ) ;
#19 = ADVANCED_FACE ( 'NONE', ( #3476 ), #2105, .F. ) ;
#20 = AXIS2_PLACEMENT_3D ( 'NONE', #3028, #332, #595 ) ;
#21 = DIRECTION ( 'NONE',  ( 1.000000000000000000, 0.000000000000000000, -0.000000000000000000 ) ) ;
#22 = DIRECTION ( 'NONE',  ( -0.000000000000000000, -0.000000000000000000, 1.000000000000000000 ) ) ;
#23 = DIRECTION ( 'NONE',  ( 1.000000000000000000, 0.000000000000000000, 0.000000000000000000 ) ) ;
#24 = ORIENTED_EDGE ( 'NONE', *, *, #1160, .T. ) ;
#25 = DIRECTION ( 'NONE',  ( 0.000000000000000000, 0.000000000000000000, -1.000000000000000000 ) ) ;
#26 = ORIENTED_EDGE ( 'NONE', *, *, #1704, .F. ) ;
#27 = DIRECTION ( 'NONE',  ( -0.000000000000000000, -0.000000000000000000, -1.000000000000000000 ) ) ;
#28 = VECTOR ( 'NONE', #2392, 1000.000000000000227 ) ;
#29 = EDGE_LOOP ( 'NONE', ( #681, #2614, #1634, #1309 ) ) ;
#30 = CARTESIAN_POINT ( 'NONE',  ( 31.43866279190552504, -32.93937835615508902, 9.449999999999999289 ) ) ;
#31 = FACE_BOUND ( 'NONE', #3257, .T. ) ;
#32 = ORIENTED_EDGE ( 'NONE', *, *, #116, .F. ) ;
#33 = DIRECTION ( 'NONE',  ( 0.000000000000000000, 0.000000000000000000, -1.000000000000000000 ) ) ;
#34 = VECTOR ( 'NONE', #558, 1000.000000000000000 ) ;
#35 = LINE ( 'NONE', #3281, #2656 ) ;
#36 = CIRCLE ( 'NONE', #3388, 1.024999999999998135 ) ;
#37 = VERTEX_POINT ( 'NONE', #2995 ) ;
#38 = DIRECTION ( 'NONE',  ( -1.000000000000000000, 0.000000000000000000, 0.000000000000000000 ) ) ;
#39 = CARTESIAN_POINT ( 'NONE',  ( 41.65706466113626760, -58.24340385072076032, 21.44999999999999574 ) ) ;
#40 = DIRECTION ( 'NONE',  ( 0.000000000000000000, 0.000000000000000000, -1.000000000000000000 ) ) ;
#41 = ORIENTED_EDGE ( 'NONE', *, *, #2454, .T. ) ;
#42 = DIRECTION ( 'NONE',  ( 1.000000000000000000, 0.000000000000000000, 0.000000000000000000 ) ) ;
#43 = CARTESIAN_POINT ( 'NONE',  ( 15.52876021520834726, -17.02947577945764124, 28.44999999999999929 ) ) ;
#44 = ORIENTED_EDGE ( 'NONE', *, *, #792, .F. ) ;
#45 = EDGE_CURVE ( 'NONE', #2513, #90, #1642, .T. ) ;
#46 = CYLINDRICAL_SURFACE ( 'NONE', #2965, 1.500000000000001332 ) ;
#47 = ORIENTED_EDGE ( 'NONE', *, *, #3195, .F. ) ;
#48 = DIRECTION ( 'NONE',  ( 0.000000000000000000, 0.000000000000000000, 1.000000000000000000 ) ) ;
#49 = VECTOR ( 'NONE', #2713, 1000.000000000000000 ) ;
#50 = VECTOR ( 'NONE', #227, 1000.000000000000000 ) ;
#51 = ORIENTED_EDGE ( 'NONE', *, *, #832, .T. ) ;
#52 = DIRECTION ( 'NONE',  ( 1.000000000000000000, 0.000000000000000000, 0.000000000000000000 ) ) ;
#53 = DIRECTION ( 'NONE',  ( -0.000000000000000000, -0.000000000000000000, 1.000000000000000000 ) ) ;
#54 = ORIENTED_EDGE ( 'NONE', *, *, #2978, .F. ) ;
#55 = DIRECTION ( 'NONE',  ( 0.000000000000000000, 0.000000000000000000, -1.000000000000000000 ) ) ;
#56 = EDGE_CURVE ( 'NONE', #2824, #586, #2377, .T. ) ;
#57 = CARTESIAN_POINT ( 'NONE',  ( 16.78829404481964360, -34.65086764166321132, 27.44999999999999929 ) ) ;
#58 = EDGE_LOOP ( 'NONE', ( #1065, #2174 ) ) ;
#59 = CARTESIAN_POINT ( 'NONE',  ( 55.99112664010311846, -44.17221054500589617, 3.450000000000000178 ) ) ;
#60 = CARTESIAN_POINT ( 'NONE',  ( 17.11295346572679676, -36.11531165234310947, 25.00000000000000000 ) ) ;
#61 = CARTESIAN_POINT ( 'NONE',  ( 16.55376021520811847, -48.84928093285233075, 25.00000000000000000 ) ) ;
#62 = ORIENTED_EDGE ( 'NONE', *, *, #476, .T. ) ;
#63 = CARTESIAN_POINT ( 'NONE',  ( 16.78829404481963650, -31.22788907064697028, 27.44999999999999929 ) ) ;
#64 = CIRCLE ( 'NONE', #2559, 13.25000000000000533 ) ;
#65 = DIRECTION ( 'NONE',  ( -1.000000000000000000, 0.000000000000000000, 0.000000000000000000 ) ) ;
#66 = ORIENTED_EDGE ( 'NONE', *, *, #2720, .T. ) ;
#67 = EDGE_CURVE ( 'NONE', #1101, #1167, #2840, .T. ) ;
#68 = CIRCLE ( 'NONE', #2433, 3.509999999999999343 ) ;
#69 = VERTEX_POINT ( 'NONE', #2960 ) ;
#70 = ORIENTED_EDGE ( 'NONE', *, *, #419, .F. ) ;
#71 = DIRECTION ( 'NONE',  ( 0.000000000000000000, 0.000000000000000000, -1.000000000000000000 ) ) ;
#72 = ADVANCED_FACE ( 'NONE', ( #1054 ), #267, .F. ) ;
#73 = EDGE_CURVE ( 'NONE', #486, #757, #1013, .T. ) ;
#74 = FACE_OUTER_BOUND ( 'NONE', #2742, .T. ) ;
#75 = ORIENTED_EDGE ( 'NONE', *, *, #836, .F. ) ;
#76 = CARTESIAN_POINT ( 'NONE',  ( 46.68866279190552859, -32.93937835615508902, 26.84999999999999787 ) ) ;
#77 = AXIS2_PLACEMENT_3D ( 'NONE', #976, #200, #1540 ) ;
#78 = DIRECTION ( 'NONE',  ( -1.000000000000000000, 0.000000000000000000, 0.000000000000000000 ) ) ;
#79 = LINE ( 'NONE', #1426, #1192 ) ;
#80 = CARTESIAN_POINT ( 'NONE',  ( 16.78829404481964360, -34.65086764166321132, 27.44999999999999929 ) ) ;
#81 = DIRECTION ( 'NONE',  ( 1.000000000000000000, 0.000000000000000000, 0.000000000000000000 ) ) ;
#82 = ORIENTED_EDGE ( 'NONE', *, *, #2625, .T. ) ;
#83 = DIRECTION ( 'NONE',  ( 1.000000000000000000, 0.000000000000000000, -0.000000000000000000 ) ) ;
#84 = EDGE_CURVE ( 'NONE', #2310, #474, #2894, .T. ) ;
#85 = CARTESIAN_POINT ( 'NONE',  ( 14.99202146829336968, -10.93522840006318297, 30.56126983722215229 ) ) ;
#86 = ADVANCED_FACE ( 'NONE', ( #1360 ), #299, .F. ) ;
#87 = ORIENTED_EDGE ( 'NONE', *, *, #1516, .F. ) ;
#88 = ORIENTED_EDGE ( 'NONE', *, *, #2786, .F. ) ;
#89 = UNCERTAINTY_MEASURE_WITH_UNIT (LENGTH_MEASURE( 1.000000000000000082E-05 ), #2950, 'distance_accuracy_value', 'NONE');
#90 = VERTEX_POINT ( 'NONE', #3228 ) ;
#91 = DIRECTION ( 'NONE',  ( 0.000000000000000000, 0.000000000000000000, 1.000000000000000000 ) ) ;
#92 = CIRCLE ( 'NONE', #808, 0.8000000000000090372 ) ;
#93 = DIRECTION ( 'NONE',  ( 0.000000000000000000, 0.000000000000000000, -1.000000000000000000 ) ) ;
#94 = ORIENTED_EDGE ( 'NONE', *, *, #825, .T. ) ;
#95 = DIRECTION ( 'NONE',  ( 0.000000000000000000, 0.000000000000000000, 1.000000000000000000 ) ) ;
#96 = DIRECTION ( 'NONE',  ( -0.000000000000000000, -0.000000000000000000, -1.000000000000000000 ) ) ;
#97 = CYLINDRICAL_SURFACE ( 'NONE', #1217, 1.009999999999990017 ) ;
#98 = DIRECTION ( 'NONE',  ( 0.000000000000000000, 0.000000000000000000, 1.000000000000000000 ) ) ;
#99 = AXIS2_PLACEMENT_3D ( 'NONE', #1328, #1344, #3509 ) ;
#100 = CARTESIAN_POINT ( 'NONE',  ( 40.85706466113627044, -58.24340385072076032, 21.44999999999999574 ) ) ;
#101 = EDGE_LOOP ( 'NONE', ( #1547, #2207, #3151, #848 ) ) ;
#102 = DIRECTION ( 'NONE',  ( 1.000000000000000000, 4.625929269271481378E-15, 0.000000000000000000 ) ) ;
#103 = CARTESIAN_POINT ( 'NONE',  ( 31.43866279190552504, -32.93937835615508902, 25.00000000000000000 ) ) ;
#104 = ORIENTED_EDGE ( 'NONE', *, *, #3363, .F. ) ;
#105 = CIRCLE ( 'NONE', #2078, 17.00000000000000000 ) ;
#106 = VERTEX_POINT ( 'NONE', #2443 ) ;
#107 = EDGE_CURVE ( 'NONE', #3196, #106, #2678, .T. ) ;
#108 = EDGE_LOOP ( 'NONE', ( #524, #2631, #132, #2270 ) ) ;
#109 = DIRECTION ( 'NONE',  ( -0.000000000000000000, -0.000000000000000000, -1.000000000000000000 ) ) ;
#110 = CYLINDRICAL_SURFACE ( 'NONE', #422, 0.7999999999994054090 ) ;
#111 = AXIS2_PLACEMENT_3D ( 'NONE', #397, #3411, #1190 ) ;
#112 = EDGE_LOOP ( 'NONE', ( #26, #3292 ) ) ;
#113 = PLANE ( 'NONE',  #2765 ) ;
#114 = SHAPE_DEFINITION_REPRESENTATION ( #1422, #2549 ) ;
#115 = ADVANCED_FACE ( 'NONE', ( #3191 ), #3507, .F. ) ;
#116 = EDGE_CURVE ( 'NONE', #1322, #1120, #2791, .T. ) ;
#117 = DIRECTION ( 'NONE',  ( 1.000000000000000000, 0.000000000000000000, 0.000000000000000000 ) ) ;
#118 = DIRECTION ( 'NONE',  ( 1.000000000000000000, 0.000000000000000000, 0.000000000000000000 ) ) ;
#119 = ORIENTED_EDGE ( 'NONE', *, *, #2597, .T. ) ;
#120 = LINE ( 'NONE', #1196, #444 ) ;
#121 = VECTOR ( 'NONE', #3269, 1000.000000000000000 ) ;
#122 = DIRECTION ( 'NONE',  ( -0.000000000000000000, -0.000000000000000000, 1.000000000000000000 ) ) ;
#123 = ORIENTED_EDGE ( 'NONE', *, *, #2927, .F. ) ;
#124 = AXIS2_PLACEMENT_3D ( 'NONE', #15, #2697, #821 ) ;
#125 = ADVANCED_FACE ( 'NONE', ( #3244 ), #513, .F. ) ;
#126 = VERTEX_POINT ( 'NONE', #3208 ) ;
#127 = ORIENTED_EDGE ( 'NONE', *, *, #2043, .T. ) ;
#128 = CIRCLE ( 'NONE', #567, 1.650000000000002132 ) ;
#129 = CARTESIAN_POINT ( 'NONE',  ( 46.68866279190552859, -32.93937835615508902, 26.84999999999999787 ) ) ;
#130 = ORIENTED_EDGE ( 'NONE', *, *, #2881, .T. ) ;
#131 = DIRECTION ( 'NONE',  ( 0.000000000000000000, 0.000000000000000000, 1.000000000000000000 ) ) ;
#132 = ORIENTED_EDGE ( 'NONE', *, *, #2088, .T. ) ;
#133 = DIRECTION ( 'NONE',  ( 0.000000000000000000, 0.000000000000000000, -1.000000000000000000 ) ) ;
#134 = CARTESIAN_POINT ( 'NONE',  ( 22.02026092267527702, -7.635352861589228546, 3.450000000000000178 ) ) ;
#135 = VERTEX_POINT ( 'NONE', #1855 ) ;
#136 = DIRECTION ( 'NONE',  ( -0.000000000000000000, -0.000000000000000000, 1.000000000000000000 ) ) ;
#137 = ADVANCED_FACE ( 'NONE', ( #2524 ), #1969, .T. ) ;
#138 = DIRECTION ( 'NONE',  ( -0.000000000000000000, -0.000000000000000000, -1.000000000000000000 ) ) ;
#139 = EDGE_LOOP ( 'NONE', ( #2255, #2902, #1222, #1565 ) ) ;
#140 = VECTOR ( 'NONE', #1284, 1000.000000000000000 ) ;
#141 = ORIENTED_EDGE ( 'NONE', *, *, #2720, .F. ) ;
#142 = EDGE_CURVE ( 'NONE', #90, #544, #1424, .T. ) ;
#143 = EDGE_LOOP ( 'NONE', ( #455, #2156 ) ) ;
#144 = EDGE_CURVE ( 'NONE', #2171, #2721, #1072, .T. ) ;
#145 = CARTESIAN_POINT ( 'NONE',  ( 18.28829404481964360, -34.65086764166321132, 25.00000000000000000 ) ) ;
#146 = VERTEX_POINT ( 'NONE', #1171 ) ;
#147 = CARTESIAN_POINT ( 'NONE',  ( 14.43866279190552504, -32.93937835615508902, 27.44999999999999929 ) ) ;
#148 = ORIENTED_EDGE ( 'NONE', *, *, #2888, .F. ) ;
#149 = AXIS2_PLACEMENT_3D ( 'NONE', #1288, #1869, #3176 ) ;
#150 = EDGE_CURVE ( 'NONE', #2379, #1700, #2949, .T. ) ;
#151 = DIRECTION ( 'NONE',  ( 0.000000000000000000, 0.000000000000000000, -1.000000000000000000 ) ) ;
#152 = CARTESIAN_POINT ( 'NONE',  ( 46.32356536860303464, -17.02947577945774427, 28.44999999999999929 ) ) ;
#153 = VERTEX_POINT ( 'NONE', #3014 ) ;
#154 = VECTOR ( 'NONE', #3118, 1000.000000000000000 ) ;
#155 = CARTESIAN_POINT ( 'NONE',  ( 58.06179262282417142, -37.43481582163340704, 21.44999999999999574 ) ) ;
#156 = ORIENTED_EDGE ( 'NONE', *, *, #2873, .T. ) ;
#157 = AXIS2_PLACEMENT_3D ( 'NONE', #2099, #3499, #1316 ) ;
#158 = CIRCLE ( 'NONE', #766, 29.00000000000000355 ) ;
#159 = AXIS2_PLACEMENT_3D ( 'NONE', #1465, #3383, #1290 ) ;
#160 = ORIENTED_EDGE ( 'NONE', *, *, #1063, .F. ) ;
#161 = PRODUCT_DEFINITION ( 'æœ', '', #1004, #3070 ) ;
#162 = CIRCLE ( 'NONE', #1563, 0.8000000000004513501 ) ;
#163 = CARTESIAN_POINT ( 'NONE',  ( 20.20583060305464329, -57.49184220435173387, 30.56126983722215229 ) ) ;
#164 = EDGE_LOOP ( 'NONE', ( #371, #957 ) ) ;
#165 = CARTESIAN_POINT ( 'NONE',  ( 46.68866279190552859, -32.93937835615508902, 26.84999999999999787 ) ) ;
#166 = ORIENTED_EDGE ( 'NONE', *, *, #832, .F. ) ;
#167 = DIRECTION ( 'NONE',  ( 1.000000000000000000, 0.000000000000000000, 0.000000000000000000 ) ) ;
#168 = EDGE_CURVE ( 'NONE', #1311, #499, #1864, .T. ) ;
#169 = AXIS2_PLACEMENT_3D ( 'NONE', #768, #2155, #1339 ) ;
#170 = DIRECTION ( 'NONE',  ( -0.000000000000000000, -0.000000000000000000, 1.000000000000000000 ) ) ;
#171 = DIRECTION ( 'NONE',  ( -1.000000000000000000, 0.000000000000000000, 0.000000000000000000 ) ) ;
#172 = EDGE_LOOP ( 'NONE', ( #1304, #1928, #94, #3023 ) ) ;
#173 = CARTESIAN_POINT ( 'NONE',  ( 13.87876021520790992, -48.84928093285210338, 28.44999999999999929 ) ) ;
#174 = ORIENTED_EDGE ( 'NONE', *, *, #503, .F. ) ;
#175 = ORIENTED_EDGE ( 'NONE', *, *, #2227, .F. ) ;
#176 = AXIS2_PLACEMENT_3D ( 'NONE', #2414, #1115, #2221 ) ;
#177 = CARTESIAN_POINT ( 'NONE',  ( 47.34856536860303322, -17.02947577945797164, 28.44999999999999929 ) ) ;
#178 = EDGE_LOOP ( 'NONE', ( #47, #2476, #3447, #2822 ) ) ;
#179 = CARTESIAN_POINT ( 'NONE',  ( 15.52876021520791383, -48.84928093285210338, 28.44999999999999929 ) ) ;
#180 = EDGE_CURVE ( 'NONE', #2788, #1623, #2152, .T. ) ;
#181 = EDGE_CURVE ( 'NONE', #3040, #1411, #2827, .T. ) ;
#182 = CARTESIAN_POINT ( 'NONE',  ( 14.43866279190552504, -32.93937835615508902, 25.00000000000000000 ) ) ;
#183 = LINE ( 'NONE', #1757, #714 ) ;
#184 = DIRECTION ( 'NONE',  ( 1.000000000000000000, 0.000000000000000000, 0.000000000000000000 ) ) ;
#185 = EDGE_LOOP ( 'NONE', ( #1709, #2419 ) ) ;
#186 = FACE_OUTER_BOUND ( 'NONE', #1512, .T. ) ;
#187 = PLANE ( 'NONE',  #662 ) ;
#188 = ADVANCED_FACE ( 'NONE', ( #904 ), #2504, .F. ) ;
#189 = ORIENTED_EDGE ( 'NONE', *, *, #2859, .F. ) ;
#190 = FACE_OUTER_BOUND ( 'NONE', #405, .T. ) ;
#191 = VERTEX_POINT ( 'NONE', #1986 ) ;
#192 = CARTESIAN_POINT ( 'NONE',  ( 33.18697668401232193, -59.81885186861801884, 9.449999999999999289 ) ) ;
#193 = COLOUR_RGB ( '',0.7921568627450980005, 0.8196078431372548767, 0.9333333333333333481 ) ;
#194 = DIRECTION ( 'NONE',  ( 0.000000000000000000, 0.000000000000000000, 1.000000000000000000 ) ) ;
#195 = DIRECTION ( 'NONE',  ( 0.000000000000000000, 0.000000000000000000, -1.000000000000000000 ) ) ;
#196 = CARTESIAN_POINT ( 'NONE',  ( 53.44281274799736536, -17.29273703254245476, 3.450000000000000178 ) ) ;
#197 = CARTESIAN_POINT ( 'NONE',  ( 55.99112664010311846, -44.17221054500589617, 30.56126983722215229 ) ) ;
#198 = EDGE_LOOP ( 'NONE', ( #353, #66, #1032, #1732 ) ) ;
#199 = AXIS2_PLACEMENT_3D ( 'NONE', #1168, #1655, #313 ) ;
#200 = DIRECTION ( 'NONE',  ( -0.000000000000000000, -0.000000000000000000, 1.000000000000000000 ) ) ;
#201 = CARTESIAN_POINT ( 'NONE',  ( 4.559189279442514398, -35.48769224826034474, 30.56126983722215229 ) ) ;
#202 = VECTOR ( 'NONE', #1678, 1000.000000000000000 ) ;
#203 = EDGE_CURVE ( 'NONE', #3265, #146, #636, .T. ) ;
#204 = ORIENTED_EDGE ( 'NONE', *, *, #2060, .T. ) ;
#205 = EDGE_CURVE ( 'NONE', #2513, #2308, #2314, .T. ) ;
#206 = CIRCLE ( 'NONE', #1226, 0.8000000000004738876 ) ;
#207 = DIRECTION ( 'NONE',  ( -0.000000000000000000, -0.000000000000000000, -1.000000000000000000 ) ) ;
#208 = CIRCLE ( 'NONE', #2076, 9.009999999999999787 ) ;
#209 = ORIENTED_EDGE ( 'NONE', *, *, #497, .T. ) ;
#210 = FACE_BOUND ( 'NONE', #357, .T. ) ;
#211 = VERTEX_POINT ( 'NONE', #841 ) ;
#212 = FACE_BOUND ( 'NONE', #112, .T. ) ;
#213 = VECTOR ( 'NONE', #1687, 1000.000000000000000 ) ;
#214 = CARTESIAN_POINT ( 'NONE',  ( 47.84339075359365978, -12.13079032706759719, 27.44999999999999929 ) ) ;
#215 = ADVANCED_FACE ( 'NONE', ( #1399 ), #113, .T. ) ;
#216 = CARTESIAN_POINT ( 'NONE',  ( 42.67149498075728786, -8.386914507957403231, 9.449999999999999289 ) ) ;
#217 = FACE_BOUND ( 'NONE', #3276, .T. ) ;
#218 = VERTEX_POINT ( 'NONE', #2006 ) ;
#219 = ADVANCED_FACE ( 'NONE', ( #886 ), #3301, .F. ) ;
#220 = VECTOR ( 'NONE', #868, 1000.000000000000000 ) ;
#221 = CARTESIAN_POINT ( 'NONE',  ( 20.20583060305464329, -57.49184220435173387, 3.450000000000000178 ) ) ;
#222 = FACE_BOUND ( 'NONE', #1497, .T. ) ;
#223 = FACE_BOUND ( 'NONE', #1782, .T. ) ;
#224 = ORIENTED_EDGE ( 'NONE', *, *, #565, .F. ) ;
#225 = DIRECTION ( 'NONE',  ( 0.000000000000000000, 0.000000000000000000, 1.000000000000000000 ) ) ;
#226 = VERTEX_POINT ( 'NONE', #3322 ) ;
#227 = DIRECTION ( 'NONE',  ( 0.000000000000000000, 0.000000000000000000, -1.000000000000000000 ) ) ;
#228 = FACE_BOUND ( 'NONE', #143, .T. ) ;
#229 = VECTOR ( 'NONE', #3305, 1000.000000000000000 ) ;
#230 = EDGE_CURVE ( 'NONE', #1162, #1998, #3213, .T. ) ;
#231 = DIRECTION ( 'NONE',  ( 0.000000000000000000, 0.000000000000000000, -1.000000000000000000 ) ) ;
#232 = AXIS2_PLACEMENT_3D ( 'NONE', #1257, #2071, #1752 ) ;
#233 = EDGE_CURVE ( 'NONE', #1202, #1730, #1681, .T. ) ;
#234 = CIRCLE ( 'NONE', #3073, 12.47999999999999865 ) ;
#235 = DIRECTION ( 'NONE',  ( -0.000000000000000000, -0.000000000000000000, -1.000000000000000000 ) ) ;
#236 = DIRECTION ( 'NONE',  ( 1.000000000000000000, 0.000000000000000000, -0.000000000000000000 ) ) ;
#237 = EDGE_LOOP ( 'NONE', ( #3505, #2535 ) ) ;
#238 = DIRECTION ( 'NONE',  ( -0.000000000000000000, -0.000000000000000000, 1.000000000000000000 ) ) ;
#239 = FACE_BOUND ( 'NONE', #699, .T. ) ;
#240 = DIRECTION ( 'NONE',  ( -1.000000000000000000, 0.000000000000000000, -0.000000000000000000 ) ) ;
#241 = CIRCLE ( 'NONE', #415, 0.7999999999996689759 ) ;
#242 = ORIENTED_EDGE ( 'NONE', *, *, #2097, .F. ) ;
#243 = CARTESIAN_POINT ( 'NONE',  ( 9.434512835814569343, -48.58601967976667879, 30.56126983722215229 ) ) ;
#244 = ORIENTED_EDGE ( 'NONE', *, *, #982, .T. ) ;
#245 = CARTESIAN_POINT ( 'NONE',  ( 13.43393483021796087, -53.74796638524222203, 21.44999999999999574 ) ) ;
#246 = EDGE_CURVE ( 'NONE', #1526, #2605, #162, .T. ) ;
#247 = DIRECTION ( 'NONE',  ( -0.000000000000000000, -0.000000000000000000, -1.000000000000000000 ) ) ;
#248 = VECTOR ( 'NONE', #1822, 1000.000000000000000 ) ;
#249 = ADVANCED_FACE ( 'NONE', ( #341 ), #1154, .F. ) ;
#250 = DIRECTION ( 'NONE',  ( -1.000000000000000000, 0.000000000000000000, 0.000000000000000000 ) ) ;
#251 = CIRCLE ( 'NONE', #1157, 12.47999999999999865 ) ;
#252 = CARTESIAN_POINT ( 'NONE',  ( 19.40583060305497298, -57.49184220435173387, 9.449999999999999289 ) ) ;
#253 = ADVANCED_FACE ( 'NONE', ( #674 ), #3408, .F. ) ;
#254 = CARTESIAN_POINT ( 'NONE',  ( 47.34856536860258558, -48.84928093285265049, 28.44999999999999929 ) ) ;
#255 = AXIS2_PLACEMENT_3D ( 'NONE', #2213, #1921, #901 ) ;
#256 = SURFACE_STYLE_FILL_AREA ( #504 ) ;
#257 = DIRECTION ( 'NONE',  ( -0.000000000000000000, -0.000000000000000000, -1.000000000000000000 ) ) ;
#258 = ORIENTED_EDGE ( 'NONE', *, *, #2990, .F. ) ;
#259 = CARTESIAN_POINT ( 'NONE',  ( 31.43866279190552504, -32.93937835615508902, 27.44999999999999929 ) ) ;
#260 = DIRECTION ( 'NONE',  ( -1.000000000000000000, 0.000000000000000000, 0.000000000000000000 ) ) ;
#261 = ORIENTED_EDGE ( 'NONE', *, *, #1173, .F. ) ;
#262 = DIRECTION ( 'NONE',  ( 1.000000000000000000, 0.000000000000000000, 0.000000000000000000 ) ) ;
#263 = ORIENTED_EDGE ( 'NONE', *, *, #1433, .T. ) ;
#264 = DIRECTION ( 'NONE',  ( 0.000000000000000000, 0.000000000000000000, -1.000000000000000000 ) ) ;
#265 = CIRCLE ( 'NONE', #3192, 1.649999999999998579 ) ;
#266 = CIRCLE ( 'NONE', #2252, 1.024999999999998135 ) ;
#267 = CYLINDRICAL_SURFACE ( 'NONE', #3354, 0.7999999999999960476 ) ;
#268 = DIRECTION ( 'NONE',  ( -1.000000000000000000, 0.000000000000000000, 0.000000000000000000 ) ) ;
#269 = EDGE_CURVE ( 'NONE', #649, #1467, #494, .T. ) ;
#270 = DIRECTION ( 'NONE',  ( -1.000000000000000000, 0.000000000000000000, 0.000000000000000000 ) ) ;
#271 = PRESENTATION_STYLE_ASSIGNMENT (( #809 ) ) ;
#272 = CARTESIAN_POINT ( 'NONE',  ( 4.815532960987606081, -28.44394089067633047, 21.44999999999999574 ) ) ;
#273 = CARTESIAN_POINT ( 'NONE',  ( 14.99202146829336968, -10.93522840006318297, 9.449999999999999289 ) ) ;
#274 = ORIENTED_EDGE ( 'NONE', *, *, #1365, .F. ) ;
#275 = AXIS2_PLACEMENT_3D ( 'NONE', #360, #2525, #2460 ) ;
#276 = CARTESIAN_POINT ( 'NONE',  ( 56.79112664010252587, -44.17221054500589617, 30.56126983722215229 ) ) ;
#277 = VERTEX_POINT ( 'NONE', #1802 ) ;
#278 = DIRECTION ( 'NONE',  ( 0.000000000000000000, 0.000000000000000000, -1.000000000000000000 ) ) ;
#279 = ORIENTED_EDGE ( 'NONE', *, *, #979, .F. ) ;
#280 = FACE_BOUND ( 'NONE', #3113, .T. ) ;
#281 = DIRECTION ( 'NONE',  ( 0.000000000000000000, 0.000000000000000000, -1.000000000000000000 ) ) ;
#282 = EDGE_CURVE ( 'NONE', #2055, #1179, #2475, .T. ) ;
#283 = AXIS2_PLACEMENT_3D ( 'NONE', #2468, #2447, #614 ) ;
#284 = DIRECTION ( 'NONE',  ( 0.000000000000000000, 0.000000000000000000, -1.000000000000000000 ) ) ;
#285 = VECTOR ( 'NONE', #1971, 1000.000000000000000 ) ;
#286 = CARTESIAN_POINT ( 'NONE',  ( 42.57866279190552206, -32.93937835615508902, 26.84999999999999787 ) ) ;
#287 = FACE_OUTER_BOUND ( 'NONE', #2495, .T. ) ;
#288 = FACE_OUTER_BOUND ( 'NONE', #2974, .T. ) ;
#289 = CARTESIAN_POINT ( 'NONE',  ( 15.52876021520834726, -17.02947577945764124, 28.44999999999999929 ) ) ;
#290 = ORIENTED_EDGE ( 'NONE', *, *, #1475, .F. ) ;
#291 = EDGE_CURVE ( 'NONE', #1623, #992, #462, .T. ) ;
#292 = CYLINDRICAL_SURFACE ( 'NONE', #1084, 1.009999999999997122 ) ;
#293 = ORIENTED_EDGE ( 'NONE', *, *, #2486, .T. ) ;
#294 = CARTESIAN_POINT ( 'NONE',  ( 14.50376021520834691, -17.02947577945764124, 16.44999999999999929 ) ) ;
#295 = ORIENTED_EDGE ( 'NONE', *, *, #2836, .T. ) ;
#296 = CARTESIAN_POINT ( 'NONE',  ( 42.67149498075728786, -8.386914507957403231, 3.450000000000000178 ) ) ;
#297 = DIRECTION ( 'NONE',  ( 1.000000000000000000, 0.000000000000000000, 0.000000000000000000 ) ) ;
#298 = ORIENTED_EDGE ( 'NONE', *, *, #1063, .T. ) ;
#299 = CYLINDRICAL_SURFACE ( 'NONE', #1990, 0.8000000000000090372 ) ;
#300 = DIRECTION ( 'NONE',  ( 1.000000000000000000, 0.000000000000000000, 0.000000000000000000 ) ) ;
#301 = CIRCLE ( 'NONE', #3246, 1.024999999999994582 ) ;
#302 = ORIENTED_EDGE ( 'NONE', *, *, #168, .T. ) ;
#303 = FACE_OUTER_BOUND ( 'NONE', #1352, .T. ) ;
#304 = DIRECTION ( 'NONE',  ( -0.000000000000000000, -0.000000000000000000, 1.000000000000000000 ) ) ;
#305 = CARTESIAN_POINT ( 'NONE',  ( 31.43866279190552504, -32.93937835615508192, 27.44999999999999929 ) ) ;
#306 = DIRECTION ( 'NONE',  ( 1.000000000000000000, 0.000000000000000000, -0.000000000000000000 ) ) ;
#307 = ORIENTED_EDGE ( 'NONE', *, *, #1861, .F. ) ;
#308 = DIRECTION ( 'NONE',  ( 0.9762960071199331402, 0.2164396139381036810, 0.000000000000000000 ) ) ;
#309 = VERTEX_POINT ( 'NONE', #1772 ) ;
#310 = DIRECTION ( 'NONE',  ( 1.000000000000000000, 0.000000000000000000, -0.000000000000000000 ) ) ;
#311 = EDGE_CURVE ( 'NONE', #499, #2109, #2056, .T. ) ;
#312 = ORIENTED_EDGE ( 'NONE', *, *, #1544, .F. ) ;
#313 = DIRECTION ( 'NONE',  ( -1.000000000000000000, 0.000000000000000000, 0.000000000000000000 ) ) ;
#314 = DIRECTION ( 'NONE',  ( 0.000000000000000000, 0.000000000000000000, 1.000000000000000000 ) ) ;
#315 = ORIENTED_EDGE ( 'NONE', *, *, #2863, .T. ) ;
#316 = DIRECTION ( 'NONE',  ( -1.000000000000000000, 0.000000000000000000, 0.000000000000000000 ) ) ;
#317 = VECTOR ( 'NONE', #122, 1000.000000000000000 ) ;
#318 = DIRECTION ( 'NONE',  ( -0.000000000000000000, -0.000000000000000000, 1.000000000000000000 ) ) ;
#319 = VECTOR ( 'NONE', #2634, 1000.000000000000000 ) ;
#320 = AXIS2_PLACEMENT_3D ( 'NONE', #3328, #1992, #1722 ) ;
#321 = ADVANCED_FACE ( 'NONE', ( #3175 ), #2621, .T. ) ;
#322 = CIRCLE ( 'NONE', #769, 0.8000000000000020428 ) ;
#323 = ORIENTED_EDGE ( 'NONE', *, *, #3318, .T. ) ;
#324 = DIRECTION ( 'NONE',  ( 0.000000000000000000, 0.000000000000000000, -1.000000000000000000 ) ) ;
#325 = CARTESIAN_POINT ( 'NONE',  ( 39.68866279190552859, -32.93937835615508902, 16.15000000000000213 ) ) ;
#326 = AXIS2_PLACEMENT_3D ( 'NONE', #1474, #985, #1489 ) ;
#327 = CARTESIAN_POINT ( 'NONE',  ( 5.359189279442786003, -35.48769224826034474, 3.450000000000000178 ) ) ;
#328 = EDGE_LOOP ( 'NONE', ( #2673, #3086 ) ) ;
#329 = DIRECTION ( 'NONE',  ( 1.000000000000000000, 0.000000000000000000, 0.000000000000000000 ) ) ;
#330 = DIRECTION ( 'NONE',  ( -0.000000000000000000, -0.000000000000000000, -1.000000000000000000 ) ) ;
#331 = VERTEX_POINT ( 'NONE', #192 ) ;
#332 = DIRECTION ( 'NONE',  ( -0.000000000000000000, -0.000000000000000000, -1.000000000000000000 ) ) ;
#333 = VERTEX_POINT ( 'NONE', #3146 ) ;
#334 = DIRECTION ( 'NONE',  ( 1.000000000000000000, 0.000000000000000000, 0.000000000000000000 ) ) ;
#335 = CIRCLE ( 'NONE', #620, 0.7999999999999951594 ) ;
#336 = CIRCLE ( 'NONE', #621, 0.7999999999999986011 ) ;
#337 = VERTEX_POINT ( 'NONE', #147 ) ;
#338 = DIRECTION ( 'NONE',  ( 0.000000000000000000, 0.000000000000000000, 1.000000000000000000 ) ) ;
#339 = DIRECTION ( 'NONE',  ( -1.000000000000000000, 0.000000000000000000, -0.000000000000000000 ) ) ;
#340 = VERTEX_POINT ( 'NONE', #736 ) ;
#341 = FACE_OUTER_BOUND ( 'NONE', #1231, .T. ) ;
#342 = FACE_OUTER_BOUND ( 'NONE', #2800, .T. ) ;
#343 = EDGE_CURVE ( 'NONE', #949, #3013, #1845, .T. ) ;
#344 = ADVANCED_FACE ( 'NONE', ( #2086 ), #1221, .F. ) ;
#345 = VERTEX_POINT ( 'NONE', #428 ) ;
#346 = DIRECTION ( 'NONE',  ( -1.000000000000000000, 0.000000000000000000, 0.000000000000000000 ) ) ;
#347 = DIRECTION ( 'NONE',  ( 0.000000000000000000, 0.000000000000000000, 1.000000000000000000 ) ) ;
#348 = LINE ( 'NONE', #2735, #1175 ) ;
#349 = ORIENTED_EDGE ( 'NONE', *, *, #1160, .F. ) ;
#350 = DIRECTION ( 'NONE',  ( -0.000000000000000000, -0.000000000000000000, 1.000000000000000000 ) ) ;
#351 = DIRECTION ( 'NONE',  ( 0.000000000000000000, 0.000000000000000000, 1.000000000000000000 ) ) ;
#352 = ORIENTED_EDGE ( 'NONE', *, *, #2947, .T. ) ;
#353 = ORIENTED_EDGE ( 'NONE', *, *, #1470, .F. ) ;
#354 = ORIENTED_EDGE ( 'NONE', *, *, #3496, .T. ) ;
#355 = DIRECTION ( 'NONE',  ( 0.000000000000000000, 0.000000000000000000, 1.000000000000000000 ) ) ;
#356 = CYLINDRICAL_SURFACE ( 'NONE', #747, 0.8000000000000020428 ) ;
#357 = EDGE_LOOP ( 'NONE', ( #3331, #2335 ) ) ;
#358 = DIRECTION ( 'NONE',  ( 0.000000000000000000, 0.000000000000000000, 1.000000000000000000 ) ) ;
#359 = CIRCLE ( 'NONE', #2510, 0.7999999999999986011 ) ;
#360 = CARTESIAN_POINT ( 'NONE',  ( 33.98697668401173644, -59.81885186861801884, 30.56126983722215229 ) ) ;
#361 = EDGE_CURVE ( 'NONE', #340, #1824, #2045, .T. ) ;
#362 = CARTESIAN_POINT ( 'NONE',  ( 16.78829404481963650, -31.22788907064697028, 25.00000000000000000 ) ) ;
#363 = LINE ( 'NONE', #1686, #3329 ) ;
#364 = AXIS2_PLACEMENT_3D ( 'NONE', #657, #2825, #672 ) ;
#365 = ADVANCED_FACE ( 'NONE', ( #448, #969, #1818, #2908, #2558, #2877 ), #1520, .F. ) ;
#366 = FACE_OUTER_BOUND ( 'NONE', #1576, .T. ) ;
#367 = ORIENTED_EDGE ( 'NONE', *, *, #754, .T. ) ;
#368 = CARTESIAN_POINT ( 'NONE',  ( 16.37710156282435037, -29.60031062059794138, 27.44999999999999929 ) ) ;
#369 = AXIS2_PLACEMENT_3D ( 'NONE', #1599, #1321, #1389 ) ;
#370 = FACE_OUTER_BOUND ( 'NONE', #2618, .T. ) ;
#371 = ORIENTED_EDGE ( 'NONE', *, *, #3139, .T. ) ;
#372 = EDGE_LOOP ( 'NONE', ( #1166, #2658, #1051, #2785 ) ) ;
#373 = EDGE_CURVE ( 'NONE', #1278, #1665, #64, .T. ) ;
#374 = ORIENTED_EDGE ( 'NONE', *, *, #311, .F. ) ;
#375 = LINE ( 'NONE', #641, #1781 ) ;
#376 = CIRCLE ( 'NONE', #594, 25.50000000000000355 ) ;
#377 = CARTESIAN_POINT ( 'NONE',  ( 18.95866279190552817, -32.93937835615508902, 12.00000000000000178 ) ) ;
#378 = EDGE_CURVE ( 'NONE', #3008, #3431, #684, .T. ) ;
#379 = VERTEX_POINT ( 'NONE', #3114 ) ;
#380 = DIRECTION ( 'NONE',  ( -0.000000000000000000, -0.000000000000000000, -1.000000000000000000 ) ) ;
#381 = PRODUCT_CONTEXT ( 'NONE', #2473, 'mechanical' ) ;
#382 = CIRCLE ( 'NONE', #2753, 17.00000000000000000 ) ;
#383 = DIRECTION ( 'NONE',  ( 0.000000000000000000, 0.000000000000000000, 1.000000000000000000 ) ) ;
#384 = EDGE_CURVE ( 'NONE', #3063, #727, #690, .T. ) ;
#385 = AXIS2_PLACEMENT_3D ( 'NONE', #781, #522, #1381 ) ;
#386 = CARTESIAN_POINT ( 'NONE',  ( 9.434512835814569343, -48.58601967976667879, 9.449999999999999289 ) ) ;
#387 = EDGE_LOOP ( 'NONE', ( #1771, #2607 ) ) ;
#388 = CARTESIAN_POINT ( 'NONE',  ( 17.11295346572679321, -29.76344505996706502, 27.44999999999999929 ) ) ;
#389 = DIRECTION ( 'NONE',  ( -0.000000000000000000, -0.000000000000000000, -1.000000000000000000 ) ) ;
#390 = ORIENTED_EDGE ( 'NONE', *, *, #3108, .F. ) ;
#391 = VECTOR ( 'NONE', #632, 1000.000000000000000 ) ;
#392 = VERTEX_POINT ( 'NONE', #2589 ) ;
#393 = EDGE_LOOP ( 'NONE', ( #975, #2671, #1241, #1318 ) ) ;
#394 = LINE ( 'NONE', #1750, #2343 ) ;
#395 = EDGE_LOOP ( 'NONE', ( #767, #603, #933, #1884, #718, #654, #608, #2068, #148, #244, #2005, #3104 ) ) ;
#396 = DIRECTION ( 'NONE',  ( 0.000000000000000000, 0.000000000000000000, 1.000000000000000000 ) ) ;
#397 = CARTESIAN_POINT ( 'NONE',  ( 46.68866279190552859, -32.93937835615508902, 27.44999999999999929 ) ) ;
#398 = EDGE_CURVE ( 'NONE', #1747, #1392, #1477, .T. ) ;
#399 = DIRECTION ( 'NONE',  ( 0.000000000000000000, 0.000000000000000000, 1.000000000000000000 ) ) ;
#400 = DIRECTION ( 'NONE',  ( -0.000000000000000000, -0.000000000000000000, -1.000000000000000000 ) ) ;
#401 = ORIENTED_EDGE ( 'NONE', *, *, #1329, .T. ) ;
#402 = FACE_OUTER_BOUND ( 'NONE', #878, .T. ) ;
#403 = VECTOR ( 'NONE', #2967, 1000.000000000000000 ) ;
#404 = CARTESIAN_POINT ( 'NONE',  ( 31.43866279190552504, -32.93937835615508902, 57.29877051683244815 ) ) ;
#405 = EDGE_LOOP ( 'NONE', ( #3172, #3174, #2013, #859 ) ) ;
#406 = AXIS2_PLACEMENT_3D ( 'NONE', #2734, #1592, #2752 ) ;
#407 = CIRCLE ( 'NONE', #1581, 1.500000000000001332 ) ;
#408 = ORIENTED_EDGE ( 'NONE', *, *, #2027, .F. ) ;
#409 = ORIENTED_EDGE ( 'NONE', *, *, #73, .F. ) ;
#410 = AXIS2_PLACEMENT_3D ( 'NONE', #2449, #351, #2739 ) ;
#411 = DIRECTION ( 'NONE',  ( -0.000000000000000000, -0.000000000000000000, -1.000000000000000000 ) ) ;
#412 = ORIENTED_EDGE ( 'NONE', *, *, #1484, .T. ) ;
#413 = DIRECTION ( 'NONE',  ( -1.000000000000000000, 0.000000000000000000, 0.000000000000000000 ) ) ;
#414 = ORIENTED_EDGE ( 'NONE', *, *, #2909, .F. ) ;
#415 = AXIS2_PLACEMENT_3D ( 'NONE', #221, #776, #2651 ) ;
#416 = CARTESIAN_POINT ( 'NONE',  ( 16.59202146829431967, -10.93522840006318297, 30.56126983722215229 ) ) ;
#417 = CARTESIAN_POINT ( 'NONE',  ( 50.79866279190552802, -32.93937835615508902, 27.44999999999999929 ) ) ;
#418 = ORIENTED_EDGE ( 'NONE', *, *, #2305, .T. ) ;
#419 = EDGE_CURVE ( 'NONE', #11, #3040, #407, .T. ) ;
#420 = CYLINDRICAL_SURFACE ( 'NONE', #1762, 12.47999999999999865 ) ;
#421 = AXIS2_PLACEMENT_3D ( 'NONE', #1169, #1219, #2571 ) ;
#422 = AXIS2_PLACEMENT_3D ( 'NONE', #1187, #2388, #2637 ) ;
#423 = ORIENTED_EDGE ( 'NONE', *, *, #2511, .F. ) ;
#424 = ORIENTED_EDGE ( 'NONE', *, *, #1200, .F. ) ;
#425 = EDGE_CURVE ( 'NONE', #1165, #1062, #2499, .T. ) ;
#426 = FACE_OUTER_BOUND ( 'NONE', #954, .T. ) ;
#427 = ORIENTED_EDGE ( 'NONE', *, *, #3417, .T. ) ;
#428 = CARTESIAN_POINT ( 'NONE',  ( 46.32356536860258700, -48.84928093285243023, 28.44999999999999929 ) ) ;
#429 = ORIENTED_EDGE ( 'NONE', *, *, #73, .T. ) ;
#430 = CARTESIAN_POINT ( 'NONE',  ( 39.84706466113730983, -58.24340385072038373, 3.450000000000000178 ) ) ;
#431 = DIRECTION ( 'NONE',  ( 0.9762960071199329182, -0.2164396139381047357, -0.000000000000000000 ) ) ;
#432 = AXIS2_PLACEMENT_3D ( 'NONE', #2992, #1698, #2807 ) ;
#433 = DIRECTION ( 'NONE',  ( 0.000000000000000000, 0.000000000000000000, -1.000000000000000000 ) ) ;
#434 = CARTESIAN_POINT ( 'NONE',  ( 55.99112664010311846, -44.17221054500589617, 9.449999999999999289 ) ) ;
#435 = EDGE_CURVE ( 'NONE', #2605, #1526, #1302, .T. ) ;
#436 = ORIENTED_EDGE ( 'NONE', *, *, #2322, .T. ) ;
#437 = AXIS2_PLACEMENT_3D ( 'NONE', #711, #1794, #2362 ) ;
#438 = DIRECTION ( 'NONE',  ( 1.000000000000000000, 0.000000000000000000, -0.000000000000000000 ) ) ;
#439 = CIRCLE ( 'NONE', #3210, 29.00000000000000355 ) ;
#440 = EDGE_CURVE ( 'NONE', #1390, #689, #1758, .T. ) ;
#441 = ADVANCED_FACE ( 'NONE', ( #1831 ), #1883, .F. ) ;
#442 = ORIENTED_EDGE ( 'NONE', *, *, #1055, .F. ) ;
#443 = AXIS2_PLACEMENT_3D ( 'NONE', #3286, #3044, #3062 ) ;
#444 = VECTOR ( 'NONE', #1710, 1000.000000000000000 ) ;
#445 = ORIENTED_EDGE ( 'NONE', *, *, #2873, .F. ) ;
#446 = DIRECTION ( 'NONE',  ( 0.000000000000000000, 0.000000000000000000, 1.000000000000000000 ) ) ;
#447 = ORIENTED_EDGE ( 'NONE', *, *, #697, .T. ) ;
#448 = FACE_OUTER_BOUND ( 'NONE', #2551, .T. ) ;
#449 = CARTESIAN_POINT ( 'NONE',  ( 15.52876021520791383, -48.84928093285210338, 28.44999999999999929 ) ) ;
#450 = DIRECTION ( 'NONE',  ( 1.000000000000000000, 0.000000000000000000, 0.000000000000000000 ) ) ;
#451 = AXIS2_PLACEMENT_3D ( 'NONE', #16, #284, #78 ) ;
#452 = CARTESIAN_POINT ( 'NONE',  ( 15.52876021520791383, -48.84928093285210338, 28.44999999999999929 ) ) ;
#453 = EDGE_CURVE ( 'NONE', #2803, #1182, #3474, .T. ) ;
#454 = DIRECTION ( 'NONE',  ( 0.000000000000000000, 0.000000000000000000, 1.000000000000000000 ) ) ;
#455 = ORIENTED_EDGE ( 'NONE', *, *, #1683, .F. ) ;
#456 = FACE_BOUND ( 'NONE', #1736, .T. ) ;
#457 = CYLINDRICAL_SURFACE ( 'NONE', #2184, 0.8000000000000020428 ) ;
#458 = ORIENTED_EDGE ( 'NONE', *, *, #993, .T. ) ;
#459 = VECTOR ( 'NONE', #707, 1000.000000000000000 ) ;
#460 = CARTESIAN_POINT ( 'NONE',  ( 15.52876021520834726, -17.02947577945764124, 16.44999999999999929 ) ) ;
#461 = ORIENTED_EDGE ( 'NONE', *, *, #1475, .T. ) ;
#462 = LINE ( 'NONE', #1270, #2131 ) ;
#463 = VECTOR ( 'NONE', #930, 1000.000000000000000 ) ;
#464 = CARTESIAN_POINT ( 'NONE',  ( 47.34856536860258558, -48.84928093285265049, 27.44999999999999929 ) ) ;
#465 = CARTESIAN_POINT ( 'NONE',  ( 31.43866279190552504, -32.93937835615508902, 22.00000000000000355 ) ) ;
#466 = CARTESIAN_POINT ( 'NONE',  ( 18.27816205299786745, -31.40193882849525409, 21.00000000000000000 ) ) ;
#467 = FACE_OUTER_BOUND ( 'NONE', #372, .T. ) ;
#468 = EDGE_LOOP ( 'NONE', ( #885, #704 ) ) ;
#469 = LINE ( 'NONE', #3416, #1149 ) ;
#470 = ADVANCED_FACE ( 'NONE', ( #210, #2659 ), #2118, .T. ) ;
#471 = CARTESIAN_POINT ( 'NONE',  ( 40.44866279190552660, -32.93937835615508902, 41.63412839396316656 ) ) ;
#472 = ORIENTED_EDGE ( 'NONE', *, *, #203, .T. ) ;
#473 = DIRECTION ( 'NONE',  ( 0.000000000000000000, 0.000000000000000000, -1.000000000000000000 ) ) ;
#474 = VERTEX_POINT ( 'NONE', #10 ) ;
#475 = DIRECTION ( 'NONE',  ( 0.000000000000000000, 0.000000000000000000, 1.000000000000000000 ) ) ;
#476 = EDGE_CURVE ( 'NONE', #106, #1486, #2214, .T. ) ;
#477 = CARTESIAN_POINT ( 'NONE',  ( 18.50274069756640927, -35.80720324083495854, 25.00000000000000000 ) ) ;
#478 = DIRECTION ( 'NONE',  ( 0.000000000000000000, 0.000000000000000000, 1.000000000000000000 ) ) ;
#479 = DIRECTION ( 'NONE',  ( -0.000000000000000000, -0.000000000000000000, 1.000000000000000000 ) ) ;
#480 = DIRECTION ( 'NONE',  ( 1.000000000000000000, 0.000000000000000000, 0.000000000000000000 ) ) ;
#481 = VERTEX_POINT ( 'NONE', #3256 ) ;
#482 = DIRECTION ( 'NONE',  ( -0.000000000000000000, -0.000000000000000000, -1.000000000000000000 ) ) ;
#483 = ADVANCED_FACE ( 'NONE', ( #2170 ), #1601, .F. ) ;
#484 = DIRECTION ( 'NONE',  ( -1.000000000000000000, 0.000000000000000000, 0.000000000000000000 ) ) ;
#485 = CIRCLE ( 'NONE', #1790, 9.009999999999998010 ) ;
#486 = VERTEX_POINT ( 'NONE', #245 ) ;
#487 = AXIS2_PLACEMENT_3D ( 'NONE', #761, #1297, #1814 ) ;
#488 = CARTESIAN_POINT ( 'NONE',  ( 55.73268828647118056, -23.52097648692426546, 6.950000000000000178 ) ) ;
#489 = VECTOR ( 'NONE', #677, 1000.000000000000000 ) ;
#490 = ORIENTED_EDGE ( 'NONE', *, *, #503, .T. ) ;
#491 = DIRECTION ( 'NONE',  ( -1.000000000000000000, 0.000000000000000000, 0.000000000000000000 ) ) ;
#492 = ORIENTED_EDGE ( 'NONE', *, *, #3428, .T. ) ;
#493 = FACE_BOUND ( 'NONE', #1201, .T. ) ;
#494 = CIRCLE ( 'NONE', #2190, 9.009999999999999787 ) ;
#495 = CARTESIAN_POINT ( 'NONE',  ( 31.43866279190552504, -32.93937835615508902, 25.00000000000000000 ) ) ;
#496 = DIRECTION ( 'NONE',  ( 1.000000000000000000, 0.000000000000000000, 0.000000000000000000 ) ) ;
#497 = EDGE_CURVE ( 'NONE', #135, #1205, #2406, .T. ) ;
#498 = DIRECTION ( 'NONE',  ( -0.000000000000000000, -0.000000000000000000, -1.000000000000000000 ) ) ;
#499 = VERTEX_POINT ( 'NONE', #816 ) ;
#500 = CIRCLE ( 'NONE', #111, 4.110000000000002984 ) ;
#501 = VECTOR ( 'NONE', #577, 1000.000000000000000 ) ;
#502 = CARTESIAN_POINT ( 'NONE',  ( 47.34856536860282716, -48.84928093285243023, 25.00000000000000000 ) ) ;
#503 = EDGE_CURVE ( 'NONE', #1645, #2998, #336, .T. ) ;
#504 = FILL_AREA_STYLE ('',( #1843 ) ) ;
#505 = CARTESIAN_POINT ( 'NONE',  ( 45.69856536860303464, -17.02947577945797164, 27.44999999999999929 ) ) ;
#506 = EDGE_CURVE ( 'NONE', #1879, #932, #2938, .T. ) ;
#507 = EDGE_LOOP ( 'NONE', ( #3391, #1955, #315, #3127 ) ) ;
#508 = FACE_OUTER_BOUND ( 'NONE', #2870, .T. ) ;
#509 = EDGE_LOOP ( 'NONE', ( #423, #2185, #3027, #673 ) ) ;
#510 = DIRECTION ( 'NONE',  ( -0.000000000000000000, 0.000000000000000000, -1.000000000000000000 ) ) ;
#511 = DIRECTION ( 'NONE',  ( 1.000000000000000000, 0.000000000000000000, 0.000000000000000000 ) ) ;
#512 = EDGE_CURVE ( 'NONE', #2575, #3121, #1407, .T. ) ;
#513 = CYLINDRICAL_SURFACE ( 'NONE', #2900, 3.509999999999999343 ) ;
#514 = VECTOR ( 'NONE', #1504, 1000.000000000000000 ) ;
#515 = AXIS2_PLACEMENT_3D ( 'NONE', #635, #389, #3103 ) ;
#516 = FACE_OUTER_BOUND ( 'NONE', #1799, .T. ) ;
#517 = FACE_OUTER_BOUND ( 'NONE', #2293, .T. ) ;
#518 = EDGE_CURVE ( 'NONE', #998, #3125, #2708, .T. ) ;
#519 = CARTESIAN_POINT ( 'NONE',  ( 14.23393483021796158, -53.74796638524222203, 21.44999999999999574 ) ) ;
#520 = AXIS2_PLACEMENT_3D ( 'NONE', #502, #2096, #2381 ) ;
#521 = ORIENTED_EDGE ( 'NONE', *, *, #361, .T. ) ;
#522 = DIRECTION ( 'NONE',  ( 0.000000000000000000, 0.000000000000000000, -1.000000000000000000 ) ) ;
#523 = DIRECTION ( 'NONE',  ( -1.000000000000000000, 0.000000000000000000, 0.000000000000000000 ) ) ;
#524 = ORIENTED_EDGE ( 'NONE', *, *, #1625, .F. ) ;
#525 = CARTESIAN_POINT ( 'NONE',  ( 58.31813630436960949, -30.39106446404913342, 30.56126983722215229 ) ) ;
#526 = ORIENTED_EDGE ( 'NONE', *, *, #2368, .T. ) ;
#527 = DIRECTION ( 'NONE',  ( -0.000000000000000000, -0.000000000000000000, 1.000000000000000000 ) ) ;
#528 = AXIS2_PLACEMENT_3D ( 'NONE', #163, #1303, #3472 ) ;
#529 = ADVANCED_FACE ( 'NONE', ( #2972 ), #784, .F. ) ;
#530 = DIRECTION ( 'NONE',  ( 1.000000000000000000, 0.000000000000000000, 0.000000000000000000 ) ) ;
#531 = AXIS2_PLACEMENT_3D ( 'NONE', #8, #2741, #2135 ) ;
#532 = DIRECTION ( 'NONE',  ( 0.000000000000000000, 0.000000000000000000, -1.000000000000000000 ) ) ;
#533 = CARTESIAN_POINT ( 'NONE',  ( 56.74268828647117857, -23.52097648692426546, 3.450000000000000178 ) ) ;
#534 = AXIS2_PLACEMENT_3D ( 'NONE', #802, #1885, #3456 ) ;
#535 = CARTESIAN_POINT ( 'NONE',  ( 40.44866279190552660, -32.93937835615508902, 27.44999999999999929 ) ) ;
#536 = CARTESIAN_POINT ( 'NONE',  ( 47.88530411551741395, -54.94352831224597367, 9.449999999999999289 ) ) ;
#537 = CARTESIAN_POINT ( 'NONE',  ( 15.52876021520834726, -17.02947577945764124, 16.44999999999999929 ) ) ;
#538 = VERTEX_POINT ( 'NONE', #1867 ) ;
#539 = ADVANCED_FACE ( 'NONE', ( #1900 ), #1548, .F. ) ;
#540 = ADVANCED_FACE ( 'NONE', ( #2453 ), #2767, .F. ) ;
#541 = DIRECTION ( 'NONE',  ( 1.000000000000000000, 0.000000000000000000, 0.000000000000000000 ) ) ;
#542 = ORIENTED_EDGE ( 'NONE', *, *, #1643, .F. ) ;
#543 = CARTESIAN_POINT ( 'NONE',  ( 16.05244214191719720, -34.81400208103232785, 25.00000000000000000 ) ) ;
#544 = VERTEX_POINT ( 'NONE', #2192 ) ;
#545 = FACE_BOUND ( 'NONE', #2303, .T. ) ;
#546 = DIRECTION ( 'NONE',  ( 0.000000000000000000, 0.000000000000000000, 1.000000000000000000 ) ) ;
#547 = CARTESIAN_POINT ( 'NONE',  ( 16.05244214191719720, -34.81400208103232785, 38.25000000000000711 ) ) ;
#548 = DIRECTION ( 'NONE',  ( 0.000000000000000000, 0.000000000000000000, 1.000000000000000000 ) ) ;
#549 = EDGE_CURVE ( 'NONE', #1087, #1386, #597, .T. ) ;
#550 = DIRECTION ( 'NONE',  ( -0.000000000000000000, -0.000000000000000000, -1.000000000000000000 ) ) ;
#551 = FACE_OUTER_BOUND ( 'NONE', #2408, .T. ) ;
#552 = ORIENTED_EDGE ( 'NONE', *, *, #1499, .F. ) ;
#553 = CARTESIAN_POINT ( 'NONE',  ( 29.69034889979985437, -6.059904843690986809, 3.450000000000000178 ) ) ;
#554 = ORIENTED_EDGE ( 'NONE', *, *, #3015, .F. ) ;
#555 = DIRECTION ( 'NONE',  ( 0.000000000000000000, 0.000000000000000000, 1.000000000000000000 ) ) ;
#556 = ORIENTED_EDGE ( 'NONE', *, *, #1783, .T. ) ;
#557 = DIRECTION ( 'NONE',  ( -1.000000000000000000, 0.000000000000000000, 0.000000000000000000 ) ) ;
#558 = DIRECTION ( 'NONE',  ( 0.000000000000000000, 0.000000000000000000, -1.000000000000000000 ) ) ;
#559 = ORIENTED_EDGE ( 'NONE', *, *, #565, .T. ) ;
#560 = DIRECTION ( 'NONE',  ( -0.000000000000000000, -0.000000000000000000, -1.000000000000000000 ) ) ;
#561 = AXIS2_PLACEMENT_3D ( 'NONE', #1409, #2757, #1384 ) ;
#562 = CLOSED_SHELL ( 'NONE', ( #1848, #758, #1251, #3508, #1314, #137, #1692, #1808, #2522, #3478, #846, #1832, #619, #580, #86, #3124, #3501, #72, #2565, #2652, #3272, #1421, #2090, #3371, #2359, #125, #249, #950, #3412, #1858, #1289, #441, #2385, #2595, #3222, #2424, #3144, #2050, #3243, #1620, #3095, #693, #2689, #2364, #1604, #529, #1259, #740, #2542, #2763, #3442, #540, #2058, #344, #1896, #365, #2935, #1508, #3221, #2161, #2122, #1468, #706, #470, #19, #2315, #2612, #617, #3237, #253, #2616, #2622, #1387, #3308, #2808, #1186, #115, #2897, #1875, #1949, #2461, #2243, #1754, #1608, #914, #219, #2701, #3396, #2570, #539, #2253, #1439, #1091, #2271, #3052, #3249, #856, #696, #215, #2768, #598, #3098, #2683, #483, #1770, #899, #1295, #3205, #188, #1564, #1761, #2690, #1964, #2133, #2391, #1174, #1734, #2505, #321, #676, #2434, #2731, #1438 ) ) ;
#563 = FACE_OUTER_BOUND ( 'NONE', #3387, .T. ) ;
#564 = AXIS2_PLACEMENT_3D ( 'NONE', #1026, #2632, #759 ) ;
#565 = EDGE_CURVE ( 'NONE', #2055, #474, #1672, .T. ) ;
#566 = AXIS2_PLACEMENT_3D ( 'NONE', #2355, #1786, #1002 ) ;
#567 = AXIS2_PLACEMENT_3D ( 'NONE', #2802, #915, #961 ) ;
#568 = ORIENTED_EDGE ( 'NONE', *, *, #1134, .T. ) ;
#569 = CYLINDRICAL_SURFACE ( 'NONE', #1301, 9.009999999999999787 ) ;
#570 = EDGE_CURVE ( 'NONE', #126, #3255, #2485, .T. ) ;
#571 = CARTESIAN_POINT ( 'NONE',  ( 40.85706466113730784, -58.24340385072038373, 3.450000000000000178 ) ) ;
#572 = PLANE ( 'NONE',  #1050 ) ;
#573 = DIRECTION ( 'NONE',  ( -1.000000000000000000, 0.000000000000000000, 0.000000000000000000 ) ) ;
#574 = ORIENTED_EDGE ( 'NONE', *, *, #1587, .F. ) ;
#575 = DIRECTION ( 'NONE',  ( 0.000000000000000000, 0.000000000000000000, 1.000000000000000000 ) ) ;
#576 = ORIENTED_EDGE ( 'NONE', *, *, #2352, .T. ) ;
#577 = DIRECTION ( 'NONE',  ( -0.000000000000000000, -0.000000000000000000, 1.000000000000000000 ) ) ;
#578 = EDGE_LOOP ( 'NONE', ( #2432, #461, #323, #1483 ) ) ;
#579 = DIRECTION ( 'NONE',  ( 0.000000000000000000, 0.000000000000000000, 1.000000000000000000 ) ) ;
#580 = ADVANCED_FACE ( 'NONE', ( #1102 ), #1653, .F. ) ;
#581 = CARTESIAN_POINT ( 'NONE',  ( 46.68866279190552859, -32.93937835615508902, 26.84999999999999787 ) ) ;
#582 = ORIENTED_EDGE ( 'NONE', *, *, #1870, .F. ) ;
#583 = DIRECTION ( 'NONE',  ( -0.000000000000000000, -0.000000000000000000, 1.000000000000000000 ) ) ;
#584 = LINE ( 'NONE', #905, #2776 ) ;
#585 = AXIS2_PLACEMENT_3D ( 'NONE', #2069, #1800, #3422 ) ;
#586 = VERTEX_POINT ( 'NONE', #2743 ) ;
#587 = LINE ( 'NONE', #3266, #229 ) ;
#588 = CARTESIAN_POINT ( 'NONE',  ( 20.20583060305464329, -57.49184220435173387, 3.450000000000000178 ) ) ;
#589 = CARTESIAN_POINT ( 'NONE',  ( 8.634512835814575737, -48.58601967976667879, 9.449999999999999289 ) ) ;
#590 = ORIENTED_EDGE ( 'NONE', *, *, #989, .F. ) ;
#591 = CARTESIAN_POINT ( 'NONE',  ( 53.44281274799736536, -17.29273703254245476, 9.449999999999999289 ) ) ;
#592 = DIRECTION ( 'NONE',  ( -0.000000000000000000, -0.000000000000000000, -1.000000000000000000 ) ) ;
#593 = ORIENTED_EDGE ( 'NONE', *, *, #2633, .F. ) ;
#594 = AXIS2_PLACEMENT_3D ( 'NONE', #1586, #1942, #1129 ) ;
#595 = DIRECTION ( 'NONE',  ( -1.000000000000000000, 0.000000000000000000, 0.000000000000000000 ) ) ;
#596 = EDGE_LOOP ( 'NONE', ( #2363, #88 ) ) ;
#597 = LINE ( 'NONE', #294, #501 ) ;
#598 = ADVANCED_FACE ( 'NONE', ( #2989 ), #1635, .T. ) ;
#599 = ORIENTED_EDGE ( 'NONE', *, *, #440, .T. ) ;
#600 = FACE_OUTER_BOUND ( 'NONE', #2492, .T. ) ;
#601 = EDGE_CURVE ( 'NONE', #897, #1216, #3219, .T. ) ;
#602 = CARTESIAN_POINT ( 'NONE',  ( 18.28829404481963650, -31.22788907064697028, 27.44999999999999929 ) ) ;
#603 = ORIENTED_EDGE ( 'NONE', *, *, #3366, .T. ) ;
#604 = CARTESIAN_POINT ( 'NONE',  ( 14.23393483021796158, -53.74796638524222203, 21.44999999999999574 ) ) ;
#605 = AXIS2_PLACEMENT_3D ( 'NONE', #678, #1759, #2849 ) ;
#606 = CYLINDRICAL_SURFACE ( 'NONE', #3448, 1.500000000000001332 ) ;
#607 = AXIS2_PLACEMENT_3D ( 'NONE', #2801, #1273, #102 ) ;
#608 = ORIENTED_EDGE ( 'NONE', *, *, #2061, .F. ) ;
#609 = FACE_OUTER_BOUND ( 'NONE', #2782, .T. ) ;
#610 = FACE_OUTER_BOUND ( 'NONE', #2136, .T. ) ;
#611 = AXIS2_PLACEMENT_3D ( 'NONE', #3440, #2573, #2340 ) ;
#612 = CARTESIAN_POINT ( 'NONE',  ( 52.64281274799736110, -17.29273703254245476, 9.449999999999999289 ) ) ;
#613 = ORIENTED_EDGE ( 'NONE', *, *, #881, .F. ) ;
#614 = DIRECTION ( 'NONE',  ( -1.000000000000000000, 0.000000000000000000, 0.000000000000000000 ) ) ;
#615 = CYLINDRICAL_SURFACE ( 'NONE', #2098, 1.649999999999998579 ) ;
#616 = ORIENTED_EDGE ( 'NONE', *, *, #2176, .F. ) ;
#617 = ADVANCED_FACE ( 'NONE', ( #860 ), #1940, .T. ) ;
#618 = EDGE_LOOP ( 'NONE', ( #3279, #490 ) ) ;
#619 = ADVANCED_FACE ( 'NONE', ( #996 ), #2386, .F. ) ;
#620 = AXIS2_PLACEMENT_3D ( 'NONE', #2396, #3477, #2123 ) ;
#621 = AXIS2_PLACEMENT_3D ( 'NONE', #1323, #2390, #1033 ) ;
#622 = ORIENTED_EDGE ( 'NONE', *, *, #180, .T. ) ;
#623 = FACE_OUTER_BOUND ( 'NONE', #2289, .T. ) ;
#624 = DIRECTION ( 'NONE',  ( -1.000000000000000000, 0.000000000000000000, 0.000000000000000000 ) ) ;
#625 = ORIENTED_EDGE ( 'NONE', *, *, #3324, .T. ) ;
#626 = CARTESIAN_POINT ( 'NONE',  ( 47.34856536860258558, -48.84928093285265049, 28.44999999999999929 ) ) ;
#627 = EDGE_CURVE ( 'NONE', #2037, #3005, #2617, .T. ) ;
#628 = CARTESIAN_POINT ( 'NONE',  ( 43.47149498075728502, -8.386914507957403231, 9.449999999999999289 ) ) ;
#629 = CARTESIAN_POINT ( 'NONE',  ( 10.23451283581456295, -48.58601967976667879, 3.450000000000000178 ) ) ;
#630 = AXIS2_PLACEMENT_3D ( 'NONE', #3197, #2065, #1857 ) ;
#631 = DIRECTION ( 'NONE',  ( 0.000000000000000000, 0.000000000000000000, 1.000000000000000000 ) ) ;
#632 = DIRECTION ( 'NONE',  ( 0.000000000000000000, 0.000000000000000000, -1.000000000000000000 ) ) ;
#633 = ORIENTED_EDGE ( 'NONE', *, *, #2142, .T. ) ;
#634 = DIRECTION ( 'NONE',  ( 1.000000000000000000, 0.000000000000000000, 0.000000000000000000 ) ) ;
#635 = CARTESIAN_POINT ( 'NONE',  ( 31.43866279190552504, -32.93937835615508902, 25.00000000000000000 ) ) ;
#636 = CIRCLE ( 'NONE', #2028, 0.7999999999996689759 ) ;
#637 = VERTEX_POINT ( 'NONE', #1028 ) ;
#638 = EDGE_CURVE ( 'NONE', #637, #3063, #1394, .T. ) ;
#639 = ORIENTED_EDGE ( 'NONE', *, *, #1034, .F. ) ;
#640 = ORIENTED_EDGE ( 'NONE', *, *, #3397, .F. ) ;
#641 = CARTESIAN_POINT ( 'NONE',  ( 43.91866279190552547, -32.93937835615508902, 57.29877051683244815 ) ) ;
#642 = DIRECTION ( 'NONE',  ( -0.000000000000000000, -0.000000000000000000, -1.000000000000000000 ) ) ;
#643 = ORIENTED_EDGE ( 'NONE', *, *, #282, .F. ) ;
#644 = DIRECTION ( 'NONE',  ( -1.000000000000000000, 0.000000000000000000, 0.000000000000000000 ) ) ;
#645 = CYLINDRICAL_SURFACE ( 'NONE', #2423, 1.009999999999997122 ) ;
#646 = CARTESIAN_POINT ( 'NONE',  ( 31.43866279190552504, -32.93937835615508902, 57.29877051683244815 ) ) ;
#647 = DIRECTION ( 'NONE',  ( 0.000000000000000000, 0.000000000000000000, 1.000000000000000000 ) ) ;
#648 = CARTESIAN_POINT ( 'NONE',  ( 48.64339075359365694, -12.13079032706759719, 27.44999999999999929 ) ) ;
#649 = VERTEX_POINT ( 'NONE', #2934 ) ;
#650 = CARTESIAN_POINT ( 'NONE',  ( 48.64339075359365694, -12.13079032706759719, 21.44999999999999574 ) ) ;
#651 = CARTESIAN_POINT ( 'NONE',  ( 47.34856536860303322, -17.02947577945797164, 27.44999999999999929 ) ) ;
#652 = EDGE_LOOP ( 'NONE', ( #2405, #3109 ) ) ;
#653 = VERTEX_POINT ( 'NONE', #2685 ) ;
#654 = ORIENTED_EDGE ( 'NONE', *, *, #2000, .F. ) ;
#655 = EDGE_CURVE ( 'NONE', #1937, #226, #2759, .T. ) ;
#656 = CIRCLE ( 'NONE', #2119, 1.500000000000001332 ) ;
#657 = CARTESIAN_POINT ( 'NONE',  ( 6.134637297340448825, -42.35778022538745802, 6.950000000000000178 ) ) ;
#658 = EDGE_LOOP ( 'NONE', ( #1436, #1817, #2016, #1429 ) ) ;
#659 = DIRECTION ( 'NONE',  ( -1.000000000000000000, 0.000000000000000000, 0.000000000000000000 ) ) ;
#660 = DIRECTION ( 'NONE',  ( 0.000000000000000000, 0.000000000000000000, 1.000000000000000000 ) ) ;
#661 = DIRECTION ( 'NONE',  ( 0.000000000000000000, 0.000000000000000000, 1.000000000000000000 ) ) ;
#662 = AXIS2_PLACEMENT_3D ( 'NONE', #1332, #2416, #240 ) ;
#663 = CIRCLE ( 'NONE', #1107, 1.500000000000001332 ) ;
#664 = CYLINDRICAL_SURFACE ( 'NONE', #3435, 0.8000000000002718270 ) ;
#665 = ORIENTED_EDGE ( 'NONE', *, *, #2198, .T. ) ;
#666 = CARTESIAN_POINT ( 'NONE',  ( 46.32356536860282858, -48.84928093285243023, 16.44999999999999929 ) ) ;
#667 = CARTESIAN_POINT ( 'NONE',  ( 6.886198943708794928, -21.70654616730324804, 9.449999999999999289 ) ) ;
#668 = EDGE_LOOP ( 'NONE', ( #2842, #1602 ) ) ;
#669 = AXIS2_PLACEMENT_3D ( 'NONE', #3365, #874, #2466 ) ;
#670 = EDGE_LOOP ( 'NONE', ( #3018, #643, #559, #1545 ) ) ;
#671 = ORIENTED_EDGE ( 'NONE', *, *, #1452, .T. ) ;
#672 = DIRECTION ( 'NONE',  ( -1.000000000000000000, 0.000000000000000000, -0.000000000000000000 ) ) ;
#673 = ORIENTED_EDGE ( 'NONE', *, *, #993, .F. ) ;
#674 = FACE_OUTER_BOUND ( 'NONE', #2725, .T. ) ;
#675 = EDGE_LOOP ( 'NONE', ( #616, #743, #70, #2991 ) ) ;
#676 = ADVANCED_FACE ( 'NONE', ( #1860 ), #2951, .F. ) ;
#677 = DIRECTION ( 'NONE',  ( 0.000000000000000000, 0.000000000000000000, -1.000000000000000000 ) ) ;
#678 = CARTESIAN_POINT ( 'NONE',  ( 47.08530411551807759, -54.94352831224597367, 9.449999999999999289 ) ) ;
#679 = ORIENTED_EDGE ( 'NONE', *, *, #246, .F. ) ;
#680 = DIRECTION ( 'NONE',  ( -1.000000000000000000, 0.000000000000000000, 0.000000000000000000 ) ) ;
#681 = ORIENTED_EDGE ( 'NONE', *, *, #1380, .F. ) ;
#682 = EDGE_CURVE ( 'NONE', #2037, #3451, #36, .T. ) ;
#683 = CIRCLE ( 'NONE', #907, 1.024999999999998135 ) ;
#684 = CIRCLE ( 'NONE', #1016, 0.7999999999999951594 ) ;
#685 = ORIENTED_EDGE ( 'NONE', *, *, #1944, .T. ) ;
#686 = ORIENTED_EDGE ( 'NONE', *, *, #1615, .F. ) ;
#687 = AXIS2_PLACEMENT_3D ( 'NONE', #2206, #2494, #573 ) ;
#688 = DIRECTION ( 'NONE',  ( 0.000000000000000000, 0.000000000000000000, -1.000000000000000000 ) ) ;
#689 = VERTEX_POINT ( 'NONE', #3234 ) ;
#690 = LINE ( 'NONE', #2606, #514 ) ;
#691 = EDGE_LOOP ( 'NONE', ( #1908, #2985 ) ) ;
#692 =( NAMED_UNIT ( * ) SI_UNIT ( $, .STERADIAN. ) SOLID_ANGLE_UNIT ( ) );
#693 = ADVANCED_FACE ( 'NONE', ( #2114 ), #457, .F. ) ;
#694 = AXIS2_PLACEMENT_3D ( 'NONE', #465, #1536, #1213 ) ;
#695 = CYLINDRICAL_SURFACE ( 'NONE', #1395, 1.024999999999998135 ) ;
#696 = ADVANCED_FACE ( 'NONE', ( #2904 ), #2402, .F. ) ;
#697 = EDGE_CURVE ( 'NONE', #2018, #1951, #206, .T. ) ;
#698 = FACE_OUTER_BOUND ( 'NONE', #2467, .T. ) ;
#699 = EDGE_LOOP ( 'NONE', ( #1904, #160 ) ) ;
#700 = CYLINDRICAL_SURFACE ( 'NONE', #1306, 0.8000000000000020428 ) ;
#701 = EDGE_LOOP ( 'NONE', ( #1207, #1583 ) ) ;
#702 = ORIENTED_EDGE ( 'NONE', *, *, #1615, .T. ) ;
#703 = CARTESIAN_POINT ( 'NONE',  ( 15.52876021520791383, -48.84928093285210338, 28.44999999999999929 ) ) ;
#704 = ORIENTED_EDGE ( 'NONE', *, *, #2229, .T. ) ;
#705 = DIRECTION ( 'NONE',  ( -0.000000000000000000, -0.000000000000000000, -1.000000000000000000 ) ) ;
#706 = ADVANCED_FACE ( 'NONE', ( #223, #1011 ), #187, .T. ) ;
#707 = DIRECTION ( 'NONE',  ( -0.000000000000000000, -0.000000000000000000, 1.000000000000000000 ) ) ;
#708 = EDGE_CURVE ( 'NONE', #1486, #106, #1840, .T. ) ;
#709 = CIRCLE ( 'NONE', #3481, 1.024999999999998135 ) ;
#710 = CARTESIAN_POINT ( 'NONE',  ( 22.82026092267527417, -7.635352861589228546, 27.44999999999999929 ) ) ;
#711 = CARTESIAN_POINT ( 'NONE',  ( 47.34856536860281295, -17.02947577945774427, 25.00000000000000000 ) ) ;
#712 = ORIENTED_EDGE ( 'NONE', *, *, #3122, .T. ) ;
#713 = CARTESIAN_POINT ( 'NONE',  ( 31.43866279190552504, -32.93937835615508902, 25.00000000000000000 ) ) ;
#714 = VECTOR ( 'NONE', #2848, 1000.000000000000000 ) ;
#715 = AXIS2_PLACEMENT_3D ( 'NONE', #571, #2265, #1647 ) ;
#716 = EDGE_LOOP ( 'NONE', ( #1425, #593, #1153, #2805 ) ) ;
#717 = DIRECTION ( 'NONE',  ( 0.000000000000000000, 0.000000000000000000, 1.000000000000000000 ) ) ;
#718 = ORIENTED_EDGE ( 'NONE', *, *, #2176, .T. ) ;
#719 = DIRECTION ( 'NONE',  ( 0.000000000000000000, 0.000000000000000000, -1.000000000000000000 ) ) ;
#720 = CARTESIAN_POINT ( 'NONE',  ( 53.44281274799736536, -17.29273703254245476, 9.449999999999999289 ) ) ;
#721 = AXIS2_PLACEMENT_3D ( 'NONE', #1835, #1310, #496 ) ;
#722 = CYLINDRICAL_SURFACE ( 'NONE', #2313, 13.24999999999999822 ) ;
#723 = EDGE_CURVE ( 'NONE', #2556, #3342, #1558, .T. ) ;
#724 = AXIS2_PLACEMENT_3D ( 'NONE', #3193, #235, #755 ) ;
#725 = CARTESIAN_POINT ( 'NONE',  ( 31.43866279190552504, -32.93937835615508902, 27.44999999999999929 ) ) ;
#726 = DIRECTION ( 'NONE',  ( 0.000000000000000000, 0.000000000000000000, -1.000000000000000000 ) ) ;
#727 = VERTEX_POINT ( 'NONE', #505 ) ;
#728 = CARTESIAN_POINT ( 'NONE',  ( 14.23393483021796158, -53.74796638524222203, 27.44999999999999929 ) ) ;
#729 = EDGE_CURVE ( 'NONE', #211, #649, #3483, .T. ) ;
#730 = DIRECTION ( 'NONE',  ( 1.000000000000000000, 0.000000000000000000, 0.000000000000000000 ) ) ;
#731 = AXIS2_PLACEMENT_3D ( 'NONE', #201, #1827, #484 ) ;
#732 = AXIS2_PLACEMENT_3D ( 'NONE', #3461, #281, #2175 ) ;
#733 = ORIENTED_EDGE ( 'NONE', *, *, #3378, .F. ) ;
#734 = DIRECTION ( 'NONE',  ( 1.000000000000000000, 0.000000000000000000, -0.000000000000000000 ) ) ;
#735 = ORIENTED_EDGE ( 'NONE', *, *, #570, .T. ) ;
#736 = CARTESIAN_POINT ( 'NONE',  ( 16.59202146829431967, -10.93522840006318297, 9.449999999999999289 ) ) ;
#737 = CIRCLE ( 'NONE', #687, 29.00000000000000355 ) ;
#738 = DIRECTION ( 'NONE',  ( -1.000000000000000000, 0.000000000000000000, 0.000000000000000000 ) ) ;
#739 = CARTESIAN_POINT ( 'NONE',  ( 16.55376021520834584, -17.02947577945764124, 16.44999999999999929 ) ) ;
#740 = ADVANCED_FACE ( 'NONE', ( #1042 ), #2130, .F. ) ;
#741 = CYLINDRICAL_SURFACE ( 'NONE', #1895, 0.8000000000004513501 ) ;
#742 = CARTESIAN_POINT ( 'NONE',  ( 23.18866279190552504, -32.93937835615508902, 53.90584412271572035 ) ) ;
#743 = ORIENTED_EDGE ( 'NONE', *, *, #181, .F. ) ;
#744 = DIRECTION ( 'NONE',  ( 0.000000000000000000, 0.000000000000000000, 1.000000000000000000 ) ) ;
#745 = DIRECTION ( 'NONE',  ( 1.000000000000000000, 0.000000000000000000, 0.000000000000000000 ) ) ;
#746 = ORIENTED_EDGE ( 'NONE', *, *, #1490, .T. ) ;
#747 = AXIS2_PLACEMENT_3D ( 'NONE', #3341, #93, #2292 ) ;
#748 = DIRECTION ( 'NONE',  ( 1.000000000000000000, 0.000000000000000000, 0.000000000000000000 ) ) ;
#749 = VERTEX_POINT ( 'NONE', #1561 ) ;
#750 = DIRECTION ( 'NONE',  ( -0.000000000000000000, -0.000000000000000000, -1.000000000000000000 ) ) ;
#751 = EDGE_CURVE ( 'NONE', #3121, #2575, #1807, .T. ) ;
#752 = FACE_BOUND ( 'NONE', #3295, .T. ) ;
#753 = DIRECTION ( 'NONE',  ( -0.000000000000000000, -0.000000000000000000, 1.000000000000000000 ) ) ;
#754 = EDGE_CURVE ( 'NONE', #1179, #2055, #2715, .T. ) ;
#755 = DIRECTION ( 'NONE',  ( 1.000000000000000000, 0.000000000000000000, 0.000000000000000000 ) ) ;
#756 = CARTESIAN_POINT ( 'NONE',  ( 39.68866279190552859, -32.93937835615508902, 53.90584412271572035 ) ) ;
#757 = VERTEX_POINT ( 'NONE', #2182 ) ;
#758 = ADVANCED_FACE ( 'NONE', ( #288 ), #2493, .F. ) ;
#759 = DIRECTION ( 'NONE',  ( 1.000000000000000000, 0.000000000000000000, 0.000000000000000000 ) ) ;
#760 = DIRECTION ( 'NONE',  ( -1.000000000000000000, 0.000000000000000000, 0.000000000000000000 ) ) ;
#761 = CARTESIAN_POINT ( 'NONE',  ( 40.85706466113627044, -58.24340385072076032, 27.44999999999999929 ) ) ;
#762 = VERTEX_POINT ( 'NONE', #2718 ) ;
#763 = EDGE_CURVE ( 'NONE', #1434, #1300, #2376, .T. ) ;
#764 = AXIS2_PLACEMENT_3D ( 'NONE', #519, #3434, #745 ) ;
#765 = CARTESIAN_POINT ( 'NONE',  ( 31.43866279190552504, -32.93937835615508902, 9.449999999999999289 ) ) ;
#766 = AXIS2_PLACEMENT_3D ( 'NONE', #259, #347, #2202 ) ;
#767 = ORIENTED_EDGE ( 'NONE', *, *, #373, .F. ) ;
#768 = CARTESIAN_POINT ( 'NONE',  ( 48.64339075359365694, -12.13079032706759719, 21.44999999999999574 ) ) ;
#769 = AXIS2_PLACEMENT_3D ( 'NONE', #2014, #478, #1805 ) ;
#770 = LINE ( 'NONE', #1325, #1272 ) ;
#771 = AXIS2_PLACEMENT_3D ( 'NONE', #1133, #33, #3077 ) ;
#772 = ORIENTED_EDGE ( 'NONE', *, *, #1130, .F. ) ;
#773 = EDGE_CURVE ( 'NONE', #2370, #1144, #2552, .T. ) ;
#774 = DIRECTION ( 'NONE',  ( 0.000000000000000000, 0.000000000000000000, -1.000000000000000000 ) ) ;
#775 = CIRCLE ( 'NONE', #2601, 1.500000000000001332 ) ;
#776 = DIRECTION ( 'NONE',  ( 0.000000000000000000, 0.000000000000000000, -1.000000000000000000 ) ) ;
#777 = LINE ( 'NONE', #2113, #1282 ) ;
#778 = CARTESIAN_POINT ( 'NONE',  ( 42.67149498075728786, -8.386914507957403231, 30.56126983722215229 ) ) ;
#779 = EDGE_CURVE ( 'NONE', #1411, #1488, #1956, .T. ) ;
#780 = VERTEX_POINT ( 'NONE', #536 ) ;
#781 = CARTESIAN_POINT ( 'NONE',  ( 28.89034889979984655, -6.059904843690986809, 3.450000000000000178 ) ) ;
#782 = DIRECTION ( 'NONE',  ( -1.000000000000000000, 0.000000000000000000, 0.000000000000000000 ) ) ;
#783 = ORIENTED_EDGE ( 'NONE', *, *, #1492, .T. ) ;
#784 = CYLINDRICAL_SURFACE ( 'NONE', #3398, 0.8000000000004738876 ) ;
#785 = CIRCLE ( 'NONE', #2787, 1.500000000000001332 ) ;
#786 = ORIENTED_EDGE ( 'NONE', *, *, #1130, .T. ) ;
#787 = FACE_BOUND ( 'NONE', #1556, .T. ) ;
#788 = CARTESIAN_POINT ( 'NONE',  ( 46.68866279190552859, -32.93937835615508902, 26.84999999999999787 ) ) ;
#789 = AXIS2_PLACEMENT_3D ( 'NONE', #2280, #2794, #1718 ) ;
#790 = DIRECTION ( 'NONE',  ( 1.000000000000000000, 0.000000000000000000, 0.000000000000000000 ) ) ;
#791 = PLANE ( 'NONE',  #2429 ) ;
#792 = EDGE_CURVE ( 'NONE', #2455, #2695, #842, .T. ) ;
#793 = EDGE_CURVE ( 'NONE', #191, #211, #1298, .T. ) ;
#794 = FACE_BOUND ( 'NONE', #1801, .T. ) ;
#795 = CARTESIAN_POINT ( 'NONE',  ( 15.52876021520834726, -17.02947577945764124, 27.44999999999999929 ) ) ;
#796 = DIRECTION ( 'NONE',  ( -0.000000000000000000, -0.000000000000000000, -1.000000000000000000 ) ) ;
#797 = ORIENTED_EDGE ( 'NONE', *, *, #2633, .T. ) ;
#798 = DIRECTION ( 'NONE',  ( 0.2164396139381036810, -0.9762960071199331402, 0.000000000000000000 ) ) ;
#799 = VERTEX_POINT ( 'NONE', #2163 ) ;
#800 = DIRECTION ( 'NONE',  ( 0.000000000000000000, 0.000000000000000000, -1.000000000000000000 ) ) ;
#801 = VERTEX_POINT ( 'NONE', #1076 ) ;
#802 = CARTESIAN_POINT ( 'NONE',  ( 31.43866279190552504, -32.93937835615508902, 53.90584412271572035 ) ) ;
#803 = CIRCLE ( 'NONE', #1595, 8.250000000000000000 ) ;
#804 = CARTESIAN_POINT ( 'NONE',  ( 46.68866279190552859, -32.93937835615508902, 25.34999999999999787 ) ) ;
#805 = EDGE_CURVE ( 'NONE', #1212, #2803, #1755, .T. ) ;
#806 = FACE_OUTER_BOUND ( 'NONE', #3115, .T. ) ;
#807 = CARTESIAN_POINT ( 'NONE',  ( 43.17866279190552348, -32.93937835615508902, 25.34999999999999787 ) ) ;
#808 = AXIS2_PLACEMENT_3D ( 'NONE', #2409, #247, #1819 ) ;
#809 = SURFACE_STYLE_USAGE ( .BOTH. , #1346 ) ;
#810 = CARTESIAN_POINT ( 'NONE',  ( 28.89034889979984655, -6.059904843690986809, 9.449999999999999289 ) ) ;
#811 = CARTESIAN_POINT ( 'NONE',  ( 16.55376021520811847, -48.84928093285233075, 16.44999999999999929 ) ) ;
#812 = EDGE_LOOP ( 'NONE', ( #3439, #9, #3373, #261 ) ) ;
#813 = CIRCLE ( 'NONE', #1043, 0.8000000000000020428 ) ;
#814 = CARTESIAN_POINT ( 'NONE',  ( 47.34856536860258558, -48.84928093285265049, 28.44999999999999929 ) ) ;
#815 = ORIENTED_EDGE ( 'NONE', *, *, #2986, .F. ) ;
#816 = CARTESIAN_POINT ( 'NONE',  ( 50.79866279190552802, -32.93937835615508902, 26.84999999999999787 ) ) ;
#817 = VERTEX_POINT ( 'NONE', #2226 ) ;
#818 = DIRECTION ( 'NONE',  ( -1.000000000000000000, 0.000000000000000000, 0.000000000000000000 ) ) ;
#819 = CARTESIAN_POINT ( 'NONE',  ( 15.52876021520791383, -48.84928093285210338, 28.44999999999999929 ) ) ;
#820 = EDGE_LOOP ( 'NONE', ( #3088, #41 ) ) ;
#821 = DIRECTION ( 'NONE',  ( 1.000000000000000000, 0.000000000000000000, 0.000000000000000000 ) ) ;
#822 = CIRCLE ( 'NONE', #890, 1.649999999999998579 ) ;
#823 = EDGE_CURVE ( 'NONE', #2166, #1657, #2092, .T. ) ;
#824 = CARTESIAN_POINT ( 'NONE',  ( 18.27816205299786745, -34.47681788381492396, 25.00000000000000000 ) ) ;
#825 = EDGE_CURVE ( 'NONE', #2585, #1205, #3000, .T. ) ;
#826 = ORIENTED_EDGE ( 'NONE', *, *, #3065, .T. ) ;
#827 = CARTESIAN_POINT ( 'NONE',  ( 7.686198943709245945, -21.70654616730324804, 30.56126983722215229 ) ) ;
#828 = FACE_BOUND ( 'NONE', #395, .T. ) ;
#829 = DIRECTION ( 'NONE',  ( 0.000000000000000000, 0.000000000000000000, 1.000000000000000000 ) ) ;
#830 = CARTESIAN_POINT ( 'NONE',  ( 9.434512835814569343, -48.58601967976667879, 9.449999999999999289 ) ) ;
#831 = VERTEX_POINT ( 'NONE', #3251 ) ;
#832 = EDGE_CURVE ( 'NONE', #2296, #309, #1876, .T. ) ;
#833 = CARTESIAN_POINT ( 'NONE',  ( 7.686198943709245945, -21.70654616730324804, 3.450000000000000178 ) ) ;
#834 = ORIENTED_EDGE ( 'NONE', *, *, #378, .T. ) ;
#835 = DIRECTION ( 'NONE',  ( -0.000000000000000000, 0.000000000000000000, -1.000000000000000000 ) ) ;
#836 = EDGE_CURVE ( 'NONE', #637, #1600, #1145, .T. ) ;
#837 = ORIENTED_EDGE ( 'NONE', *, *, #2786, .T. ) ;
#838 = CARTESIAN_POINT ( 'NONE',  ( 18.27816205299786390, -31.40193882849525409, 27.44999999999999929 ) ) ;
#839 = DIRECTION ( 'NONE',  ( 1.000000000000000000, 0.000000000000000000, 0.000000000000000000 ) ) ;
#840 = EDGE_LOOP ( 'NONE', ( #3140, #2478 ) ) ;
#841 = CARTESIAN_POINT ( 'NONE',  ( 40.44866279190552660, -32.93937835615508902, 16.15000000000000213 ) ) ;
#842 = CIRCLE ( 'NONE', #2275, 9.009999999999998010 ) ;
#843 = AXIS2_PLACEMENT_3D ( 'NONE', #2943, #231, #1605 ) ;
#844 = CYLINDRICAL_SURFACE ( 'NONE', #3218, 1.024999999999994582 ) ;
#845 = AXIS2_PLACEMENT_3D ( 'NONE', #533, #1626, #2714 ) ;
#846 = ADVANCED_FACE ( 'NONE', ( #1612 ), #3311, .F. ) ;
#847 = AXIS2_PLACEMENT_3D ( 'NONE', #2941, #2420, #262 ) ;
#848 = ORIENTED_EDGE ( 'NONE', *, *, #627, .F. ) ;
#849 = CARTESIAN_POINT ( 'NONE',  ( 58.86179262282417568, -37.43481582163340704, 21.44999999999999574 ) ) ;
#850 = DIRECTION ( 'NONE',  ( 0.000000000000000000, 0.000000000000000000, -1.000000000000000000 ) ) ;
#851 = DIRECTION ( 'NONE',  ( -1.000000000000000000, 0.000000000000000000, 0.000000000000000000 ) ) ;
#852 = VERTEX_POINT ( 'NONE', #1892 ) ;
#853 = CARTESIAN_POINT ( 'NONE',  ( 31.43866279190552504, -32.93937835615508902, 16.15000000000000213 ) ) ;
#854 = EDGE_CURVE ( 'NONE', #949, #2370, #3003, .T. ) ;
#855 = DIRECTION ( 'NONE',  ( 1.000000000000000000, 0.000000000000000000, 0.000000000000000000 ) ) ;
#856 = ADVANCED_FACE ( 'NONE', ( #1096 ), #572, .T. ) ;
#857 = ORIENTED_EDGE ( 'NONE', *, *, #1731, .T. ) ;
#858 = DIRECTION ( 'NONE',  ( 0.000000000000000000, 0.000000000000000000, -1.000000000000000000 ) ) ;
#859 = ORIENTED_EDGE ( 'NONE', *, *, #3181, .T. ) ;
#860 = FACE_OUTER_BOUND ( 'NONE', #984, .T. ) ;
#861 = VECTOR ( 'NONE', #195, 1000.000000000000000 ) ;
#862 = EDGE_LOOP ( 'NONE', ( #1402, #258, #903, #3226 ) ) ;
#863 = DIRECTION ( 'NONE',  ( 0.000000000000000000, 0.000000000000000000, -1.000000000000000000 ) ) ;
#864 = CARTESIAN_POINT ( 'NONE',  ( 8.634512835814575737, -48.58601967976667879, 30.56126983722215229 ) ) ;
#865 = ORIENTED_EDGE ( 'NONE', *, *, #3403, .F. ) ;
#866 = CARTESIAN_POINT ( 'NONE',  ( 47.34856536860282716, -48.84928093285243023, 16.44999999999999929 ) ) ;
#867 = AXIS2_PLACEMENT_3D ( 'NONE', #177, #225, #2657 ) ;
#868 = DIRECTION ( 'NONE',  ( -0.000000000000000000, -0.000000000000000000, -1.000000000000000000 ) ) ;
#869 = EDGE_CURVE ( 'NONE', #153, #135, #1340, .T. ) ;
#870 = ORIENTED_EDGE ( 'NONE', *, *, #697, .F. ) ;
#871 = FACE_OUTER_BOUND ( 'NONE', #578, .T. ) ;
#872 = FACE_OUTER_BOUND ( 'NONE', #963, .T. ) ;
#873 = EDGE_CURVE ( 'NONE', #3455, #1367, #1230, .T. ) ;
#874 = DIRECTION ( 'NONE',  ( -0.000000000000000000, -0.000000000000000000, 1.000000000000000000 ) ) ;
#875 = ORIENTED_EDGE ( 'NONE', *, *, #638, .F. ) ;
#876 = CARTESIAN_POINT ( 'NONE',  ( 5.938662791905527705, -32.93937835615508902, 97.12489168102784731 ) ) ;
#877 = FACE_OUTER_BOUND ( 'NONE', #2650, .T. ) ;
#878 = EDGE_LOOP ( 'NONE', ( #2333, #87, #1414, #1717 ) ) ;
#879 = AXIS2_PLACEMENT_3D ( 'NONE', #2711, #2975, #1833 ) ;
#880 = ORIENTED_EDGE ( 'NONE', *, *, #2716, .F. ) ;
#881 = EDGE_CURVE ( 'NONE', #801, #2729, #3390, .T. ) ;
#882 = VERTEX_POINT ( 'NONE', #2286 ) ;
#883 = CYLINDRICAL_SURFACE ( 'NONE', #2973, 0.8000000000000090372 ) ;
#884 = CARTESIAN_POINT ( 'NONE',  ( 60.43866279190552859, -32.93937835615508192, 3.450000000000000178 ) ) ;
#885 = ORIENTED_EDGE ( 'NONE', *, *, #1910, .T. ) ;
#886 = FACE_OUTER_BOUND ( 'NONE', #840, .T. ) ;
#887 = AXIS2_PLACEMENT_3D ( 'NONE', #2866, #3099, #2562 ) ;
#888 = AXIS2_PLACEMENT_3D ( 'NONE', #1775, #2011, #3165 ) ;
#889 = LINE ( 'NONE', #3058, #49 ) ;
#890 = AXIS2_PLACEMENT_3D ( 'NONE', #2799, #3330, #1405 ) ;
#891 = DIRECTION ( 'NONE',  ( 1.000000000000000000, 0.000000000000000000, 0.000000000000000000 ) ) ;
#892 = LINE ( 'NONE', #1663, #3438 ) ;
#893 = CARTESIAN_POINT ( 'NONE',  ( 16.78829404481964360, -34.65086764166321132, 25.00000000000000000 ) ) ;
#894 = ORIENTED_EDGE ( 'NONE', *, *, #1380, .T. ) ;
#895 = CARTESIAN_POINT ( 'NONE',  ( 31.43866279190552504, -32.93937835615508902, 21.00000000000000000 ) ) ;
#896 = DIRECTION ( 'NONE',  ( 0.000000000000000000, 0.000000000000000000, -1.000000000000000000 ) ) ;
#897 = VERTEX_POINT ( 'NONE', #1552 ) ;
#898 = ORIENTED_EDGE ( 'NONE', *, *, #1173, .T. ) ;
#899 = ADVANCED_FACE ( 'NONE', ( #402 ), #1005, .F. ) ;
#900 = EDGE_LOOP ( 'NONE', ( #3288, #175, #127, #2638 ) ) ;
#901 = DIRECTION ( 'NONE',  ( -1.000000000000000000, 0.000000000000000000, 0.000000000000000000 ) ) ;
#902 = CYLINDRICAL_SURFACE ( 'NONE', #2008, 1.009999999999997122 ) ;
#903 = ORIENTED_EDGE ( 'NONE', *, *, #1765, .T. ) ;
#904 = FACE_OUTER_BOUND ( 'NONE', #1519, .T. ) ;
#905 = CARTESIAN_POINT ( 'NONE',  ( 41.87149498075728360, -8.386914507957403231, 30.56126983722215229 ) ) ;
#906 = CYLINDRICAL_SURFACE ( 'NONE', #2279, 1.500000000000001332 ) ;
#907 = AXIS2_PLACEMENT_3D ( 'NONE', #254, #3248, #1058 ) ;
#908 = CARTESIAN_POINT ( 'NONE',  ( 31.43866279190552504, -32.93937835615508902, 25.00000000000000000 ) ) ;
#909 = PRODUCT ( '\X2\4e0b7aef76d6\X0\v1.0', '\X2\4e0b7aef76d6\X0\v1.0', '', ( #381 ) ) ;
#910 = LINE ( 'NONE', #3082, #1617 ) ;
#911 = ORIENTED_EDGE ( 'NONE', *, *, #476, .F. ) ;
#912 = CARTESIAN_POINT ( 'NONE',  ( 55.19112664010371105, -44.17221054500589617, 30.56126983722215229 ) ) ;
#913 = AXIS2_PLACEMENT_3D ( 'NONE', #1122, #592, #65 ) ;
#914 = ADVANCED_FACE ( 'NONE', ( #2358 ), #2546, .F. ) ;
#915 = DIRECTION ( 'NONE',  ( 0.000000000000000000, 0.000000000000000000, 1.000000000000000000 ) ) ;
#916 = AXIS2_PLACEMENT_3D ( 'NONE', #2260, #358, #1947 ) ;
#917 = ORIENTED_EDGE ( 'NONE', *, *, #2097, .T. ) ;
#918 = VERTEX_POINT ( 'NONE', #3444 ) ;
#919 = EDGE_LOOP ( 'NONE', ( #3203, #2603 ) ) ;
#920 = DIRECTION ( 'NONE',  ( 0.000000000000000000, 0.000000000000000000, -1.000000000000000000 ) ) ;
#921 = DIRECTION ( 'NONE',  ( 1.000000000000000000, 0.000000000000000000, -0.000000000000000000 ) ) ;
#922 = ORIENTED_EDGE ( 'NONE', *, *, #2676, .F. ) ;
#923 = DIRECTION ( 'NONE',  ( 1.000000000000000000, 0.000000000000000000, -0.000000000000000000 ) ) ;
#924 = EDGE_CURVE ( 'NONE', #126, #1367, #120, .T. ) ;
#925 = CARTESIAN_POINT ( 'NONE',  ( 47.08530411551807759, -54.94352831224597367, 3.450000000000000178 ) ) ;
#926 = VECTOR ( 'NONE', #3157, 1000.000000000000000 ) ;
#927 = CARTESIAN_POINT ( 'NONE',  ( 17.17876021520791596, -48.84928093285210338, 28.44999999999999929 ) ) ;
#928 = ORIENTED_EDGE ( 'NONE', *, *, #2328, .T. ) ;
#929 = DIRECTION ( 'NONE',  ( -0.000000000000000000, -0.000000000000000000, 1.000000000000000000 ) ) ;
#930 = DIRECTION ( 'NONE',  ( -0.000000000000000000, -0.000000000000000000, -1.000000000000000000 ) ) ;
#931 = EDGE_LOOP ( 'NONE', ( #409, #2712, #298, #3386 ) ) ;
#932 = VERTEX_POINT ( 'NONE', #368 ) ;
#933 = ORIENTED_EDGE ( 'NONE', *, *, #3015, .T. ) ;
#934 = DIRECTION ( 'NONE',  ( -1.000000000000000000, 0.000000000000000000, 0.000000000000000000 ) ) ;
#935 = VERTEX_POINT ( 'NONE', #388 ) ;
#936 = DIRECTION ( 'NONE',  ( 0.000000000000000000, 0.000000000000000000, 1.000000000000000000 ) ) ;
#937 = ORIENTED_EDGE ( 'NONE', *, *, #601, .F. ) ;
#938 = FACE_OUTER_BOUND ( 'NONE', #931, .T. ) ;
#939 = AXIS2_PLACEMENT_3D ( 'NONE', #134, #1210, #2298 ) ;
#940 = EDGE_CURVE ( 'NONE', #1815, #831, #2075, .T. ) ;
#941 = DIRECTION ( 'NONE',  ( 0.000000000000000000, 0.000000000000000000, -1.000000000000000000 ) ) ;
#942 = AXIS2_PLACEMENT_3D ( 'NONE', #3030, #1281, #2366 ) ;
#943 = VECTOR ( 'NONE', #1493, 1000.000000000000000 ) ;
#944 = CARTESIAN_POINT ( 'NONE',  ( 13.87876021520834868, -17.02947577945764124, 28.44999999999999929 ) ) ;
#945 = ORIENTED_EDGE ( 'NONE', *, *, #150, .T. ) ;
#946 = DIRECTION ( 'NONE',  ( 1.000000000000000000, 0.000000000000000000, -0.000000000000000000 ) ) ;
#947 = ORIENTED_EDGE ( 'NONE', *, *, #2774, .T. ) ;
#948 = AXIS2_PLACEMENT_3D ( 'NONE', #76, #2238, #1702 ) ;
#949 = VERTEX_POINT ( 'NONE', #3368 ) ;
#950 = ADVANCED_FACE ( 'NONE', ( #2911 ), #722, .T. ) ;
#951 = VERTEX_POINT ( 'NONE', #3164 ) ;
#952 = CARTESIAN_POINT ( 'NONE',  ( 33.18697668401232193, -59.81885186861801884, 30.56126983722215229 ) ) ;
#953 = AXIS2_PLACEMENT_3D ( 'NONE', #2541, #2042, #450 ) ;
#954 = EDGE_LOOP ( 'NONE', ( #1749, #2907, #3376, #119 ) ) ;
#955 = DIRECTION ( 'NONE',  ( 1.000000000000000000, 0.000000000000000000, 0.000000000000000000 ) ) ;
#956 = AXIS2_PLACEMENT_3D ( 'NONE', #2371, #1619, #1019 ) ;
#957 = ORIENTED_EDGE ( 'NONE', *, *, #1034, .T. ) ;
#958 = FACE_OUTER_BOUND ( 'NONE', #2083, .T. ) ;
#959 = DIRECTION ( 'NONE',  ( -1.000000000000000000, 0.000000000000000000, 0.000000000000000000 ) ) ;
#960 = ORIENTED_EDGE ( 'NONE', *, *, #3359, .T. ) ;
#961 = DIRECTION ( 'NONE',  ( 1.000000000000000000, 0.000000000000000000, 0.000000000000000000 ) ) ;
#962 = EDGE_CURVE ( 'NONE', #3395, #1162, #2817, .T. ) ;
#963 = EDGE_LOOP ( 'NONE', ( #2488, #2563 ) ) ;
#964 = EDGE_CURVE ( 'NONE', #757, #486, #322, .T. ) ;
#965 = AXIS2_PLACEMENT_3D ( 'NONE', #495, #2121, #250 ) ;
#966 = ORIENTED_EDGE ( 'NONE', *, *, #1039, .F. ) ;
#967 = CYLINDRICAL_SURFACE ( 'NONE', #3372, 9.009999999999999787 ) ;
#968 = ORIENTED_EDGE ( 'NONE', *, *, #269, .T. ) ;
#969 = FACE_BOUND ( 'NONE', #1128, .T. ) ;
#970 = DIRECTION ( 'NONE',  ( 0.000000000000000000, 0.000000000000000000, 1.000000000000000000 ) ) ;
#971 = CYLINDRICAL_SURFACE ( 'NONE', #953, 0.8000000000000020428 ) ;
#972 = AXIS2_PLACEMENT_3D ( 'NONE', #713, #482, #2885 ) ;
#973 = DIRECTION ( 'NONE',  ( -1.000000000000000000, 0.000000000000000000, 0.000000000000000000 ) ) ;
#974 = CARTESIAN_POINT ( 'NONE',  ( 57.75268828647117658, -23.52097648692426546, 6.950000000000000178 ) ) ;
#975 = ORIENTED_EDGE ( 'NONE', *, *, #3156, .F. ) ;
#976 = CARTESIAN_POINT ( 'NONE',  ( 31.43866279190552504, -32.93937835615508902, 16.15000000000000213 ) ) ;
#977 = VECTOR ( 'NONE', #473, 1000.000000000000000 ) ;
#978 = AXIS2_PLACEMENT_3D ( 'NONE', #2954, #1881, #541 ) ;
#979 = EDGE_CURVE ( 'NONE', #331, #1267, #2762, .T. ) ;
#980 = VERTEX_POINT ( 'NONE', #214 ) ;
#981 = ORIENTED_EDGE ( 'NONE', *, *, #773, .F. ) ;
#982 = EDGE_CURVE ( 'NONE', #935, #2166, #2128, .T. ) ;
#983 = LINE ( 'NONE', #1000, #977 ) ;
#984 = EDGE_LOOP ( 'NONE', ( #857, #1725 ) ) ;
#985 = DIRECTION ( 'NONE',  ( -0.000000000000000000, -0.000000000000000000, -1.000000000000000000 ) ) ;
#986 = DIRECTION ( 'NONE',  ( -0.000000000000000000, -0.000000000000000000, 1.000000000000000000 ) ) ;
#987 = AXIS2_PLACEMENT_3D ( 'NONE', #1638, #3011, #2456 ) ;
#988 = DIRECTION ( 'NONE',  ( 0.000000000000000000, 0.000000000000000000, 1.000000000000000000 ) ) ;
#989 = EDGE_CURVE ( 'NONE', #3451, #345, #1180, .T. ) ;
#990 = LINE ( 'NONE', #416, #1461 ) ;
#991 = CARTESIAN_POINT ( 'NONE',  ( 33.98697668401173644, -59.81885186861801884, 3.450000000000000178 ) ) ;
#992 = VERTEX_POINT ( 'NONE', #2268 ) ;
#993 = EDGE_CURVE ( 'NONE', #852, #1674, #3350, .T. ) ;
#994 = CARTESIAN_POINT ( 'NONE',  ( 40.85706466113730784, -58.24340385072038373, 6.950000000000000178 ) ) ;
#995 = CIRCLE ( 'NONE', #2311, 0.7999999999994191757 ) ;
#996 = FACE_OUTER_BOUND ( 'NONE', #3261, .T. ) ;
#997 = AXIS2_PLACEMENT_3D ( 'NONE', #893, #2781, #3001 ) ;
#998 = VERTEX_POINT ( 'NONE', #1745 ) ;
#999 = EDGE_CURVE ( 'NONE', #3119, #379, #359, .T. ) ;
#1000 = CARTESIAN_POINT ( 'NONE',  ( 57.51813630436960523, -30.39106446404913342, 30.56126983722215229 ) ) ;
#1001 = ORIENTED_EDGE ( 'NONE', *, *, #2088, .F. ) ;
#1002 = DIRECTION ( 'NONE',  ( 1.000000000000000000, 0.000000000000000000, 0.000000000000000000 ) ) ;
#1003 = FACE_OUTER_BOUND ( 'NONE', #2567, .T. ) ;
#1004 = PRODUCT_DEFINITION_FORMATION_WITH_SPECIFIED_SOURCE ( 'ä»', '', #909, .NOT_KNOWN. ) ;
#1005 = CYLINDRICAL_SURFACE ( 'NONE', #3493, 0.7999999999999986011 ) ;
#1006 = DIRECTION ( 'NONE',  ( -0.000000000000000000, -0.000000000000000000, -1.000000000000000000 ) ) ;
#1007 = DIRECTION ( 'NONE',  ( 1.000000000000000000, 0.000000000000000000, -0.000000000000000000 ) ) ;
#1008 = ORIENTED_EDGE ( 'NONE', *, *, #3480, .F. ) ;
#1009 = CARTESIAN_POINT ( 'NONE',  ( 5.615532960987602351, -28.44394089067633047, 21.44999999999999574 ) ) ;
#1010 = EDGE_CURVE ( 'NONE', #3379, #1278, #3084, .T. ) ;
#1011 = FACE_OUTER_BOUND ( 'NONE', #3453, .T. ) ;
#1012 = AXIS2_PLACEMENT_3D ( 'NONE', #63, #3046, #2783 ) ;
#1013 = CIRCLE ( 'NONE', #1299, 0.8000000000000020428 ) ;
#1014 = ORIENTED_EDGE ( 'NONE', *, *, #2187, .T. ) ;
#1015 = CIRCLE ( 'NONE', #3510, 0.7999999999994054090 ) ;
#1016 = AXIS2_PLACEMENT_3D ( 'NONE', #3129, #936, #955 ) ;
#1017 = CARTESIAN_POINT ( 'NONE',  ( 55.99112664010311846, -44.17221054500589617, 9.449999999999999289 ) ) ;
#1018 = EDGE_LOOP ( 'NONE', ( #2041, #3224 ) ) ;
#1019 = DIRECTION ( 'NONE',  ( 1.000000000000000000, 0.000000000000000000, 0.000000000000000000 ) ) ;
#1020 = AXIS2_PLACEMENT_3D ( 'NONE', #2719, #3313, #306 ) ;
#1021 = CARTESIAN_POINT ( 'NONE',  ( 16.78829404481963650, -31.22788907064697028, 25.00000000000000000 ) ) ;
#1022 = CARTESIAN_POINT ( 'NONE',  ( 17.17876021520834584, -17.02947577945764124, 28.44999999999999929 ) ) ;
#1023 = DIRECTION ( 'NONE',  ( -0.000000000000000000, -0.000000000000000000, -1.000000000000000000 ) ) ;
#1024 = CARTESIAN_POINT ( 'NONE',  ( 13.87876021520790992, -48.84928093285210338, 27.44999999999999929 ) ) ;
#1025 = ORIENTED_EDGE ( 'NONE', *, *, #2142, .F. ) ;
#1026 = CARTESIAN_POINT ( 'NONE',  ( 16.05244214191719365, -31.06475463127784309, 25.00000000000000000 ) ) ;
#1027 = DIRECTION ( 'NONE',  ( -0.000000000000000000, -0.000000000000000000, 1.000000000000000000 ) ) ;
#1028 = CARTESIAN_POINT ( 'NONE',  ( 48.99856536860303180, -17.02947577945797164, 28.44999999999999929 ) ) ;
#1029 = ORIENTED_EDGE ( 'NONE', *, *, #518, .T. ) ;
#1030 = CIRCLE ( 'NONE', #585, 0.8000000000000020428 ) ;
#1031 = CARTESIAN_POINT ( 'NONE',  ( 46.28530411551874124, -54.94352831224597367, 9.449999999999999289 ) ) ;
#1032 = ORIENTED_EDGE ( 'NONE', *, *, #2744, .T. ) ;
#1033 = DIRECTION ( 'NONE',  ( 1.000000000000000000, 0.000000000000000000, 0.000000000000000000 ) ) ;
#1034 = EDGE_CURVE ( 'NONE', #1828, #2285, #2852, .T. ) ;
#1035 = DIRECTION ( 'NONE',  ( 1.000000000000000000, 0.000000000000000000, 0.000000000000000000 ) ) ;
#1036 = CARTESIAN_POINT ( 'NONE',  ( 4.815532960987606081, -28.44394089067633047, 21.44999999999999574 ) ) ;
#1037 = AXIS2_PLACEMENT_3D ( 'NONE', #2790, #579, #2746 ) ;
#1038 = CYLINDRICAL_SURFACE ( 'NONE', #3492, 0.7999999999994191757 ) ;
#1039 = EDGE_CURVE ( 'NONE', #1569, #277, #241, .T. ) ;
#1040 = CARTESIAN_POINT ( 'NONE',  ( 14.50376021520834691, -17.02947577945764124, 25.00000000000000000 ) ) ;
#1041 = DIRECTION ( 'NONE',  ( 0.000000000000000000, 0.000000000000000000, 1.000000000000000000 ) ) ;
#1042 = FACE_OUTER_BOUND ( 'NONE', #1580, .T. ) ;
#1043 = AXIS2_PLACEMENT_3D ( 'NONE', #3414, #3150, #184 ) ;
#1044 = VERTEX_POINT ( 'NONE', #1528 ) ;
#1045 = CARTESIAN_POINT ( 'NONE',  ( 14.56345304675702934, -30.88333943209617516, 38.25000000000000711 ) ) ;
#1046 = VECTOR ( 'NONE', #1246, 1000.000000000000000 ) ;
#1047 = EDGE_LOOP ( 'NONE', ( #937, #427, #1082, #2503 ) ) ;
#1048 = DIRECTION ( 'NONE',  ( -1.000000000000000000, 0.000000000000000000, 0.000000000000000000 ) ) ;
#1049 = EDGE_CURVE ( 'NONE', #1044, #538, #1591, .T. ) ;
#1050 = AXIS2_PLACEMENT_3D ( 'NONE', #272, #2514, #83 ) ;
#1051 = ORIENTED_EDGE ( 'NONE', *, *, #982, .F. ) ;
#1052 = CARTESIAN_POINT ( 'NONE',  ( 22.42866279190552703, -32.93937835615508902, 12.00000000000000178 ) ) ;
#1053 = EDGE_CURVE ( 'NONE', #586, #2824, #3302, .T. ) ;
#1054 = FACE_OUTER_BOUND ( 'NONE', #2733, .T. ) ;
#1055 = EDGE_CURVE ( 'NONE', #2138, #1285, #3138, .T. ) ;
#1056 = LINE ( 'NONE', #1073, #1280 ) ;
#1057 = VECTOR ( 'NONE', #3323, 1000.000000000000000 ) ;
#1058 = DIRECTION ( 'NONE',  ( 1.000000000000000000, 0.000000000000000000, 0.000000000000000000 ) ) ;
#1059 = FACE_BOUND ( 'NONE', #1894, .T. ) ;
#1060 = DIRECTION ( 'NONE',  ( 1.000000000000000000, 0.000000000000000000, 0.000000000000000000 ) ) ;
#1061 = CYLINDRICAL_SURFACE ( 'NONE', #913, 1.649999999999998579 ) ;
#1062 = VERTEX_POINT ( 'NONE', #1009 ) ;
#1063 = EDGE_CURVE ( 'NONE', #951, #2072, #2959, .T. ) ;
#1064 = CARTESIAN_POINT ( 'NONE',  ( 47.08530411551807759, -54.94352831224597367, 30.56126983722215229 ) ) ;
#1065 = ORIENTED_EDGE ( 'NONE', *, *, #1357, .F. ) ;
#1066 = DIRECTION ( 'NONE',  ( 0.000000000000000000, 0.000000000000000000, -1.000000000000000000 ) ) ;
#1067 = VECTOR ( 'NONE', #3497, 1000.000000000000000 ) ;
#1068 = VERTEX_POINT ( 'NONE', #2365 ) ;
#1069 = FACE_BOUND ( 'NONE', #2931, .T. ) ;
#1070 = AXIS2_PLACEMENT_3D ( 'NONE', #1981, #109, #818 ) ;
#1071 = DIRECTION ( 'NONE',  ( 1.000000000000000000, 0.000000000000000000, 0.000000000000000000 ) ) ;
#1072 = CIRCLE ( 'NONE', #2331, 1.650000000000002132 ) ;
#1073 = CARTESIAN_POINT ( 'NONE',  ( 3.759189279442242348, -35.48769224826034474, 30.56126983722215229 ) ) ;
#1074 = DIRECTION ( 'NONE',  ( 0.000000000000000000, 0.000000000000000000, -1.000000000000000000 ) ) ;
#1075 = FACE_BOUND ( 'NONE', #701, .T. ) ;
#1076 = CARTESIAN_POINT ( 'NONE',  ( 49.44339075359364699, -12.13079032706759719, 21.44999999999999574 ) ) ;
#1077 = CARTESIAN_POINT ( 'NONE',  ( 46.68866279190552859, -32.93937835615508902, 25.34999999999999787 ) ) ;
#1078 = ORIENTED_EDGE ( 'NONE', *, *, #2625, .F. ) ;
#1079 = CARTESIAN_POINT ( 'NONE',  ( 23.03026092267526792, -7.635352861589228546, 6.950000000000000178 ) ) ;
#1080 = ORIENTED_EDGE ( 'NONE', *, *, #233, .F. ) ;
#1081 = DIRECTION ( 'NONE',  ( 0.000000000000000000, 0.000000000000000000, 1.000000000000000000 ) ) ;
#1082 = ORIENTED_EDGE ( 'NONE', *, *, #67, .T. ) ;
#1083 = CARTESIAN_POINT ( 'NONE',  ( 13.87876021520834868, -17.02947577945764124, 28.44999999999999929 ) ) ;
#1084 = AXIS2_PLACEMENT_3D ( 'NONE', #1100, #2672, #523 ) ;
#1085 = EDGE_CURVE ( 'NONE', #1441, #2323, #2615, .T. ) ;
#1086 = DIRECTION ( 'NONE',  ( 1.000000000000000000, 0.000000000000000000, 0.000000000000000000 ) ) ;
#1087 = VERTEX_POINT ( 'NONE', #1040 ) ;
#1088 = DIRECTION ( 'NONE',  ( 1.000000000000000000, 0.000000000000000000, 0.000000000000000000 ) ) ;
#1089 = CIRCLE ( 'NONE', #3312, 1.024999999999998135 ) ;
#1090 = CARTESIAN_POINT ( 'NONE',  ( 40.05706466113627329, -58.24340385072076032, 21.44999999999999574 ) ) ;
#1091 = ADVANCED_FACE ( 'NONE', ( #186 ), #2903, .F. ) ;
#1092 = FACE_OUTER_BOUND ( 'NONE', #812, .T. ) ;
#1093 = CIRCLE ( 'NONE', #1551, 0.7999999999994191757 ) ;
#1094 = EDGE_CURVE ( 'NONE', #1645, #379, #469, .T. ) ;
#1095 = DIRECTION ( 'NONE',  ( 0.000000000000000000, 0.000000000000000000, -1.000000000000000000 ) ) ;
#1096 = FACE_OUTER_BOUND ( 'NONE', #2036, .T. ) ;
#1097 = LINE ( 'NONE', #3270, #1640 ) ;
#1098 = EDGE_LOOP ( 'NONE', ( #2347, #2230 ) ) ;
#1099 = AXIS2_PLACEMENT_3D ( 'NONE', #581, #1639, #297 ) ;
#1100 = CARTESIAN_POINT ( 'NONE',  ( 56.74268828647117857, -23.52097648692426546, 6.950000000000000178 ) ) ;
#1101 = VERTEX_POINT ( 'NONE', #1577 ) ;
#1102 = FACE_OUTER_BOUND ( 'NONE', #198, .T. ) ;
#1103 = ORIENTED_EDGE ( 'NONE', *, *, #2997, .T. ) ;
#1104 = FACE_OUTER_BOUND ( 'NONE', #468, .T. ) ;
#1105 = EDGE_CURVE ( 'NONE', #211, #191, #1873, .T. ) ;
#1106 = AXIS2_PLACEMENT_3D ( 'NONE', #2477, #48, #2211 ) ;
#1107 = AXIS2_PLACEMENT_3D ( 'NONE', #2528, #383, #1462 ) ;
#1108 = DIRECTION ( 'NONE',  ( 0.000000000000000000, 0.000000000000000000, 1.000000000000000000 ) ) ;
#1109 = ORIENTED_EDGE ( 'NONE', *, *, #2413, .T. ) ;
#1110 = DIRECTION ( 'NONE',  ( -1.000000000000000000, 0.000000000000000000, 0.000000000000000000 ) ) ;
#1111 = CIRCLE ( 'NONE', #1793, 1.649999999999998579 ) ;
#1112 = AXIS2_PLACEMENT_3D ( 'NONE', #2892, #2023, #413 ) ;
#1113 = CYLINDRICAL_SURFACE ( 'NONE', #275, 0.7999999999994191757 ) ;
#1114 = ORIENTED_EDGE ( 'NONE', *, *, #1010, .F. ) ;
#1115 = DIRECTION ( 'NONE',  ( 0.000000000000000000, 0.000000000000000000, -1.000000000000000000 ) ) ;
#1116 = CARTESIAN_POINT ( 'NONE',  ( 15.52876021520812522, -48.84928093285233075, 25.00000000000000000 ) ) ;
#1117 = CARTESIAN_POINT ( 'NONE',  ( 20.20583060305464329, -57.49184220435173387, 30.56126983722215229 ) ) ;
#1118 = CIRCLE ( 'NONE', #1907, 0.8000000000000090372 ) ;
#1119 = VECTOR ( 'NONE', #3225, 1000.000000000000000 ) ;
#1120 = VERTEX_POINT ( 'NONE', #2126 ) ;
#1121 = CARTESIAN_POINT ( 'NONE',  ( 28.89034889979984655, -6.059904843690986809, 3.450000000000000178 ) ) ;
#1122 = CARTESIAN_POINT ( 'NONE',  ( 47.34856536860258558, -48.84928093285265049, 28.44999999999999929 ) ) ;
#1123 = ORIENTED_EDGE ( 'NONE', *, *, #3459, .T. ) ;
#1124 = EDGE_CURVE ( 'NONE', #3451, #2037, #2053, .T. ) ;
#1125 = DIRECTION ( 'NONE',  ( -0.000000000000000000, -0.000000000000000000, 1.000000000000000000 ) ) ;
#1126 = ORIENTED_EDGE ( 'NONE', *, *, #2019, .F. ) ;
#1127 = DIRECTION ( 'NONE',  ( 0.000000000000000000, 0.000000000000000000, -1.000000000000000000 ) ) ;
#1128 = EDGE_LOOP ( 'NONE', ( #2387, #1917, #295, #307, #442, #401, #3167, #1408, #24, #32, #123, #1532 ) ) ;
#1129 = DIRECTION ( 'NONE',  ( 1.000000000000000000, 0.000000000000000000, 0.000000000000000000 ) ) ;
#1130 = EDGE_CURVE ( 'NONE', #3255, #126, #1435, .T. ) ;
#1131 = DIRECTION ( 'NONE',  ( 1.000000000000000000, 0.000000000000000000, 0.000000000000000000 ) ) ;
#1132 = ORIENTED_EDGE ( 'NONE', *, *, #2795, .T. ) ;
#1133 = CARTESIAN_POINT ( 'NONE',  ( 56.74268828647117857, -23.52097648692426546, 6.950000000000000178 ) ) ;
#1134 = EDGE_CURVE ( 'NONE', #3342, #2556, #2146, .T. ) ;
#1135 = CARTESIAN_POINT ( 'NONE',  ( 14.50376021520791348, -48.84928093285233075, 28.44999999999999929 ) ) ;
#1136 = CIRCLE ( 'NONE', #3128, 0.8000000000000020428 ) ;
#1137 = AXIS2_PLACEMENT_3D ( 'NONE', #2674, #1081, #2639 ) ;
#1138 = VECTOR ( 'NONE', #2228, 1000.000000000000000 ) ;
#1139 = ORIENTED_EDGE ( 'NONE', *, *, #1999, .T. ) ;
#1140 = LINE ( 'NONE', #827, #1701 ) ;
#1141 = DIRECTION ( 'NONE',  ( -0.9762960071199329182, 0.2164396139381047357, 0.000000000000000000 ) ) ;
#1142 = EDGE_CURVE ( 'NONE', #1144, #2370, #1249, .T. ) ;
#1143 = CARTESIAN_POINT ( 'NONE',  ( 47.08530411551807759, -54.94352831224597367, 9.449999999999999289 ) ) ;
#1144 = VERTEX_POINT ( 'NONE', #2946 ) ;
#1145 = LINE ( 'NONE', #1691, #403 ) ;
#1146 = CARTESIAN_POINT ( 'NONE',  ( 34.78697668401115806, -59.81885186861801884, 30.56126983722215229 ) ) ;
#1147 = ORIENTED_EDGE ( 'NONE', *, *, #3366, .F. ) ;
#1148 = ORIENTED_EDGE ( 'NONE', *, *, #1433, .F. ) ;
#1149 = VECTOR ( 'NONE', #238, 1000.000000000000000 ) ;
#1150 = ORIENTED_EDGE ( 'NONE', *, *, #440, .F. ) ;
#1151 = DIRECTION ( 'NONE',  ( -1.000000000000000000, 0.000000000000000000, 0.000000000000000000 ) ) ;
#1152 = CARTESIAN_POINT ( 'NONE',  ( 57.75268828647117658, -23.52097648692426546, 6.950000000000000178 ) ) ;
#1153 = ORIENTED_EDGE ( 'NONE', *, *, #2426, .T. ) ;
#1154 = CYLINDRICAL_SURFACE ( 'NONE', #948, 4.110000000000002984 ) ;
#1155 = AXIS2_PLACEMENT_3D ( 'NONE', #1017, #1816, #748 ) ;
#1156 = DIRECTION ( 'NONE',  ( -1.000000000000000000, 0.000000000000000000, 0.000000000000000000 ) ) ;
#1157 = AXIS2_PLACEMENT_3D ( 'NONE', #2181, #1095, #1296 ) ;
#1158 = DIRECTION ( 'NONE',  ( 1.000000000000000000, 0.000000000000000000, 0.000000000000000000 ) ) ;
#1159 = DIRECTION ( 'NONE',  ( 0.000000000000000000, 0.000000000000000000, -1.000000000000000000 ) ) ;
#1160 = EDGE_CURVE ( 'NONE', #2210, #1120, #2380, .T. ) ;
#1161 = DIRECTION ( 'NONE',  ( 0.000000000000000000, 0.000000000000000000, 1.000000000000000000 ) ) ;
#1162 = VERTEX_POINT ( 'NONE', #1839 ) ;
#1163 = DIRECTION ( 'NONE',  ( -0.000000000000000000, -0.000000000000000000, 1.000000000000000000 ) ) ;
#1164 = FACE_OUTER_BOUND ( 'NONE', #900, .T. ) ;
#1165 = VERTEX_POINT ( 'NONE', #3153 ) ;
#1166 = ORIENTED_EDGE ( 'NONE', *, *, #1523, .F. ) ;
#1167 = VERTEX_POINT ( 'NONE', #3449 ) ;
#1168 = CARTESIAN_POINT ( 'NONE',  ( 15.79202146829384468, -10.93522840006318297, 30.56126983722215229 ) ) ;
#1169 = CARTESIAN_POINT ( 'NONE',  ( 6.134637297340448825, -42.35778022538745802, 3.450000000000000178 ) ) ;
#1170 = ORIENTED_EDGE ( 'NONE', *, *, #2597, .F. ) ;
#1171 = CARTESIAN_POINT ( 'NONE',  ( 21.00583060305431005, -57.49184220435173387, 9.449999999999999289 ) ) ;
#1172 = CARTESIAN_POINT ( 'NONE',  ( 21.00583060305431005, -57.49184220435173387, 30.56126983722215229 ) ) ;
#1173 = EDGE_CURVE ( 'NONE', #2351, #2171, #3184, .T. ) ;
#1174 = ADVANCED_FACE ( 'NONE', ( #517, #456 ), #3433, .T. ) ;
#1175 = VECTOR ( 'NONE', #304, 1000.000000000000000 ) ;
#1176 = DIRECTION ( 'NONE',  ( -1.000000000000000000, 0.000000000000000000, 0.000000000000000000 ) ) ;
#1177 = CARTESIAN_POINT ( 'NONE',  ( 48.37356536860258416, -48.84928093285265049, 28.44999999999999929 ) ) ;
#1178 = DIRECTION ( 'NONE',  ( 0.000000000000000000, 0.000000000000000000, 1.000000000000000000 ) ) ;
#1179 = VERTEX_POINT ( 'NONE', #2916 ) ;
#1180 = LINE ( 'NONE', #666, #2594 ) ;
#1181 = DIRECTION ( 'NONE',  ( 1.000000000000000000, 0.000000000000000000, 0.000000000000000000 ) ) ;
#1182 = VERTEX_POINT ( 'NONE', #2179 ) ;
#1183 = ORIENTED_EDGE ( 'NONE', *, *, #962, .T. ) ;
#1184 = ORIENTED_EDGE ( 'NONE', *, *, #1244, .T. ) ;
#1185 = DIRECTION ( 'NONE',  ( -1.000000000000000000, 0.000000000000000000, 0.000000000000000000 ) ) ;
#1186 = ADVANCED_FACE ( 'NONE', ( #1610 ), #1345, .F. ) ;
#1187 = CARTESIAN_POINT ( 'NONE',  ( 55.99112664010311846, -44.17221054500589617, 30.56126983722215229 ) ) ;
#1188 = ORIENTED_EDGE ( 'NONE', *, *, #384, .T. ) ;
#1189 = DIRECTION ( 'NONE',  ( 0.000000000000000000, 0.000000000000000000, 1.000000000000000000 ) ) ;
#1190 = DIRECTION ( 'NONE',  ( 1.000000000000000000, 0.000000000000000000, 0.000000000000000000 ) ) ;
#1191 = AXIS2_PLACEMENT_3D ( 'NONE', #591, #2246, #42 ) ;
#1192 = VECTOR ( 'NONE', #2356, 1000.000000000000000 ) ;
#1193 = FACE_OUTER_BOUND ( 'NONE', #2052, .T. ) ;
#1194 = CARTESIAN_POINT ( 'NONE',  ( 4.815532960987606081, -28.44394089067633047, 27.44999999999999929 ) ) ;
#1195 = ORIENTED_EDGE ( 'NONE', *, *, #1085, .T. ) ;
#1196 = CARTESIAN_POINT ( 'NONE',  ( 39.84706466113730983, -58.24340385072038373, 6.950000000000000178 ) ) ;
#1197 = VECTOR ( 'NONE', #3291, 1000.000000000000000 ) ;
#1198 = LINE ( 'NONE', #2288, #1507 ) ;
#1199 = ORIENTED_EDGE ( 'NONE', *, *, #291, .F. ) ;
#1200 = EDGE_CURVE ( 'NONE', #345, #3005, #683, .T. ) ;
#1201 = EDGE_LOOP ( 'NONE', ( #54, #1001 ) ) ;
#1202 = VERTEX_POINT ( 'NONE', #807 ) ;
#1203 = EDGE_CURVE ( 'NONE', #392, #2605, #1140, .T. ) ;
#1204 = CARTESIAN_POINT ( 'NONE',  ( 44.68866279190552149, -32.93937835615508902, 22.00000000000000355 ) ) ;
#1205 = VERTEX_POINT ( 'NONE', #3019 ) ;
#1206 = DIRECTION ( 'NONE',  ( 1.000000000000000000, 0.000000000000000000, -0.000000000000000000 ) ) ;
#1207 = ORIENTED_EDGE ( 'NONE', *, *, #999, .F. ) ;
#1208 = DIRECTION ( 'NONE',  ( -1.000000000000000000, 0.000000000000000000, 0.000000000000000000 ) ) ;
#1209 = AXIS2_PLACEMENT_3D ( 'NONE', #2258, #3375, #934 ) ;
#1210 = DIRECTION ( 'NONE',  ( -0.000000000000000000, 0.000000000000000000, -1.000000000000000000 ) ) ;
#1211 = EDGE_CURVE ( 'NONE', #2308, #2513, #2095, .T. ) ;
#1212 = VERTEX_POINT ( 'NONE', #2428 ) ;
#1213 = DIRECTION ( 'NONE',  ( -1.000000000000000000, 0.000000000000000000, 0.000000000000000000 ) ) ;
#1214 = CYLINDRICAL_SURFACE ( 'NONE', #515, 29.00000000000000355 ) ;
#1215 = ORIENTED_EDGE ( 'NONE', *, *, #2229, .F. ) ;
#1216 = VERTEX_POINT ( 'NONE', #849 ) ;
#1217 = AXIS2_PLACEMENT_3D ( 'NONE', #1685, #2779, #1176 ) ;
#1218 = ORIENTED_EDGE ( 'NONE', *, *, #2727, .T. ) ;
#1219 = DIRECTION ( 'NONE',  ( 0.000000000000000000, 0.000000000000000000, -1.000000000000000000 ) ) ;
#1220 = ORIENTED_EDGE ( 'NONE', *, *, #1587, .T. ) ;
#1221 = CYLINDRICAL_SURFACE ( 'NONE', #232, 0.8000000000000090372 ) ;
#1222 = ORIENTED_EDGE ( 'NONE', *, *, #655, .T. ) ;
#1223 = CIRCLE ( 'NONE', #437, 1.024999999999998135 ) ;
#1224 = EDGE_CURVE ( 'NONE', #1341, #918, #2609, .T. ) ;
#1225 = DIRECTION ( 'NONE',  ( 1.000000000000000000, 0.000000000000000000, 0.000000000000000000 ) ) ;
#1226 = AXIS2_PLACEMENT_3D ( 'NONE', #3171, #1844, #3450 ) ;
#1227 = EDGE_CURVE ( 'NONE', #1828, #1665, #587, .T. ) ;
#1228 = AXIS2_PLACEMENT_3D ( 'NONE', #2754, #631, #1447 ) ;
#1229 = CARTESIAN_POINT ( 'NONE',  ( 49.44339075359364699, -12.13079032706759719, 27.44999999999999929 ) ) ;
#1230 = CIRCLE ( 'NONE', #159, 1.009999999999997122 ) ;
#1231 = EDGE_LOOP ( 'NONE', ( #3089, #1109, #1252, #374 ) ) ;
#1232 = FACE_OUTER_BOUND ( 'NONE', #3404, .T. ) ;
#1233 = AXIS2_PLACEMENT_3D ( 'NONE', #1658, #3094, #659 ) ;
#1234 = EDGE_LOOP ( 'NONE', ( #2850, #367 ) ) ;
#1235 = EDGE_LOOP ( 'NONE', ( #981, #2417 ) ) ;
#1236 = CARTESIAN_POINT ( 'NONE',  ( 22.02026092267527702, -7.635352861589228546, 27.44999999999999929 ) ) ;
#1237 = AXIS2_PLACEMENT_3D ( 'NONE', #2796, #96, #2483 ) ;
#1238 = ORIENTED_EDGE ( 'NONE', *, *, #1484, .F. ) ;
#1239 = DIRECTION ( 'NONE',  ( 0.000000000000000000, 0.000000000000000000, 1.000000000000000000 ) ) ;
#1240 = AXIS2_PLACEMENT_3D ( 'NONE', #1415, #555, #310 ) ;
#1241 = ORIENTED_EDGE ( 'NONE', *, *, #1847, .T. ) ;
#1242 = CARTESIAN_POINT ( 'NONE',  ( 14.50376021520835046, -17.02947577945764124, 28.44999999999999929 ) ) ;
#1243 = FACE_OUTER_BOUND ( 'NONE', #3083, .T. ) ;
#1244 = EDGE_CURVE ( 'NONE', #3431, #3342, #2700, .T. ) ;
#1245 = EDGE_CURVE ( 'NONE', #1262, #1674, #1015, .T. ) ;
#1246 = DIRECTION ( 'NONE',  ( 0.000000000000000000, 0.000000000000000000, -1.000000000000000000 ) ) ;
#1247 = DIRECTION ( 'NONE',  ( 1.000000000000000000, 0.000000000000000000, 0.000000000000000000 ) ) ;
#1248 = ORIENTED_EDGE ( 'NONE', *, *, #67, .F. ) ;
#1249 = CIRCLE ( 'NONE', #630, 25.50000000000000000 ) ;
#1250 = CARTESIAN_POINT ( 'NONE',  ( 4.559189279442514398, -35.48769224826034474, 9.449999999999999289 ) ) ;
#1251 = ADVANCED_FACE ( 'NONE', ( #303 ), #569, .F. ) ;
#1252 = ORIENTED_EDGE ( 'NONE', *, *, #1534, .T. ) ;
#1253 = AXIS2_PLACEMENT_3D ( 'NONE', #1834, #2158, #2925 ) ;
#1254 = ORIENTED_EDGE ( 'NONE', *, *, #384, .F. ) ;
#1255 = CARTESIAN_POINT ( 'NONE',  ( 43.91866279190552547, -32.93937835615508902, 22.00000000000000711 ) ) ;
#1256 = ORIENTED_EDGE ( 'NONE', *, *, #3480, .T. ) ;
#1257 = CARTESIAN_POINT ( 'NONE',  ( 58.31813630436960949, -30.39106446404913342, 30.56126983722215229 ) ) ;
#1258 = DIRECTION ( 'NONE',  ( -0.000000000000000000, -0.000000000000000000, -1.000000000000000000 ) ) ;
#1259 = ADVANCED_FACE ( 'NONE', ( #1646 ), #2, .F. ) ;
#1260 = DIRECTION ( 'NONE',  ( -1.000000000000000000, 0.000000000000000000, -0.000000000000000000 ) ) ;
#1261 = DIRECTION ( 'NONE',  ( 0.000000000000000000, 0.000000000000000000, 1.000000000000000000 ) ) ;
#1262 = VERTEX_POINT ( 'NONE', #2201 ) ;
#1263 = DIRECTION ( 'NONE',  ( 0.000000000000000000, -0.000000000000000000, 1.000000000000000000 ) ) ;
#1264 = CIRCLE ( 'NONE', #2448, 9.009999999999998010 ) ;
#1265 = DIRECTION ( 'NONE',  ( 0.000000000000000000, 0.000000000000000000, 1.000000000000000000 ) ) ;
#1266 = VECTOR ( 'NONE', #1351, 1000.000000000000000 ) ;
#1267 = VERTEX_POINT ( 'NONE', #2980 ) ;
#1268 = CYLINDRICAL_SURFACE ( 'NONE', #1373, 1.649999999999998579 ) ;
#1269 = ORIENTED_EDGE ( 'NONE', *, *, #682, .F. ) ;
#1270 = CARTESIAN_POINT ( 'NONE',  ( 48.37356536860281153, -17.02947577945774427, 16.44999999999999929 ) ) ;
#1271 = LINE ( 'NONE', #3060, #1354 ) ;
#1272 = VECTOR ( 'NONE', #527, 1000.000000000000000 ) ;
#1273 = DIRECTION ( 'NONE',  ( -0.000000000000000000, -0.000000000000000000, -1.000000000000000000 ) ) ;
#1274 = CARTESIAN_POINT ( 'NONE',  ( 47.34856536860281295, -17.02947577945774427, 16.44999999999999929 ) ) ;
#1275 = EDGE_CURVE ( 'NONE', #218, #3415, #1403, .T. ) ;
#1276 = CIRCLE ( 'NONE', #605, 0.7999999999993359090 ) ;
#1277 = CARTESIAN_POINT ( 'NONE',  ( 31.43866279190552504, -32.93937835615508902, 27.44999999999999929 ) ) ;
#1278 = VERTEX_POINT ( 'NONE', #2489 ) ;
#1279 = DIRECTION ( 'NONE',  ( 0.000000000000000000, 0.000000000000000000, 1.000000000000000000 ) ) ;
#1280 = VECTOR ( 'NONE', #2663, 1000.000000000000000 ) ;
#1281 = DIRECTION ( 'NONE',  ( 0.000000000000000000, 0.000000000000000000, 1.000000000000000000 ) ) ;
#1282 = VECTOR ( 'NONE', #3199, 1000.000000000000000 ) ;
#1283 = ORIENTED_EDGE ( 'NONE', *, *, #269, .F. ) ;
#1284 = DIRECTION ( 'NONE',  ( -0.000000000000000000, -0.000000000000000000, 1.000000000000000000 ) ) ;
#1285 = VERTEX_POINT ( 'NONE', #3283 ) ;
#1286 = CARTESIAN_POINT ( 'NONE',  ( 52.64281274799736110, -17.29273703254245476, 30.56126983722215229 ) ) ;
#1287 = ORIENTED_EDGE ( 'NONE', *, *, #1797, .F. ) ;
#1288 = CARTESIAN_POINT ( 'NONE',  ( 31.43866279190552504, -32.93937835615508902, 3.450000000000000178 ) ) ;
#1289 = ADVANCED_FACE ( 'NONE', ( #871 ), #1952, .F. ) ;
#1290 = DIRECTION ( 'NONE',  ( 1.000000000000000000, 0.000000000000000000, 0.000000000000000000 ) ) ;
#1291 = PLANE ( 'NONE',  #1841 ) ;
#1292 = DIRECTION ( 'NONE',  ( 0.000000000000000000, 0.000000000000000000, 1.000000000000000000 ) ) ;
#1293 = ORIENTED_EDGE ( 'NONE', *, *, #3170, .F. ) ;
#1294 = DIRECTION ( 'NONE',  ( 1.000000000000000000, 0.000000000000000000, -0.000000000000000000 ) ) ;
#1295 = ADVANCED_FACE ( 'NONE', ( #2445 ), #791, .T. ) ;
#1296 = DIRECTION ( 'NONE',  ( -1.000000000000000000, 0.000000000000000000, 0.000000000000000000 ) ) ;
#1297 = DIRECTION ( 'NONE',  ( 0.000000000000000000, 0.000000000000000000, 1.000000000000000000 ) ) ;
#1298 = CIRCLE ( 'NONE', #2839, 9.009999999999999787 ) ;
#1299 = AXIS2_PLACEMENT_3D ( 'NONE', #2425, #546, #1071 ) ;
#1300 = VERTEX_POINT ( 'NONE', #2964 ) ;
#1301 = AXIS2_PLACEMENT_3D ( 'NONE', #1379, #2463, #3041 ) ;
#1302 = CIRCLE ( 'NONE', #3130, 0.8000000000004513501 ) ;
#1303 = DIRECTION ( 'NONE',  ( 0.000000000000000000, 0.000000000000000000, -1.000000000000000000 ) ) ;
#1304 = ORIENTED_EDGE ( 'NONE', *, *, #869, .F. ) ;
#1305 = DIRECTION ( 'NONE',  ( 1.000000000000000000, 0.000000000000000000, 0.000000000000000000 ) ) ;
#1306 = AXIS2_PLACEMENT_3D ( 'NONE', #1496, #2319, #3402 ) ;
#1307 = CARTESIAN_POINT ( 'NONE',  ( 54.24281274799736963, -17.29273703254245476, 30.56126983722215229 ) ) ;
#1308 = EDGE_CURVE ( 'NONE', #544, #90, #3460, .T. ) ;
#1309 = ORIENTED_EDGE ( 'NONE', *, *, #2846, .T. ) ;
#1310 = DIRECTION ( 'NONE',  ( 0.000000000000000000, 0.000000000000000000, 1.000000000000000000 ) ) ;
#1311 = VERTEX_POINT ( 'NONE', #286 ) ;
#1312 = VECTOR ( 'NONE', #1812, 1000.000000000000000 ) ;
#1313 = DIRECTION ( 'NONE',  ( 1.000000000000000000, 0.000000000000000000, 0.000000000000000000 ) ) ;
#1314 = ADVANCED_FACE ( 'NONE', ( #1092 ), #2878, .T. ) ;
#1315 = PLANE ( 'NONE',  #2682 ) ;
#1316 = DIRECTION ( 'NONE',  ( 1.000000000000000000, 0.000000000000000000, 0.000000000000000000 ) ) ;
#1317 = CIRCLE ( 'NONE', #1155, 0.7999999999994054090 ) ;
#1318 = ORIENTED_EDGE ( 'NONE', *, *, #763, .T. ) ;
#1319 = EDGE_CURVE ( 'NONE', #2803, #1212, #1136, .T. ) ;
#1320 = PRESENTATION_LAYER_ASSIGNMENT (  '', '', ( #2167 ) ) ;
#1321 = DIRECTION ( 'NONE',  ( -0.000000000000000000, -0.000000000000000000, -1.000000000000000000 ) ) ;
#1322 = VERTEX_POINT ( 'NONE', #182 ) ;
#1323 = CARTESIAN_POINT ( 'NONE',  ( 22.02026092267527702, -7.635352861589228546, 21.44999999999999574 ) ) ;
#1324 = ORIENTED_EDGE ( 'NONE', *, *, #1606, .F. ) ;
#1325 = CARTESIAN_POINT ( 'NONE',  ( 41.65706466113626760, -58.24340385072076032, 21.44999999999999574 ) ) ;
#1326 = EDGE_LOOP ( 'NONE', ( #1939, #429 ) ) ;
#1327 = AXIS2_PLACEMENT_3D ( 'NONE', #2942, #264, #738 ) ;
#1328 = CARTESIAN_POINT ( 'NONE',  ( 31.43866279190552504, -32.93937835615508902, 27.44999999999999929 ) ) ;
#1329 = EDGE_CURVE ( 'NONE', #2138, #749, #785, .T. ) ;
#1330 = CARTESIAN_POINT ( 'NONE',  ( 40.05706466113627329, -58.24340385072076032, 21.44999999999999574 ) ) ;
#1331 = EDGE_CURVE ( 'NONE', #1824, #340, #1527, .T. ) ;
#1332 = CARTESIAN_POINT ( 'NONE',  ( 31.43866279190552504, -32.93937835615508902, 16.15000000000000213 ) ) ;
#1333 = CIRCLE ( 'NONE', #1554, 1.500000000000001332 ) ;
#1334 = EDGE_LOOP ( 'NONE', ( #3419, #1293 ) ) ;
#1335 = CIRCLE ( 'NONE', #2979, 0.7999999999993359090 ) ;
#1336 = FACE_OUTER_BOUND ( 'NONE', #3304, .T. ) ;
#1337 = VECTOR ( 'NONE', #1141, 1000.000000000000000 ) ;
#1338 = ORIENTED_EDGE ( 'NONE', *, *, #1142, .T. ) ;
#1339 = DIRECTION ( 'NONE',  ( 1.000000000000000000, 0.000000000000000000, 0.000000000000000000 ) ) ;
#1340 = CIRCLE ( 'NONE', #3336, 0.8000000000000090372 ) ;
#1341 = VERTEX_POINT ( 'NONE', #1522 ) ;
#1342 = DIRECTION ( 'NONE',  ( 0.000000000000000000, 0.000000000000000000, -1.000000000000000000 ) ) ;
#1343 = CARTESIAN_POINT ( 'NONE',  ( 58.06179262282417142, -37.43481582163340704, 21.44999999999999574 ) ) ;
#1344 = DIRECTION ( 'NONE',  ( 0.000000000000000000, 0.000000000000000000, 1.000000000000000000 ) ) ;
#1345 = PLANE ( 'NONE',  #3287 ) ;
#1346 = SURFACE_SIDE_STYLE ('',( #256 ) ) ;
#1347 = DIRECTION ( 'NONE',  ( -1.000000000000000000, 0.000000000000000000, 0.000000000000000000 ) ) ;
#1348 = CARTESIAN_POINT ( 'NONE',  ( 18.18866279190552859, -32.93937835615508902, 22.00000000000000355 ) ) ;
#1349 = EDGE_CURVE ( 'NONE', #1730, #1747, #2241, .T. ) ;
#1350 = ORIENTED_EDGE ( 'NONE', *, *, #2500, .T. ) ;
#1351 = DIRECTION ( 'NONE',  ( 0.000000000000000000, 0.000000000000000000, -1.000000000000000000 ) ) ;
#1352 = EDGE_LOOP ( 'NONE', ( #3297, #2080, #968, #640 ) ) ;
#1353 = CARTESIAN_POINT ( 'NONE',  ( 28.09034889979983518, -6.059904843690986809, 30.56126983722215229 ) ) ;
#1354 = VECTOR ( 'NONE', #1258, 1000.000000000000000 ) ;
#1355 = ORIENTED_EDGE ( 'NONE', *, *, #763, .F. ) ;
#1356 = LINE ( 'NONE', #1307, #2694 ) ;
#1357 = EDGE_CURVE ( 'NONE', #226, #1937, #1636, .T. ) ;
#1358 = CARTESIAN_POINT ( 'NONE',  ( 31.43866279190552504, -32.93937835615508902, 22.00000000000000355 ) ) ;
#1359 = CIRCLE ( 'NONE', #3358, 0.7999999999999951594 ) ;
#1360 = FACE_OUTER_BOUND ( 'NONE', #1047, .T. ) ;
#1361 = FACE_OUTER_BOUND ( 'NONE', #2132, .T. ) ;
#1362 = CARTESIAN_POINT ( 'NONE',  ( 14.50376021520813019, -48.84928093285233075, 16.44999999999999929 ) ) ;
#1363 = PLANE ( 'NONE',  #1776 ) ;
#1364 = CARTESIAN_POINT ( 'NONE',  ( 31.43866279190552504, -32.93937835615508902, 3.450000000000000178 ) ) ;
#1365 = EDGE_CURVE ( 'NONE', #1062, #882, #1804, .T. ) ;
#1366 = DIRECTION ( 'NONE',  ( -0.000000000000000000, -0.000000000000000000, 1.000000000000000000 ) ) ;
#1367 = VERTEX_POINT ( 'NONE', #430 ) ;
#1368 = CARTESIAN_POINT ( 'NONE',  ( 40.85706466113730784, -58.24340385072038373, 6.950000000000000178 ) ) ;
#1369 = ORIENTED_EDGE ( 'NONE', *, *, #2247, .F. ) ;
#1370 = DIRECTION ( 'NONE',  ( -0.000000000000000000, -0.000000000000000000, 1.000000000000000000 ) ) ;
#1371 = ORIENTED_EDGE ( 'NONE', *, *, #2829, .T. ) ;
#1372 = DIRECTION ( 'NONE',  ( 0.000000000000000000, 0.000000000000000000, -1.000000000000000000 ) ) ;
#1373 = AXIS2_PLACEMENT_3D ( 'NONE', #1566, #207, #2338 ) ;
#1374 = DIRECTION ( 'NONE',  ( 0.000000000000000000, 0.000000000000000000, -1.000000000000000000 ) ) ;
#1375 = ORIENTED_EDGE ( 'NONE', *, *, #2000, .T. ) ;
#1376 = DIRECTION ( 'NONE',  ( -0.000000000000000000, -0.000000000000000000, -1.000000000000000000 ) ) ;
#1377 = LINE ( 'NONE', #2750, #1406 ) ;
#1378 = ORIENTED_EDGE ( 'NONE', *, *, #1693, .T. ) ;
#1379 = CARTESIAN_POINT ( 'NONE',  ( 31.43866279190552504, -32.93937835615508902, 41.63412839396316656 ) ) ;
#1380 = EDGE_CURVE ( 'NONE', #3255, #3455, #1271, .T. ) ;
#1381 = DIRECTION ( 'NONE',  ( -1.000000000000000000, 0.000000000000000000, 0.000000000000000000 ) ) ;
#1382 = DIRECTION ( 'NONE',  ( -0.000000000000000000, -0.000000000000000000, 1.000000000000000000 ) ) ;
#1383 = VERTEX_POINT ( 'NONE', #629 ) ;
#1384 = DIRECTION ( 'NONE',  ( -1.000000000000000000, 0.000000000000000000, 0.000000000000000000 ) ) ;
#1385 = CARTESIAN_POINT ( 'NONE',  ( 21.01026092267528611, -7.635352861589228546, 6.950000000000000178 ) ) ;
#1386 = VERTEX_POINT ( 'NONE', #1242 ) ;
#1387 = ADVANCED_FACE ( 'NONE', ( #1535 ), #906, .F. ) ;
#1388 = VECTOR ( 'NONE', #896, 1000.000000000000000 ) ;
#1389 = DIRECTION ( 'NONE',  ( 1.000000000000000000, 0.000000000000000000, 0.000000000000000000 ) ) ;
#1390 = VERTEX_POINT ( 'NONE', #2341 ) ;
#1391 = DIRECTION ( 'NONE',  ( -1.000000000000000000, 0.000000000000000000, 0.000000000000000000 ) ) ;
#1392 = VERTEX_POINT ( 'NONE', #1788 ) ;
#1393 = CARTESIAN_POINT ( 'NONE',  ( 48.37356536860281153, -17.02947577945774427, 25.00000000000000000 ) ) ;
#1394 = CIRCLE ( 'NONE', #157, 1.649999999999998579 ) ;
#1395 = AXIS2_PLACEMENT_3D ( 'NONE', #1274, #3180, #1821 ) ;
#1396 = AXIS2_PLACEMENT_3D ( 'NONE', #2983, #1912, #2703 ) ;
#1397 = DIRECTION ( 'NONE',  ( 0.000000000000000000, 0.000000000000000000, 1.000000000000000000 ) ) ;
#1398 = ORIENTED_EDGE ( 'NONE', *, *, #1606, .T. ) ;
#1399 = FACE_OUTER_BOUND ( 'NONE', #1326, .T. ) ;
#1400 = AXIS2_PLACEMENT_3D ( 'NONE', #1737, #396, #2773 ) ;
#1401 = DIRECTION ( 'NONE',  ( 1.000000000000000000, 0.000000000000000000, 0.000000000000000000 ) ) ;
#1402 = ORIENTED_EDGE ( 'NONE', *, *, #1275, .F. ) ;
#1403 = LINE ( 'NONE', #1362, #1067 ) ;
#1404 = LINE ( 'NONE', #2814, #2257 ) ;
#1405 = DIRECTION ( 'NONE',  ( 1.000000000000000000, 0.000000000000000000, 0.000000000000000000 ) ) ;
#1406 = VECTOR ( 'NONE', #2996, 1000.000000000000000 ) ;
#1407 = CIRCLE ( 'NONE', #1689, 1.009999999999990017 ) ;
#1408 = ORIENTED_EDGE ( 'NONE', *, *, #3496, .F. ) ;
#1409 = CARTESIAN_POINT ( 'NONE',  ( 6.134637297340448825, -42.35778022538745802, 6.950000000000000178 ) ) ;
#1410 = DIRECTION ( 'NONE',  ( 1.000000000000000000, 0.000000000000000000, 0.000000000000000000 ) ) ;
#1411 = VERTEX_POINT ( 'NONE', #3426 ) ;
#1412 = EDGE_CURVE ( 'NONE', #337, #1322, #2073, .T. ) ;
#1413 = CYLINDRICAL_SURFACE ( 'NONE', #20, 1.009999999999990017 ) ;
#1414 = ORIENTED_EDGE ( 'NONE', *, *, #2859, .T. ) ;
#1415 = CARTESIAN_POINT ( 'NONE',  ( 40.85706466113627044, -58.24340385072076032, 21.44999999999999574 ) ) ;
#1416 = ORIENTED_EDGE ( 'NONE', *, *, #3259, .T. ) ;
#1417 = DIRECTION ( 'NONE',  ( 1.000000000000000000, 0.000000000000000000, 0.000000000000000000 ) ) ;
#1418 = CARTESIAN_POINT ( 'NONE',  ( 16.05244214191719720, -34.81400208103232785, 27.44999999999999929 ) ) ;
#1419 = ORIENTED_EDGE ( 'NONE', *, *, #1673, .F. ) ;
#1420 = DIRECTION ( 'NONE',  ( 1.000000000000000000, 0.000000000000000000, -0.000000000000000000 ) ) ;
#1421 = ADVANCED_FACE ( 'NONE', ( #2329 ), #1706, .F. ) ;
#1422 = PRODUCT_DEFINITION_SHAPE ( 'NONE', 'NONE',  #161 ) ;
#1423 = CARTESIAN_POINT ( 'NONE',  ( 15.52876021520812522, -48.84928093285233075, 16.44999999999999929 ) ) ;
#1424 = CIRCLE ( 'NONE', #3410, 1.009999999999997122 ) ;
#1425 = ORIENTED_EDGE ( 'NONE', *, *, #518, .F. ) ;
#1426 = CARTESIAN_POINT ( 'NONE',  ( 18.95866279190552817, -32.93937835615508902, 57.29877051683244815 ) ) ;
#1427 = CARTESIAN_POINT ( 'NONE',  ( 22.82026092267527417, -7.635352861589228546, 21.44999999999999574 ) ) ;
#1428 = LINE ( 'NONE', #2244, #391 ) ;
#1429 = ORIENTED_EDGE ( 'NONE', *, *, #2074, .F. ) ;
#1430 = DIRECTION ( 'NONE',  ( -0.000000000000000000, -0.000000000000000000, -1.000000000000000000 ) ) ;
#1431 = PLANE ( 'NONE',  #1020 ) ;
#1432 = ORIENTED_EDGE ( 'NONE', *, *, #205, .F. ) ;
#1433 = EDGE_CURVE ( 'NONE', #2857, #2379, #79, .T. ) ;
#1434 = VERTEX_POINT ( 'NONE', #2508 ) ;
#1435 = CIRCLE ( 'NONE', #3418, 1.009999999999997122 ) ;
#1436 = ORIENTED_EDGE ( 'NONE', *, *, #2352, .F. ) ;
#1437 = CYLINDRICAL_SURFACE ( 'NONE', #199, 0.8000000000004738876 ) ;
#1438 = ADVANCED_FACE ( 'NONE', ( #1003 ), #1446, .T. ) ;
#1439 = ADVANCED_FACE ( 'NONE', ( #609 ), #97, .F. ) ;
#1440 = DIRECTION ( 'NONE',  ( 0.000000000000000000, 0.000000000000000000, -1.000000000000000000 ) ) ;
#1441 = VERTEX_POINT ( 'NONE', #3346 ) ;
#1442 = DIRECTION ( 'NONE',  ( 1.000000000000000000, 0.000000000000000000, 0.000000000000000000 ) ) ;
#1443 = VECTOR ( 'NONE', #2038, 1000.000000000000000 ) ;
#1444 = LINE ( 'NONE', #1927, #220 ) ;
#1445 = CIRCLE ( 'NONE', #978, 0.8000000000000090372 ) ;
#1446 = CYLINDRICAL_SURFACE ( 'NONE', #2067, 12.47999999999999865 ) ;
#1447 = DIRECTION ( 'NONE',  ( 1.000000000000000000, 0.000000000000000000, 0.000000000000000000 ) ) ;
#1448 = CARTESIAN_POINT ( 'NONE',  ( 47.34856536860258558, -48.84928093285265049, 28.44999999999999929 ) ) ;
#1449 = ORIENTED_EDGE ( 'NONE', *, *, #2881, .F. ) ;
#1450 = CARTESIAN_POINT ( 'NONE',  ( 31.43866279190552504, -32.93937835615508902, 9.449999999999999289 ) ) ;
#1451 = DIRECTION ( 'NONE',  ( 0.000000000000000000, 0.000000000000000000, -1.000000000000000000 ) ) ;
#1452 = EDGE_CURVE ( 'NONE', #7, #935, #1991, .T. ) ;
#1453 = ORIENTED_EDGE ( 'NONE', *, *, #1765, .F. ) ;
#1454 = VERTEX_POINT ( 'NONE', #2440 ) ;
#1455 = EDGE_LOOP ( 'NONE', ( #2497, #2533, #1567, #2318 ) ) ;
#1456 = CARTESIAN_POINT ( 'NONE',  ( 18.18866279190552504, -32.93937835615508902, 27.44999999999999929 ) ) ;
#1457 = AXIS2_PLACEMENT_3D ( 'NONE', #2248, #2532, #2834 ) ;
#1458 = CARTESIAN_POINT ( 'NONE',  ( 56.79112664010252587, -44.17221054500589617, 9.449999999999999289 ) ) ;
#1459 = ORIENTED_EDGE ( 'NONE', *, *, #805, .T. ) ;
#1460 = CARTESIAN_POINT ( 'NONE',  ( 15.52876021520791383, -48.84928093285210338, 27.44999999999999929 ) ) ;
#1461 = VECTOR ( 'NONE', #2865, 1000.000000000000000 ) ;
#1462 = DIRECTION ( 'NONE',  ( 1.000000000000000000, 0.000000000000000000, 0.000000000000000000 ) ) ;
#1463 = CYLINDRICAL_SURFACE ( 'NONE', #2415, 0.7999999999996689759 ) ;
#1464 = ORIENTED_EDGE ( 'NONE', *, *, #311, .T. ) ;
#1465 = CARTESIAN_POINT ( 'NONE',  ( 40.85706466113730784, -58.24340385072038373, 3.450000000000000178 ) ) ;
#1466 = LINE ( 'NONE', #2547, #317 ) ;
#1467 = VERTEX_POINT ( 'NONE', #1052 ) ;
#1468 = ADVANCED_FACE ( 'NONE', ( #2958, #3190, #1069, #752, #3506, #2139, #2675, #1622, #545, #280, #3227, #212, #2660, #493, #787, #1570, #2923, #228 ), #1550, .T. ) ;
#1469 = ORIENTED_EDGE ( 'NONE', *, *, #2394, .T. ) ;
#1470 = EDGE_CURVE ( 'NONE', #2729, #801, #2177, .T. ) ;
#1471 = EDGE_LOOP ( 'NONE', ( #1080, #2033, #2039, #3486 ) ) ;
#1472 = DIRECTION ( 'NONE',  ( -0.000000000000000000, -0.000000000000000000, -1.000000000000000000 ) ) ;
#1473 = ORIENTED_EDGE ( 'NONE', *, *, #5, .F. ) ;
#1474 = CARTESIAN_POINT ( 'NONE',  ( 31.43866279190552504, -32.93937835615508902, 25.00000000000000711 ) ) ;
#1475 = EDGE_CURVE ( 'NONE', #1212, #2225, #1356, .T. ) ;
#1476 = CARTESIAN_POINT ( 'NONE',  ( 9.434512835814569343, -48.58601967976667879, 30.56126983722215229 ) ) ;
#1477 = CIRCLE ( 'NONE', #1922, 3.509999999999999343 ) ;
#1478 = DIRECTION ( 'NONE',  ( -1.000000000000000000, 0.000000000000000000, 0.000000000000000000 ) ) ;
#1479 = ORIENTED_EDGE ( 'NONE', *, *, #3459, .F. ) ;
#1480 = CARTESIAN_POINT ( 'NONE',  ( 43.47149498075728502, -8.386914507957403231, 30.56126983722215229 ) ) ;
#1481 = VECTOR ( 'NONE', #2968, 1000.000000000000000 ) ;
#1482 = FACE_OUTER_BOUND ( 'NONE', #2806, .T. ) ;
#1483 = ORIENTED_EDGE ( 'NONE', *, *, #453, .F. ) ;
#1484 = EDGE_CURVE ( 'NONE', #3008, #2556, #770, .T. ) ;
#1485 = VERTEX_POINT ( 'NONE', #1083 ) ;
#1486 = VERTEX_POINT ( 'NONE', #1603 ) ;
#1487 = DIRECTION ( 'NONE',  ( -0.000000000000000000, -0.000000000000000000, 1.000000000000000000 ) ) ;
#1488 = VERTEX_POINT ( 'NONE', #2373 ) ;
#1489 = DIRECTION ( 'NONE',  ( 1.000000000000000000, 0.000000000000000000, 0.000000000000000000 ) ) ;
#1490 = EDGE_CURVE ( 'NONE', #2002, #3040, #2696, .T. ) ;
#1491 = ORIENTED_EDGE ( 'NONE', *, *, #2149, .T. ) ;
#1492 = EDGE_CURVE ( 'NONE', #1383, #2102, #2581, .T. ) ;
#1493 = DIRECTION ( 'NONE',  ( -0.000000000000000000, -0.000000000000000000, -1.000000000000000000 ) ) ;
#1494 = DIRECTION ( 'NONE',  ( -0.000000000000000000, -0.000000000000000000, -1.000000000000000000 ) ) ;
#1495 = ORIENTED_EDGE ( 'NONE', *, *, #854, .F. ) ;
#1496 = CARTESIAN_POINT ( 'NONE',  ( 53.44281274799736536, -17.29273703254245476, 30.56126983722215229 ) ) ;
#1497 = EDGE_LOOP ( 'NONE', ( #3370, #3310 ) ) ;
#1498 = AXIS2_PLACEMENT_3D ( 'NONE', #2726, #3317, #2172 ) ;
#1499 = EDGE_CURVE ( 'NONE', #135, #153, #92, .T. ) ;
#1500 = ORIENTED_EDGE ( 'NONE', *, *, #144, .T. ) ;
#1501 = EDGE_CURVE ( 'NONE', #2066, #1383, #3242, .T. ) ;
#1502 = FACE_OUTER_BOUND ( 'NONE', #658, .T. ) ;
#1503 = ORIENTED_EDGE ( 'NONE', *, *, #2624, .T. ) ;
#1504 = DIRECTION ( 'NONE',  ( -0.000000000000000000, -0.000000000000000000, -1.000000000000000000 ) ) ;
#1505 = EDGE_LOOP ( 'NONE', ( #3407, #1025, #1464, #1256 ) ) ;
#1506 = CARTESIAN_POINT ( 'NONE',  ( 16.78829404481963650, -31.22788907064697028, 21.00000000000000000 ) ) ;
#1507 = VECTOR ( 'NONE', #2015, 1000.000000000000000 ) ;
#1508 = ADVANCED_FACE ( 'NONE', ( #2422 ), #3475, .F. ) ;
#1509 = CYLINDRICAL_SURFACE ( 'NONE', #1738, 0.8000000000000090372 ) ;
#1510 = LINE ( 'NONE', #927, #3207 ) ;
#1511 = VECTOR ( 'NONE', #1430, 1000.000000000000000 ) ;
#1512 = EDGE_LOOP ( 'NONE', ( #1751, #3349 ) ) ;
#1513 = CARTESIAN_POINT ( 'NONE',  ( 14.99202146829336968, -10.93522840006318297, 3.450000000000000178 ) ) ;
#1514 = EDGE_LOOP ( 'NONE', ( #3068, #51, #1147, #1114 ) ) ;
#1515 = EDGE_LOOP ( 'NONE', ( #2154, #2876, #3488, #526 ) ) ;
#1516 = EDGE_CURVE ( 'NONE', #2998, #1645, #3319, .T. ) ;
#1517 = CARTESIAN_POINT ( 'NONE',  ( 42.57866279190552206, -32.93937835615508902, 26.84999999999999787 ) ) ;
#1518 =( GEOMETRIC_REPRESENTATION_CONTEXT ( 3 ) GLOBAL_UNCERTAINTY_ASSIGNED_CONTEXT ( ( #2254 ) ) GLOBAL_UNIT_ASSIGNED_CONTEXT ( ( #3163, #1739, #692 ) ) REPRESENTATION_CONTEXT ( 'NONE', 'WORKASPACE' ) );
#1519 = EDGE_LOOP ( 'NONE', ( #590, #1269, #1661, #2372 ) ) ;
#1520 = PLANE ( 'NONE',  #3462 ) ;
#1521 = ORIENTED_EDGE ( 'NONE', *, *, #1412, .F. ) ;
#1522 = CARTESIAN_POINT ( 'NONE',  ( 23.18866279190552504, -32.93937835615508902, 20.40000000000000213 ) ) ;
#1523 = EDGE_CURVE ( 'NONE', #749, #7, #656, .T. ) ;
#1524 = DIRECTION ( 'NONE',  ( -1.000000000000000000, 0.000000000000000000, 0.000000000000000000 ) ) ;
#1525 = CARTESIAN_POINT ( 'NONE',  ( 41.87149498075728360, -8.386914507957403231, 3.450000000000000178 ) ) ;
#1526 = VERTEX_POINT ( 'NONE', #2120 ) ;
#1527 = CIRCLE ( 'NONE', #2717, 0.8000000000004738876 ) ;
#1528 = CARTESIAN_POINT ( 'NONE',  ( 5.359189279442786003, -35.48769224826034474, 9.449999999999999289 ) ) ;
#1529 = DIRECTION ( 'NONE',  ( -0.000000000000000000, -0.000000000000000000, 1.000000000000000000 ) ) ;
#1530 = EDGE_LOOP ( 'NONE', ( #772, #894, #3100, #2590 ) ) ;
#1531 = PLANE ( 'NONE',  #2912 ) ;
#1532 = ORIENTED_EDGE ( 'NONE', *, *, #419, .T. ) ;
#1533 = CARTESIAN_POINT ( 'NONE',  ( 50.79866279190552802, -32.93937835615508902, 26.84999999999999787 ) ) ;
#1534 = EDGE_CURVE ( 'NONE', #3405, #2109, #3152, .T. ) ;
#1535 = FACE_OUTER_BOUND ( 'NONE', #1744, .T. ) ;
#1536 = DIRECTION ( 'NONE',  ( 0.000000000000000000, 0.000000000000000000, -1.000000000000000000 ) ) ;
#1537 = DIRECTION ( 'NONE',  ( 1.000000000000000000, 0.000000000000000000, 0.000000000000000000 ) ) ;
#1538 = CYLINDRICAL_SURFACE ( 'NONE', #887, 1.500000000000001332 ) ;
#1539 = ORIENTED_EDGE ( 'NONE', *, *, #751, .F. ) ;
#1540 = DIRECTION ( 'NONE',  ( -1.000000000000000000, 0.000000000000000000, 0.000000000000000000 ) ) ;
#1541 = CIRCLE ( 'NONE', #2855, 0.7999999999996689759 ) ;
#1542 = CARTESIAN_POINT ( 'NONE',  ( 48.37356536860282574, -48.84928093285243023, 16.44999999999999929 ) ) ;
#1543 = AXIS2_PLACEMENT_3D ( 'NONE', #3250, #2917, #1859 ) ;
#1544 = EDGE_CURVE ( 'NONE', #3013, #949, #376, .T. ) ;
#1545 = ORIENTED_EDGE ( 'NONE', *, *, #2262, .T. ) ;
#1546 = CARTESIAN_POINT ( 'NONE',  ( 4.815532960987606081, -28.44394089067633047, 21.44999999999999574 ) ) ;
#1547 = ORIENTED_EDGE ( 'NONE', *, *, #1124, .F. ) ;
#1548 = CYLINDRICAL_SURFACE ( 'NONE', #3059, 1.009999999999992681 ) ;
#1549 = ORIENTED_EDGE ( 'NONE', *, *, #3139, .F. ) ;
#1550 = PLANE ( 'NONE',  #149 ) ;
#1551 = AXIS2_PLACEMENT_3D ( 'NONE', #2498, #2256, #52 ) ;
#1552 = CARTESIAN_POINT ( 'NONE',  ( 57.26179262282416005, -37.43481582163340704, 21.44999999999999574 ) ) ;
#1553 = CYLINDRICAL_SURFACE ( 'NONE', #2926, 1.009999999999992681 ) ;
#1554 = AXIS2_PLACEMENT_3D ( 'NONE', #1418, #2108, #3299 ) ;
#1555 = PLANE ( 'NONE',  #3102 ) ;
#1556 = EDGE_LOOP ( 'NONE', ( #1355, #3315 ) ) ;
#1557 = CARTESIAN_POINT ( 'NONE',  ( 4.559189279442514398, -35.48769224826034474, 3.450000000000000178 ) ) ;
#1558 = CIRCLE ( 'NONE', #487, 0.7999999999999951594 ) ;
#1559 = CIRCLE ( 'NONE', #1228, 1.024999999999998135 ) ;
#1560 = DIRECTION ( 'NONE',  ( 1.000000000000000000, 0.000000000000000000, -0.000000000000000000 ) ) ;
#1561 = CARTESIAN_POINT ( 'NONE',  ( 18.28829404481963650, -31.22788907064697028, 25.00000000000000000 ) ) ;
#1562 = CIRCLE ( 'NONE', #2537, 8.250000000000000000 ) ;
#1563 = AXIS2_PLACEMENT_3D ( 'NONE', #2749, #1680, #316 ) ;
#1564 = ADVANCED_FACE ( 'NONE', ( #2194 ), #3072, .F. ) ;
#1565 = ORIENTED_EDGE ( 'NONE', *, *, #3429, .F. ) ;
#1566 = CARTESIAN_POINT ( 'NONE',  ( 47.34856536860303322, -17.02947577945797164, 28.44999999999999929 ) ) ;
#1567 = ORIENTED_EDGE ( 'NONE', *, *, #940, .T. ) ;
#1568 = CARTESIAN_POINT ( 'NONE',  ( 4.815532960987606081, -28.44394089067633047, 21.44999999999999574 ) ) ;
#1569 = VERTEX_POINT ( 'NONE', #1902 ) ;
#1570 = FACE_BOUND ( 'NONE', #237, .T. ) ;
#1571 = CIRCLE ( 'NONE', #2266, 0.8000000000000020428 ) ;
#1572 = DIRECTION ( 'NONE',  ( -0.000000000000000000, -0.000000000000000000, 1.000000000000000000 ) ) ;
#1573 = EDGE_CURVE ( 'NONE', #3063, #637, #1950, .T. ) ;
#1574 = CARTESIAN_POINT ( 'NONE',  ( 40.05706466113627329, -58.24340385072076032, 27.44999999999999929 ) ) ;
#1575 = LINE ( 'NONE', #756, #202 ) ;
#1576 = EDGE_LOOP ( 'NONE', ( #865, #1795, #2655, #1995 ) ) ;
#1577 = CARTESIAN_POINT ( 'NONE',  ( 57.26179262282416005, -37.43481582163340704, 27.44999999999999929 ) ) ;
#1578 =( NAMED_UNIT ( * ) SI_UNIT ( $, .STERADIAN. ) SOLID_ANGLE_UNIT ( ) );
#1579 = DIRECTION ( 'NONE',  ( 1.000000000000000000, 0.000000000000000000, 0.000000000000000000 ) ) ;
#1580 = EDGE_LOOP ( 'NONE', ( #1920, #104, #2971, #2278 ) ) ;
#1581 = AXIS2_PLACEMENT_3D ( 'NONE', #543, #2693, #1305 ) ;
#1582 = DIRECTION ( 'NONE',  ( 1.000000000000000000, 0.000000000000000000, -0.000000000000000000 ) ) ;
#1583 = ORIENTED_EDGE ( 'NONE', *, *, #2486, .F. ) ;
#1584 = CARTESIAN_POINT ( 'NONE',  ( 59.11813630436962086, -30.39106446404913342, 30.56126983722215229 ) ) ;
#1585 = AXIS2_PLACEMENT_3D ( 'NONE', #1893, #1366, #23 ) ;
#1586 = CARTESIAN_POINT ( 'NONE',  ( 31.43866279190552504, -32.93937835615508902, 25.00000000000000711 ) ) ;
#1587 = EDGE_CURVE ( 'NONE', #1998, #1162, #1887, .T. ) ;
#1588 = DIRECTION ( 'NONE',  ( 1.000000000000000000, 0.000000000000000000, 0.000000000000000000 ) ) ;
#1589 = EDGE_CURVE ( 'NONE', #1674, #1262, #2350, .T. ) ;
#1590 = CARTESIAN_POINT ( 'NONE',  ( 4.815532960987606081, -28.44394089067633047, 21.44999999999999574 ) ) ;
#1591 = CIRCLE ( 'NONE', #1768, 0.8000000000002718270 ) ;
#1592 = DIRECTION ( 'NONE',  ( -0.000000000000000000, -0.000000000000000000, -1.000000000000000000 ) ) ;
#1593 = DIRECTION ( 'NONE',  ( 1.000000000000000000, 0.000000000000000000, -0.000000000000000000 ) ) ;
#1594 = DIRECTION ( 'NONE',  ( 0.000000000000000000, 0.000000000000000000, -1.000000000000000000 ) ) ;
#1595 = AXIS2_PLACEMENT_3D ( 'NONE', #3055, #1440, #3360 ) ;
#1596 = ORIENTED_EDGE ( 'NONE', *, *, #2125, .F. ) ;
#1597 = DIRECTION ( 'NONE',  ( 1.000000000000000000, 0.000000000000000000, 0.000000000000000000 ) ) ;
#1598 = MECHANICAL_DESIGN_GEOMETRIC_PRESENTATION_REPRESENTATION (  '', ( #2167 ), #2629 ) ;
#1599 = CARTESIAN_POINT ( 'NONE',  ( 31.43866279190552504, -32.93937835615508902, 27.44999999999999929 ) ) ;
#1600 = VERTEX_POINT ( 'NONE', #2536 ) ;
#1601 = CYLINDRICAL_SURFACE ( 'NONE', #169, 0.7999999999999951594 ) ;
#1602 = ORIENTED_EDGE ( 'NONE', *, *, #2744, .F. ) ;
#1603 = CARTESIAN_POINT ( 'NONE',  ( 13.87876021520834868, -17.02947577945764124, 27.44999999999999929 ) ) ;
#1604 = ADVANCED_FACE ( 'NONE', ( #623 ), #883, .F. ) ;
#1605 = DIRECTION ( 'NONE',  ( -1.000000000000000000, 0.000000000000000000, 0.000000000000000000 ) ) ;
#1606 = EDGE_CURVE ( 'NONE', #1386, #831, #3096, .T. ) ;
#1607 = FACE_OUTER_BOUND ( 'NONE', #2778, .T. ) ;
#1608 = ADVANCED_FACE ( 'NONE', ( #1104 ), #2234, .F. ) ;
#1609 = EDGE_CURVE ( 'NONE', #831, #1386, #2868, .T. ) ;
#1610 = FACE_OUTER_BOUND ( 'NONE', #2915, .T. ) ;
#1611 = FACE_OUTER_BOUND ( 'NONE', #2861, .T. ) ;
#1612 = FACE_OUTER_BOUND ( 'NONE', #101, .T. ) ;
#1613 = CARTESIAN_POINT ( 'NONE',  ( 50.19866279190552660, -32.93937835615508902, 26.84999999999999787 ) ) ;
#1614 = EDGE_LOOP ( 'NONE', ( #2094, #1838 ) ) ;
#1615 = EDGE_CURVE ( 'NONE', #1087, #1815, #709, .T. ) ;
#1616 = LINE ( 'NONE', #276, #1266 ) ;
#1617 = VECTOR ( 'NONE', #1724, 1000.000000000000000 ) ;
#1618 = EDGE_LOOP ( 'NONE', ( #130, #2481 ) ) ;
#1619 = DIRECTION ( 'NONE',  ( 0.000000000000000000, 0.000000000000000000, 1.000000000000000000 ) ) ;
#1620 = ADVANCED_FACE ( 'NONE', ( #600 ), #1437, .F. ) ;
#1621 = ORIENTED_EDGE ( 'NONE', *, *, #3378, .T. ) ;
#1622 = FACE_BOUND ( 'NONE', #1654, .T. ) ;
#1623 = VERTEX_POINT ( 'NONE', #1393 ) ;
#1624 = DIRECTION ( 'NONE',  ( -1.000000000000000000, 0.000000000000000000, 0.000000000000000000 ) ) ;
#1625 = EDGE_CURVE ( 'NONE', #1267, #331, #1093, .T. ) ;
#1626 = DIRECTION ( 'NONE',  ( 0.000000000000000000, 0.000000000000000000, -1.000000000000000000 ) ) ;
#1627 = PLANE ( 'NONE',  #3091 ) ;
#1628 = DIRECTION ( 'NONE',  ( 1.000000000000000000, 0.000000000000000000, 0.000000000000000000 ) ) ;
#1629 = LINE ( 'NONE', #811, #1197 ) ;
#1630 = ORIENTED_EDGE ( 'NONE', *, *, #1501, .F. ) ;
#1631 = AXIS2_PLACEMENT_3D ( 'NONE', #2654, #1935, #329 ) ;
#1632 = FACE_OUTER_BOUND ( 'NONE', #3217, .T. ) ;
#1633 = CIRCLE ( 'NONE', #2554, 8.250000000000000000 ) ;
#1634 = ORIENTED_EDGE ( 'NONE', *, *, #924, .T. ) ;
#1635 = PLANE ( 'NONE',  #1240 ) ;
#1636 = CIRCLE ( 'NONE', #3230, 1.649999999999998579 ) ;
#1637 = ORIENTED_EDGE ( 'NONE', *, *, #1742, .F. ) ;
#1638 = CARTESIAN_POINT ( 'NONE',  ( 15.52876021520812522, -48.84928093285233075, 16.44999999999999929 ) ) ;
#1639 = DIRECTION ( 'NONE',  ( 0.000000000000000000, 0.000000000000000000, 1.000000000000000000 ) ) ;
#1640 = VECTOR ( 'NONE', #1913, 1000.000000000000000 ) ;
#1641 = ORIENTED_EDGE ( 'NONE', *, *, #881, .T. ) ;
#1642 = LINE ( 'NONE', #2976, #2276 ) ;
#1643 = EDGE_CURVE ( 'NONE', #2516, #1700, #375, .T. ) ;
#1644 = DIRECTION ( 'NONE',  ( 1.000000000000000000, 1.387778780781444413E-14, 0.000000000000000000 ) ) ;
#1645 = VERTEX_POINT ( 'NONE', #3339 ) ;
#1646 = FACE_OUTER_BOUND ( 'NONE', #507, .T. ) ;
#1647 = DIRECTION ( 'NONE',  ( 1.000000000000000000, 0.000000000000000000, 0.000000000000000000 ) ) ;
#1648 = DIRECTION ( 'NONE',  ( 0.000000000000000000, 0.000000000000000000, -1.000000000000000000 ) ) ;
#1649 = CYLINDRICAL_SURFACE ( 'NONE', #3463, 1.024999999999998135 ) ;
#1650 = ORIENTED_EDGE ( 'NONE', *, *, #2583, .T. ) ;
#1651 = CYLINDRICAL_SURFACE ( 'NONE', #531, 3.509999999999999343 ) ;
#1652 = ORIENTED_EDGE ( 'NONE', *, *, #823, .F. ) ;
#1653 = CYLINDRICAL_SURFACE ( 'NONE', #2777, 0.7999999999999951594 ) ;
#1654 = EDGE_LOOP ( 'NONE', ( #815, #2439 ) ) ;
#1655 = DIRECTION ( 'NONE',  ( 0.000000000000000000, 0.000000000000000000, -1.000000000000000000 ) ) ;
#1656 = FACE_OUTER_BOUND ( 'NONE', #1018, .T. ) ;
#1657 = VERTEX_POINT ( 'NONE', #838 ) ;
#1658 = CARTESIAN_POINT ( 'NONE',  ( 42.67149498075728786, -8.386914507957403231, 3.450000000000000178 ) ) ;
#1659 = DIRECTION ( 'NONE',  ( 0.000000000000000000, 0.000000000000000000, -1.000000000000000000 ) ) ;
#1660 = AXIS2_PLACEMENT_3D ( 'NONE', #3206, #1852, #511 ) ;
#1661 = ORIENTED_EDGE ( 'NONE', *, *, #627, .T. ) ;
#1662 = DIRECTION ( 'NONE',  ( 0.000000000000000000, 0.000000000000000000, -1.000000000000000000 ) ) ;
#1663 = CARTESIAN_POINT ( 'NONE',  ( 16.37710156282435037, -29.60031062059794138, 25.00000000000000000 ) ) ;
#1664 = CARTESIAN_POINT ( 'NONE',  ( 46.32356536860281437, -17.02947577945774427, 25.00000000000000000 ) ) ;
#1665 = VERTEX_POINT ( 'NONE', #1456 ) ;
#1666 = CARTESIAN_POINT ( 'NONE',  ( 18.28829404481964360, -34.65086764166321132, 21.00000000000000000 ) ) ;
#1667 = DIRECTION ( 'NONE',  ( -0.000000000000000000, -0.000000000000000000, 1.000000000000000000 ) ) ;
#1668 = EDGE_LOOP ( 'NONE', ( #2354, #2024 ) ) ;
#1669 = CIRCLE ( 'NONE', #2464, 0.7999999999994054090 ) ;
#1670 = CARTESIAN_POINT ( 'NONE',  ( 58.31813630436960949, -30.39106446404913342, 3.450000000000000178 ) ) ;
#1671 = EDGE_LOOP ( 'NONE', ( #797, #3355 ) ) ;
#1672 = LINE ( 'NONE', #1918, #2035 ) ;
#1673 = EDGE_CURVE ( 'NONE', #3125, #69, #3432, .T. ) ;
#1674 = VERTEX_POINT ( 'NONE', #2479 ) ;
#1675 = FACE_OUTER_BOUND ( 'NONE', #2047, .T. ) ;
#1676 = VECTOR ( 'NONE', #3364, 1000.000000000000000 ) ;
#1677 = AXIS2_PLACEMENT_3D ( 'NONE', #2642, #3101, #3064 ) ;
#1678 = DIRECTION ( 'NONE',  ( 0.000000000000000000, 0.000000000000000000, -1.000000000000000000 ) ) ;
#1679 = ORIENTED_EDGE ( 'NONE', *, *, #549, .T. ) ;
#1680 = DIRECTION ( 'NONE',  ( 0.000000000000000000, 0.000000000000000000, -1.000000000000000000 ) ) ;
#1681 = CIRCLE ( 'NONE', #1400, 3.509999999999999343 ) ;
#1682 = CARTESIAN_POINT ( 'NONE',  ( 34.78697668401115806, -59.81885186861801884, 3.450000000000000178 ) ) ;
#1683 = EDGE_CURVE ( 'NONE', #1182, #2225, #2240, .T. ) ;
#1684 = EDGE_LOOP ( 'NONE', ( #1785, #44 ) ) ;
#1685 = CARTESIAN_POINT ( 'NONE',  ( 22.02026092267527702, -7.635352861589228546, 6.950000000000000178 ) ) ;
#1686 = CARTESIAN_POINT ( 'NONE',  ( 5.359189279442786003, -35.48769224826034474, 30.56126983722215229 ) ) ;
#1687 = DIRECTION ( 'NONE',  ( -0.000000000000000000, -0.000000000000000000, 1.000000000000000000 ) ) ;
#1688 = AXIS2_PLACEMENT_3D ( 'NONE', #216, #1006, #2645 ) ;
#1689 = AXIS2_PLACEMENT_3D ( 'NONE', #2103, #510, #3240 ) ;
#1690 = ORIENTED_EDGE ( 'NONE', *, *, #1924, .T. ) ;
#1691 = CARTESIAN_POINT ( 'NONE',  ( 48.99856536860303180, -17.02947577945797164, 28.44999999999999929 ) ) ;
#1692 = ADVANCED_FACE ( 'NONE', ( #1675 ), #2770, .T. ) ;
#1693 = EDGE_CURVE ( 'NONE', #2516, #2857, #234, .T. ) ;
#1694 = DIRECTION ( 'NONE',  ( -1.000000000000000000, 0.000000000000000000, 0.000000000000000000 ) ) ;
#1695 = ORIENTED_EDGE ( 'NONE', *, *, #2888, .T. ) ;
#1696 = ORIENTED_EDGE ( 'NONE', *, *, #3031, .F. ) ;
#1697 = ORIENTED_EDGE ( 'NONE', *, *, #708, .F. ) ;
#1698 = DIRECTION ( 'NONE',  ( 0.000000000000000000, 0.000000000000000000, -1.000000000000000000 ) ) ;
#1699 = FACE_OUTER_BOUND ( 'NONE', #3423, .T. ) ;
#1700 = VERTEX_POINT ( 'NONE', #3357 ) ;
#1701 = VECTOR ( 'NONE', #1662, 1000.000000000000000 ) ;
#1702 = DIRECTION ( 'NONE',  ( 1.000000000000000000, 0.000000000000000000, 0.000000000000000000 ) ) ;
#1703 = CARTESIAN_POINT ( 'NONE',  ( 14.56345304675702934, -34.99541728021399933, 38.25000000000000711 ) ) ;
#1704 = EDGE_CURVE ( 'NONE', #2102, #1383, #2216, .T. ) ;
#1705 = VECTOR ( 'NONE', #3343, 1000.000000000000000 ) ;
#1706 = CYLINDRICAL_SURFACE ( 'NONE', #3177, 1.009999999999997122 ) ;
#1707 = CARTESIAN_POINT ( 'NONE',  ( 33.98697668401173644, -59.81885186861801884, 3.450000000000000178 ) ) ;
#1708 = CYLINDRICAL_SURFACE ( 'NONE', #669, 9.009999999999998010 ) ;
#1709 = ORIENTED_EDGE ( 'NONE', *, *, #142, .F. ) ;
#1710 = DIRECTION ( 'NONE',  ( -0.000000000000000000, -0.000000000000000000, -1.000000000000000000 ) ) ;
#1711 = DIRECTION ( 'NONE',  ( 0.000000000000000000, 0.000000000000000000, 1.000000000000000000 ) ) ;
#1712 = ORIENTED_EDGE ( 'NONE', *, *, #1994, .F. ) ;
#1713 = ORIENTED_EDGE ( 'NONE', *, *, #1982, .T. ) ;
#1714 = ORIENTED_EDGE ( 'NONE', *, *, #378, .F. ) ;
#1715 = CARTESIAN_POINT ( 'NONE',  ( 15.52876021520834726, -17.02947577945764124, 25.00000000000000000 ) ) ;
#1716 = DIRECTION ( 'NONE',  ( -1.000000000000000000, 0.000000000000000000, 0.000000000000000000 ) ) ;
#1717 = ORIENTED_EDGE ( 'NONE', *, *, #999, .T. ) ;
#1718 = DIRECTION ( 'NONE',  ( 1.000000000000000000, 0.000000000000000000, 0.000000000000000000 ) ) ;
#1719 = VECTOR ( 'NONE', #1472, 1000.000000000000000 ) ;
#1720 = AXIS2_PLACEMENT_3D ( 'NONE', #2209, #3294, #782 ) ;
#1721 = CARTESIAN_POINT ( 'NONE',  ( 50.19866279190552660, -32.93937835615508902, 25.34999999999999787 ) ) ;
#1722 = DIRECTION ( 'NONE',  ( -1.000000000000000000, 0.000000000000000000, 0.000000000000000000 ) ) ;
#1723 = EDGE_CURVE ( 'NONE', #1267, #3393, #3004, .T. ) ;
#1724 = DIRECTION ( 'NONE',  ( -0.000000000000000000, -0.000000000000000000, 1.000000000000000000 ) ) ;
#1725 = ORIENTED_EDGE ( 'NONE', *, *, #233, .T. ) ;
#1726 = CARTESIAN_POINT ( 'NONE',  ( 18.27816205299786745, -34.47681788381492396, 21.00000000000000000 ) ) ;
#1727 = DIRECTION ( 'NONE',  ( 0.000000000000000000, 0.000000000000000000, 1.000000000000000000 ) ) ;
#1728 = ORIENTED_EDGE ( 'NONE', *, *, #3170, .T. ) ;
#1729 = VECTOR ( 'NONE', #2862, 1000.000000000000000 ) ;
#1730 = VERTEX_POINT ( 'NONE', #2165 ) ;
#1731 = EDGE_CURVE ( 'NONE', #1730, #1202, #68, .T. ) ;
#1732 = ORIENTED_EDGE ( 'NONE', *, *, #2727, .F. ) ;
#1733 = CIRCLE ( 'NONE', #3327, 1.650000000000002132 ) ;
#1734 = ADVANCED_FACE ( 'NONE', ( #2984 ), #1061, .T. ) ;
#1735 = LINE ( 'NONE', #3126, #2295 ) ;
#1736 = EDGE_LOOP ( 'NONE', ( #3036, #424 ) ) ;
#1737 = CARTESIAN_POINT ( 'NONE',  ( 46.68866279190552859, -32.93937835615508902, 25.34999999999999787 ) ) ;
#1738 = AXIS2_PLACEMENT_3D ( 'NONE', #2283, #170, #1225 ) ;
#1739 =( NAMED_UNIT ( * ) PLANE_ANGLE_UNIT ( ) SI_UNIT ( $, .RADIAN. ) );
#1740 = AXIS2_PLACEMENT_3D ( 'NONE', #1194, #1161, #1933 ) ;
#1741 = FACE_OUTER_BOUND ( 'NONE', #2821, .T. ) ;
#1742 = EDGE_CURVE ( 'NONE', #481, #2323, #737, .T. ) ;
#1743 = DIRECTION ( 'NONE',  ( 1.000000000000000000, 0.000000000000000000, 0.000000000000000000 ) ) ;
#1744 = EDGE_LOOP ( 'NONE', ( #414, #2367, #1764, #1652 ) ) ;
#1745 = CARTESIAN_POINT ( 'NONE',  ( 59.11813630436962086, -30.39106446404913342, 9.449999999999999289 ) ) ;
#1746 = LINE ( 'NONE', #85, #1388 ) ;
#1747 = VERTEX_POINT ( 'NONE', #1613 ) ;
#1748 = ORIENTED_EDGE ( 'NONE', *, *, #3031, .T. ) ;
#1749 = ORIENTED_EDGE ( 'NONE', *, *, #2061, .T. ) ;
#1750 = CARTESIAN_POINT ( 'NONE',  ( 22.42866279190553058, -32.93937835615508902, -5.084128393963164072 ) ) ;
#1751 = ORIENTED_EDGE ( 'NONE', *, *, #751, .T. ) ;
#1752 = DIRECTION ( 'NONE',  ( -1.000000000000000000, 0.000000000000000000, 0.000000000000000000 ) ) ;
#1753 = ORIENTED_EDGE ( 'NONE', *, *, #2986, .T. ) ;
#1754 = ADVANCED_FACE ( 'NONE', ( #551 ), #3252, .F. ) ;
#1755 = CIRCLE ( 'NONE', #1191, 0.8000000000000020428 ) ;
#1756 = VECTOR ( 'NONE', #1889, 1000.000000000000000 ) ;
#1757 = CARTESIAN_POINT ( 'NONE',  ( 56.93866279190552859, -32.93937835615508902, 97.12489168102784731 ) ) ;
#1758 = CIRCLE ( 'NONE', #847, 1.009999999999990017 ) ;
#1759 = DIRECTION ( 'NONE',  ( -0.000000000000000000, -0.000000000000000000, -1.000000000000000000 ) ) ;
#1760 = ORIENTED_EDGE ( 'NONE', *, *, #2208, .F. ) ;
#1761 = ADVANCED_FACE ( 'NONE', ( #1957 ), #1649, .F. ) ;
#1762 = AXIS2_PLACEMENT_3D ( 'NONE', #404, #1451, #680 ) ;
#1763 = LINE ( 'NONE', #1997, #463 ) ;
#1764 = ORIENTED_EDGE ( 'NONE', *, *, #3136, .F. ) ;
#1765 = EDGE_CURVE ( 'NONE', #2816, #1068, #1629, .T. ) ;
#1766 = ORIENTED_EDGE ( 'NONE', *, *, #1625, .T. ) ;
#1767 = EDGE_LOOP ( 'NONE', ( #2051, #1139, #2854, #2291 ) ) ;
#1768 = AXIS2_PLACEMENT_3D ( 'NONE', #1250, #2399, #2666 ) ;
#1769 = DIRECTION ( 'NONE',  ( -0.000000000000000000, -0.000000000000000000, -1.000000000000000000 ) ) ;
#1770 = ADVANCED_FACE ( 'NONE', ( #2758 ), #1431, .T. ) ;
#1771 = ORIENTED_EDGE ( 'NONE', *, *, #723, .F. ) ;
#1772 = CARTESIAN_POINT ( 'NONE',  ( 18.28829404481964360, -34.65086764166321132, 27.44999999999999929 ) ) ;
#1773 = ORIENTED_EDGE ( 'NONE', *, *, #3066, .T. ) ;
#1774 = APPLICATION_PROTOCOL_DEFINITION ( 'draft international standard', 'automotive_design', 1998, #2661 ) ;
#1775 = CARTESIAN_POINT ( 'NONE',  ( 40.85706466113627044, -58.24340385072076032, 21.44999999999999574 ) ) ;
#1776 = AXIS2_PLACEMENT_3D ( 'NONE', #2401, #1041, #21 ) ;
#1777 = DIRECTION ( 'NONE',  ( 0.000000000000000000, 0.000000000000000000, -1.000000000000000000 ) ) ;
#1778 = VERTEX_POINT ( 'NONE', #2704 ) ;
#1779 = CARTESIAN_POINT ( 'NONE',  ( 48.64339075359365694, -12.13079032706759719, 27.44999999999999929 ) ) ;
#1780 = ORIENTED_EDGE ( 'NONE', *, *, #1643, .T. ) ;
#1781 = VECTOR ( 'NONE', #3033, 1000.000000000000000 ) ;
#1782 = EDGE_LOOP ( 'NONE', ( #3337, #2169 ) ) ;
#1783 = EDGE_CURVE ( 'NONE', #3196, #1485, #2898, .T. ) ;
#1784 = LINE ( 'NONE', #1517, #926 ) ;
#1785 = ORIENTED_EDGE ( 'NONE', *, *, #3259, .F. ) ;
#1786 = DIRECTION ( 'NONE',  ( -0.000000000000000000, -0.000000000000000000, -1.000000000000000000 ) ) ;
#1787 = ORIENTED_EDGE ( 'NONE', *, *, #3065, .F. ) ;
#1788 = CARTESIAN_POINT ( 'NONE',  ( 43.17866279190552348, -32.93937835615508902, 26.84999999999999787 ) ) ;
#1789 = CARTESIAN_POINT ( 'NONE',  ( 31.43866279190552504, -32.93937835615508902, 97.12489168102784731 ) ) ;
#1790 = AXIS2_PLACEMENT_3D ( 'NONE', #2195, #498, #1945 ) ;
#1791 = CIRCLE ( 'NONE', #3107, 1.024999999999994582 ) ;
#1792 = LINE ( 'NONE', #2059, #489 ) ;
#1793 = AXIS2_PLACEMENT_3D ( 'NONE', #1448, #3309, #1973 ) ;
#1794 = DIRECTION ( 'NONE',  ( 0.000000000000000000, 0.000000000000000000, 1.000000000000000000 ) ) ;
#1795 = ORIENTED_EDGE ( 'NONE', *, *, #203, .F. ) ;
#1796 = DIRECTION ( 'NONE',  ( -0.000000000000000000, -0.000000000000000000, -1.000000000000000000 ) ) ;
#1797 = EDGE_CURVE ( 'NONE', #2066, #2845, #2668, .T. ) ;
#1798 = EDGE_CURVE ( 'NONE', #3121, #689, #2183, .T. ) ;
#1799 = EDGE_LOOP ( 'NONE', ( #1712, #2853, #1868, #2115 ) ) ;
#1800 = DIRECTION ( 'NONE',  ( -0.000000000000000000, -0.000000000000000000, -1.000000000000000000 ) ) ;
#1801 = EDGE_LOOP ( 'NONE', ( #1697, #911 ) ) ;
#1802 = CARTESIAN_POINT ( 'NONE',  ( 21.00583060305431005, -57.49184220435173387, 3.450000000000000178 ) ) ;
#1803 = ORIENTED_EDGE ( 'NONE', *, *, #1798, .T. ) ;
#1804 = LINE ( 'NONE', #2591, #459 ) ;
#1805 = DIRECTION ( 'NONE',  ( 1.000000000000000000, 0.000000000000000000, 0.000000000000000000 ) ) ;
#1806 = LINE ( 'NONE', #3117, #1676 ) ;
#1807 = CIRCLE ( 'NONE', #1631, 1.009999999999990017 ) ;
#1808 = ADVANCED_FACE ( 'NONE', ( #877 ), #615, .T. ) ;
#1809 = CARTESIAN_POINT ( 'NONE',  ( 10.23451283581456295, -48.58601967976667879, 9.449999999999999289 ) ) ;
#1810 = ORIENTED_EDGE ( 'NONE', *, *, #1010, .T. ) ;
#1811 = VECTOR ( 'NONE', #986, 1000.000000000000000 ) ;
#1812 = DIRECTION ( 'NONE',  ( -0.000000000000000000, -0.000000000000000000, -1.000000000000000000 ) ) ;
#1813 = AXIS2_PLACEMENT_3D ( 'NONE', #3352, #2032, #946 ) ;
#1814 = DIRECTION ( 'NONE',  ( 1.000000000000000000, 0.000000000000000000, 0.000000000000000000 ) ) ;
#1815 = VERTEX_POINT ( 'NONE', #2515 ) ;
#1816 = DIRECTION ( 'NONE',  ( -0.000000000000000000, -0.000000000000000000, -1.000000000000000000 ) ) ;
#1817 = ORIENTED_EDGE ( 'NONE', *, *, #3403, .T. ) ;
#1818 = FACE_BOUND ( 'NONE', #2766, .T. ) ;
#1819 = DIRECTION ( 'NONE',  ( 1.000000000000000000, 0.000000000000000000, 0.000000000000000000 ) ) ;
#1820 = DIRECTION ( 'NONE',  ( 1.000000000000000000, 0.000000000000000000, 0.000000000000000000 ) ) ;
#1821 = DIRECTION ( 'NONE',  ( 1.000000000000000000, 0.000000000000000000, 0.000000000000000000 ) ) ;
#1822 = DIRECTION ( 'NONE',  ( 0.000000000000000000, 0.000000000000000000, -1.000000000000000000 ) ) ;
#1823 = EDGE_CURVE ( 'NONE', #882, #3282, #2151, .T. ) ;
#1824 = VERTEX_POINT ( 'NONE', #273 ) ;
#1825 = DIRECTION ( 'NONE',  ( 1.000000000000000000, 0.000000000000000000, -0.000000000000000000 ) ) ;
#1826 = AXIS2_PLACEMENT_3D ( 'NONE', #1236, #2939, #2324 ) ;
#1827 = DIRECTION ( 'NONE',  ( 0.000000000000000000, 0.000000000000000000, -1.000000000000000000 ) ) ;
#1828 = VERTEX_POINT ( 'NONE', #1348 ) ;
#1829 = CARTESIAN_POINT ( 'NONE',  ( 22.42866279190553058, -32.93937835615508902, 27.44999999999999929 ) ) ;
#1830 = ORIENTED_EDGE ( 'NONE', *, *, #1349, .T. ) ;
#1831 = FACE_OUTER_BOUND ( 'NONE', #2410, .T. ) ;
#1832 = ADVANCED_FACE ( 'NONE', ( #2431 ), #6, .F. ) ;
#1833 = DIRECTION ( 'NONE',  ( 1.000000000000000000, 0.000000000000000000, 0.000000000000000000 ) ) ;
#1834 = CARTESIAN_POINT ( 'NONE',  ( 31.43866279190552504, -32.93937835615508902, 9.449999999999999289 ) ) ;
#1835 = CARTESIAN_POINT ( 'NONE',  ( 15.52876021520791383, -48.84928093285210338, 28.44999999999999929 ) ) ;
#1836 = AXIS2_PLACEMENT_3D ( 'NONE', #2883, #454, #2012 ) ;
#1837 = FACE_OUTER_BOUND ( 'NONE', #3145, .T. ) ;
#1838 = ORIENTED_EDGE ( 'NONE', *, *, #1124, .T. ) ;
#1839 = CARTESIAN_POINT ( 'NONE',  ( 43.47149498075728502, -8.386914507957403231, 3.450000000000000178 ) ) ;
#1840 = CIRCLE ( 'NONE', #2643, 1.649999999999998579 ) ;
#1841 = AXIS2_PLACEMENT_3D ( 'NONE', #1872, #3212, #2107 ) ;
#1842 = AXIS2_PLACEMENT_3D ( 'NONE', #1450, #1976, #2626 ) ;
#1843 = FILL_AREA_STYLE_COLOUR ( '', #193 ) ;
#1844 = DIRECTION ( 'NONE',  ( 0.000000000000000000, 0.000000000000000000, -1.000000000000000000 ) ) ;
#1845 = CIRCLE ( 'NONE', #326, 25.50000000000000355 ) ;
#1846 = EDGE_LOOP ( 'NONE', ( #75, #2085, #1188, #1713 ) ) ;
#1847 = EDGE_CURVE ( 'NONE', #2458, #1434, #1097, .T. ) ;
#1848 = ADVANCED_FACE ( 'NONE', ( #1482 ), #420, .T. ) ;
#1849 = DIRECTION ( 'NONE',  ( 0.000000000000000000, 0.000000000000000000, 1.000000000000000000 ) ) ;
#1850 = ORIENTED_EDGE ( 'NONE', *, *, #45, .T. ) ;
#1851 = DIRECTION ( 'NONE',  ( -0.000000000000000000, -0.000000000000000000, -1.000000000000000000 ) ) ;
#1852 = DIRECTION ( 'NONE',  ( 0.000000000000000000, 0.000000000000000000, 1.000000000000000000 ) ) ;
#1853 = AXIS2_PLACEMENT_3D ( 'NONE', #547, #1023, #1624 ) ;
#1854 = AXIS2_PLACEMENT_3D ( 'NONE', #2724, #1127, #1391 ) ;
#1855 = CARTESIAN_POINT ( 'NONE',  ( 28.09034889979983518, -6.059904843690986809, 9.449999999999999289 ) ) ;
#1856 = CYLINDRICAL_SURFACE ( 'NONE', #3389, 13.24999999999999822 ) ;
#1857 = DIRECTION ( 'NONE',  ( -1.000000000000000000, 0.000000000000000000, 0.000000000000000000 ) ) ;
#1858 = ADVANCED_FACE ( 'NONE', ( #2566 ), #1214, .T. ) ;
#1859 = DIRECTION ( 'NONE',  ( 1.000000000000000000, 0.000000000000000000, -0.000000000000000000 ) ) ;
#1860 = FACE_OUTER_BOUND ( 'NONE', #178, .T. ) ;
#1861 = EDGE_CURVE ( 'NONE', #1285, #3379, #2282, .T. ) ;
#1862 = EDGE_LOOP ( 'NONE', ( #2588, #2835 ) ) ;
#1863 = DIRECTION ( 'NONE',  ( 0.000000000000000000, 0.000000000000000000, -1.000000000000000000 ) ) ;
#1864 = CIRCLE ( 'NONE', #789, 4.110000000000002984 ) ;
#1865 = DIRECTION ( 'NONE',  ( 1.000000000000000000, 0.000000000000000000, 0.000000000000000000 ) ) ;
#1866 = ORIENTED_EDGE ( 'NONE', *, *, #3417, .F. ) ;
#1867 = CARTESIAN_POINT ( 'NONE',  ( 3.759189279442242348, -35.48769224826034474, 9.449999999999999289 ) ) ;
#1868 = ORIENTED_EDGE ( 'NONE', *, *, #1365, .T. ) ;
#1869 = DIRECTION ( 'NONE',  ( 0.000000000000000000, 0.000000000000000000, -1.000000000000000000 ) ) ;
#1870 = EDGE_CURVE ( 'NONE', #1216, #897, #2610, .T. ) ;
#1871 = EDGE_LOOP ( 'NONE', ( #2602, #3071 ) ) ;
#1872 = CARTESIAN_POINT ( 'NONE',  ( 18.50274069756640927, -30.07155347147521596, 38.25000000000000711 ) ) ;
#1873 = CIRCLE ( 'NONE', #77, 9.009999999999999787 ) ;
#1874 = DIRECTION ( 'NONE',  ( 1.000000000000000000, 0.000000000000000000, -0.000000000000000000 ) ) ;
#1875 = ADVANCED_FACE ( 'NONE', ( #2269 ), #3137, .F. ) ;
#1876 = LINE ( 'NONE', #1666, #3284 ) ;
#1877 = AXIS2_PLACEMENT_3D ( 'NONE', #1368, #1938, #1582 ) ;
#1878 = DIRECTION ( 'NONE',  ( 1.000000000000000000, 0.000000000000000000, 0.000000000000000000 ) ) ;
#1879 = VERTEX_POINT ( 'NONE', #3385 ) ;
#1880 = CIRCLE ( 'NONE', #2345, 1.024999999999998135 ) ;
#1881 = DIRECTION ( 'NONE',  ( -0.000000000000000000, -0.000000000000000000, -1.000000000000000000 ) ) ;
#1882 = ORIENTED_EDGE ( 'NONE', *, *, #1203, .T. ) ;
#1883 = CYLINDRICAL_SURFACE ( 'NONE', #2667, 0.8000000000000090372 ) ;
#1884 = ORIENTED_EDGE ( 'NONE', *, *, #779, .F. ) ;
#1885 = DIRECTION ( 'NONE',  ( 0.000000000000000000, 0.000000000000000000, -1.000000000000000000 ) ) ;
#1886 = DIRECTION ( 'NONE',  ( 1.000000000000000000, 0.000000000000000000, 0.000000000000000000 ) ) ;
#1887 = CIRCLE ( 'NONE', #2635, 0.8000000000000020428 ) ;
#1888 = CARTESIAN_POINT ( 'NONE',  ( 4.015532960987610700, -28.44394089067633047, 27.44999999999999929 ) ) ;
#1889 = DIRECTION ( 'NONE',  ( -0.000000000000000000, -0.000000000000000000, 1.000000000000000000 ) ) ;
#1890 = AXIS2_PLACEMENT_3D ( 'NONE', #991, #1777, #959 ) ;
#1891 =( NAMED_UNIT ( * ) PLANE_ANGLE_UNIT ( ) SI_UNIT ( $, .RADIAN. ) );
#1892 = CARTESIAN_POINT ( 'NONE',  ( 55.19112664010371105, -44.17221054500589617, 9.449999999999999289 ) ) ;
#1893 = CARTESIAN_POINT ( 'NONE',  ( 47.34856536860281295, -17.02947577945774427, 16.44999999999999929 ) ) ;
#1894 = EDGE_LOOP ( 'NONE', ( #2471, #1248 ) ) ;
#1895 = AXIS2_PLACEMENT_3D ( 'NONE', #2360, #2945, #3495 ) ;
#1896 = ADVANCED_FACE ( 'NONE', ( #1232 ), #700, .F. ) ;
#1897 = CARTESIAN_POINT ( 'NONE',  ( 15.52876021520834726, -17.02947577945764124, 25.00000000000000000 ) ) ;
#1898 = CIRCLE ( 'NONE', #997, 1.500000000000001332 ) ;
#1899 = VERTEX_POINT ( 'NONE', #2582 ) ;
#1900 = FACE_OUTER_BOUND ( 'NONE', #670, .T. ) ;
#1901 = EDGE_LOOP ( 'NONE', ( #472, #576 ) ) ;
#1902 = CARTESIAN_POINT ( 'NONE',  ( 19.40583060305497298, -57.49184220435173387, 3.450000000000000178 ) ) ;
#1903 = CARTESIAN_POINT ( 'NONE',  ( 47.34856536860303322, -17.02947577945797164, 28.44999999999999929 ) ) ;
#1904 = ORIENTED_EDGE ( 'NONE', *, *, #2060, .F. ) ;
#1905 = DIRECTION ( 'NONE',  ( -0.000000000000000000, -0.000000000000000000, 1.000000000000000000 ) ) ;
#1906 = CARTESIAN_POINT ( 'NONE',  ( 14.56345304675703289, -34.99541728021399933, 27.44999999999999929 ) ) ;
#1907 = AXIS2_PLACEMENT_3D ( 'NONE', #2281, #660, #2576 ) ;
#1908 = ORIENTED_EDGE ( 'NONE', *, *, #1823, .F. ) ;
#1909 = CARTESIAN_POINT ( 'NONE',  ( 31.43866279190552504, -32.93937835615508902, 9.449999999999999289 ) ) ;
#1910 = EDGE_CURVE ( 'NONE', #333, #392, #1, .T. ) ;
#1911 = CYLINDRICAL_SURFACE ( 'NONE', #443, 1.499999999999999556 ) ;
#1912 = DIRECTION ( 'NONE',  ( -0.000000000000000000, -0.000000000000000000, 1.000000000000000000 ) ) ;
#1913 = DIRECTION ( 'NONE',  ( 0.000000000000000000, 0.000000000000000000, -1.000000000000000000 ) ) ;
#1914 = ORIENTED_EDGE ( 'NONE', *, *, #2948, .F. ) ;
#1915 = AXIS2_PLACEMENT_3D ( 'NONE', #1121, #2205, #4 ) ;
#1916 = FACE_OUTER_BOUND ( 'NONE', #3135, .T. ) ;
#1917 = ORIENTED_EDGE ( 'NONE', *, *, #2948, .T. ) ;
#1918 = CARTESIAN_POINT ( 'NONE',  ( 5.124637297340456144, -42.35778022538745802, 6.950000000000000178 ) ) ;
#1919 = AXIS2_PLACEMENT_3D ( 'NONE', #3467, #2600, #1313 ) ;
#1920 = ORIENTED_EDGE ( 'NONE', *, *, #2961, .F. ) ;
#1921 = DIRECTION ( 'NONE',  ( 0.000000000000000000, 0.000000000000000000, -1.000000000000000000 ) ) ;
#1922 = AXIS2_PLACEMENT_3D ( 'NONE', #165, #1239, #2326 ) ;
#1923 = FACE_BOUND ( 'NONE', #919, .T. ) ;
#1924 = EDGE_CURVE ( 'NONE', #1179, #2310, #1763, .T. ) ;
#1925 = ORIENTED_EDGE ( 'NONE', *, *, #361, .F. ) ;
#1926 = CARTESIAN_POINT ( 'NONE',  ( 31.43866279190552504, -32.93937835615508902, 9.449999999999999289 ) ) ;
#1927 = CARTESIAN_POINT ( 'NONE',  ( 45.69856536860258700, -48.84928093285265049, 28.44999999999999929 ) ) ;
#1928 = ORIENTED_EDGE ( 'NONE', *, *, #2336, .T. ) ;
#1929 = CARTESIAN_POINT ( 'NONE',  ( 6.886198943708794928, -21.70654616730324804, 30.56126983722215229 ) ) ;
#1930 = DIRECTION ( 'NONE',  ( -0.000000000000000000, -0.000000000000000000, -1.000000000000000000 ) ) ;
#1931 = EDGE_CURVE ( 'NONE', #2064, #980, #1359, .T. ) ;
#1932 = VECTOR ( 'NONE', #136, 1000.000000000000000 ) ;
#1933 = DIRECTION ( 'NONE',  ( 1.000000000000000000, 0.000000000000000000, 0.000000000000000000 ) ) ;
#1934 = ORIENTED_EDGE ( 'NONE', *, *, #2961, .T. ) ;
#1935 = DIRECTION ( 'NONE',  ( -0.000000000000000000, 0.000000000000000000, -1.000000000000000000 ) ) ;
#1936 = DIRECTION ( 'NONE',  ( 1.000000000000000000, 0.000000000000000000, 0.000000000000000000 ) ) ;
#1937 = VERTEX_POINT ( 'NONE', #2851 ) ;
#1938 = DIRECTION ( 'NONE',  ( 0.000000000000000000, -0.000000000000000000, 1.000000000000000000 ) ) ;
#1939 = ORIENTED_EDGE ( 'NONE', *, *, #964, .T. ) ;
#1940 = PLANE ( 'NONE',  #942 ) ;
#1941 = ORIENTED_EDGE ( 'NONE', *, *, #2019, .T. ) ;
#1942 = DIRECTION ( 'NONE',  ( -0.000000000000000000, -0.000000000000000000, -1.000000000000000000 ) ) ;
#1943 = AXIS2_PLACEMENT_3D ( 'NONE', #13, #1292, #1086 ) ;
#1944 = EDGE_CURVE ( 'NONE', #762, #2351, #128, .T. ) ;
#1945 = DIRECTION ( 'NONE',  ( 1.000000000000000000, 0.000000000000000000, 0.000000000000000000 ) ) ;
#1946 = ORIENTED_EDGE ( 'NONE', *, *, #2322, .F. ) ;
#1947 = DIRECTION ( 'NONE',  ( 1.000000000000000000, 0.000000000000000000, 0.000000000000000000 ) ) ;
#1948 = DIRECTION ( 'NONE',  ( -0.000000000000000000, -0.000000000000000000, 1.000000000000000000 ) ) ;
#1949 = ADVANCED_FACE ( 'NONE', ( #370 ), #2049, .F. ) ;
#1950 = CIRCLE ( 'NONE', #1498, 1.649999999999998579 ) ;
#1951 = VERTEX_POINT ( 'NONE', #1513 ) ;
#1952 = CYLINDRICAL_SURFACE ( 'NONE', #1985, 0.8000000000000020428 ) ;
#1953 = DIRECTION ( 'NONE',  ( 1.000000000000000000, 0.000000000000000000, -0.000000000000000000 ) ) ;
#1954 = CARTESIAN_POINT ( 'NONE',  ( 31.43866279190552504, -32.93937835615508902, 16.15000000000000213 ) ) ;
#1955 = ORIENTED_EDGE ( 'NONE', *, *, #1910, .F. ) ;
#1956 = LINE ( 'NONE', #305, #121 ) ;
#1957 = FACE_OUTER_BOUND ( 'NONE', #1455, .T. ) ;
#1958 = EDGE_LOOP ( 'NONE', ( #2772, #1934, #3241, #3053 ) ) ;
#1959 = ORIENTED_EDGE ( 'NONE', *, *, #2027, .T. ) ;
#1960 = AXIS2_PLACEMENT_3D ( 'NONE', #3133, #941, #2611 ) ;
#1961 = EDGE_CURVE ( 'NONE', #1824, #1951, #1746, .T. ) ;
#1962 = ORIENTED_EDGE ( 'NONE', *, *, #2947, .F. ) ;
#1963 = DIRECTION ( 'NONE',  ( -1.000000000000000000, 0.000000000000000000, 0.000000000000000000 ) ) ;
#1964 = ADVANCED_FACE ( 'NONE', ( #1164 ), #1977, .T. ) ;
#1965 = AXIS2_PLACEMENT_3D ( 'NONE', #80, #1930, #3020 ) ;
#1966 = AXIS2_PLACEMENT_3D ( 'NONE', #650, #988, #634 ) ;
#1967 = DIRECTION ( 'NONE',  ( -0.000000000000000000, -0.000000000000000000, -1.000000000000000000 ) ) ;
#1968 = ORIENTED_EDGE ( 'NONE', *, *, #1227, .F. ) ;
#1969 = CYLINDRICAL_SURFACE ( 'NONE', #3, 1.649999999999998579 ) ;
#1970 = CARTESIAN_POINT ( 'NONE',  ( 40.85706466113730784, -58.24340385072038373, 6.950000000000000178 ) ) ;
#1971 = DIRECTION ( 'NONE',  ( -0.000000000000000000, -0.000000000000000000, -1.000000000000000000 ) ) ;
#1972 = LINE ( 'NONE', #3081, #1337 ) ;
#1973 = DIRECTION ( 'NONE',  ( 1.000000000000000000, 0.000000000000000000, 0.000000000000000000 ) ) ;
#1974 = CIRCLE ( 'NONE', #1237, 0.8000000000002718270 ) ;
#1975 = ORIENTED_EDGE ( 'NONE', *, *, #1319, .T. ) ;
#1976 = DIRECTION ( 'NONE',  ( 0.000000000000000000, 0.000000000000000000, 1.000000000000000000 ) ) ;
#1977 = CYLINDRICAL_SURFACE ( 'NONE', #1457, 1.649999999999998579 ) ;
#1978 = ORIENTED_EDGE ( 'NONE', *, *, #2043, .F. ) ;
#1979 = ORIENTED_EDGE ( 'NONE', *, *, #1999, .F. ) ;
#1980 = ORIENTED_EDGE ( 'NONE', *, *, #230, .T. ) ;
#1981 = CARTESIAN_POINT ( 'NONE',  ( 47.34856536860303322, -17.02947577945797164, 28.44999999999999929 ) ) ;
#1982 = EDGE_CURVE ( 'NONE', #727, #1600, #2818, .T. ) ;
#1983 = CARTESIAN_POINT ( 'NONE',  ( 7.144637297340441506, -42.35778022538745802, 3.450000000000000178 ) ) ;
#1984 = ORIENTED_EDGE ( 'NONE', *, *, #754, .F. ) ;
#1985 = AXIS2_PLACEMENT_3D ( 'NONE', #2681, #2144, #3231 ) ;
#1986 = CARTESIAN_POINT ( 'NONE',  ( 22.42866279190552703, -32.93937835615508902, 16.15000000000000213 ) ) ;
#1987 = EDGE_CURVE ( 'NONE', #486, #951, #1466, .T. ) ;
#1988 = DIRECTION ( 'NONE',  ( 0.000000000000000000, 0.000000000000000000, -1.000000000000000000 ) ) ;
#1989 = AXIS2_PLACEMENT_3D ( 'NONE', #667, #3067, #3120 ) ;
#1990 = AXIS2_PLACEMENT_3D ( 'NONE', #1343, #1905, #1588 ) ;
#1991 = LINE ( 'NONE', #3080, #1729 ) ;
#1992 = DIRECTION ( 'NONE',  ( -0.000000000000000000, -0.000000000000000000, -1.000000000000000000 ) ) ;
#1993 = FACE_OUTER_BOUND ( 'NONE', #3500, .T. ) ;
#1994 = EDGE_CURVE ( 'NONE', #1165, #3282, #1198, .T. ) ;
#1995 = ORIENTED_EDGE ( 'NONE', *, *, #1039, .T. ) ;
#1996 = DIRECTION ( 'NONE',  ( 1.000000000000000000, 0.000000000000000000, 0.000000000000000000 ) ) ;
#1997 = CARTESIAN_POINT ( 'NONE',  ( 7.144637297340441506, -42.35778022538745802, 6.950000000000000178 ) ) ;
#1998 = VERTEX_POINT ( 'NONE', #1525 ) ;
#1999 = EDGE_CURVE ( 'NONE', #2308, #544, #3381, .T. ) ;
#2000 = EDGE_CURVE ( 'NONE', #337, #3401, #382, .T. ) ;
#2001 = ORIENTED_EDGE ( 'NONE', *, *, #425, .F. ) ;
#2002 = VERTEX_POINT ( 'NONE', #3134 ) ;
#2003 = CARTESIAN_POINT ( 'NONE',  ( 31.43866279190552504, -32.93937835615508902, 22.00000000000000711 ) ) ;
#2004 = CARTESIAN_POINT ( 'NONE',  ( 23.03026092267526792, -7.635352861589228546, 6.950000000000000178 ) ) ;
#2005 = ORIENTED_EDGE ( 'NONE', *, *, #823, .T. ) ;
#2006 = CARTESIAN_POINT ( 'NONE',  ( 14.50376021520813019, -48.84928093285233075, 25.00000000000000000 ) ) ;
#2007 = EDGE_CURVE ( 'NONE', #762, #2721, #1510, .T. ) ;
#2008 = AXIS2_PLACEMENT_3D ( 'NONE', #3075, #411, #1716 ) ;
#2009 = LINE ( 'NONE', #2864, #2484 ) ;
#2010 = AXIS2_PLACEMENT_3D ( 'NONE', #1064, #25, #2691 ) ;
#2011 = DIRECTION ( 'NONE',  ( -0.000000000000000000, -0.000000000000000000, 1.000000000000000000 ) ) ;
#2012 = DIRECTION ( 'NONE',  ( 1.000000000000000000, 0.000000000000000000, 0.000000000000000000 ) ) ;
#2013 = ORIENTED_EDGE ( 'NONE', *, *, #3397, .T. ) ;
#2014 = CARTESIAN_POINT ( 'NONE',  ( 14.23393483021796158, -53.74796638524222203, 21.44999999999999574 ) ) ;
#2015 = DIRECTION ( 'NONE',  ( -0.000000000000000000, -0.000000000000000000, 1.000000000000000000 ) ) ;
#2016 = ORIENTED_EDGE ( 'NONE', *, *, #3017, .T. ) ;
#2017 = EDGE_LOOP ( 'NONE', ( #1008, #2636 ) ) ;
#2018 = VERTEX_POINT ( 'NONE', #2346 ) ;
#2019 = EDGE_CURVE ( 'NONE', #852, #2337, #1669, .T. ) ;
#2020 = CIRCLE ( 'NONE', #1099, 4.110000000000002984 ) ;
#2021 = DIRECTION ( 'NONE',  ( 1.000000000000000000, 0.000000000000000000, 0.000000000000000000 ) ) ;
#2022 = VERTEX_POINT ( 'NONE', #152 ) ;
#2023 = DIRECTION ( 'NONE',  ( 0.000000000000000000, 0.000000000000000000, -1.000000000000000000 ) ) ;
#2024 = ORIENTED_EDGE ( 'NONE', *, *, #873, .F. ) ;
#2025 = AXIS2_PLACEMENT_3D ( 'NONE', #3470, #257, #2918 ) ;
#2026 = AXIS2_PLACEMENT_3D ( 'NONE', #588, #1159, #2242 ) ;
#2027 = EDGE_CURVE ( 'NONE', #1623, #2788, #1223, .T. ) ;
#2028 = AXIS2_PLACEMENT_3D ( 'NONE', #2197, #380, #3280 ) ;
#2029 = DIRECTION ( 'NONE',  ( 0.000000000000000000, 0.000000000000000000, -1.000000000000000000 ) ) ;
#2030 = CARTESIAN_POINT ( 'NONE',  ( 8.634512835814575737, -48.58601967976667879, 3.450000000000000178 ) ) ;
#2031 = EDGE_LOOP ( 'NONE', ( #3155, #2389, #2838, #204 ) ) ;
#2032 = DIRECTION ( 'NONE',  ( 0.000000000000000000, 0.000000000000000000, 1.000000000000000000 ) ) ;
#2033 = ORIENTED_EDGE ( 'NONE', *, *, #2487, .T. ) ;
#2034 = VECTOR ( 'NONE', #1659, 1000.000000000000000 ) ;
#2035 = VECTOR ( 'NONE', #27, 1000.000000000000000 ) ;
#2036 = EDGE_LOOP ( 'NONE', ( #1350, #2723 ) ) ;
#2037 = VERTEX_POINT ( 'NONE', #2598 ) ;
#2038 = DIRECTION ( 'NONE',  ( 0.000000000000000000, 0.000000000000000000, -1.000000000000000000 ) ) ;
#2039 = ORIENTED_EDGE ( 'NONE', *, *, #2110, .T. ) ;
#2040 = DIRECTION ( 'NONE',  ( -1.000000000000000000, 0.000000000000000000, 0.000000000000000000 ) ) ;
#2041 = ORIENTED_EDGE ( 'NONE', *, *, #1573, .T. ) ;
#2042 = DIRECTION ( 'NONE',  ( -0.000000000000000000, -0.000000000000000000, 1.000000000000000000 ) ) ;
#2043 = EDGE_CURVE ( 'NONE', #1485, #1486, #2332, .T. ) ;
#2044 = CARTESIAN_POINT ( 'NONE',  ( 45.69856536860303464, -17.02947577945797164, 28.44999999999999929 ) ) ;
#2045 = CIRCLE ( 'NONE', #566, 0.8000000000004738876 ) ;
#2046 = CARTESIAN_POINT ( 'NONE',  ( 46.68866279190552859, -32.93937835615508902, 26.84999999999999787 ) ) ;
#2047 = EDGE_LOOP ( 'NONE', ( #875, #2889, #837, #1254 ) ) ;
#2048 = AXIS2_PLACEMENT_3D ( 'NONE', #2274, #920, #2469 ) ;
#2049 = PLANE ( 'NONE',  #2560 ) ;
#2050 = ADVANCED_FACE ( 'NONE', ( #3166 ), #664, .F. ) ;
#2051 = ORIENTED_EDGE ( 'NONE', *, *, #1211, .F. ) ;
#2052 = EDGE_LOOP ( 'NONE', ( #1287, #2421, #783, #2550 ) ) ;
#2053 = CIRCLE ( 'NONE', #520, 1.024999999999998135 ) ;
#2054 = DIRECTION ( 'NONE',  ( 1.000000000000000000, 0.000000000000000000, 0.000000000000000000 ) ) ;
#2055 = VERTEX_POINT ( 'NONE', #2063 ) ;
#2056 = LINE ( 'NONE', #1533, #2929 ) ;
#2057 = DIRECTION ( 'NONE',  ( 1.000000000000000000, 0.000000000000000000, 0.000000000000000000 ) ) ;
#2058 = ADVANCED_FACE ( 'NONE', ( #698 ), #2831, .F. ) ;
#2059 = CARTESIAN_POINT ( 'NONE',  ( 47.88530411551741395, -54.94352831224597367, 30.56126983722215229 ) ) ;
#2060 = EDGE_CURVE ( 'NONE', #2072, #951, #813, .T. ) ;
#2061 = EDGE_CURVE ( 'NONE', #1879, #337, #2641, .T. ) ;
#2062 = AXIS2_PLACEMENT_3D ( 'NONE', #1670, #2764, #760 ) ;
#2063 = CARTESIAN_POINT ( 'NONE',  ( 5.124637297340456144, -42.35778022538745802, 6.950000000000000178 ) ) ;
#2064 = VERTEX_POINT ( 'NONE', #1229 ) ;
#2065 = DIRECTION ( 'NONE',  ( 0.000000000000000000, 0.000000000000000000, -1.000000000000000000 ) ) ;
#2066 = VERTEX_POINT ( 'NONE', #1809 ) ;
#2067 = AXIS2_PLACEMENT_3D ( 'NONE', #646, #2527, #2087 ) ;
#2068 = ORIENTED_EDGE ( 'NONE', *, *, #506, .T. ) ;
#2069 = CARTESIAN_POINT ( 'NONE',  ( 42.67149498075728786, -8.386914507957403231, 9.449999999999999289 ) ) ;
#2070 = VERTEX_POINT ( 'NONE', #2901 ) ;
#2071 = DIRECTION ( 'NONE',  ( 0.000000000000000000, 0.000000000000000000, -1.000000000000000000 ) ) ;
#2072 = VERTEX_POINT ( 'NONE', #3400 ) ;
#2073 = LINE ( 'NONE', #2893, #285 ) ;
#2074 = EDGE_CURVE ( 'NONE', #3265, #1569, #2578, .T. ) ;
#2075 = LINE ( 'NONE', #739, #3211 ) ;
#2076 = AXIS2_PLACEMENT_3D ( 'NONE', #2561, #133, #1524 ) ;
#2077 = CYLINDRICAL_SURFACE ( 'NONE', #3158, 0.8000000000000090372 ) ;
#2078 = AXIS2_PLACEMENT_3D ( 'NONE', #908, #1863, #2543 ) ;
#2079 = CARTESIAN_POINT ( 'NONE',  ( 4.559189279442514398, -35.48769224826034474, 30.56126983722215229 ) ) ;
#2080 = ORIENTED_EDGE ( 'NONE', *, *, #729, .T. ) ;
#2081 = CARTESIAN_POINT ( 'NONE',  ( 47.34856536860258558, -48.84928093285265049, 28.44999999999999929 ) ) ;
#2082 = DIRECTION ( 'NONE',  ( 0.000000000000000000, 0.000000000000000000, 1.000000000000000000 ) ) ;
#2083 = EDGE_LOOP ( 'NONE', ( #733, #408, #3271, #1469 ) ) ;
#2084 = CYLINDRICAL_SURFACE ( 'NONE', #528, 0.7999999999996689759 ) ;
#2085 = ORIENTED_EDGE ( 'NONE', *, *, #1573, .F. ) ;
#2086 = FACE_OUTER_BOUND ( 'NONE', #716, .T. ) ;
#2087 = DIRECTION ( 'NONE',  ( -1.000000000000000000, 0.000000000000000000, 0.000000000000000000 ) ) ;
#2088 = EDGE_CURVE ( 'NONE', #3393, #3239, #2124, .T. ) ;
#2089 = CARTESIAN_POINT ( 'NONE',  ( 22.02026092267527702, -7.635352861589228546, 21.44999999999999574 ) ) ;
#2090 = ADVANCED_FACE ( 'NONE', ( #467 ), #1538, .F. ) ;
#2091 = FACE_OUTER_BOUND ( 'NONE', #2237, .T. ) ;
#2092 = CIRCLE ( 'NONE', #1012, 1.500000000000001332 ) ;
#2093 = DIRECTION ( 'NONE',  ( 0.000000000000000000, 0.000000000000000000, 1.000000000000000000 ) ) ;
#2094 = ORIENTED_EDGE ( 'NONE', *, *, #682, .T. ) ;
#2095 = CIRCLE ( 'NONE', #176, 1.009999999999997122 ) ;
#2096 = DIRECTION ( 'NONE',  ( 0.000000000000000000, 0.000000000000000000, 1.000000000000000000 ) ) ;
#2097 = EDGE_CURVE ( 'NONE', #689, #1390, #3042, .T. ) ;
#2098 = AXIS2_PLACEMENT_3D ( 'NONE', #43, #796, #1694 ) ;
#2099 = CARTESIAN_POINT ( 'NONE',  ( 47.34856536860303322, -17.02947577945797164, 28.44999999999999929 ) ) ;
#2100 = EDGE_LOOP ( 'NONE', ( #2273, #2811 ) ) ;
#2101 = CYLINDRICAL_SURFACE ( 'NONE', #3307, 1.024999999999998135 ) ;
#2102 = VERTEX_POINT ( 'NONE', #2030 ) ;
#2103 = CARTESIAN_POINT ( 'NONE',  ( 22.02026092267527702, -7.635352861589228546, 6.950000000000000178 ) ) ;
#2104 = DIRECTION ( 'NONE',  ( 0.000000000000000000, 0.000000000000000000, 1.000000000000000000 ) ) ;
#2105 = CYLINDRICAL_SURFACE ( 'NONE', #3458, 4.110000000000002984 ) ;
#2106 = EDGE_CURVE ( 'NONE', #2458, #780, #1276, .T. ) ;
#2107 = DIRECTION ( 'NONE',  ( -0.9762960071199329182, 0.2164396139381047357, 0.000000000000000000 ) ) ;
#2108 = DIRECTION ( 'NONE',  ( -0.000000000000000000, -0.000000000000000000, -1.000000000000000000 ) ) ;
#2109 = VERTEX_POINT ( 'NONE', #417 ) ;
#2110 = EDGE_CURVE ( 'NONE', #1392, #1747, #2586, .T. ) ;
#2111 = CARTESIAN_POINT ( 'NONE',  ( 22.02026092267527702, -7.635352861589228546, 6.950000000000000178 ) ) ;
#2112 = CIRCLE ( 'NONE', #2574, 0.7999999999999960476 ) ;
#2113 = CARTESIAN_POINT ( 'NONE',  ( 49.44339075359364699, -12.13079032706759719, 21.44999999999999574 ) ) ;
#2114 = FACE_OUTER_BOUND ( 'NONE', #3010, .T. ) ;
#2115 = ORIENTED_EDGE ( 'NONE', *, *, #1823, .T. ) ;
#2116 = CARTESIAN_POINT ( 'NONE',  ( 31.43866279190552504, -32.93937835615508902, 41.63412839396316656 ) ) ;
#2117 = ORIENTED_EDGE ( 'NONE', *, *, #3359, .F. ) ;
#2118 = PLANE ( 'NONE',  #1137 ) ;
#2119 = AXIS2_PLACEMENT_3D ( 'NONE', #1021, #2104, #1035 ) ;
#2120 = CARTESIAN_POINT ( 'NONE',  ( 6.086198943708343023, -21.70654616730324804, 3.450000000000000178 ) ) ;
#2121 = DIRECTION ( 'NONE',  ( 0.000000000000000000, 0.000000000000000000, -1.000000000000000000 ) ) ;
#2122 = ADVANCED_FACE ( 'NONE', ( #217, #1837 ), #3194, .T. ) ;
#2123 = DIRECTION ( 'NONE',  ( 1.000000000000000000, 0.000000000000000000, 0.000000000000000000 ) ) ;
#2124 = CIRCLE ( 'NONE', #1890, 0.7999999999994191757 ) ;
#2125 = EDGE_CURVE ( 'NONE', #2351, #762, #1733, .T. ) ;
#2126 = CARTESIAN_POINT ( 'NONE',  ( 14.56345304675703289, -30.88333943209617516, 25.00000000000000000 ) ) ;
#2127 = CIRCLE ( 'NONE', #1965, 1.500000000000001332 ) ;
#2128 = CIRCLE ( 'NONE', #607, 1.500000000000001332 ) ;
#2129 = CARTESIAN_POINT ( 'NONE',  ( 47.84339075359365978, -12.13079032706759719, 21.44999999999999574 ) ) ;
#2130 = CYLINDRICAL_SURFACE ( 'NONE', #731, 0.8000000000002718270 ) ;
#2131 = VECTOR ( 'NONE', #3377, 1000.000000000000000 ) ;
#2132 = EDGE_LOOP ( 'NONE', ( #1473, #14, #418, #1369 ) ) ;
#2133 = ADVANCED_FACE ( 'NONE', ( #1656, #31 ), #2378, .T. ) ;
#2134 = DIRECTION ( 'NONE',  ( 0.000000000000000000, 0.000000000000000000, -1.000000000000000000 ) ) ;
#2135 = DIRECTION ( 'NONE',  ( 1.000000000000000000, 0.000000000000000000, 0.000000000000000000 ) ) ;
#2136 = EDGE_LOOP ( 'NONE', ( #2994, #3051, #826, #3374 ) ) ;
#2137 = CARTESIAN_POINT ( 'NONE',  ( 6.886198943708794928, -21.70654616730324804, 3.450000000000000178 ) ) ;
#2138 = VERTEX_POINT ( 'NONE', #2747 ) ;
#2139 = FACE_OUTER_BOUND ( 'NONE', #1862, .T. ) ;
#2140 = AXIS2_PLACEMENT_3D ( 'NONE', #1789, #3132, #2813 ) ;
#2141 = DIRECTION ( 'NONE',  ( -0.000000000000000000, -0.000000000000000000, 1.000000000000000000 ) ) ;
#2142 = EDGE_CURVE ( 'NONE', #499, #1311, #2020, .T. ) ;
#2143 = CARTESIAN_POINT ( 'NONE',  ( 6.134637297340448825, -42.35778022538745802, 6.950000000000000178 ) ) ;
#2144 = DIRECTION ( 'NONE',  ( 0.000000000000000000, 0.000000000000000000, -1.000000000000000000 ) ) ;
#2145 = FACE_BOUND ( 'NONE', #691, .T. ) ;
#2146 = CIRCLE ( 'NONE', #1919, 0.7999999999999951594 ) ;
#2147 = CARTESIAN_POINT ( 'NONE',  ( 47.34856536860282716, -48.84928093285243023, 25.00000000000000000 ) ) ;
#2148 = CARTESIAN_POINT ( 'NONE',  ( 4.815532960987606081, -28.44394089067633047, 27.44999999999999929 ) ) ;
#2149 = EDGE_CURVE ( 'NONE', #1216, #1167, #2480, .T. ) ;
#2150 = ORIENTED_EDGE ( 'NONE', *, *, #2829, .F. ) ;
#2151 = CIRCLE ( 'NONE', #2383, 0.7999999999999960476 ) ;
#2152 = CIRCLE ( 'NONE', #916, 1.024999999999998135 ) ;
#2153 = LINE ( 'NONE', #1045, #2809 ) ;
#2154 = ORIENTED_EDGE ( 'NONE', *, *, #3066, .F. ) ;
#2155 = DIRECTION ( 'NONE',  ( -0.000000000000000000, -0.000000000000000000, 1.000000000000000000 ) ) ;
#2156 = ORIENTED_EDGE ( 'NONE', *, *, #3318, .F. ) ;
#2157 = DIRECTION ( 'NONE',  ( 1.000000000000000000, 0.000000000000000000, 0.000000000000000000 ) ) ;
#2158 = DIRECTION ( 'NONE',  ( 0.000000000000000000, 0.000000000000000000, 1.000000000000000000 ) ) ;
#2159 = DIRECTION ( 'NONE',  ( -1.000000000000000000, 0.000000000000000000, 0.000000000000000000 ) ) ;
#2160 = DIRECTION ( 'NONE',  ( 1.000000000000000000, 0.000000000000000000, -0.000000000000000000 ) ) ;
#2161 = ADVANCED_FACE ( 'NONE', ( #1923, #2215 ), #1555, .T. ) ;
#2162 = CARTESIAN_POINT ( 'NONE',  ( 31.43866279190552504, -32.93937835615508902, 27.44999999999999929 ) ) ;
#2163 = CARTESIAN_POINT ( 'NONE',  ( 40.44866279190552660, -32.93937835615508902, 20.40000000000000213 ) ) ;
#2164 = AXIS2_PLACEMENT_3D ( 'NONE', #814, #2474, #3007 ) ;
#2165 = CARTESIAN_POINT ( 'NONE',  ( 50.19866279190552660, -32.93937835615508902, 25.34999999999999787 ) ) ;
#2166 = VERTEX_POINT ( 'NONE', #602 ) ;
#2167 = STYLED_ITEM ( 'NONE', ( #271 ), #2686 ) ;
#2168 = CARTESIAN_POINT ( 'NONE',  ( 16.78829404481964360, -34.65086764166321132, 21.00000000000000000 ) ) ;
#2169 = ORIENTED_EDGE ( 'NONE', *, *, #2305, .F. ) ;
#2170 = FACE_OUTER_BOUND ( 'NONE', #2793, .T. ) ;
#2171 = VERTEX_POINT ( 'NONE', #1024 ) ;
#2172 = DIRECTION ( 'NONE',  ( 1.000000000000000000, 0.000000000000000000, 0.000000000000000000 ) ) ;
#2173 = FACE_OUTER_BOUND ( 'NONE', #1234, .T. ) ;
#2174 = ORIENTED_EDGE ( 'NONE', *, *, #655, .F. ) ;
#2175 = DIRECTION ( 'NONE',  ( -1.000000000000000000, 0.000000000000000000, 0.000000000000000000 ) ) ;
#2176 = EDGE_CURVE ( 'NONE', #1411, #3401, #1333, .T. ) ;
#2177 = CIRCLE ( 'NONE', #2526, 0.7999999999999951594 ) ;
#2178 = DIRECTION ( 'NONE',  ( -0.000000000000000000, -0.000000000000000000, 1.000000000000000000 ) ) ;
#2179 = CARTESIAN_POINT ( 'NONE',  ( 52.64281274799736110, -17.29273703254245476, 3.450000000000000178 ) ) ;
#2180 = AXIS2_PLACEMENT_3D ( 'NONE', #2046, #314, #480 ) ;
#2181 = CARTESIAN_POINT ( 'NONE',  ( 31.43866279190552504, -32.93937835615508902, 12.00000000000000178 ) ) ;
#2182 = CARTESIAN_POINT ( 'NONE',  ( 15.03393483021796406, -53.74796638524222203, 21.44999999999999574 ) ) ;
#2183 = LINE ( 'NONE', #1385, #1138 ) ;
#2184 = AXIS2_PLACEMENT_3D ( 'NONE', #778, #1594, #2670 ) ;
#2185 = ORIENTED_EDGE ( 'NONE', *, *, #2646, .T. ) ;
#2186 = CIRCLE ( 'NONE', #2644, 29.00000000000000355 ) ;
#2187 = EDGE_CURVE ( 'NONE', #2845, #2102, #2993, .T. ) ;
#2188 = DIRECTION ( 'NONE',  ( 1.000000000000000000, 0.000000000000000000, 0.000000000000000000 ) ) ;
#2189 = CIRCLE ( 'NONE', #3267, 0.7999999999999951594 ) ;
#2190 = AXIS2_PLACEMENT_3D ( 'NONE', #3160, #719, #2844 ) ;
#2191 = ORIENTED_EDGE ( 'NONE', *, *, #398, .T. ) ;
#2192 = CARTESIAN_POINT ( 'NONE',  ( 57.75268828647117658, -23.52097648692426546, 3.450000000000000178 ) ) ;
#2193 = ORIENTED_EDGE ( 'NONE', *, *, #1244, .F. ) ;
#2194 = FACE_OUTER_BOUND ( 'NONE', #862, .T. ) ;
#2195 = CARTESIAN_POINT ( 'NONE',  ( 31.43866279190552504, -32.93937835615508902, 20.40000000000000213 ) ) ;
#2196 = ORIENTED_EDGE ( 'NONE', *, *, #779, .T. ) ;
#2197 = CARTESIAN_POINT ( 'NONE',  ( 20.20583060305464329, -57.49184220435173387, 9.449999999999999289 ) ) ;
#2198 = EDGE_CURVE ( 'NONE', #1454, #799, #485, .T. ) ;
#2199 = CARTESIAN_POINT ( 'NONE',  ( 16.78829404481964360, -34.65086764166321132, 21.00000000000000000 ) ) ;
#2200 = ORIENTED_EDGE ( 'NONE', *, *, #3363, .T. ) ;
#2201 = CARTESIAN_POINT ( 'NONE',  ( 56.79112664010252587, -44.17221054500589617, 3.450000000000000178 ) ) ;
#2202 = DIRECTION ( 'NONE',  ( 1.000000000000000000, 0.000000000000000000, 0.000000000000000000 ) ) ;
#2203 = DIRECTION ( 'NONE',  ( 1.000000000000000000, 0.000000000000000000, 0.000000000000000000 ) ) ;
#2204 = EDGE_LOOP ( 'NONE', ( #2233, #685 ) ) ;
#2205 = DIRECTION ( 'NONE',  ( 0.000000000000000000, 0.000000000000000000, -1.000000000000000000 ) ) ;
#2206 = CARTESIAN_POINT ( 'NONE',  ( 31.43866279190552504, -32.93937835615508902, 3.450000000000000178 ) ) ;
#2207 = ORIENTED_EDGE ( 'NONE', *, *, #989, .T. ) ;
#2208 = EDGE_CURVE ( 'NONE', #918, #3029, #1575, .T. ) ;
#2209 = CARTESIAN_POINT ( 'NONE',  ( 31.43866279190552504, -32.93937835615508902, 22.00000000000000711 ) ) ;
#2210 = VERTEX_POINT ( 'NONE', #2930 ) ;
#2211 = DIRECTION ( 'NONE',  ( 1.000000000000000000, 0.000000000000000000, 0.000000000000000000 ) ) ;
#2212 = ORIENTED_EDGE ( 'NONE', *, *, #2426, .F. ) ;
#2213 = CARTESIAN_POINT ( 'NONE',  ( 58.31813630436960949, -30.39106446404913342, 3.450000000000000178 ) ) ;
#2214 = CIRCLE ( 'NONE', #956, 1.649999999999998579 ) ;
#2215 = FACE_OUTER_BOUND ( 'NONE', #164, .T. ) ;
#2216 = CIRCLE ( 'NONE', #2048, 0.7999999999999933831 ) ;
#2217 = ORIENTED_EDGE ( 'NONE', *, *, #2336, .F. ) ;
#2218 = DIRECTION ( 'NONE',  ( 1.000000000000000000, 0.000000000000000000, 0.000000000000000000 ) ) ;
#2219 = LINE ( 'NONE', #1703, #2709 ) ;
#2220 = ORIENTED_EDGE ( 'NONE', *, *, #2579, .T. ) ;
#2221 = DIRECTION ( 'NONE',  ( -1.000000000000000000, 0.000000000000000000, 0.000000000000000000 ) ) ;
#2222 = DIRECTION ( 'NONE',  ( 0.000000000000000000, 0.000000000000000000, -1.000000000000000000 ) ) ;
#2223 = AXIS2_PLACEMENT_3D ( 'NONE', #1557, #3169, #3479 ) ;
#2224 = CYLINDRICAL_SURFACE ( 'NONE', #2981, 0.7999999999999951594 ) ;
#2225 = VERTEX_POINT ( 'NONE', #3278 ) ;
#2226 = CARTESIAN_POINT ( 'NONE',  ( 23.18866279190552504, -32.93937835615508902, 16.15000000000000213 ) ) ;
#2227 = EDGE_CURVE ( 'NONE', #1485, #3196, #265, .T. ) ;
#2228 = DIRECTION ( 'NONE',  ( -0.000000000000000000, -0.000000000000000000, -1.000000000000000000 ) ) ;
#2229 = EDGE_CURVE ( 'NONE', #392, #333, #2738, .T. ) ;
#2230 = ORIENTED_EDGE ( 'NONE', *, *, #2737, .T. ) ;
#2231 = AXIS2_PLACEMENT_3D ( 'NONE', #3320, #1967, #624 ) ;
#2232 = ORIENTED_EDGE ( 'NONE', *, *, #84, .F. ) ;
#2233 = ORIENTED_EDGE ( 'NONE', *, *, #2125, .T. ) ;
#2234 = PLANE ( 'NONE',  #3034 ) ;
#2235 = AXIS2_PLACEMENT_3D ( 'NONE', #3223, #798, #308 ) ;
#2236 = LINE ( 'NONE', #952, #1443 ) ;
#2237 = EDGE_LOOP ( 'NONE', ( #1984, #1690, #2988, #224 ) ) ;
#2238 = DIRECTION ( 'NONE',  ( -0.000000000000000000, -0.000000000000000000, 1.000000000000000000 ) ) ;
#2239 = FACE_OUTER_BOUND ( 'NONE', #1514, .T. ) ;
#2240 = CIRCLE ( 'NONE', #3293, 0.8000000000000020428 ) ;
#2241 = LINE ( 'NONE', #1721, #1811 ) ;
#2242 = DIRECTION ( 'NONE',  ( -1.000000000000000000, 0.000000000000000000, 0.000000000000000000 ) ) ;
#2243 = ADVANCED_FACE ( 'NONE', ( #2664 ), #3012, .F. ) ;
#2244 = CARTESIAN_POINT ( 'NONE',  ( 6.086198943708343023, -21.70654616730324804, 30.56126983722215229 ) ) ;
#2245 = EDGE_LOOP ( 'NONE', ( #966, #2249 ) ) ;
#2246 = DIRECTION ( 'NONE',  ( -0.000000000000000000, -0.000000000000000000, -1.000000000000000000 ) ) ;
#2247 = EDGE_CURVE ( 'NONE', #1341, #817, #2441, .T. ) ;
#2248 = CARTESIAN_POINT ( 'NONE',  ( 15.52876021520834726, -17.02947577945764124, 28.44999999999999929 ) ) ;
#2249 = ORIENTED_EDGE ( 'NONE', *, *, #3017, .F. ) ;
#2250 = ORIENTED_EDGE ( 'NONE', *, *, #1673, .T. ) ;
#2251 = EDGE_CURVE ( 'NONE', #2721, #2171, #17, .T. ) ;
#2252 = AXIS2_PLACEMENT_3D ( 'NONE', #452, #661, #3149 ) ;
#2253 = ADVANCED_FACE ( 'NONE', ( #2173 ), #3112, .T. ) ;
#2254 = UNCERTAINTY_MEASURE_WITH_UNIT (LENGTH_MEASURE( 1.000000000000000082E-05 ), #3163, 'distance_accuracy_value', 'NONE');
#2255 = ORIENTED_EDGE ( 'NONE', *, *, #2553, .F. ) ;
#2256 = DIRECTION ( 'NONE',  ( -0.000000000000000000, -0.000000000000000000, -1.000000000000000000 ) ) ;
#2257 = VECTOR ( 'NONE', #2465, 1000.000000000000000 ) ;
#2258 = CARTESIAN_POINT ( 'NONE',  ( 15.79202146829384468, -10.93522840006318297, 3.450000000000000178 ) ) ;
#2259 = ORIENTED_EDGE ( 'NONE', *, *, #512, .F. ) ;
#2260 = CARTESIAN_POINT ( 'NONE',  ( 47.34856536860281295, -17.02947577945774427, 25.00000000000000000 ) ) ;
#2261 = CARTESIAN_POINT ( 'NONE',  ( 46.32356536860282858, -48.84928093285243023, 25.00000000000000000 ) ) ;
#2262 = EDGE_CURVE ( 'NONE', #474, #2310, #2400, .T. ) ;
#2263 = DIRECTION ( 'NONE',  ( -0.000000000000000000, -0.000000000000000000, -1.000000000000000000 ) ) ;
#2264 = CARTESIAN_POINT ( 'NONE',  ( 31.43866279190552504, -32.93937835615508902, 9.449999999999999289 ) ) ;
#2265 = DIRECTION ( 'NONE',  ( -0.000000000000000000, 0.000000000000000000, -1.000000000000000000 ) ) ;
#2266 = AXIS2_PLACEMENT_3D ( 'NONE', #196, #774, #3445 ) ;
#2267 = ORIENTED_EDGE ( 'NONE', *, *, #1683, .T. ) ;
#2268 = CARTESIAN_POINT ( 'NONE',  ( 48.37356536860303180, -17.02947577945797164, 28.44999999999999929 ) ) ;
#2269 = FACE_OUTER_BOUND ( 'NONE', #1098, .T. ) ;
#2270 = ORIENTED_EDGE ( 'NONE', *, *, #2327, .F. ) ;
#2271 = ADVANCED_FACE ( 'NONE', ( #2841 ), #902, .F. ) ;
#2272 = EDGE_LOOP ( 'NONE', ( #834, #960 ) ) ;
#2273 = ORIENTED_EDGE ( 'NONE', *, *, #1053, .F. ) ;
#2274 = CARTESIAN_POINT ( 'NONE',  ( 9.434512835814569343, -48.58601967976667879, 3.450000000000000178 ) ) ;
#2275 = AXIS2_PLACEMENT_3D ( 'NONE', #3332, #829, #2430 ) ;
#2276 = VECTOR ( 'NONE', #1376, 1000.000000000000000 ) ;
#2277 = FACE_BOUND ( 'NONE', #1871, .T. ) ;
#2278 = ORIENTED_EDGE ( 'NONE', *, *, #1053, .T. ) ;
#2279 = AXIS2_PLACEMENT_3D ( 'NONE', #1506, #3441, #891 ) ;
#2280 = CARTESIAN_POINT ( 'NONE',  ( 46.68866279190552859, -32.93937835615508902, 26.84999999999999787 ) ) ;
#2281 = CARTESIAN_POINT ( 'NONE',  ( 58.06179262282417142, -37.43481582163340704, 27.44999999999999929 ) ) ;
#2282 = CIRCLE ( 'NONE', #3006, 13.24999999999999822 ) ;
#2283 = CARTESIAN_POINT ( 'NONE',  ( 58.06179262282417142, -37.43481582163340704, 21.44999999999999574 ) ) ;
#2284 = DIRECTION ( 'NONE',  ( 0.000000000000000000, 0.000000000000000000, -1.000000000000000000 ) ) ;
#2285 = VERTEX_POINT ( 'NONE', #1204 ) ;
#2286 = CARTESIAN_POINT ( 'NONE',  ( 5.615532960987602351, -28.44394089067633047, 27.44999999999999929 ) ) ;
#2287 = EDGE_CURVE ( 'NONE', #1454, #2455, #394, .T. ) ;
#2288 = CARTESIAN_POINT ( 'NONE',  ( 4.015532960987610700, -28.44394089067633047, 21.44999999999999574 ) ) ;
#2289 = EDGE_LOOP ( 'NONE', ( #2217, #552, #209, #1753 ) ) ;
#2290 = ORIENTED_EDGE ( 'NONE', *, *, #2978, .T. ) ;
#2291 = ORIENTED_EDGE ( 'NONE', *, *, #45, .F. ) ;
#2292 = DIRECTION ( 'NONE',  ( -1.000000000000000000, 0.000000000000000000, 0.000000000000000000 ) ) ;
#2293 = EDGE_LOOP ( 'NONE', ( #1371, #2891 ) ) ;
#2294 = CARTESIAN_POINT ( 'NONE',  ( 31.43866279190552504, -32.93937835615508902, 27.44999999999999929 ) ) ;
#2295 = VECTOR ( 'NONE', #688, 1000.000000000000000 ) ;
#2296 = VERTEX_POINT ( 'NONE', #145 ) ;
#2297 = FACE_OUTER_BOUND ( 'NONE', #3473, .T. ) ;
#2298 = DIRECTION ( 'NONE',  ( 1.000000000000000000, 0.000000000000000000, 0.000000000000000000 ) ) ;
#2299 = ORIENTED_EDGE ( 'NONE', *, *, #2646, .F. ) ;
#2300 = DIRECTION ( 'NONE',  ( 0.000000000000000000, 0.000000000000000000, -1.000000000000000000 ) ) ;
#2301 = DIRECTION ( 'NONE',  ( 0.000000000000000000, 0.000000000000000000, 1.000000000000000000 ) ) ;
#2302 = ORIENTED_EDGE ( 'NONE', *, *, #2716, .T. ) ;
#2303 = EDGE_LOOP ( 'NONE', ( #2530, #870 ) ) ;
#2304 = ORIENTED_EDGE ( 'NONE', *, *, #1589, .T. ) ;
#2305 = EDGE_CURVE ( 'NONE', #3029, #817, #803, .T. ) ;
#2306 = VECTOR ( 'NONE', #1494, 1000.000000000000000 ) ;
#2307 = LINE ( 'NONE', #2004, #1719 ) ;
#2308 = VERTEX_POINT ( 'NONE', #1152 ) ;
#2309 = DIRECTION ( 'NONE',  ( -0.000000000000000000, -0.000000000000000000, -1.000000000000000000 ) ) ;
#2310 = VERTEX_POINT ( 'NONE', #1983 ) ;
#2311 = AXIS2_PLACEMENT_3D ( 'NONE', #1707, #850, #3220 ) ;
#2312 = CARTESIAN_POINT ( 'NONE',  ( 0.000000000000000000, 0.000000000000000000, 0.000000000000000000 ) ) ;
#2313 = AXIS2_PLACEMENT_3D ( 'NONE', #895, #929, #2531 ) ;
#2314 = CIRCLE ( 'NONE', #771, 1.009999999999997122 ) ;
#2315 = ADVANCED_FACE ( 'NONE', ( #2277, #74 ), #3392, .T. ) ;
#2316 = CARTESIAN_POINT ( 'NONE',  ( 17.17876021520834584, -17.02947577945764124, 28.44999999999999929 ) ) ;
#2317 = DIRECTION ( 'NONE',  ( -0.000000000000000000, -0.000000000000000000, -1.000000000000000000 ) ) ;
#2318 = ORIENTED_EDGE ( 'NONE', *, *, #1609, .T. ) ;
#2319 = DIRECTION ( 'NONE',  ( 0.000000000000000000, 0.000000000000000000, -1.000000000000000000 ) ) ;
#2320 = AXIS2_PLACEMENT_3D ( 'NONE', #3275, #835, #3009 ) ;
#2321 = EDGE_LOOP ( 'NONE', ( #2832, #521 ) ) ;
#2322 = EDGE_CURVE ( 'NONE', #2575, #1390, #2307, .T. ) ;
#2323 = VERTEX_POINT ( 'NONE', #884 ) ;
#2324 = DIRECTION ( 'NONE',  ( 1.000000000000000000, 0.000000000000000000, 0.000000000000000000 ) ) ;
#2325 = ORIENTED_EDGE ( 'NONE', *, *, #1275, .T. ) ;
#2326 = DIRECTION ( 'NONE',  ( 1.000000000000000000, 0.000000000000000000, 0.000000000000000000 ) ) ;
#2327 = EDGE_CURVE ( 'NONE', #331, #3239, #2236, .T. ) ;
#2328 = EDGE_CURVE ( 'NONE', #799, #1454, #1264, .T. ) ;
#2329 = FACE_OUTER_BOUND ( 'NONE', #1530, .T. ) ;
#2330 = DIRECTION ( 'NONE',  ( -1.000000000000000000, 0.000000000000000000, 0.000000000000000000 ) ) ;
#2331 = AXIS2_PLACEMENT_3D ( 'NONE', #1460, #95, #1442 ) ;
#2332 = LINE ( 'NONE', #944, #2357 ) ;
#2333 = ORIENTED_EDGE ( 'NONE', *, *, #1094, .F. ) ;
#2334 = CARTESIAN_POINT ( 'NONE',  ( 60.43866279190552859, -32.93937835615508192, 25.00000000000000000 ) ) ;
#2335 = ORIENTED_EDGE ( 'NONE', *, *, #5, .T. ) ;
#2336 = EDGE_CURVE ( 'NONE', #153, #2585, #1735, .T. ) ;
#2337 = VERTEX_POINT ( 'NONE', #1458 ) ;
#2338 = DIRECTION ( 'NONE',  ( -1.000000000000000000, 0.000000000000000000, 0.000000000000000000 ) ) ;
#2339 = EDGE_LOOP ( 'NONE', ( #2442, #1621, #82, #1199 ) ) ;
#2340 = DIRECTION ( 'NONE',  ( -1.000000000000000000, 0.000000000000000000, 0.000000000000000000 ) ) ;
#2341 = CARTESIAN_POINT ( 'NONE',  ( 23.03026092267526792, -7.635352861589228546, 3.450000000000000178 ) ) ;
#2342 = DIRECTION ( 'NONE',  ( 0.000000000000000000, 0.000000000000000000, 1.000000000000000000 ) ) ;
#2343 = VECTOR ( 'NONE', #1487, 1000.000000000000000 ) ;
#2344 = LINE ( 'NONE', #3413, #943 ) ;
#2345 = AXIS2_PLACEMENT_3D ( 'NONE', #1897, #2404, #2188 ) ;
#2346 = CARTESIAN_POINT ( 'NONE',  ( 16.59202146829431967, -10.93522840006318297, 3.450000000000000178 ) ) ;
#2347 = ORIENTED_EDGE ( 'NONE', *, *, #2106, .T. ) ;
#2348 = DIRECTION ( 'NONE',  ( 1.000000000000000000, 0.000000000000000000, 0.000000000000000000 ) ) ;
#2349 = CARTESIAN_POINT ( 'NONE',  ( 22.02026092267527702, -7.635352861589228546, 21.44999999999999574 ) ) ;
#2350 = CIRCLE ( 'NONE', #432, 0.7999999999994054090 ) ;
#2351 = VERTEX_POINT ( 'NONE', #2856 ) ;
#2352 = EDGE_CURVE ( 'NONE', #146, #3265, #1541, .T. ) ;
#2353 = FACE_OUTER_BOUND ( 'NONE', #2884, .T. ) ;
#2354 = ORIENTED_EDGE ( 'NONE', *, *, #2846, .F. ) ;
#2355 = CARTESIAN_POINT ( 'NONE',  ( 15.79202146829384468, -10.93522840006318297, 9.449999999999999289 ) ) ;
#2356 = DIRECTION ( 'NONE',  ( 0.000000000000000000, 0.000000000000000000, -1.000000000000000000 ) ) ;
#2357 = VECTOR ( 'NONE', #400, 1000.000000000000000 ) ;
#2358 = FACE_OUTER_BOUND ( 'NONE', #2321, .T. ) ;
#2359 = ADVANCED_FACE ( 'NONE', ( #426 ), #2501, .F. ) ;
#2360 = CARTESIAN_POINT ( 'NONE',  ( 6.886198943708794928, -21.70654616730324804, 30.56126983722215229 ) ) ;
#2361 = AXIS2_PLACEMENT_3D ( 'NONE', #386, #2780, #117 ) ;
#2362 = DIRECTION ( 'NONE',  ( 1.000000000000000000, 0.000000000000000000, 0.000000000000000000 ) ) ;
#2363 = ORIENTED_EDGE ( 'NONE', *, *, #1982, .F. ) ;
#2364 = ADVANCED_FACE ( 'NONE', ( #1699 ), #356, .F. ) ;
#2365 = CARTESIAN_POINT ( 'NONE',  ( 16.55376021520791241, -48.84928093285210338, 28.44999999999999929 ) ) ;
#2366 = DIRECTION ( 'NONE',  ( 1.000000000000000000, 0.000000000000000000, -0.000000000000000000 ) ) ;
#2367 = ORIENTED_EDGE ( 'NONE', *, *, #1329, .F. ) ;
#2368 = EDGE_CURVE ( 'NONE', #1951, #2018, #3087, .T. ) ;
#2369 = FACE_OUTER_BOUND ( 'NONE', #2204, .T. ) ;
#2370 = VERTEX_POINT ( 'NONE', #2810 ) ;
#2371 = CARTESIAN_POINT ( 'NONE',  ( 15.52876021520834726, -17.02947577945764124, 27.44999999999999929 ) ) ;
#2372 = ORIENTED_EDGE ( 'NONE', *, *, #3021, .T. ) ;
#2373 = CARTESIAN_POINT ( 'NONE',  ( 17.11295346572678966, -36.11531165234310947, 27.44999999999999929 ) ) ;
#2374 = DIRECTION ( 'NONE',  ( -0.000000000000000000, -0.000000000000000000, 1.000000000000000000 ) ) ;
#2375 = FACE_OUTER_BOUND ( 'NONE', #108, .T. ) ;
#2376 = CIRCLE ( 'NONE', #283, 0.7999999999993359090 ) ;
#2377 = CIRCLE ( 'NONE', #843, 0.8000000000002718270 ) ;
#2378 = PLANE ( 'NONE',  #2412 ) ;
#2379 = VERTEX_POINT ( 'NONE', #377 ) ;
#2380 = CIRCLE ( 'NONE', #564, 1.500000000000001332 ) ;
#2381 = DIRECTION ( 'NONE',  ( 1.000000000000000000, 0.000000000000000000, 0.000000000000000000 ) ) ;
#2382 = AXIS2_PLACEMENT_3D ( 'NONE', #1568, #475, #3504 ) ;
#2383 = AXIS2_PLACEMENT_3D ( 'NONE', #2148, #3235, #1878 ) ;
#2384 = FACE_BOUND ( 'NONE', #596, .T. ) ;
#2385 = ADVANCED_FACE ( 'NONE', ( #2538 ), #110, .F. ) ;
#2386 = CYLINDRICAL_SURFACE ( 'NONE', #3106, 0.7999999999999986011 ) ;
#2387 = ORIENTED_EDGE ( 'NONE', *, *, #1490, .F. ) ;
#2388 = DIRECTION ( 'NONE',  ( 0.000000000000000000, 0.000000000000000000, -1.000000000000000000 ) ) ;
#2389 = ORIENTED_EDGE ( 'NONE', *, *, #964, .F. ) ;
#2390 = DIRECTION ( 'NONE',  ( 0.000000000000000000, 0.000000000000000000, 1.000000000000000000 ) ) ;
#2391 = ADVANCED_FACE ( 'NONE', ( #2874 ), #1268, .T. ) ;
#2392 = DIRECTION ( 'NONE',  ( -0.9762960071199331402, -0.2164396139381036810, 0.000000000000000000 ) ) ;
#2393 = AXIS2_PLACEMENT_3D ( 'NONE', #728, #1279, #3214 ) ;
#2394 = EDGE_CURVE ( 'NONE', #992, #2022, #2397, .T. ) ;
#2395 = CARTESIAN_POINT ( 'NONE',  ( 14.56345304675703289, -34.99541728021399933, 25.00000000000000000 ) ) ;
#2396 = CARTESIAN_POINT ( 'NONE',  ( 40.85706466113627044, -58.24340385072076032, 21.44999999999999574 ) ) ;
#2397 = CIRCLE ( 'NONE', #867, 1.024999999999998135 ) ;
#2398 = EDGE_CURVE ( 'NONE', #2070, #3395, #1030, .T. ) ;
#2399 = DIRECTION ( 'NONE',  ( -0.000000000000000000, -0.000000000000000000, -1.000000000000000000 ) ) ;
#2400 = CIRCLE ( 'NONE', #421, 1.009999999999992681 ) ;
#2401 = CARTESIAN_POINT ( 'NONE',  ( 31.43866279190552504, -32.93937835615508902, 9.449999999999999289 ) ) ;
#2402 = CYLINDRICAL_SURFACE ( 'NONE', #764, 0.8000000000000020428 ) ;
#2403 = ORIENTED_EDGE ( 'NONE', *, *, #142, .T. ) ;
#2404 = DIRECTION ( 'NONE',  ( 0.000000000000000000, 0.000000000000000000, 1.000000000000000000 ) ) ;
#2405 = ORIENTED_EDGE ( 'NONE', *, *, #2328, .F. ) ;
#2406 = LINE ( 'NONE', #1353, #50 ) ;
#2407 = AXIS2_PLACEMENT_3D ( 'NONE', #3277, #355, #3258 ) ;
#2408 = EDGE_LOOP ( 'NONE', ( #2200, #3154 ) ) ;
#2409 = CARTESIAN_POINT ( 'NONE',  ( 28.89034889979984655, -6.059904843690986809, 9.449999999999999289 ) ) ;
#2410 = EDGE_LOOP ( 'NONE', ( #2837, #1029, #2250, #2212 ) ) ;
#2411 = FACE_OUTER_BOUND ( 'NONE', #3316, .T. ) ;
#2412 = AXIS2_PLACEMENT_3D ( 'NONE', #1903, #1397, #236 ) ;
#2413 = EDGE_CURVE ( 'NONE', #1311, #3405, #1784, .T. ) ;
#2414 = CARTESIAN_POINT ( 'NONE',  ( 56.74268828647117857, -23.52097648692426546, 6.950000000000000178 ) ) ;
#2415 = AXIS2_PLACEMENT_3D ( 'NONE', #1117, #2284, #3022 ) ;
#2416 = DIRECTION ( 'NONE',  ( 0.000000000000000000, 0.000000000000000000, -1.000000000000000000 ) ) ;
#2417 = ORIENTED_EDGE ( 'NONE', *, *, #1142, .F. ) ;
#2418 = PLANE ( 'NONE',  #2235 ) ;
#2419 = ORIENTED_EDGE ( 'NONE', *, *, #1308, .F. ) ;
#2420 = DIRECTION ( 'NONE',  ( -0.000000000000000000, 0.000000000000000000, -1.000000000000000000 ) ) ;
#2421 = ORIENTED_EDGE ( 'NONE', *, *, #1501, .T. ) ;
#2422 = FACE_OUTER_BOUND ( 'NONE', #2545, .T. ) ;
#2423 = AXIS2_PLACEMENT_3D ( 'NONE', #1970, #2444, #1156 ) ;
#2424 = ADVANCED_FACE ( 'NONE', ( #1502 ), #2084, .F. ) ;
#2425 = CARTESIAN_POINT ( 'NONE',  ( 14.23393483021796158, -53.74796638524222203, 21.44999999999999574 ) ) ;
#2426 = EDGE_CURVE ( 'NONE', #1899, #69, #983, .T. ) ;
#2427 = CARTESIAN_POINT ( 'NONE',  ( 33.18697668401232193, -59.81885186861801884, 3.450000000000000178 ) ) ;
#2428 = CARTESIAN_POINT ( 'NONE',  ( 54.24281274799736963, -17.29273703254245476, 9.449999999999999289 ) ) ;
#2429 = AXIS2_PLACEMENT_3D ( 'NONE', #18, #548, #1874 ) ;
#2430 = DIRECTION ( 'NONE',  ( 1.000000000000000000, 0.000000000000000000, 0.000000000000000000 ) ) ;
#2431 = FACE_OUTER_BOUND ( 'NONE', #2339, .T. ) ;
#2432 = ORIENTED_EDGE ( 'NONE', *, *, #805, .F. ) ;
#2433 = AXIS2_PLACEMENT_3D ( 'NONE', #1077, #3026, #1936 ) ;
#2434 = ADVANCED_FACE ( 'NONE', ( #190 ), #967, .F. ) ;
#2435 = VECTOR ( 'NONE', #3262, 1000.000000000000000 ) ;
#2436 = FACE_OUTER_BOUND ( 'NONE', #2462, .T. ) ;
#2437 = ORIENTED_EDGE ( 'NONE', *, *, #1961, .F. ) ;
#2438 = DIRECTION ( 'NONE',  ( -1.000000000000000000, 0.000000000000000000, 0.000000000000000000 ) ) ;
#2439 = ORIENTED_EDGE ( 'NONE', *, *, #825, .F. ) ;
#2440 = CARTESIAN_POINT ( 'NONE',  ( 22.42866279190553058, -32.93937835615508902, 20.40000000000000213 ) ) ;
#2441 = LINE ( 'NONE', #742, #248 ) ;
#2442 = ORIENTED_EDGE ( 'NONE', *, *, #180, .F. ) ;
#2443 = CARTESIAN_POINT ( 'NONE',  ( 17.17876021520834584, -17.02947577945764124, 27.44999999999999929 ) ) ;
#2444 = DIRECTION ( 'NONE',  ( -0.000000000000000000, -0.000000000000000000, -1.000000000000000000 ) ) ;
#2445 = FACE_OUTER_BOUND ( 'NONE', #618, .T. ) ;
#2446 = DIRECTION ( 'NONE',  ( 0.000000000000000000, 0.000000000000000000, 1.000000000000000000 ) ) ;
#2447 = DIRECTION ( 'NONE',  ( 0.000000000000000000, 0.000000000000000000, -1.000000000000000000 ) ) ;
#2448 = AXIS2_PLACEMENT_3D ( 'NONE', #3092, #1769, #2792 ) ;
#2449 = CARTESIAN_POINT ( 'NONE',  ( 31.43866279190552504, -32.93937835615508902, 9.449999999999999289 ) ) ;
#2450 = ORIENTED_EDGE ( 'NONE', *, *, #792, .T. ) ;
#2451 = PLANE ( 'NONE',  #1877 ) ;
#2452 = ORIENTED_EDGE ( 'NONE', *, *, #962, .F. ) ;
#2453 = FACE_OUTER_BOUND ( 'NONE', #393, .T. ) ;
#2454 = EDGE_CURVE ( 'NONE', #218, #2816, #301, .T. ) ;
#2455 = VERTEX_POINT ( 'NONE', #1829 ) ;
#2456 = DIRECTION ( 'NONE',  ( 1.000000000000000000, 0.000000000000000000, 0.000000000000000000 ) ) ;
#2457 = CARTESIAN_POINT ( 'NONE',  ( 31.43866279190552504, -32.93937835615508902, 12.00000000000000178 ) ) ;
#2458 = VERTEX_POINT ( 'NONE', #1031 ) ;
#2459 = DIRECTION ( 'NONE',  ( 0.000000000000000000, 0.000000000000000000, -1.000000000000000000 ) ) ;
#2460 = DIRECTION ( 'NONE',  ( -1.000000000000000000, 0.000000000000000000, 0.000000000000000000 ) ) ;
#2461 = ADVANCED_FACE ( 'NONE', ( #3202 ), #1531, .F. ) ;
#2462 = EDGE_LOOP ( 'NONE', ( #2259, #436, #599, #2905 ) ) ;
#2463 = DIRECTION ( 'NONE',  ( -0.000000000000000000, -0.000000000000000000, -1.000000000000000000 ) ) ;
#2464 = AXIS2_PLACEMENT_3D ( 'NONE', #434, #2613, #1743 ) ;
#2465 = DIRECTION ( 'NONE',  ( -0.000000000000000000, -0.000000000000000000, 1.000000000000000000 ) ) ;
#2466 = DIRECTION ( 'NONE',  ( 1.000000000000000000, 0.000000000000000000, 0.000000000000000000 ) ) ;
#2467 = EDGE_LOOP ( 'NONE', ( #2299, #1126, #458, #2304 ) ) ;
#2468 = CARTESIAN_POINT ( 'NONE',  ( 47.08530411551807759, -54.94352831224597367, 3.450000000000000178 ) ) ;
#2469 = DIRECTION ( 'NONE',  ( -1.000000000000000000, 0.000000000000000000, 0.000000000000000000 ) ) ;
#2470 = AXIS2_PLACEMENT_3D ( 'NONE', #3200, #3185, #1060 ) ;
#2471 = ORIENTED_EDGE ( 'NONE', *, *, #3494, .F. ) ;
#2472 = CIRCLE ( 'NONE', #99, 9.009999999999998010 ) ;
#2473 = APPLICATION_CONTEXT ( 'automotive_design' ) ;
#2474 = DIRECTION ( 'NONE',  ( 0.000000000000000000, 0.000000000000000000, 1.000000000000000000 ) ) ;
#2475 = CIRCLE ( 'NONE', #1112, 1.009999999999992681 ) ;
#2476 = ORIENTED_EDGE ( 'NONE', *, *, #343, .F. ) ;
#2477 = CARTESIAN_POINT ( 'NONE',  ( 58.06179262282417142, -37.43481582163340704, 21.44999999999999574 ) ) ;
#2478 = ORIENTED_EDGE ( 'NONE', *, *, #869, .T. ) ;
#2479 = CARTESIAN_POINT ( 'NONE',  ( 55.19112664010371105, -44.17221054500589617, 3.450000000000000178 ) ) ;
#2480 = LINE ( 'NONE', #3035, #2872 ) ;
#2481 = ORIENTED_EDGE ( 'NONE', *, *, #1797, .T. ) ;
#2482 = DIRECTION ( 'NONE',  ( 0.000000000000000000, 0.000000000000000000, 1.000000000000000000 ) ) ;
#2483 = DIRECTION ( 'NONE',  ( 1.000000000000000000, 0.000000000000000000, 0.000000000000000000 ) ) ;
#2484 = VECTOR ( 'NONE', #431, 1000.000000000000114 ) ;
#2485 = CIRCLE ( 'NONE', #2320, 1.009999999999997122 ) ;
#2486 = EDGE_CURVE ( 'NONE', #379, #3119, #2680, .T. ) ;
#2487 = EDGE_CURVE ( 'NONE', #1202, #1392, #2906, .T. ) ;
#2488 = ORIENTED_EDGE ( 'NONE', *, *, #205, .T. ) ;
#2489 = CARTESIAN_POINT ( 'NONE',  ( 18.27816205299786390, -34.47681788381492396, 27.44999999999999929 ) ) ;
#2490 = LINE ( 'NONE', #60, #2699 ) ;
#2491 = CARTESIAN_POINT ( 'NONE',  ( 47.84339075359365978, -12.13079032706759719, 21.44999999999999574 ) ) ;
#2492 = EDGE_LOOP ( 'NONE', ( #1925, #1773, #447, #2437 ) ) ;
#2493 = CYLINDRICAL_SURFACE ( 'NONE', #3351, 9.009999999999998010 ) ;
#2494 = DIRECTION ( 'NONE',  ( 0.000000000000000000, 0.000000000000000000, -1.000000000000000000 ) ) ;
#2495 = EDGE_LOOP ( 'NONE', ( #2745, #625 ) ) ;
#2496 = ORIENTED_EDGE ( 'NONE', *, *, #373, .T. ) ;
#2497 = ORIENTED_EDGE ( 'NONE', *, *, #549, .F. ) ;
#2498 = CARTESIAN_POINT ( 'NONE',  ( 33.98697668401173644, -59.81885186861801884, 9.449999999999999289 ) ) ;
#2499 = CIRCLE ( 'NONE', #2382, 0.7999999999999960476 ) ;
#2500 = EDGE_CURVE ( 'NONE', #1062, #1165, #2112, .T. ) ;
#2501 = CYLINDRICAL_SURFACE ( 'NONE', #2231, 17.00000000000000000 ) ;
#2502 = AXIS2_PLACEMENT_3D ( 'NONE', #289, #3047, #855 ) ;
#2503 = ORIENTED_EDGE ( 'NONE', *, *, #2149, .F. ) ;
#2504 = CYLINDRICAL_SURFACE ( 'NONE', #3074, 1.024999999999998135 ) ;
#2505 = ADVANCED_FACE ( 'NONE', ( #2369, #3452 ), #3173, .T. ) ;
#2506 = LINE ( 'NONE', #1172, #2034 ) ;
#2507 = ORIENTED_EDGE ( 'NONE', *, *, #230, .F. ) ;
#2508 = CARTESIAN_POINT ( 'NONE',  ( 46.28530411551874124, -54.94352831224597367, 3.450000000000000178 ) ) ;
#2509 = DIRECTION ( 'NONE',  ( 0.000000000000000000, 0.000000000000000000, -1.000000000000000000 ) ) ;
#2510 = AXIS2_PLACEMENT_3D ( 'NONE', #2833, #2896, #1996 ) ;
#2511 = EDGE_CURVE ( 'NONE', #2337, #852, #1317, .T. ) ;
#2512 = FACE_OUTER_BOUND ( 'NONE', #2789, .T. ) ;
#2513 = VERTEX_POINT ( 'NONE', #488 ) ;
#2514 = DIRECTION ( 'NONE',  ( 0.000000000000000000, 0.000000000000000000, 1.000000000000000000 ) ) ;
#2515 = CARTESIAN_POINT ( 'NONE',  ( 16.55376021520834584, -17.02947577945764124, 25.00000000000000000 ) ) ;
#2516 = VERTEX_POINT ( 'NONE', #1255 ) ;
#2517 = AXIS2_PLACEMENT_3D ( 'NONE', #2649, #2093, #1007 ) ;
#2518 = ORIENTED_EDGE ( 'NONE', *, *, #3468, .F. ) ;
#2519 = ORIENTED_EDGE ( 'NONE', *, *, #1931, .T. ) ;
#2520 = DIRECTION ( 'NONE',  ( 1.000000000000000000, 0.000000000000000000, -0.000000000000000000 ) ) ;
#2521 = DIRECTION ( 'NONE',  ( 0.000000000000000000, 0.000000000000000000, 1.000000000000000000 ) ) ;
#2522 = ADVANCED_FACE ( 'NONE', ( #2353 ), #2101, .F. ) ;
#2523 = EDGE_LOOP ( 'NONE', ( #2871, #556 ) ) ;
#2524 = FACE_OUTER_BOUND ( 'NONE', #139, .T. ) ;
#2525 = DIRECTION ( 'NONE',  ( 0.000000000000000000, 0.000000000000000000, -1.000000000000000000 ) ) ;
#2526 = AXIS2_PLACEMENT_3D ( 'NONE', #2910, #12, #2157 ) ;
#2527 = DIRECTION ( 'NONE',  ( 0.000000000000000000, 0.000000000000000000, -1.000000000000000000 ) ) ;
#2528 = CARTESIAN_POINT ( 'NONE',  ( 16.78829404481964360, -34.65086764166321132, 25.00000000000000000 ) ) ;
#2529 = FACE_OUTER_BOUND ( 'NONE', #3123, .T. ) ;
#2530 = ORIENTED_EDGE ( 'NONE', *, *, #2368, .F. ) ;
#2531 = DIRECTION ( 'NONE',  ( 1.000000000000000000, 0.000000000000000000, 0.000000000000000000 ) ) ;
#2532 = DIRECTION ( 'NONE',  ( -0.000000000000000000, -0.000000000000000000, -1.000000000000000000 ) ) ;
#2533 = ORIENTED_EDGE ( 'NONE', *, *, #2583, .F. ) ;
#2534 = ORIENTED_EDGE ( 'NONE', *, *, #3195, .T. ) ;
#2535 = ORIENTED_EDGE ( 'NONE', *, *, #1245, .F. ) ;
#2536 = CARTESIAN_POINT ( 'NONE',  ( 48.99856536860303180, -17.02947577945797164, 27.44999999999999929 ) ) ;
#2537 = AXIS2_PLACEMENT_3D ( 'NONE', #1954, #40, #851 ) ;
#2538 = FACE_OUTER_BOUND ( 'NONE', #509, .T. ) ;
#2539 = ORIENTED_EDGE ( 'NONE', *, *, #3468, .T. ) ;
#2540 = CARTESIAN_POINT ( 'NONE',  ( 31.43866279190552504, -32.93937835615508902, 12.00000000000000178 ) ) ;
#2541 = CARTESIAN_POINT ( 'NONE',  ( 14.23393483021796158, -53.74796638524222203, 21.44999999999999574 ) ) ;
#2542 = ADVANCED_FACE ( 'NONE', ( #2706 ), #2987, .F. ) ;
#2543 = DIRECTION ( 'NONE',  ( -1.000000000000000000, 0.000000000000000000, 0.000000000000000000 ) ) ;
#2544 = DIRECTION ( 'NONE',  ( -0.000000000000000000, -0.000000000000000000, -1.000000000000000000 ) ) ;
#2545 = EDGE_LOOP ( 'NONE', ( #1760, #3503, #2620, #947 ) ) ;
#2546 = PLANE ( 'NONE',  #1842 ) ;
#2547 = CARTESIAN_POINT ( 'NONE',  ( 13.43393483021796087, -53.74796638524222203, 21.44999999999999574 ) ) ;
#2548 = EDGE_LOOP ( 'NONE', ( #1979, #1432, #1850, #2403 ) ) ;
#2549 = ADVANCED_BREP_SHAPE_REPRESENTATION ( '\X2\4e0b7aef76d6\X0\v1.0', ( #2686, #2886 ), #1518 ) ;
#2550 = ORIENTED_EDGE ( 'NONE', *, *, #2187, .F. ) ;
#2551 = EDGE_LOOP ( 'NONE', ( #3353, #3314 ) ) ;
#2552 = CIRCLE ( 'NONE', #3457, 25.50000000000000000 ) ;
#2553 = EDGE_CURVE ( 'NONE', #37, #1778, #3142, .T. ) ;
#2554 = AXIS2_PLACEMENT_3D ( 'NONE', #2730, #560, #1088 ) ;
#2555 = CARTESIAN_POINT ( 'NONE',  ( 20.20583060305464329, -57.49184220435173387, 9.449999999999999289 ) ) ;
#2556 = VERTEX_POINT ( 'NONE', #3273 ) ;
#2557 = AXIS2_PLACEMENT_3D ( 'NONE', #2081, #744, #1825 ) ;
#2558 = FACE_BOUND ( 'NONE', #820, .T. ) ;
#2559 = AXIS2_PLACEMENT_3D ( 'NONE', #2294, #705, #2858 ) ;
#2560 = AXIS2_PLACEMENT_3D ( 'NONE', #3369, #3085, #438 ) ;
#2561 = CARTESIAN_POINT ( 'NONE',  ( 31.43866279190552504, -32.93937835615508902, 12.00000000000000178 ) ) ;
#2562 = DIRECTION ( 'NONE',  ( 1.000000000000000000, 0.000000000000000000, 0.000000000000000000 ) ) ;
#2563 = ORIENTED_EDGE ( 'NONE', *, *, #1211, .T. ) ;
#2564 = DIRECTION ( 'NONE',  ( -0.000000000000000000, -0.000000000000000000, 1.000000000000000000 ) ) ;
#2565 = ADVANCED_FACE ( 'NONE', ( #2970 ), #292, .F. ) ;
#2566 = FACE_OUTER_BOUND ( 'NONE', #3466, .T. ) ;
#2567 = EDGE_LOOP ( 'NONE', ( #542, #1378, #263, #880 ) ) ;
#2568 = ORIENTED_EDGE ( 'NONE', *, *, #1704, .T. ) ;
#2569 = EDGE_LOOP ( 'NONE', ( #390, #2150, #2760, #3236 ) ) ;
#2570 = ADVANCED_FACE ( 'NONE', ( #1632 ), #2451, .F. ) ;
#2571 = DIRECTION ( 'NONE',  ( -1.000000000000000000, 0.000000000000000000, 0.000000000000000000 ) ) ;
#2572 = ORIENTED_EDGE ( 'NONE', *, *, #3079, .T. ) ;
#2573 = DIRECTION ( 'NONE',  ( -0.000000000000000000, -0.000000000000000000, -1.000000000000000000 ) ) ;
#2574 = AXIS2_PLACEMENT_3D ( 'NONE', #1546, #717, #3143 ) ;
#2575 = VERTEX_POINT ( 'NONE', #1079 ) ;
#2576 = DIRECTION ( 'NONE',  ( 1.000000000000000000, 0.000000000000000000, 0.000000000000000000 ) ) ;
#2577 = CARTESIAN_POINT ( 'NONE',  ( 59.11813630436962086, -30.39106446404913342, 3.450000000000000178 ) ) ;
#2578 = LINE ( 'NONE', #3430, #154 ) ;
#2579 = EDGE_CURVE ( 'NONE', #1665, #1657, #2627, .T. ) ;
#2580 = ORIENTED_EDGE ( 'NONE', *, *, #435, .F. ) ;
#2581 = CIRCLE ( 'NONE', #1327, 0.7999999999999933831 ) ;
#2582 = CARTESIAN_POINT ( 'NONE',  ( 57.51813630436960523, -30.39106446404913342, 9.449999999999999289 ) ) ;
#2583 = EDGE_CURVE ( 'NONE', #1815, #1087, #1880, .T. ) ;
#2584 = ORIENTED_EDGE ( 'NONE', *, *, #1609, .F. ) ;
#2585 = VERTEX_POINT ( 'NONE', #553 ) ;
#2586 = CIRCLE ( 'NONE', #2180, 3.509999999999999343 ) ;
#2587 = DIRECTION ( 'NONE',  ( 1.000000000000000000, 0.000000000000000000, -0.000000000000000000 ) ) ;
#2588 = ORIENTED_EDGE ( 'NONE', *, *, #1742, .T. ) ;
#2589 = CARTESIAN_POINT ( 'NONE',  ( 7.686198943709245945, -21.70654616730324804, 9.449999999999999289 ) ) ;
#2590 = ORIENTED_EDGE ( 'NONE', *, *, #924, .F. ) ;
#2591 = CARTESIAN_POINT ( 'NONE',  ( 5.615532960987602351, -28.44394089067633047, 21.44999999999999574 ) ) ;
#2592 = CIRCLE ( 'NONE', #385, 0.8000000000000090372 ) ;
#2593 = DIRECTION ( 'NONE',  ( 1.000000000000000000, 0.000000000000000000, 0.000000000000000000 ) ) ;
#2594 = VECTOR ( 'NONE', #2564, 1000.000000000000000 ) ;
#2595 = ADVANCED_FACE ( 'NONE', ( #3485 ), #2722, .F. ) ;
#2596 = CYLINDRICAL_SURFACE ( 'NONE', #888, 0.7999999999999951594 ) ;
#2597 = EDGE_CURVE ( 'NONE', #1120, #1879, #2153, .T. ) ;
#2598 = CARTESIAN_POINT ( 'NONE',  ( 48.37356536860282574, -48.84928093285243023, 25.00000000000000000 ) ) ;
#2599 = ORIENTED_EDGE ( 'NONE', *, *, #979, .T. ) ;
#2600 = DIRECTION ( 'NONE',  ( 0.000000000000000000, 0.000000000000000000, 1.000000000000000000 ) ) ;
#2601 = AXIS2_PLACEMENT_3D ( 'NONE', #57, #3264, #1644 ) ;
#2602 = ORIENTED_EDGE ( 'NONE', *, *, #398, .F. ) ;
#2603 = ORIENTED_EDGE ( 'NONE', *, *, #1693, .F. ) ;
#2604 = DIRECTION ( 'NONE',  ( -0.000000000000000000, -0.000000000000000000, -1.000000000000000000 ) ) ;
#2605 = VERTEX_POINT ( 'NONE', #833 ) ;
#2606 = CARTESIAN_POINT ( 'NONE',  ( 45.69856536860303464, -17.02947577945797164, 28.44999999999999929 ) ) ;
#2607 = ORIENTED_EDGE ( 'NONE', *, *, #1134, .F. ) ;
#2608 = DIRECTION ( 'NONE',  ( -0.000000000000000000, -0.000000000000000000, -1.000000000000000000 ) ) ;
#2609 = CIRCLE ( 'NONE', #406, 8.250000000000000000 ) ;
#2610 = CIRCLE ( 'NONE', #2847, 0.8000000000000090372 ) ;
#2611 = DIRECTION ( 'NONE',  ( -1.000000000000000000, 0.000000000000000000, 0.000000000000000000 ) ) ;
#2612 = ADVANCED_FACE ( 'NONE', ( #1916 ), #1651, .F. ) ;
#2613 = DIRECTION ( 'NONE',  ( -0.000000000000000000, -0.000000000000000000, -1.000000000000000000 ) ) ;
#2614 = ORIENTED_EDGE ( 'NONE', *, *, #570, .F. ) ;
#2615 = LINE ( 'NONE', #2334, #1312 ) ;
#2616 = ADVANCED_FACE ( 'NONE', ( #1336 ), #2418, .F. ) ;
#2617 = LINE ( 'NONE', #1542, #3209 ) ;
#2618 = EDGE_LOOP ( 'NONE', ( #2599, #1766 ) ) ;
#2619 = DIRECTION ( 'NONE',  ( -0.000000000000000000, -0.000000000000000000, 1.000000000000000000 ) ) ;
#2620 = ORIENTED_EDGE ( 'NONE', *, *, #2247, .T. ) ;
#2621 = CYLINDRICAL_SURFACE ( 'NONE', #2648, 1.650000000000003908 ) ;
#2622 = ADVANCED_FACE ( 'NONE', ( #508 ), #46, .F. ) ;
#2623 = DIRECTION ( 'NONE',  ( -1.000000000000000000, 0.000000000000000000, 0.000000000000000000 ) ) ;
#2624 = EDGE_CURVE ( 'NONE', #2857, #2516, #3425, .T. ) ;
#2625 = EDGE_CURVE ( 'NONE', #2022, #992, #1089, .T. ) ;
#2626 = DIRECTION ( 'NONE',  ( 1.000000000000000000, 0.000000000000000000, -0.000000000000000000 ) ) ;
#2627 = CIRCLE ( 'NONE', #369, 13.25000000000000533 ) ;
#2628 = PLANE ( 'NONE',  #3490 ) ;
#2629 =( GEOMETRIC_REPRESENTATION_CONTEXT ( 3 ) GLOBAL_UNCERTAINTY_ASSIGNED_CONTEXT ( ( #89 ) ) GLOBAL_UNIT_ASSIGNED_CONTEXT ( ( #2950, #1891, #1578 ) ) REPRESENTATION_CONTEXT ( 'NONE', 'WORKASPACE' ) );
#2630 = DIRECTION ( 'NONE',  ( 0.000000000000000000, 0.000000000000000000, -1.000000000000000000 ) ) ;
#2631 = ORIENTED_EDGE ( 'NONE', *, *, #1723, .T. ) ;
#2632 = DIRECTION ( 'NONE',  ( 0.000000000000000000, 0.000000000000000000, 1.000000000000000000 ) ) ;
#2633 = EDGE_CURVE ( 'NONE', #1899, #998, #1445, .T. ) ;
#2634 = DIRECTION ( 'NONE',  ( -0.000000000000000000, -0.000000000000000000, -1.000000000000000000 ) ) ;
#2635 = AXIS2_PLACEMENT_3D ( 'NONE', #296, #71, #1963 ) ;
#2636 = ORIENTED_EDGE ( 'NONE', *, *, #1534, .F. ) ;
#2637 = DIRECTION ( 'NONE',  ( -1.000000000000000000, 0.000000000000000000, 0.000000000000000000 ) ) ;
#2638 = ORIENTED_EDGE ( 'NONE', *, *, #708, .T. ) ;
#2639 = DIRECTION ( 'NONE',  ( 1.000000000000000000, 0.000000000000000000, -0.000000000000000000 ) ) ;
#2640 = CARTESIAN_POINT ( 'NONE',  ( 10.23451283581456295, -48.58601967976667879, 30.56126983722215229 ) ) ;
#2641 = CIRCLE ( 'NONE', #1836, 17.00000000000000000 ) ;
#2642 = CARTESIAN_POINT ( 'NONE',  ( 33.98697668401173644, -59.81885186861801884, 9.449999999999999289 ) ) ;
#2643 = AXIS2_PLACEMENT_3D ( 'NONE', #795, #1265, #730 ) ;
#2644 = AXIS2_PLACEMENT_3D ( 'NONE', #2688, #2134, #2953 ) ;
#2645 = DIRECTION ( 'NONE',  ( 1.000000000000000000, 0.000000000000000000, 0.000000000000000000 ) ) ;
#2646 = EDGE_CURVE ( 'NONE', #2337, #1262, #1616, .T. ) ;
#2647 = CIRCLE ( 'NONE', #1740, 0.7999999999999960476 ) ;
#2648 = AXIS2_PLACEMENT_3D ( 'NONE', #179, #2309, #2040 ) ;
#2649 = CARTESIAN_POINT ( 'NONE',  ( 31.43866279190552504, -32.93937835615508902, 9.449999999999999289 ) ) ;
#2650 = EDGE_LOOP ( 'NONE', ( #3361, #2756, #62, #1978 ) ) ;
#2651 = DIRECTION ( 'NONE',  ( -1.000000000000000000, 0.000000000000000000, 0.000000000000000000 ) ) ;
#2652 = ADVANCED_FACE ( 'NONE', ( #2436 ), #1413, .F. ) ;
#2653 = FACE_OUTER_BOUND ( 'NONE', #2523, .T. ) ;
#2654 = CARTESIAN_POINT ( 'NONE',  ( 22.02026092267527702, -7.635352861589228546, 6.950000000000000178 ) ) ;
#2655 = ORIENTED_EDGE ( 'NONE', *, *, #2074, .T. ) ;
#2656 = VECTOR ( 'NONE', #1948, 1000.000000000000000 ) ;
#2657 = DIRECTION ( 'NONE',  ( 1.000000000000000000, 0.000000000000000000, 0.000000000000000000 ) ) ;
#2658 = ORIENTED_EDGE ( 'NONE', *, *, #2909, .T. ) ;
#2659 = FACE_OUTER_BOUND ( 'NONE', #652, .T. ) ;
#2660 = FACE_BOUND ( 'NONE', #2245, .T. ) ;
#2661 = APPLICATION_CONTEXT ( 'automotive_design' ) ;
#2662 = DIRECTION ( 'NONE',  ( 1.000000000000000000, 0.000000000000000000, 0.000000000000000000 ) ) ;
#2663 = DIRECTION ( 'NONE',  ( 0.000000000000000000, 0.000000000000000000, -1.000000000000000000 ) ) ;
#2664 = FACE_OUTER_BOUND ( 'NONE', #1618, .T. ) ;
#2665 = ORIENTED_EDGE ( 'NONE', *, *, #2487, .F. ) ;
#2666 = DIRECTION ( 'NONE',  ( 1.000000000000000000, 0.000000000000000000, 0.000000000000000000 ) ) ;
#2667 = AXIS2_PLACEMENT_3D ( 'NONE', #525, #1066, #1048 ) ;
#2668 = CIRCLE ( 'NONE', #3179, 0.7999999999999933831 ) ;
#2669 = FACE_BOUND ( 'NONE', #58, .T. ) ;
#2670 = DIRECTION ( 'NONE',  ( -1.000000000000000000, 0.000000000000000000, 0.000000000000000000 ) ) ;
#2671 = ORIENTED_EDGE ( 'NONE', *, *, #2106, .F. ) ;
#2672 = DIRECTION ( 'NONE',  ( -0.000000000000000000, -0.000000000000000000, -1.000000000000000000 ) ) ;
#2673 = ORIENTED_EDGE ( 'NONE', *, *, #1870, .T. ) ;
#2674 = CARTESIAN_POINT ( 'NONE',  ( 31.43866279190552504, -32.93937835615508902, 20.40000000000000213 ) ) ;
#2675 = FACE_BOUND ( 'NONE', #2751, .T. ) ;
#2676 = EDGE_CURVE ( 'NONE', #69, #3125, #2860, .T. ) ;
#2677 = AXIS2_PLACEMENT_3D ( 'NONE', #2111, #1263, #1294 ) ;
#2678 = LINE ( 'NONE', #1022, #2435 ) ;
#2679 = CARTESIAN_POINT ( 'NONE',  ( 41.86706466113730585, -58.24340385072038373, 6.950000000000000178 ) ) ;
#2680 = CIRCLE ( 'NONE', #1826, 0.7999999999999986011 ) ;
#2681 = CARTESIAN_POINT ( 'NONE',  ( 53.44281274799736536, -17.29273703254245476, 30.56126983722215229 ) ) ;
#2682 = AXIS2_PLACEMENT_3D ( 'NONE', #2162, #2446, #1560 ) ;
#2683 = ADVANCED_FACE ( 'NONE', ( #2684 ), #1627, .T. ) ;
#2684 = FACE_OUTER_BOUND ( 'NONE', #328, .T. ) ;
#2685 = CARTESIAN_POINT ( 'NONE',  ( 2.438662791905521487, -32.93937835615508902, 27.44999999999999929 ) ) ;
#2686 = MANIFOLD_SOLID_BREP ( '\X2\51f853f0\X0\-\X2\62c94f38\X0\14', #562 ) ;
#2687 = ORIENTED_EDGE ( 'NONE', *, *, #1094, .T. ) ;
#2688 = CARTESIAN_POINT ( 'NONE',  ( 31.43866279190552504, -32.93937835615508902, 3.450000000000000178 ) ) ;
#2689 = ADVANCED_FACE ( 'NONE', ( #3498, #2669, #794, #1075, #3482, #1059, #3268, #239, #2145, #1611, #3233, #828, #2384, #222 ), #1315, .T. ) ;
#2690 = ADVANCED_FACE ( 'NONE', ( #2653, #2966 ), #2702, .T. ) ;
#2691 = DIRECTION ( 'NONE',  ( -1.000000000000000000, 0.000000000000000000, 0.000000000000000000 ) ) ;
#2692 = ORIENTED_EDGE ( 'NONE', *, *, #453, .T. ) ;
#2693 = DIRECTION ( 'NONE',  ( 0.000000000000000000, 0.000000000000000000, 1.000000000000000000 ) ) ;
#2694 = VECTOR ( 'NONE', #3489, 1000.000000000000000 ) ;
#2695 = VERTEX_POINT ( 'NONE', #535 ) ;
#2696 = LINE ( 'NONE', #477, #28 ) ;
#2697 = DIRECTION ( 'NONE',  ( 0.000000000000000000, 0.000000000000000000, 1.000000000000000000 ) ) ;
#2698 = DIRECTION ( 'NONE',  ( -0.000000000000000000, -0.000000000000000000, -1.000000000000000000 ) ) ;
#2699 = VECTOR ( 'NONE', #2222, 1000.000000000000000 ) ;
#2700 = LINE ( 'NONE', #1330, #1756 ) ;
#2701 = ADVANCED_FACE ( 'NONE', ( #287 ), #1363, .F. ) ;
#2702 = PLANE ( 'NONE',  #1543 ) ;
#2703 = DIRECTION ( 'NONE',  ( 1.000000000000000000, 0.000000000000000000, 0.000000000000000000 ) ) ;
#2704 = CARTESIAN_POINT ( 'NONE',  ( 45.69856536860258700, -48.84928093285265049, 28.44999999999999929 ) ) ;
#2705 = ORIENTED_EDGE ( 'NONE', *, *, #940, .F. ) ;
#2706 = FACE_OUTER_BOUND ( 'NONE', #2769, .T. ) ;
#2707 = EDGE_LOOP ( 'NONE', ( #1941, #3141 ) ) ;
#2708 = LINE ( 'NONE', #1584, #1119 ) ;
#2709 = VECTOR ( 'NONE', #3303, 1000.000000000000000 ) ;
#2710 = ORIENTED_EDGE ( 'NONE', *, *, #2997, .F. ) ;
#2711 = CARTESIAN_POINT ( 'NONE',  ( 22.02026092267527702, -7.635352861589228546, 21.44999999999999574 ) ) ;
#2712 = ORIENTED_EDGE ( 'NONE', *, *, #1987, .T. ) ;
#2713 = DIRECTION ( 'NONE',  ( -0.000000000000000000, -0.000000000000000000, -1.000000000000000000 ) ) ;
#2714 = DIRECTION ( 'NONE',  ( -1.000000000000000000, 0.000000000000000000, 0.000000000000000000 ) ) ;
#2715 = CIRCLE ( 'NONE', #561, 1.009999999999992681 ) ;
#2716 = EDGE_CURVE ( 'NONE', #1700, #2379, #251, .T. ) ;
#2717 = AXIS2_PLACEMENT_3D ( 'NONE', #3148, #2263, #1158 ) ;
#2718 = CARTESIAN_POINT ( 'NONE',  ( 17.17876021520791596, -48.84928093285210338, 28.44999999999999929 ) ) ;
#2719 = CARTESIAN_POINT ( 'NONE',  ( 48.64339075359365694, -12.13079032706759719, 21.44999999999999574 ) ) ;
#2720 = EDGE_CURVE ( 'NONE', #2729, #980, #3469, .T. ) ;
#2721 = VERTEX_POINT ( 'NONE', #3215 ) ;
#2722 = CYLINDRICAL_SURFACE ( 'NONE', #2010, 0.7999999999993359090 ) ;
#2723 = ORIENTED_EDGE ( 'NONE', *, *, #425, .T. ) ;
#2724 = CARTESIAN_POINT ( 'NONE',  ( 47.08530411551807759, -54.94352831224597367, 30.56126983722215229 ) ) ;
#2725 = EDGE_LOOP ( 'NONE', ( #1521, #1375, #492, #3105 ) ) ;
#2726 = CARTESIAN_POINT ( 'NONE',  ( 47.34856536860303322, -17.02947577945797164, 28.44999999999999929 ) ) ;
#2727 = EDGE_CURVE ( 'NONE', #801, #2064, #777, .T. ) ;
#2728 = CARTESIAN_POINT ( 'NONE',  ( 6.886198943708794928, -21.70654616730324804, 9.449999999999999289 ) ) ;
#2729 = VERTEX_POINT ( 'NONE', #2491 ) ;
#2730 = CARTESIAN_POINT ( 'NONE',  ( 31.43866279190552504, -32.93937835615508902, 20.40000000000000213 ) ) ;
#2731 = ADVANCED_FACE ( 'NONE', ( #2529 ), #1708, .F. ) ;
#2732 = FACE_OUTER_BOUND ( 'NONE', #29, .T. ) ;
#2733 = EDGE_LOOP ( 'NONE', ( #2001, #3274, #1132, #274 ) ) ;
#2734 = CARTESIAN_POINT ( 'NONE',  ( 31.43866279190552504, -32.93937835615508902, 20.40000000000000213 ) ) ;
#2735 = CARTESIAN_POINT ( 'NONE',  ( 22.82026092267527417, -7.635352861589228546, 21.44999999999999574 ) ) ;
#2736 = DIRECTION ( 'NONE',  ( 1.000000000000000000, 0.000000000000000000, 0.000000000000000000 ) ) ;
#2737 = EDGE_CURVE ( 'NONE', #780, #2458, #3443, .T. ) ;
#2738 = CIRCLE ( 'NONE', #3025, 0.8000000000004513501 ) ;
#2739 = DIRECTION ( 'NONE',  ( 1.000000000000000000, 0.000000000000000000, -0.000000000000000000 ) ) ;
#2740 = ORIENTED_EDGE ( 'NONE', *, *, #1105, .F. ) ;
#2741 = DIRECTION ( 'NONE',  ( -0.000000000000000000, -0.000000000000000000, 1.000000000000000000 ) ) ;
#2742 = EDGE_LOOP ( 'NONE', ( #633, #302 ) ) ;
#2743 = CARTESIAN_POINT ( 'NONE',  ( 3.759189279442242348, -35.48769224826034474, 3.450000000000000178 ) ) ;
#2744 = EDGE_CURVE ( 'NONE', #980, #2064, #2189, .T. ) ;
#2745 = ORIENTED_EDGE ( 'NONE', *, *, #2398, .T. ) ;
#2746 = DIRECTION ( 'NONE',  ( 1.000000000000000000, 0.000000000000000000, 0.000000000000000000 ) ) ;
#2747 = CARTESIAN_POINT ( 'NONE',  ( 18.27816205299786745, -31.40193882849525409, 25.00000000000000000 ) ) ;
#2748 = ORIENTED_EDGE ( 'NONE', *, *, #2007, .F. ) ;
#2749 = CARTESIAN_POINT ( 'NONE',  ( 6.886198943708794928, -21.70654616730324804, 3.450000000000000178 ) ) ;
#2750 = CARTESIAN_POINT ( 'NONE',  ( 57.26179262282416005, -37.43481582163340704, 21.44999999999999574 ) ) ;
#2751 = EDGE_LOOP ( 'NONE', ( #574, #2507 ) ) ;
#2752 = DIRECTION ( 'NONE',  ( 1.000000000000000000, 0.000000000000000000, 0.000000000000000000 ) ) ;
#2753 = AXIS2_PLACEMENT_3D ( 'NONE', #1277, #1261, #1247 ) ;
#2754 = CARTESIAN_POINT ( 'NONE',  ( 47.34856536860258558, -48.84928093285265049, 28.44999999999999929 ) ) ;
#2755 = LINE ( 'NONE', #2815, #213 ) ;
#2756 = ORIENTED_EDGE ( 'NONE', *, *, #107, .T. ) ;
#2757 = DIRECTION ( 'NONE',  ( 0.000000000000000000, 0.000000000000000000, -1.000000000000000000 ) ) ;
#2758 = FACE_OUTER_BOUND ( 'NONE', #3045, .T. ) ;
#2759 = CIRCLE ( 'NONE', #2470, 1.649999999999998579 ) ;
#2760 = ORIENTED_EDGE ( 'NONE', *, *, #3429, .T. ) ;
#2761 = CIRCLE ( 'NONE', #2026, 0.7999999999996689759 ) ;
#2762 = CIRCLE ( 'NONE', #1677, 0.7999999999994191757 ) ;
#2763 = ADVANCED_FACE ( 'NONE', ( #366 ), #1463, .F. ) ;
#2764 = DIRECTION ( 'NONE',  ( 0.000000000000000000, 0.000000000000000000, -1.000000000000000000 ) ) ;
#2765 = AXIS2_PLACEMENT_3D ( 'NONE', #604, #1189, #923 ) ;
#2766 = EDGE_LOOP ( 'NONE', ( #1959, #622 ) ) ;
#2767 = CYLINDRICAL_SURFACE ( 'NONE', #1854, 0.7999999999993359090 ) ;
#2768 = ADVANCED_FACE ( 'NONE', ( #2512 ), #2224, .F. ) ;
#2769 = EDGE_LOOP ( 'NONE', ( #1630, #1449, #1014, #2568 ) ) ;
#2770 = CYLINDRICAL_SURFACE ( 'NONE', #1070, 1.649999999999998579 ) ;
#2771 = CARTESIAN_POINT ( 'NONE',  ( 15.52876021520834726, -17.02947577945764124, 28.44999999999999929 ) ) ;
#2772 = ORIENTED_EDGE ( 'NONE', *, *, #1049, .F. ) ;
#2773 = DIRECTION ( 'NONE',  ( 1.000000000000000000, 0.000000000000000000, 0.000000000000000000 ) ) ;
#2774 = EDGE_CURVE ( 'NONE', #817, #3029, #1562, .T. ) ;
#2775 = CYLINDRICAL_SURFACE ( 'NONE', #451, 8.250000000000000000 ) ;
#2776 = VECTOR ( 'NONE', #1988, 1000.000000000000000 ) ;
#2777 = AXIS2_PLACEMENT_3D ( 'NONE', #3296, #1370, #334 ) ;
#2778 = EDGE_LOOP ( 'NONE', ( #354, #671, #1695, #352 ) ) ;
#2779 = DIRECTION ( 'NONE',  ( -0.000000000000000000, -0.000000000000000000, -1.000000000000000000 ) ) ;
#2780 = DIRECTION ( 'NONE',  ( -0.000000000000000000, -0.000000000000000000, -1.000000000000000000 ) ) ;
#2781 = DIRECTION ( 'NONE',  ( 0.000000000000000000, 0.000000000000000000, 1.000000000000000000 ) ) ;
#2782 = EDGE_LOOP ( 'NONE', ( #1946, #1539, #1803, #917 ) ) ;
#2783 = DIRECTION ( 'NONE',  ( 1.000000000000000000, 0.000000000000000000, 0.000000000000000000 ) ) ;
#2784 = DIRECTION ( 'NONE',  ( 1.000000000000000000, 0.000000000000000000, 0.000000000000000000 ) ) ;
#2785 = ORIENTED_EDGE ( 'NONE', *, *, #1452, .F. ) ;
#2786 = EDGE_CURVE ( 'NONE', #1600, #727, #822, .T. ) ;
#2787 = AXIS2_PLACEMENT_3D ( 'NONE', #362, #970, #2057 ) ;
#2788 = VERTEX_POINT ( 'NONE', #1664 ) ;
#2789 = EDGE_LOOP ( 'NONE', ( #2193, #1714, #412, #2957 ) ) ;
#2790 = CARTESIAN_POINT ( 'NONE',  ( 15.52876021520834726, -17.02947577945764124, 28.44999999999999929 ) ) ;
#2791 = CIRCLE ( 'NONE', #965, 17.00000000000000000 ) ;
#2792 = DIRECTION ( 'NONE',  ( 1.000000000000000000, 0.000000000000000000, 0.000000000000000000 ) ) ;
#2793 = EDGE_LOOP ( 'NONE', ( #141, #613, #1218, #2519 ) ) ;
#2794 = DIRECTION ( 'NONE',  ( 0.000000000000000000, 0.000000000000000000, 1.000000000000000000 ) ) ;
#2795 = EDGE_CURVE ( 'NONE', #3282, #882, #2647, .T. ) ;
#2796 = CARTESIAN_POINT ( 'NONE',  ( 4.559189279442514398, -35.48769224826034474, 9.449999999999999289 ) ) ;
#2797 = CARTESIAN_POINT ( 'NONE',  ( 40.85706466113730784, -58.24340385072038373, 6.950000000000000178 ) ) ;
#2798 = FACE_OUTER_BOUND ( 'NONE', #2707, .T. ) ;
#2799 = CARTESIAN_POINT ( 'NONE',  ( 47.34856536860303322, -17.02947577945797164, 27.44999999999999929 ) ) ;
#2800 = EDGE_LOOP ( 'NONE', ( #3131, #2325, #1728, #1453 ) ) ;
#2801 = CARTESIAN_POINT ( 'NONE',  ( 16.78829404481963650, -31.22788907064697028, 27.44999999999999929 ) ) ;
#2802 = CARTESIAN_POINT ( 'NONE',  ( 15.52876021520791383, -48.84928093285210338, 28.44999999999999929 ) ) ;
#2803 = VERTEX_POINT ( 'NONE', #612 ) ;
#2804 = AXIS2_PLACEMENT_3D ( 'NONE', #129, #2521, #921 ) ;
#2805 = ORIENTED_EDGE ( 'NONE', *, *, #2676, .T. ) ;
#2806 = EDGE_LOOP ( 'NONE', ( #1503, #1780, #3321, #1148 ) ) ;
#2807 = DIRECTION ( 'NONE',  ( -1.000000000000000000, 0.000000000000000000, 0.000000000000000000 ) ) ;
#2808 = ADVANCED_FACE ( 'NONE', ( #1993 ), #1911, .F. ) ;
#2809 = VECTOR ( 'NONE', #575, 1000.000000000000000 ) ;
#2810 = CARTESIAN_POINT ( 'NONE',  ( 5.938662791905527705, -32.93937835615508902, 3.450000000000000178 ) ) ;
#2811 = ORIENTED_EDGE ( 'NONE', *, *, #56, .F. ) ;
#2812 = DIRECTION ( 'NONE',  ( -1.000000000000000000, 0.000000000000000000, 0.000000000000000000 ) ) ;
#2813 = DIRECTION ( 'NONE',  ( -1.000000000000000000, 0.000000000000000000, 0.000000000000000000 ) ) ;
#2814 = CARTESIAN_POINT ( 'NONE',  ( 18.28829404481963650, -31.22788907064697028, 21.00000000000000000 ) ) ;
#2815 = CARTESIAN_POINT ( 'NONE',  ( 15.03393483021796406, -53.74796638524222203, 21.44999999999999574 ) ) ;
#2816 = VERTEX_POINT ( 'NONE', #61 ) ;
#2817 = LINE ( 'NONE', #1480, #3050 ) ;
#2818 = CIRCLE ( 'NONE', #2924, 1.649999999999998579 ) ;
#2819 = DIRECTION ( 'NONE',  ( 1.000000000000000000, 0.000000000000000000, 0.000000000000000000 ) ) ;
#2820 = EDGE_CURVE ( 'NONE', #757, #2072, #2755, .T. ) ;
#2821 = EDGE_LOOP ( 'NONE', ( #2117, #1184, #568, #1238 ) ) ;
#2822 = ORIENTED_EDGE ( 'NONE', *, *, #773, .T. ) ;
#2823 = AXIS2_PLACEMENT_3D ( 'NONE', #1590, #479, #790 ) ;
#2824 = VERTEX_POINT ( 'NONE', #327 ) ;
#2825 = DIRECTION ( 'NONE',  ( 0.000000000000000000, 0.000000000000000000, -1.000000000000000000 ) ) ;
#2826 = ORIENTED_EDGE ( 'NONE', *, *, #2394, .F. ) ;
#2827 = LINE ( 'NONE', #3037, #1705 ) ;
#2828 = APPLICATION_PROTOCOL_DEFINITION ( 'draft international standard', 'automotive_design', 1998, #2473 ) ;
#2829 = EDGE_CURVE ( 'NONE', #1778, #37, #1111, .T. ) ;
#2830 = FACE_OUTER_BOUND ( 'NONE', #172, .T. ) ;
#2831 = CYLINDRICAL_SURFACE ( 'NONE', #3384, 0.7999999999994054090 ) ;
#2832 = ORIENTED_EDGE ( 'NONE', *, *, #1331, .T. ) ;
#2833 = CARTESIAN_POINT ( 'NONE',  ( 22.02026092267527702, -7.635352861589228546, 27.44999999999999929 ) ) ;
#2834 = DIRECTION ( 'NONE',  ( -1.000000000000000000, 0.000000000000000000, 0.000000000000000000 ) ) ;
#2835 = ORIENTED_EDGE ( 'NONE', *, *, #2944, .T. ) ;
#2836 = EDGE_CURVE ( 'NONE', #2296, #3379, #1898, .T. ) ;
#2837 = ORIENTED_EDGE ( 'NONE', *, *, #3325, .F. ) ;
#2838 = ORIENTED_EDGE ( 'NONE', *, *, #2820, .T. ) ;
#2839 = AXIS2_PLACEMENT_3D ( 'NONE', #853, #22, #1347 ) ;
#2840 = CIRCLE ( 'NONE', #124, 0.8000000000000090372 ) ;
#2841 = FACE_OUTER_BOUND ( 'NONE', #2548, .T. ) ;
#2842 = ORIENTED_EDGE ( 'NONE', *, *, #1931, .F. ) ;
#2843 = AXIS2_PLACEMENT_3D ( 'NONE', #1929, #1074, #38 ) ;
#2844 = DIRECTION ( 'NONE',  ( -1.000000000000000000, 0.000000000000000000, 0.000000000000000000 ) ) ;
#2845 = VERTEX_POINT ( 'NONE', #589 ) ;
#2846 = EDGE_CURVE ( 'NONE', #1367, #3455, #3162, .T. ) ;
#2847 = AXIS2_PLACEMENT_3D ( 'NONE', #155, #2301, #3333 ) ;
#2848 = DIRECTION ( 'NONE',  ( -0.000000000000000000, -0.000000000000000000, -1.000000000000000000 ) ) ;
#2849 = DIRECTION ( 'NONE',  ( 1.000000000000000000, 0.000000000000000000, 0.000000000000000000 ) ) ;
#2850 = ORIENTED_EDGE ( 'NONE', *, *, #282, .T. ) ;
#2851 = CARTESIAN_POINT ( 'NONE',  ( 48.99856536860258416, -48.84928093285265049, 27.44999999999999929 ) ) ;
#2852 = CIRCLE ( 'NONE', #694, 13.24999999999999822 ) ;
#2853 = ORIENTED_EDGE ( 'NONE', *, *, #2500, .F. ) ;
#2854 = ORIENTED_EDGE ( 'NONE', *, *, #1308, .T. ) ;
#2855 = AXIS2_PLACEMENT_3D ( 'NONE', #2555, #642, #2021 ) ;
#2856 = CARTESIAN_POINT ( 'NONE',  ( 13.87876021520790992, -48.84928093285210338, 28.44999999999999929 ) ) ;
#2857 = VERTEX_POINT ( 'NONE', #3348 ) ;
#2858 = DIRECTION ( 'NONE',  ( 1.000000000000000000, 1.256856254292629569E-14, 0.000000000000000000 ) ) ;
#2859 = EDGE_CURVE ( 'NONE', #2998, #3119, #348, .T. ) ;
#2860 = CIRCLE ( 'NONE', #2062, 0.8000000000000090372 ) ;
#2861 = EDGE_LOOP ( 'NONE', ( #2572, #1103 ) ) ;
#2862 = DIRECTION ( 'NONE',  ( -0.000000000000000000, -0.000000000000000000, 1.000000000000000000 ) ) ;
#2863 = EDGE_CURVE ( 'NONE', #333, #1526, #1428, .T. ) ;
#2864 = CARTESIAN_POINT ( 'NONE',  ( 18.50274069756640927, -30.07155347147521596, 25.00000000000000000 ) ) ;
#2865 = DIRECTION ( 'NONE',  ( 0.000000000000000000, 0.000000000000000000, -1.000000000000000000 ) ) ;
#2866 = CARTESIAN_POINT ( 'NONE',  ( 16.78829404481963650, -31.22788907064697028, 21.00000000000000000 ) ) ;
#2867 = EDGE_LOOP ( 'NONE', ( #1650, #702 ) ) ;
#2868 = CIRCLE ( 'NONE', #2407, 1.024999999999994582 ) ;
#2869 = DIRECTION ( 'NONE',  ( 1.000000000000000000, 0.000000000000000000, 0.000000000000000000 ) ) ;
#2870 = EDGE_LOOP ( 'NONE', ( #166, #1914, #1696, #554 ) ) ;
#2871 = ORIENTED_EDGE ( 'NONE', *, *, #2227, .T. ) ;
#2872 = VECTOR ( 'NONE', #53, 1000.000000000000000 ) ;
#2873 = EDGE_CURVE ( 'NONE', #2285, #1285, #910, .T. ) ;
#2874 = FACE_OUTER_BOUND ( 'NONE', #1846, .T. ) ;
#2875 = AXIS2_PLACEMENT_3D ( 'NONE', #1476, #151, #2330 ) ;
#2876 = ORIENTED_EDGE ( 'NONE', *, *, #1331, .F. ) ;
#2877 = FACE_BOUND ( 'NONE', #2867, .T. ) ;
#2878 = CYLINDRICAL_SURFACE ( 'NONE', #2895, 1.650000000000003908 ) ;
#2879 = CIRCLE ( 'NONE', #2361, 0.7999999999999933831 ) ;
#2880 = CYLINDRICAL_SURFACE ( 'NONE', #2140, 25.50000000000000000 ) ;
#2881 = EDGE_CURVE ( 'NONE', #2845, #2066, #2879, .T. ) ;
#2882 = CARTESIAN_POINT ( 'NONE',  ( 28.89034889979984655, -6.059904843690986809, 30.56126983722215229 ) ) ;
#2883 = CARTESIAN_POINT ( 'NONE',  ( 31.43866279190552504, -32.93937835615508902, 27.44999999999999929 ) ) ;
#2884 = EDGE_LOOP ( 'NONE', ( #686, #1679, #1398, #2705 ) ) ;
#2885 = DIRECTION ( 'NONE',  ( 1.000000000000000000, 0.000000000000000000, 0.000000000000000000 ) ) ;
#2886 = AXIS2_PLACEMENT_3D ( 'NONE', #2312, #2342, #2593 ) ;
#2887 = DIRECTION ( 'NONE',  ( -0.000000000000000000, -0.000000000000000000, 1.000000000000000000 ) ) ;
#2888 = EDGE_CURVE ( 'NONE', #935, #932, #1972, .T. ) ;
#2889 = ORIENTED_EDGE ( 'NONE', *, *, #836, .T. ) ;
#2890 = CARTESIAN_POINT ( 'NONE',  ( 15.52876021520812522, -48.84928093285233075, 25.00000000000000000 ) ) ;
#2891 = ORIENTED_EDGE ( 'NONE', *, *, #2553, .T. ) ;
#2892 = CARTESIAN_POINT ( 'NONE',  ( 6.134637297340448825, -42.35778022538745802, 6.950000000000000178 ) ) ;
#2893 = CARTESIAN_POINT ( 'NONE',  ( 14.43866279190552504, -32.93937835615508902, 38.25000000000000711 ) ) ;
#2894 = CIRCLE ( 'NONE', #732, 1.009999999999992681 ) ;
#2895 = AXIS2_PLACEMENT_3D ( 'NONE', #449, #3326, #346 ) ;
#2896 = DIRECTION ( 'NONE',  ( 0.000000000000000000, 0.000000000000000000, 1.000000000000000000 ) ) ;
#2897 = ADVANCED_FACE ( 'NONE', ( #2798 ), #3347, .F. ) ;
#2898 = CIRCLE ( 'NONE', #2502, 1.649999999999998579 ) ;
#2899 = CARTESIAN_POINT ( 'NONE',  ( 21.01026092267528611, -7.635352861589228546, 6.950000000000000178 ) ) ;
#2900 = AXIS2_PLACEMENT_3D ( 'NONE', #804, #1572, #2662 ) ;
#2901 = CARTESIAN_POINT ( 'NONE',  ( 41.87149498075728360, -8.386914507957403231, 9.449999999999999289 ) ) ;
#2902 = ORIENTED_EDGE ( 'NONE', *, *, #3108, .T. ) ;
#2903 = PLANE ( 'NONE',  #2677 ) ;
#2904 = FACE_OUTER_BOUND ( 'NONE', #2031, .T. ) ;
#2905 = ORIENTED_EDGE ( 'NONE', *, *, #1798, .F. ) ;
#2906 = LINE ( 'NONE', #3406, #140 ) ;
#2907 = ORIENTED_EDGE ( 'NONE', *, *, #1412, .T. ) ;
#2908 = FACE_BOUND ( 'NONE', #1614, .T. ) ;
#2909 = EDGE_CURVE ( 'NONE', #749, #2166, #1404, .T. ) ;
#2910 = CARTESIAN_POINT ( 'NONE',  ( 48.64339075359365694, -12.13079032706759719, 21.44999999999999574 ) ) ;
#2911 = FACE_OUTER_BOUND ( 'NONE', #3056, .T. ) ;
#2912 = AXIS2_PLACEMENT_3D ( 'NONE', #765, #1849, #2587 ) ;
#2913 = CARTESIAN_POINT ( 'NONE',  ( 31.43866279190552504, -32.93937835615508902, 21.00000000000000000 ) ) ;
#2914 = DIRECTION ( 'NONE',  ( -0.000000000000000000, -0.000000000000000000, -1.000000000000000000 ) ) ;
#2915 = EDGE_LOOP ( 'NONE', ( #1975, #1459 ) ) ;
#2916 = CARTESIAN_POINT ( 'NONE',  ( 7.144637297340441506, -42.35778022538745802, 6.950000000000000178 ) ) ;
#2917 = DIRECTION ( 'NONE',  ( 0.000000000000000000, 0.000000000000000000, 1.000000000000000000 ) ) ;
#2918 = DIRECTION ( 'NONE',  ( -1.000000000000000000, 0.000000000000000000, 0.000000000000000000 ) ) ;
#2919 = EDGE_LOOP ( 'NONE', ( #922, #1419 ) ) ;
#2920 = DIRECTION ( 'NONE',  ( -1.000000000000000000, 0.000000000000000000, 0.000000000000000000 ) ) ;
#2921 = ORIENTED_EDGE ( 'NONE', *, *, #1227, .T. ) ;
#2922 = CARTESIAN_POINT ( 'NONE',  ( 15.79202146829384468, -10.93522840006318297, 30.56126983722215229 ) ) ;
#2923 = FACE_BOUND ( 'NONE', #2919, .T. ) ;
#2924 = AXIS2_PLACEMENT_3D ( 'NONE', #651, #1727, #2819 ) ;
#2925 = DIRECTION ( 'NONE',  ( 1.000000000000000000, 0.000000000000000000, -0.000000000000000000 ) ) ;
#2926 = AXIS2_PLACEMENT_3D ( 'NONE', #2143, #2698, #2159 ) ;
#2927 = EDGE_CURVE ( 'NONE', #11, #1322, #105, .T. ) ;
#2928 = FACE_OUTER_BOUND ( 'NONE', #675, .T. ) ;
#2929 = VECTOR ( 'NONE', #3424, 1000.000000000000000 ) ;
#2930 = CARTESIAN_POINT ( 'NONE',  ( 16.37710156282435037, -29.60031062059794138, 25.00000000000000000 ) ) ;
#2931 = EDGE_LOOP ( 'NONE', ( #242, #1150 ) ) ;
#2932 = DIRECTION ( 'NONE',  ( -0.000000000000000000, 0.000000000000000000, -1.000000000000000000 ) ) ;
#2933 = DIRECTION ( 'NONE',  ( 0.000000000000000000, 0.000000000000000000, 1.000000000000000000 ) ) ;
#2934 = CARTESIAN_POINT ( 'NONE',  ( 40.44866279190552660, -32.93937835615508902, 12.00000000000000178 ) ) ;
#2935 = ADVANCED_FACE ( 'NONE', ( #610 ), #3043, .T. ) ;
#2936 = ORIENTED_EDGE ( 'NONE', *, *, #3156, .T. ) ;
#2937 = CIRCLE ( 'NONE', #1688, 0.8000000000000020428 ) ;
#2938 = CIRCLE ( 'NONE', #3116, 1.500000000000001332 ) ;
#2939 = DIRECTION ( 'NONE',  ( 0.000000000000000000, 0.000000000000000000, 1.000000000000000000 ) ) ;
#2940 = ORIENTED_EDGE ( 'NONE', *, *, #1055, .T. ) ;
#2941 = CARTESIAN_POINT ( 'NONE',  ( 22.02026092267527702, -7.635352861589228546, 3.450000000000000178 ) ) ;
#2942 = CARTESIAN_POINT ( 'NONE',  ( 9.434512835814569343, -48.58601967976667879, 3.450000000000000178 ) ) ;
#2943 = CARTESIAN_POINT ( 'NONE',  ( 4.559189279442514398, -35.48769224826034474, 3.450000000000000178 ) ) ;
#2944 = EDGE_CURVE ( 'NONE', #2323, #481, #2186, .T. ) ;
#2945 = DIRECTION ( 'NONE',  ( 0.000000000000000000, 0.000000000000000000, -1.000000000000000000 ) ) ;
#2946 = CARTESIAN_POINT ( 'NONE',  ( 56.93866279190552859, -32.93937835615508902, 3.450000000000000178 ) ) ;
#2947 = EDGE_CURVE ( 'NONE', #932, #2210, #892, .T. ) ;
#2948 = EDGE_CURVE ( 'NONE', #2002, #2296, #663, .T. ) ;
#2949 = CIRCLE ( 'NONE', #3232, 12.47999999999999865 ) ;
#2950 =( LENGTH_UNIT ( ) NAMED_UNIT ( * ) SI_UNIT ( .MILLI., .METRE. ) );
#2951 = CYLINDRICAL_SURFACE ( 'NONE', #2025, 25.50000000000000000 ) ;
#2952 = ORIENTED_EDGE ( 'NONE', *, *, #3136, .T. ) ;
#2953 = DIRECTION ( 'NONE',  ( -1.000000000000000000, 0.000000000000000000, 0.000000000000000000 ) ) ;
#2954 = CARTESIAN_POINT ( 'NONE',  ( 58.31813630436960949, -30.39106446404913342, 9.449999999999999289 ) ) ;
#2955 = ORIENTED_EDGE ( 'NONE', *, *, #1731, .F. ) ;
#2956 = DIRECTION ( 'NONE',  ( -1.000000000000000000, 0.000000000000000000, 0.000000000000000000 ) ) ;
#2957 = ORIENTED_EDGE ( 'NONE', *, *, #723, .T. ) ;
#2958 = FACE_BOUND ( 'NONE', #1235, .T. ) ;
#2959 = CIRCLE ( 'NONE', #2393, 0.8000000000000020428 ) ;
#2960 = CARTESIAN_POINT ( 'NONE',  ( 57.51813630436960523, -30.39106446404913342, 3.450000000000000178 ) ) ;
#2961 = EDGE_CURVE ( 'NONE', #1044, #2824, #363, .T. ) ;
#2962 = CYLINDRICAL_SURFACE ( 'NONE', #2823, 0.7999999999999960476 ) ;
#2963 = AXIS2_PLACEMENT_3D ( 'NONE', #703, #446, #734 ) ;
#2964 = CARTESIAN_POINT ( 'NONE',  ( 47.88530411551741395, -54.94352831224597367, 3.450000000000000178 ) ) ;
#2965 = AXIS2_PLACEMENT_3D ( 'NONE', #2168, #1125, #3254 ) ;
#2966 = FACE_BOUND ( 'NONE', #3093, .T. ) ;
#2967 = DIRECTION ( 'NONE',  ( -0.000000000000000000, -0.000000000000000000, -1.000000000000000000 ) ) ;
#2968 = DIRECTION ( 'NONE',  ( 0.000000000000000000, 0.000000000000000000, -1.000000000000000000 ) ) ;
#2969 = ORIENTED_EDGE ( 'NONE', *, *, #181, .T. ) ;
#2970 = FACE_OUTER_BOUND ( 'NONE', #1767, .T. ) ;
#2971 = ORIENTED_EDGE ( 'NONE', *, *, #3247, .T. ) ;
#2972 = FACE_OUTER_BOUND ( 'NONE', #1515, .T. ) ;
#2973 = AXIS2_PLACEMENT_3D ( 'NONE', #3054, #1372, #557 ) ;
#2974 = EDGE_LOOP ( 'NONE', ( #928, #3253, #2450, #1479 ) ) ;
#2975 = DIRECTION ( 'NONE',  ( 0.000000000000000000, 0.000000000000000000, 1.000000000000000000 ) ) ;
#2976 = CARTESIAN_POINT ( 'NONE',  ( 55.73268828647118056, -23.52097648692426546, 6.950000000000000178 ) ) ;
#2977 = DIRECTION ( 'NONE',  ( 1.000000000000000000, 0.000000000000000000, 0.000000000000000000 ) ) ;
#2978 = EDGE_CURVE ( 'NONE', #3239, #3393, #995, .T. ) ;
#2979 = AXIS2_PLACEMENT_3D ( 'NONE', #925, #433, #973 ) ;
#2980 = CARTESIAN_POINT ( 'NONE',  ( 34.78697668401115806, -59.81885186861801884, 9.449999999999999289 ) ) ;
#2981 = AXIS2_PLACEMENT_3D ( 'NONE', #100, #1382, #118 ) ;
#2982 = CARTESIAN_POINT ( 'NONE',  ( 58.06179262282417142, -37.43481582163340704, 21.44999999999999574 ) ) ;
#2983 = CARTESIAN_POINT ( 'NONE',  ( 47.34856536860282716, -48.84928093285243023, 16.44999999999999929 ) ) ;
#2984 = FACE_OUTER_BOUND ( 'NONE', #2569, .T. ) ;
#2985 = ORIENTED_EDGE ( 'NONE', *, *, #2795, .F. ) ;
#2986 = EDGE_CURVE ( 'NONE', #1205, #2585, #2592, .T. ) ;
#2987 = CYLINDRICAL_SURFACE ( 'NONE', #3421, 0.7999999999999933831 ) ;
#2988 = ORIENTED_EDGE ( 'NONE', *, *, #84, .T. ) ;
#2989 = FACE_OUTER_BOUND ( 'NONE', #2272, .T. ) ;
#2990 = EDGE_CURVE ( 'NONE', #2816, #218, #1791, .T. ) ;
#2991 = ORIENTED_EDGE ( 'NONE', *, *, #3428, .F. ) ;
#2992 = CARTESIAN_POINT ( 'NONE',  ( 55.99112664010311846, -44.17221054500589617, 3.450000000000000178 ) ) ;
#2993 = LINE ( 'NONE', #864, #34 ) ;
#2994 = ORIENTED_EDGE ( 'NONE', *, *, #1085, .F. ) ;
#2995 = CARTESIAN_POINT ( 'NONE',  ( 48.99856536860258416, -48.84928093285265049, 28.44999999999999929 ) ) ;
#2996 = DIRECTION ( 'NONE',  ( -0.000000000000000000, -0.000000000000000000, 1.000000000000000000 ) ) ;
#2997 = EDGE_CURVE ( 'NONE', #1441, #653, #158, .T. ) ;
#2998 = VERTEX_POINT ( 'NONE', #1427 ) ;
#2999 = DIRECTION ( 'NONE',  ( 0.000000000000000000, 0.000000000000000000, 1.000000000000000000 ) ) ;
#3000 = CIRCLE ( 'NONE', #1915, 0.8000000000000090372 ) ;
#3001 = DIRECTION ( 'NONE',  ( 1.000000000000000000, 0.000000000000000000, 0.000000000000000000 ) ) ;
#3002 = VECTOR ( 'NONE', #1796, 1000.000000000000000 ) ;
#3003 = LINE ( 'NONE', #876, #1511 ) ;
#3004 = LINE ( 'NONE', #1146, #1481 ) ;
#3005 = VERTEX_POINT ( 'NONE', #1177 ) ;
#3006 = AXIS2_PLACEMENT_3D ( 'NONE', #103, #138, #1181 ) ;
#3007 = DIRECTION ( 'NONE',  ( 1.000000000000000000, 0.000000000000000000, 0.000000000000000000 ) ) ;
#3008 = VERTEX_POINT ( 'NONE', #39 ) ;
#3009 = DIRECTION ( 'NONE',  ( 1.000000000000000000, 0.000000000000000000, 0.000000000000000000 ) ) ;
#3010 = EDGE_LOOP ( 'NONE', ( #3048, #1183, #1980, #2518 ) ) ;
#3011 = DIRECTION ( 'NONE',  ( -0.000000000000000000, -0.000000000000000000, 1.000000000000000000 ) ) ;
#3012 = PLANE ( 'NONE',  #2517 ) ;
#3013 = VERTEX_POINT ( 'NONE', #3285 ) ;
#3014 = CARTESIAN_POINT ( 'NONE',  ( 29.69034889979985437, -6.059904843690986809, 9.449999999999999289 ) ) ;
#3015 = EDGE_CURVE ( 'NONE', #309, #1488, #2127, .T. ) ;
#3016 = CARTESIAN_POINT ( 'NONE',  ( 42.57866279190552206, -32.93937835615508902, 27.44999999999999929 ) ) ;
#3017 = EDGE_CURVE ( 'NONE', #277, #1569, #2761, .T. ) ;
#3018 = ORIENTED_EDGE ( 'NONE', *, *, #1924, .F. ) ;
#3019 = CARTESIAN_POINT ( 'NONE',  ( 28.09034889979983518, -6.059904843690986809, 3.450000000000000178 ) ) ;
#3020 = DIRECTION ( 'NONE',  ( 1.000000000000000000, 0.000000000000000000, 0.000000000000000000 ) ) ;
#3021 = EDGE_CURVE ( 'NONE', #3005, #345, #1559, .T. ) ;
#3022 = DIRECTION ( 'NONE',  ( -1.000000000000000000, 0.000000000000000000, 0.000000000000000000 ) ) ;
#3023 = ORIENTED_EDGE ( 'NONE', *, *, #497, .F. ) ;
#3024 = CARTESIAN_POINT ( 'NONE',  ( 31.43866279190552504, -32.93937835615508902, -5.084128393963164072 ) ) ;
#3025 = AXIS2_PLACEMENT_3D ( 'NONE', #2728, #2914, #839 ) ;
#3026 = DIRECTION ( 'NONE',  ( 0.000000000000000000, 0.000000000000000000, 1.000000000000000000 ) ) ;
#3027 = ORIENTED_EDGE ( 'NONE', *, *, #1245, .T. ) ;
#3028 = CARTESIAN_POINT ( 'NONE',  ( 22.02026092267527702, -7.635352861589228546, 6.950000000000000178 ) ) ;
#3029 = VERTEX_POINT ( 'NONE', #325 ) ;
#3030 = CARTESIAN_POINT ( 'NONE',  ( 46.68866279190552859, -32.93937835615508902, 25.34999999999999787 ) ) ;
#3031 = EDGE_CURVE ( 'NONE', #1488, #2002, #2490, .T. ) ;
#3032 = ORIENTED_EDGE ( 'NONE', *, *, #1861, .T. ) ;
#3033 = DIRECTION ( 'NONE',  ( 0.000000000000000000, 0.000000000000000000, -1.000000000000000000 ) ) ;
#3034 = AXIS2_PLACEMENT_3D ( 'NONE', #30, #338, #2520 ) ;
#3035 = CARTESIAN_POINT ( 'NONE',  ( 58.86179262282417568, -37.43481582163340704, 21.44999999999999574 ) ) ;
#3036 = ORIENTED_EDGE ( 'NONE', *, *, #3021, .F. ) ;
#3037 = CARTESIAN_POINT ( 'NONE',  ( 16.37710156282435037, -36.27844609171223311, 27.44999999999999929 ) ) ;
#3038 = LINE ( 'NONE', #3078, #1057 ) ;
#3039 = PRODUCT_RELATED_PRODUCT_CATEGORY ( 'part', '', ( #909 ) ) ;
#3040 = VERTEX_POINT ( 'NONE', #3306 ) ;
#3041 = DIRECTION ( 'NONE',  ( -1.000000000000000000, 0.000000000000000000, 0.000000000000000000 ) ) ;
#3042 = CIRCLE ( 'NONE', #939, 1.009999999999990017 ) ;
#3043 = CYLINDRICAL_SURFACE ( 'NONE', #320, 29.00000000000000355 ) ;
#3044 = DIRECTION ( 'NONE',  ( -0.000000000000000000, -0.000000000000000000, -1.000000000000000000 ) ) ;
#3045 = EDGE_LOOP ( 'NONE', ( #1641, #3484 ) ) ;
#3046 = DIRECTION ( 'NONE',  ( -0.000000000000000000, -0.000000000000000000, -1.000000000000000000 ) ) ;
#3047 = DIRECTION ( 'NONE',  ( 0.000000000000000000, 0.000000000000000000, 1.000000000000000000 ) ) ;
#3048 = ORIENTED_EDGE ( 'NONE', *, *, #3324, .F. ) ;
#3049 = CIRCLE ( 'NONE', #1960, 13.24999999999999822 ) ;
#3050 = VECTOR ( 'NONE', #2300, 1000.000000000000000 ) ;
#3051 = ORIENTED_EDGE ( 'NONE', *, *, #3079, .F. ) ;
#3052 = ADVANCED_FACE ( 'NONE', ( #872 ), #2628, .T. ) ;
#3053 = ORIENTED_EDGE ( 'NONE', *, *, #3247, .F. ) ;
#3054 = CARTESIAN_POINT ( 'NONE',  ( 28.89034889979984655, -6.059904843690986809, 30.56126983722215229 ) ) ;
#3055 = CARTESIAN_POINT ( 'NONE',  ( 31.43866279190552504, -32.93937835615508902, 16.15000000000000213 ) ) ;
#3056 = EDGE_LOOP ( 'NONE', ( #639, #2921, #2220, #2952, #2940, #445 ) ) ;
#3057 = DIRECTION ( 'NONE',  ( -0.000000000000000000, -0.000000000000000000, -1.000000000000000000 ) ) ;
#3058 = CARTESIAN_POINT ( 'NONE',  ( 22.42866279190552703, -32.93937835615508902, 41.63412839396316656 ) ) ;
#3059 = AXIS2_PLACEMENT_3D ( 'NONE', #3189, #750, #491 ) ;
#3060 = CARTESIAN_POINT ( 'NONE',  ( 41.86706466113730585, -58.24340385072038373, 6.950000000000000178 ) ) ;
#3061 = DIRECTION ( 'NONE',  ( -0.000000000000000000, -0.000000000000000000, -1.000000000000000000 ) ) ;
#3062 = DIRECTION ( 'NONE',  ( -1.000000000000000000, 0.000000000000000000, 0.000000000000000000 ) ) ;
#3063 = VERTEX_POINT ( 'NONE', #2044 ) ;
#3064 = DIRECTION ( 'NONE',  ( 1.000000000000000000, 0.000000000000000000, 0.000000000000000000 ) ) ;
#3065 = EDGE_CURVE ( 'NONE', #653, #481, #2344, .T. ) ;
#3066 = EDGE_CURVE ( 'NONE', #340, #2018, #990, .T. ) ;
#3067 = DIRECTION ( 'NONE',  ( -0.000000000000000000, -0.000000000000000000, -1.000000000000000000 ) ) ;
#3068 = ORIENTED_EDGE ( 'NONE', *, *, #2836, .F. ) ;
#3069 = ORIENTED_EDGE ( 'NONE', *, *, #2327, .T. ) ;
#3070 = PRODUCT_DEFINITION_CONTEXT ( 'detailed design', #2661, 'design' ) ;
#3071 = ORIENTED_EDGE ( 'NONE', *, *, #2110, .F. ) ;
#3072 = CYLINDRICAL_SURFACE ( 'NONE', #987, 1.024999999999994582 ) ;
#3073 = AXIS2_PLACEMENT_3D ( 'NONE', #2003, #3090, #1185 ) ;
#3074 = AXIS2_PLACEMENT_3D ( 'NONE', #866, #583, #2218 ) ;
#3075 = CARTESIAN_POINT ( 'NONE',  ( 56.74268828647117857, -23.52097648692426546, 6.950000000000000178 ) ) ;
#3076 = ORIENTED_EDGE ( 'NONE', *, *, #3494, .T. ) ;
#3077 = DIRECTION ( 'NONE',  ( -1.000000000000000000, 0.000000000000000000, 0.000000000000000000 ) ) ;
#3078 = CARTESIAN_POINT ( 'NONE',  ( 46.32356536860281437, -17.02947577945774427, 16.44999999999999929 ) ) ;
#3079 = EDGE_CURVE ( 'NONE', #653, #1441, #439, .T. ) ;
#3080 = CARTESIAN_POINT ( 'NONE',  ( 17.11295346572679321, -29.76344505996706502, 27.44999999999999929 ) ) ;
#3081 = CARTESIAN_POINT ( 'NONE',  ( 31.43866279190551793, -32.93937835615510323, 27.44999999999999929 ) ) ;
#3082 = CARTESIAN_POINT ( 'NONE',  ( 44.68866279190552149, -32.93937835615508902, 21.00000000000000000 ) ) ;
#3083 = EDGE_LOOP ( 'NONE', ( #312, #2534, #1338, #1495 ) ) ;
#3084 = LINE ( 'NONE', #1726, #1932 ) ;
#3085 = DIRECTION ( 'NONE',  ( 0.000000000000000000, 0.000000000000000000, 1.000000000000000000 ) ) ;
#3086 = ORIENTED_EDGE ( 'NONE', *, *, #601, .T. ) ;
#3087 = CIRCLE ( 'NONE', #1209, 0.8000000000004738876 ) ;
#3088 = ORIENTED_EDGE ( 'NONE', *, *, #2990, .T. ) ;
#3089 = ORIENTED_EDGE ( 'NONE', *, *, #168, .F. ) ;
#3090 = DIRECTION ( 'NONE',  ( 0.000000000000000000, 0.000000000000000000, -1.000000000000000000 ) ) ;
#3091 = AXIS2_PLACEMENT_3D ( 'NONE', #2982, #2933, #1593 ) ;
#3092 = CARTESIAN_POINT ( 'NONE',  ( 31.43866279190552504, -32.93937835615508902, 20.40000000000000213 ) ) ;
#3093 = EDGE_LOOP ( 'NONE', ( #2584, #1324 ) ) ;
#3094 = DIRECTION ( 'NONE',  ( 0.000000000000000000, 0.000000000000000000, -1.000000000000000000 ) ) ;
#3095 = ADVANCED_FACE ( 'NONE', ( #2830 ), #2077, .F. ) ;
#3096 = CIRCLE ( 'NONE', #1037, 1.024999999999994582 ) ;
#3097 = CYLINDRICAL_SURFACE ( 'NONE', #2875, 0.7999999999999933831 ) ;
#3098 = ADVANCED_FACE ( 'NONE', ( #2297 ), #1509, .F. ) ;
#3099 = DIRECTION ( 'NONE',  ( -0.000000000000000000, -0.000000000000000000, 1.000000000000000000 ) ) ;
#3100 = ORIENTED_EDGE ( 'NONE', *, *, #873, .T. ) ;
#3101 = DIRECTION ( 'NONE',  ( -0.000000000000000000, -0.000000000000000000, -1.000000000000000000 ) ) ;
#3102 = AXIS2_PLACEMENT_3D ( 'NONE', #1358, #1374, #3465 ) ;
#3103 = DIRECTION ( 'NONE',  ( -1.000000000000000000, 0.000000000000000000, 0.000000000000000000 ) ) ;
#3104 = ORIENTED_EDGE ( 'NONE', *, *, #2579, .F. ) ;
#3105 = ORIENTED_EDGE ( 'NONE', *, *, #2927, .T. ) ;
#3106 = AXIS2_PLACEMENT_3D ( 'NONE', #2349, #1529, #3216 ) ;
#3107 = AXIS2_PLACEMENT_3D ( 'NONE', #1116, #98, #1597 ) ;
#3108 = EDGE_CURVE ( 'NONE', #37, #1937, #1806, .T. ) ;
#3109 = ORIENTED_EDGE ( 'NONE', *, *, #2198, .F. ) ;
#3110 = AXIS2_PLACEMENT_3D ( 'NONE', #1143, #2544, #2203 ) ;
#3111 = AXIS2_PLACEMENT_3D ( 'NONE', #1926, #2482, #1420 ) ;
#3112 = PLANE ( 'NONE',  #364 ) ;
#3113 = EDGE_LOOP ( 'NONE', ( #679, #2580 ) ) ;
#3114 = CARTESIAN_POINT ( 'NONE',  ( 21.22026092267527630, -7.635352861589228546, 27.44999999999999929 ) ) ;
#3115 = EDGE_LOOP ( 'NONE', ( #1215, #1882, #3201, #3436 ) ) ;
#3116 = AXIS2_PLACEMENT_3D ( 'NONE', #3454, #1851, #3487 ) ;
#3117 = CARTESIAN_POINT ( 'NONE',  ( 48.99856536860258416, -48.84928093285265049, 28.44999999999999929 ) ) ;
#3118 = DIRECTION ( 'NONE',  ( 0.000000000000000000, 0.000000000000000000, -1.000000000000000000 ) ) ;
#3119 = VERTEX_POINT ( 'NONE', #710 ) ;
#3120 = DIRECTION ( 'NONE',  ( 1.000000000000000000, 0.000000000000000000, 0.000000000000000000 ) ) ;
#3121 = VERTEX_POINT ( 'NONE', #2899 ) ;
#3122 = EDGE_CURVE ( 'NONE', #1300, #1434, #1335, .T. ) ;
#3123 = EDGE_LOOP ( 'NONE', ( #3356, #665, #1123, #1416 ) ) ;
#3124 = ADVANCED_FACE ( 'NONE', ( #1741 ), #2596, .F. ) ;
#3125 = VERTEX_POINT ( 'NONE', #2577 ) ;
#3126 = CARTESIAN_POINT ( 'NONE',  ( 29.69034889979985437, -6.059904843690986809, 30.56126983722215229 ) ) ;
#3127 = ORIENTED_EDGE ( 'NONE', *, *, #246, .T. ) ;
#3128 = AXIS2_PLACEMENT_3D ( 'NONE', #720, #2608, #167 ) ;
#3129 = CARTESIAN_POINT ( 'NONE',  ( 40.85706466113627044, -58.24340385072076032, 21.44999999999999574 ) ) ;
#3130 = AXIS2_PLACEMENT_3D ( 'NONE', #2137, #800, #2956 ) ;
#3131 = ORIENTED_EDGE ( 'NONE', *, *, #2454, .F. ) ;
#3132 = DIRECTION ( 'NONE',  ( -0.000000000000000000, -0.000000000000000000, -1.000000000000000000 ) ) ;
#3133 = CARTESIAN_POINT ( 'NONE',  ( 31.43866279190552504, -32.93937835615508902, 22.00000000000000355 ) ) ;
#3134 = CARTESIAN_POINT ( 'NONE',  ( 17.11295346572679676, -36.11531165234310947, 25.00000000000000000 ) ) ;
#3135 = EDGE_LOOP ( 'NONE', ( #2665, #2955, #1830, #2191 ) ) ;
#3136 = EDGE_CURVE ( 'NONE', #1657, #2138, #3399, .T. ) ;
#3137 = PLANE ( 'NONE',  #1813 ) ;
#3138 = CIRCLE ( 'NONE', #972, 13.24999999999999822 ) ;
#3139 = EDGE_CURVE ( 'NONE', #2285, #1828, #3049, .T. ) ;
#3140 = ORIENTED_EDGE ( 'NONE', *, *, #1499, .T. ) ;
#3141 = ORIENTED_EDGE ( 'NONE', *, *, #2511, .T. ) ;
#3142 = CIRCLE ( 'NONE', #2164, 1.649999999999998579 ) ;
#3143 = DIRECTION ( 'NONE',  ( 1.000000000000000000, 0.000000000000000000, 0.000000000000000000 ) ) ;
#3144 = ADVANCED_FACE ( 'NONE', ( #1193 ), #3097, .F. ) ;
#3145 = EDGE_LOOP ( 'NONE', ( #945, #2302 ) ) ;
#3146 = CARTESIAN_POINT ( 'NONE',  ( 6.086198943708343023, -21.70654616730324804, 9.449999999999999289 ) ) ;
#3147 = VECTOR ( 'NONE', #1027, 1000.000000000000000 ) ;
#3148 = CARTESIAN_POINT ( 'NONE',  ( 15.79202146829384468, -10.93522840006318297, 9.449999999999999289 ) ) ;
#3149 = DIRECTION ( 'NONE',  ( 1.000000000000000000, 0.000000000000000000, 0.000000000000000000 ) ) ;
#3150 = DIRECTION ( 'NONE',  ( 0.000000000000000000, 0.000000000000000000, 1.000000000000000000 ) ) ;
#3151 = ORIENTED_EDGE ( 'NONE', *, *, #1200, .T. ) ;
#3152 = CIRCLE ( 'NONE', #1660, 4.110000000000002984 ) ;
#3153 = CARTESIAN_POINT ( 'NONE',  ( 4.015532960987610700, -28.44394089067633047, 21.44999999999999574 ) ) ;
#3154 = ORIENTED_EDGE ( 'NONE', *, *, #1049, .T. ) ;
#3155 = ORIENTED_EDGE ( 'NONE', *, *, #1987, .F. ) ;
#3156 = EDGE_CURVE ( 'NONE', #780, #1300, #1792, .T. ) ;
#3157 = DIRECTION ( 'NONE',  ( -0.000000000000000000, -0.000000000000000000, 1.000000000000000000 ) ) ;
#3158 = AXIS2_PLACEMENT_3D ( 'NONE', #2882, #2029, #1208 ) ;
#3159 = EDGE_LOOP ( 'NONE', ( #3367, #2936, #712, #3183 ) ) ;
#3160 = CARTESIAN_POINT ( 'NONE',  ( 31.43866279190552504, -32.93937835615508902, 12.00000000000000178 ) ) ;
#3161 = DIRECTION ( 'NONE',  ( 1.000000000000000000, 0.000000000000000000, 0.000000000000000000 ) ) ;
#3162 = CIRCLE ( 'NONE', #715, 1.009999999999997122 ) ;
#3163 =( LENGTH_UNIT ( ) NAMED_UNIT ( * ) SI_UNIT ( .MILLI., .METRE. ) );
#3164 = CARTESIAN_POINT ( 'NONE',  ( 13.43393483021796087, -53.74796638524222203, 27.44999999999999929 ) ) ;
#3165 = DIRECTION ( 'NONE',  ( 1.000000000000000000, 0.000000000000000000, 0.000000000000000000 ) ) ;
#3166 = FACE_OUTER_BOUND ( 'NONE', #1958, .T. ) ;
#3167 = ORIENTED_EDGE ( 'NONE', *, *, #1523, .T. ) ;
#3168 = CIRCLE ( 'NONE', #724, 0.8000000000000090372 ) ;
#3169 = DIRECTION ( 'NONE',  ( 0.000000000000000000, 0.000000000000000000, -1.000000000000000000 ) ) ;
#3170 = EDGE_CURVE ( 'NONE', #3415, #1068, #266, .T. ) ;
#3171 = CARTESIAN_POINT ( 'NONE',  ( 15.79202146829384468, -10.93522840006318297, 3.450000000000000178 ) ) ;
#3172 = ORIENTED_EDGE ( 'NONE', *, *, #729, .F. ) ;
#3173 = PLANE ( 'NONE',  #2963 ) ;
#3174 = ORIENTED_EDGE ( 'NONE', *, *, #1105, .T. ) ;
#3175 = FACE_OUTER_BOUND ( 'NONE', #3186, .T. ) ;
#3176 = DIRECTION ( 'NONE',  ( -1.000000000000000000, 0.000000000000000000, -0.000000000000000000 ) ) ;
#3177 = AXIS2_PLACEMENT_3D ( 'NONE', #2797, #3409, #2623 ) ;
#3178 = DIRECTION ( 'NONE',  ( -0.000000000000000000, -0.000000000000000000, 1.000000000000000000 ) ) ;
#3179 = AXIS2_PLACEMENT_3D ( 'NONE', #830, #330, #2784 ) ;
#3180 = DIRECTION ( 'NONE',  ( -0.000000000000000000, -0.000000000000000000, 1.000000000000000000 ) ) ;
#3181 = EDGE_CURVE ( 'NONE', #1467, #649, #208, .T. ) ;
#3182 = DIRECTION ( 'NONE',  ( 0.000000000000000000, 0.000000000000000000, -1.000000000000000000 ) ) ;
#3183 = ORIENTED_EDGE ( 'NONE', *, *, #1847, .F. ) ;
#3184 = LINE ( 'NONE', #173, #3002 ) ;
#3185 = DIRECTION ( 'NONE',  ( 0.000000000000000000, 0.000000000000000000, 1.000000000000000000 ) ) ;
#3186 = EDGE_LOOP ( 'NONE', ( #2748, #1596, #898, #1500 ) ) ;
#3187 = DIRECTION ( 'NONE',  ( 0.000000000000000000, 0.000000000000000000, 1.000000000000000000 ) ) ;
#3188 = ORIENTED_EDGE ( 'NONE', *, *, #506, .F. ) ;
#3189 = CARTESIAN_POINT ( 'NONE',  ( 6.134637297340448825, -42.35778022538745802, 6.950000000000000178 ) ) ;
#3190 = FACE_BOUND ( 'NONE', #185, .T. ) ;
#3191 = FACE_OUTER_BOUND ( 'NONE', #1671, .T. ) ;
#3192 = AXIS2_PLACEMENT_3D ( 'NONE', #2771, #3260, #3446 ) ;
#3193 = CARTESIAN_POINT ( 'NONE',  ( 58.31813630436960949, -30.39106446404913342, 9.449999999999999289 ) ) ;
#3194 = PLANE ( 'NONE',  #3263 ) ;
#3195 = EDGE_CURVE ( 'NONE', #3013, #1144, #183, .T. ) ;
#3196 = VERTEX_POINT ( 'NONE', #2316 ) ;
#3197 = CARTESIAN_POINT ( 'NONE',  ( 31.43866279190552504, -32.93937835615508902, 3.450000000000000178 ) ) ;
#3198 = VECTOR ( 'NONE', #1342, 1000.000000000000000 ) ;
#3199 = DIRECTION ( 'NONE',  ( -0.000000000000000000, -0.000000000000000000, 1.000000000000000000 ) ) ;
#3200 = CARTESIAN_POINT ( 'NONE',  ( 47.34856536860258558, -48.84928093285265049, 27.44999999999999929 ) ) ;
#3201 = ORIENTED_EDGE ( 'NONE', *, *, #435, .T. ) ;
#3202 = FACE_OUTER_BOUND ( 'NONE', #1901, .T. ) ;
#3203 = ORIENTED_EDGE ( 'NONE', *, *, #2624, .F. ) ;
#3204 = DIRECTION ( 'NONE',  ( 0.000000000000000000, 0.000000000000000000, -1.000000000000000000 ) ) ;
#3205 = ADVANCED_FACE ( 'NONE', ( #958 ), #695, .F. ) ;
#3206 = CARTESIAN_POINT ( 'NONE',  ( 46.68866279190552859, -32.93937835615508902, 27.44999999999999929 ) ) ;
#3207 = VECTOR ( 'NONE', #2317, 1000.000000000000000 ) ;
#3208 = CARTESIAN_POINT ( 'NONE',  ( 39.84706466113730983, -58.24340385072038373, 6.950000000000000178 ) ) ;
#3209 = VECTOR ( 'NONE', #2887, 1000.000000000000000 ) ;
#3210 = AXIS2_PLACEMENT_3D ( 'NONE', #725, #399, #1537 ) ;
#3211 = VECTOR ( 'NONE', #2374, 1000.000000000000000 ) ;
#3212 = DIRECTION ( 'NONE',  ( 0.2164396139381047357, 0.9762960071199329182, -0.000000000000000000 ) ) ;
#3213 = CIRCLE ( 'NONE', #1233, 0.8000000000000020428 ) ;
#3214 = DIRECTION ( 'NONE',  ( 1.000000000000000000, 0.000000000000000000, 0.000000000000000000 ) ) ;
#3215 = CARTESIAN_POINT ( 'NONE',  ( 17.17876021520791596, -48.84928093285210338, 27.44999999999999929 ) ) ;
#3216 = DIRECTION ( 'NONE',  ( 1.000000000000000000, 0.000000000000000000, 0.000000000000000000 ) ) ;
#3217 = EDGE_LOOP ( 'NONE', ( #735, #786 ) ) ;
#3218 = AXIS2_PLACEMENT_3D ( 'NONE', #1423, #318, #1401 ) ;
#3219 = CIRCLE ( 'NONE', #1106, 0.8000000000000090372 ) ;
#3220 = DIRECTION ( 'NONE',  ( -1.000000000000000000, 0.000000000000000000, 0.000000000000000000 ) ) ;
#3221 = ADVANCED_FACE ( 'NONE', ( #2411 ), #1856, .T. ) ;
#3222 = ADVANCED_FACE ( 'NONE', ( #2375 ), #1038, .F. ) ;
#3223 = CARTESIAN_POINT ( 'NONE',  ( 18.50274069756640927, -35.80720324083495854, 38.25000000000000711 ) ) ;
#3224 = ORIENTED_EDGE ( 'NONE', *, *, #638, .T. ) ;
#3225 = DIRECTION ( 'NONE',  ( 0.000000000000000000, 0.000000000000000000, -1.000000000000000000 ) ) ;
#3226 = ORIENTED_EDGE ( 'NONE', *, *, #3340, .T. ) ;
#3227 = FACE_BOUND ( 'NONE', #2100, .T. ) ;
#3228 = CARTESIAN_POINT ( 'NONE',  ( 55.73268828647118056, -23.52097648692426546, 3.450000000000000178 ) ) ;
#3229 = DIRECTION ( 'NONE',  ( -0.000000000000000000, -0.000000000000000000, 1.000000000000000000 ) ) ;
#3230 = AXIS2_PLACEMENT_3D ( 'NONE', #464, #194, #3161 ) ;
#3231 = DIRECTION ( 'NONE',  ( -1.000000000000000000, 0.000000000000000000, 0.000000000000000000 ) ) ;
#3232 = AXIS2_PLACEMENT_3D ( 'NONE', #2540, #2459, #2812 ) ;
#3233 = FACE_BOUND ( 'NONE', #2017, .T. ) ;
#3234 = CARTESIAN_POINT ( 'NONE',  ( 21.01026092267528611, -7.635352861589228546, 3.450000000000000178 ) ) ;
#3235 = DIRECTION ( 'NONE',  ( 0.000000000000000000, 0.000000000000000000, 1.000000000000000000 ) ) ;
#3236 = ORIENTED_EDGE ( 'NONE', *, *, #1357, .T. ) ;
#3237 = ADVANCED_FACE ( 'NONE', ( #1607 ), #1291, .F. ) ;
#3238 = DIRECTION ( 'NONE',  ( 0.000000000000000000, 0.000000000000000000, 1.000000000000000000 ) ) ;
#3239 = VERTEX_POINT ( 'NONE', #2427 ) ;
#3240 = DIRECTION ( 'NONE',  ( 1.000000000000000000, 0.000000000000000000, 0.000000000000000000 ) ) ;
#3241 = ORIENTED_EDGE ( 'NONE', *, *, #56, .T. ) ;
#3242 = LINE ( 'NONE', #2640, #3198 ) ;
#3243 = ADVANCED_FACE ( 'NONE', ( #806 ), #741, .F. ) ;
#3244 = FACE_OUTER_BOUND ( 'NONE', #1471, .T. ) ;
#3245 = CARTESIAN_POINT ( 'NONE',  ( 33.98697668401173644, -59.81885186861801884, 30.56126983722215229 ) ) ;
#3246 = AXIS2_PLACEMENT_3D ( 'NONE', #2890, #3187, #2054 ) ;
#3247 = EDGE_CURVE ( 'NONE', #538, #586, #1056, .T. ) ;
#3248 = DIRECTION ( 'NONE',  ( 0.000000000000000000, 0.000000000000000000, 1.000000000000000000 ) ) ;
#3249 = ADVANCED_FACE ( 'NONE', ( #516 ), #2962, .F. ) ;
#3250 = CARTESIAN_POINT ( 'NONE',  ( 15.52876021520834726, -17.02947577945764124, 28.44999999999999929 ) ) ;
#3251 = CARTESIAN_POINT ( 'NONE',  ( 16.55376021520834229, -17.02947577945764124, 28.44999999999999929 ) ) ;
#3252 = PLANE ( 'NONE',  #410 ) ;
#3253 = ORIENTED_EDGE ( 'NONE', *, *, #2287, .T. ) ;
#3254 = DIRECTION ( 'NONE',  ( 1.000000000000000000, 0.000000000000000000, 0.000000000000000000 ) ) ;
#3255 = VERTEX_POINT ( 'NONE', #2679 ) ;
#3256 = CARTESIAN_POINT ( 'NONE',  ( 2.438662791905521487, -32.93937835615508902, 3.450000000000000178 ) ) ;
#3257 = EDGE_LOOP ( 'NONE', ( #2826, #1078 ) ) ;
#3258 = DIRECTION ( 'NONE',  ( 1.000000000000000000, 0.000000000000000000, 0.000000000000000000 ) ) ;
#3259 = EDGE_CURVE ( 'NONE', #2695, #2455, #2472, .T. ) ;
#3260 = DIRECTION ( 'NONE',  ( 0.000000000000000000, 0.000000000000000000, 1.000000000000000000 ) ) ;
#3261 = EDGE_LOOP ( 'NONE', ( #174, #2687, #293, #189 ) ) ;
#3262 = DIRECTION ( 'NONE',  ( -0.000000000000000000, -0.000000000000000000, -1.000000000000000000 ) ) ;
#3263 = AXIS2_PLACEMENT_3D ( 'NONE', #2457, #3182, #339 ) ;
#3264 = DIRECTION ( 'NONE',  ( -0.000000000000000000, -0.000000000000000000, -1.000000000000000000 ) ) ;
#3265 = VERTEX_POINT ( 'NONE', #252 ) ;
#3266 = CARTESIAN_POINT ( 'NONE',  ( 18.18866279190552859, -32.93937835615508902, 21.00000000000000000 ) ) ;
#3267 = AXIS2_PLACEMENT_3D ( 'NONE', #648, #1178, #81 ) ;
#3268 = FACE_BOUND ( 'NONE', #387, .T. ) ;
#3269 = DIRECTION ( 'NONE',  ( 0.9762960071199331402, 0.2164396139381036532, -0.000000000000000000 ) ) ;
#3270 = CARTESIAN_POINT ( 'NONE',  ( 46.28530411551874124, -54.94352831224597367, 30.56126983722215229 ) ) ;
#3271 = ORIENTED_EDGE ( 'NONE', *, *, #291, .T. ) ;
#3272 = ADVANCED_FACE ( 'NONE', ( #2091 ), #1553, .F. ) ;
#3273 = CARTESIAN_POINT ( 'NONE',  ( 41.65706466113626760, -58.24340385072076032, 27.44999999999999929 ) ) ;
#3274 = ORIENTED_EDGE ( 'NONE', *, *, #1994, .T. ) ;
#3275 = CARTESIAN_POINT ( 'NONE',  ( 40.85706466113730784, -58.24340385072038373, 6.950000000000000178 ) ) ;
#3276 = EDGE_LOOP ( 'NONE', ( #3300, #1283 ) ) ;
#3277 = CARTESIAN_POINT ( 'NONE',  ( 15.52876021520834726, -17.02947577945764124, 28.44999999999999929 ) ) ;
#3278 = CARTESIAN_POINT ( 'NONE',  ( 54.24281274799736963, -17.29273703254245476, 3.450000000000000178 ) ) ;
#3279 = ORIENTED_EDGE ( 'NONE', *, *, #1516, .T. ) ;
#3280 = DIRECTION ( 'NONE',  ( 1.000000000000000000, 0.000000000000000000, 0.000000000000000000 ) ) ;
#3281 = CARTESIAN_POINT ( 'NONE',  ( 40.44866279190552660, -32.93937835615508902, -5.084128393963164072 ) ) ;
#3282 = VERTEX_POINT ( 'NONE', #1888 ) ;
#3283 = CARTESIAN_POINT ( 'NONE',  ( 44.68866279190552149, -32.93937835615508902, 25.00000000000000000 ) ) ;
#3284 = VECTOR ( 'NONE', #350, 1000.000000000000000 ) ;
#3285 = CARTESIAN_POINT ( 'NONE',  ( 56.93866279190552859, -32.93937835615508902, 25.00000000000000711 ) ) ;
#3286 = CARTESIAN_POINT ( 'NONE',  ( 16.05244214191719365, -31.06475463127784309, 38.25000000000000711 ) ) ;
#3287 = AXIS2_PLACEMENT_3D ( 'NONE', #1909, #2999, #2160 ) ;
#3288 = ORIENTED_EDGE ( 'NONE', *, *, #107, .F. ) ;
#3289 = DIRECTION ( 'NONE',  ( -1.000000000000000000, 0.000000000000000000, 0.000000000000000000 ) ) ;
#3290 = VECTOR ( 'NONE', #3204, 1000.000000000000000 ) ;
#3291 = DIRECTION ( 'NONE',  ( -0.000000000000000000, -0.000000000000000000, 1.000000000000000000 ) ) ;
#3292 = ORIENTED_EDGE ( 'NONE', *, *, #1492, .F. ) ;
#3293 = AXIS2_PLACEMENT_3D ( 'NONE', #3298, #863, #1151 ) ;
#3294 = DIRECTION ( 'NONE',  ( 0.000000000000000000, 0.000000000000000000, -1.000000000000000000 ) ) ;
#3295 = EDGE_LOOP ( 'NONE', ( #3334, #2232 ) ) ;
#3296 = CARTESIAN_POINT ( 'NONE',  ( 48.64339075359365694, -12.13079032706759719, 21.44999999999999574 ) ) ;
#3297 = ORIENTED_EDGE ( 'NONE', *, *, #793, .T. ) ;
#3298 = CARTESIAN_POINT ( 'NONE',  ( 53.44281274799736536, -17.29273703254245476, 3.450000000000000178 ) ) ;
#3299 = DIRECTION ( 'NONE',  ( 1.000000000000000000, 0.000000000000000000, 0.000000000000000000 ) ) ;
#3300 = ORIENTED_EDGE ( 'NONE', *, *, #3181, .F. ) ;
#3301 = PLANE ( 'NONE',  #3111 ) ;
#3302 = CIRCLE ( 'NONE', #2223, 0.8000000000002718270 ) ;
#3303 = DIRECTION ( 'NONE',  ( -0.000000000000000000, -0.000000000000000000, -1.000000000000000000 ) ) ;
#3304 = EDGE_LOOP ( 'NONE', ( #2196, #1748, #746, #2969 ) ) ;
#3305 = DIRECTION ( 'NONE',  ( -0.000000000000000000, -0.000000000000000000, 1.000000000000000000 ) ) ;
#3306 = CARTESIAN_POINT ( 'NONE',  ( 16.37710156282435037, -36.27844609171223311, 25.00000000000000000 ) ) ;
#3307 = AXIS2_PLACEMENT_3D ( 'NONE', #460, #2619, #3437 ) ;
#3308 = ADVANCED_FACE ( 'NONE', ( #2928 ), #3464, .F. ) ;
#3309 = DIRECTION ( 'NONE',  ( 0.000000000000000000, 0.000000000000000000, 1.000000000000000000 ) ) ;
#3310 = ORIENTED_EDGE ( 'NONE', *, *, #2251, .F. ) ;
#3311 = CYLINDRICAL_SURFACE ( 'NONE', #1396, 1.024999999999998135 ) ;
#3312 = AXIS2_PLACEMENT_3D ( 'NONE', #3502, #3238, #1865 ) ;
#3313 = DIRECTION ( 'NONE',  ( 0.000000000000000000, 0.000000000000000000, 1.000000000000000000 ) ) ;
#3314 = ORIENTED_EDGE ( 'NONE', *, *, #1544, .T. ) ;
#3315 = ORIENTED_EDGE ( 'NONE', *, *, #3122, .F. ) ;
#3316 = EDGE_LOOP ( 'NONE', ( #1968, #1549, #156, #3032, #1810, #2496 ) ) ;
#3317 = DIRECTION ( 'NONE',  ( 0.000000000000000000, 0.000000000000000000, 1.000000000000000000 ) ) ;
#3318 = EDGE_CURVE ( 'NONE', #2225, #1182, #1571, .T. ) ;
#3319 = CIRCLE ( 'NONE', #879, 0.7999999999999986011 ) ;
#3320 = CARTESIAN_POINT ( 'NONE',  ( 31.43866279190552504, -32.93937835615508902, 38.25000000000000711 ) ) ;
#3321 = ORIENTED_EDGE ( 'NONE', *, *, #150, .F. ) ;
#3322 = CARTESIAN_POINT ( 'NONE',  ( 45.69856536860258700, -48.84928093285265049, 27.44999999999999929 ) ) ;
#3323 = DIRECTION ( 'NONE',  ( -0.000000000000000000, -0.000000000000000000, 1.000000000000000000 ) ) ;
#3324 = EDGE_CURVE ( 'NONE', #3395, #2070, #2937, .T. ) ;
#3325 = EDGE_CURVE ( 'NONE', #998, #1899, #3168, .T. ) ;
#3326 = DIRECTION ( 'NONE',  ( -0.000000000000000000, -0.000000000000000000, -1.000000000000000000 ) ) ;
#3327 = AXIS2_PLACEMENT_3D ( 'NONE', #819, #1108, #1131 ) ;
#3328 = CARTESIAN_POINT ( 'NONE',  ( 31.43866279190552504, -32.93937835615508902, 25.00000000000000000 ) ) ;
#3329 = VECTOR ( 'NONE', #2509, 1000.000000000000000 ) ;
#3330 = DIRECTION ( 'NONE',  ( 0.000000000000000000, 0.000000000000000000, 1.000000000000000000 ) ) ;
#3331 = ORIENTED_EDGE ( 'NONE', *, *, #1224, .T. ) ;
#3332 = CARTESIAN_POINT ( 'NONE',  ( 31.43866279190552504, -32.93937835615508902, 27.44999999999999929 ) ) ;
#3333 = DIRECTION ( 'NONE',  ( 1.000000000000000000, 0.000000000000000000, 0.000000000000000000 ) ) ;
#3334 = ORIENTED_EDGE ( 'NONE', *, *, #2262, .F. ) ;
#3335 = AXIS2_PLACEMENT_3D ( 'NONE', #2264, #647, #1953 ) ;
#3336 = AXIS2_PLACEMENT_3D ( 'NONE', #810, #550, #1628 ) ;
#3337 = ORIENTED_EDGE ( 'NONE', *, *, #2774, .F. ) ;
#3338 = ORIENTED_EDGE ( 'NONE', *, *, #1723, .F. ) ;
#3339 = CARTESIAN_POINT ( 'NONE',  ( 21.22026092267527630, -7.635352861589228546, 21.44999999999999574 ) ) ;
#3340 = EDGE_CURVE ( 'NONE', #1068, #3415, #3345, .T. ) ;
#3341 = CARTESIAN_POINT ( 'NONE',  ( 42.67149498075728786, -8.386914507957403231, 30.56126983722215229 ) ) ;
#3342 = VERTEX_POINT ( 'NONE', #1574 ) ;
#3343 = DIRECTION ( 'NONE',  ( 0.000000000000000000, 0.000000000000000000, 1.000000000000000000 ) ) ;
#3344 = CARTESIAN_POINT ( 'NONE',  ( 41.86706466113730585, -58.24340385072038373, 3.450000000000000178 ) ) ;
#3345 = CIRCLE ( 'NONE', #721, 1.024999999999998135 ) ;
#3346 = CARTESIAN_POINT ( 'NONE',  ( 60.43866279190552859, -32.93937835615508192, 27.44999999999999929 ) ) ;
#3347 = PLANE ( 'NONE',  #3335 ) ;
#3348 = CARTESIAN_POINT ( 'NONE',  ( 18.95866279190552817, -32.93937835615508902, 22.00000000000000711 ) ) ;
#3349 = ORIENTED_EDGE ( 'NONE', *, *, #512, .T. ) ;
#3350 = LINE ( 'NONE', #912, #861 ) ;
#3351 = AXIS2_PLACEMENT_3D ( 'NONE', #3024, #1163, #2736 ) ;
#3352 = CARTESIAN_POINT ( 'NONE',  ( 31.43866279190552504, -32.93937835615508902, 9.449999999999999289 ) ) ;
#3353 = ORIENTED_EDGE ( 'NONE', *, *, #343, .T. ) ;
#3354 = AXIS2_PLACEMENT_3D ( 'NONE', #1036, #2141, #1886 ) ;
#3355 = ORIENTED_EDGE ( 'NONE', *, *, #3325, .T. ) ;
#3356 = ORIENTED_EDGE ( 'NONE', *, *, #2287, .F. ) ;
#3357 = CARTESIAN_POINT ( 'NONE',  ( 43.91866279190552547, -32.93937835615508902, 12.00000000000000178 ) ) ;
#3358 = AXIS2_PLACEMENT_3D ( 'NONE', #1779, #1711, #2869 ) ;
#3359 = EDGE_CURVE ( 'NONE', #3431, #3008, #335, .T. ) ;
#3360 = DIRECTION ( 'NONE',  ( -1.000000000000000000, 0.000000000000000000, 0.000000000000000000 ) ) ;
#3361 = ORIENTED_EDGE ( 'NONE', *, *, #1783, .F. ) ;
#3362 = CARTESIAN_POINT ( 'NONE',  ( 56.74268828647117857, -23.52097648692426546, 3.450000000000000178 ) ) ;
#3363 = EDGE_CURVE ( 'NONE', #538, #1044, #1974, .T. ) ;
#3364 = DIRECTION ( 'NONE',  ( -0.000000000000000000, -0.000000000000000000, -1.000000000000000000 ) ) ;
#3365 = CARTESIAN_POINT ( 'NONE',  ( 31.43866279190552504, -32.93937835615508902, -5.084128393963164072 ) ) ;
#3366 = EDGE_CURVE ( 'NONE', #1278, #309, #775, .T. ) ;
#3367 = ORIENTED_EDGE ( 'NONE', *, *, #2737, .F. ) ;
#3368 = CARTESIAN_POINT ( 'NONE',  ( 5.938662791905527705, -32.93937835615508902, 25.00000000000000711 ) ) ;
#3369 = CARTESIAN_POINT ( 'NONE',  ( 31.43866279190552504, -32.93937835615508902, 9.449999999999999289 ) ) ;
#3370 = ORIENTED_EDGE ( 'NONE', *, *, #144, .F. ) ;
#3371 = ADVANCED_FACE ( 'NONE', ( #2239 ), #606, .F. ) ;
#3372 = AXIS2_PLACEMENT_3D ( 'NONE', #2116, #2604, #2920 ) ;
#3373 = ORIENTED_EDGE ( 'NONE', *, *, #2251, .T. ) ;
#3374 = ORIENTED_EDGE ( 'NONE', *, *, #2944, .F. ) ;
#3375 = DIRECTION ( 'NONE',  ( 0.000000000000000000, 0.000000000000000000, -1.000000000000000000 ) ) ;
#3376 = ORIENTED_EDGE ( 'NONE', *, *, #116, .T. ) ;
#3377 = DIRECTION ( 'NONE',  ( -0.000000000000000000, -0.000000000000000000, 1.000000000000000000 ) ) ;
#3378 = EDGE_CURVE ( 'NONE', #2788, #2022, #3038, .T. ) ;
#3379 = VERTEX_POINT ( 'NONE', #824 ) ;
#3380 = CARTESIAN_POINT ( 'NONE',  ( 56.74268828647117857, -23.52097648692426546, 6.950000000000000178 ) ) ;
#3381 = LINE ( 'NONE', #974, #2306 ) ;
#3382 = ORIENTED_EDGE ( 'NONE', *, *, #1319, .F. ) ;
#3383 = DIRECTION ( 'NONE',  ( -0.000000000000000000, 0.000000000000000000, -1.000000000000000000 ) ) ;
#3384 = AXIS2_PLACEMENT_3D ( 'NONE', #197, #726, #1478 ) ;
#3385 = CARTESIAN_POINT ( 'NONE',  ( 14.56345304675703289, -30.88333943209617516, 27.44999999999999929 ) ) ;
#3386 = ORIENTED_EDGE ( 'NONE', *, *, #2820, .F. ) ;
#3387 = EDGE_LOOP ( 'NONE', ( #3338, #279, #3069, #2290 ) ) ;
#3388 = AXIS2_PLACEMENT_3D ( 'NONE', #2147, #2082, #1579 ) ;
#3389 = AXIS2_PLACEMENT_3D ( 'NONE', #2913, #3229, #2977 ) ;
#3390 = CIRCLE ( 'NONE', #1966, 0.7999999999999951594 ) ;
#3391 = ORIENTED_EDGE ( 'NONE', *, *, #1203, .F. ) ;
#3392 = PLANE ( 'NONE',  #2804 ) ;
#3393 = VERTEX_POINT ( 'NONE', #1682 ) ;
#3394 = CARTESIAN_POINT ( 'NONE',  ( 31.43866279190552504, -32.93937835615508902, 25.00000000000000000 ) ) ;
#3395 = VERTEX_POINT ( 'NONE', #628 ) ;
#3396 = ADVANCED_FACE ( 'NONE', ( #2732 ), #645, .F. ) ;
#3397 = EDGE_CURVE ( 'NONE', #191, #1467, #889, .T. ) ;
#3398 = AXIS2_PLACEMENT_3D ( 'NONE', #2922, #278, #2438 ) ;
#3399 = LINE ( 'NONE', #466, #1046 ) ;
#3400 = CARTESIAN_POINT ( 'NONE',  ( 15.03393483021796406, -53.74796638524222203, 27.44999999999999929 ) ) ;
#3401 = VERTEX_POINT ( 'NONE', #1906 ) ;
#3402 = DIRECTION ( 'NONE',  ( -1.000000000000000000, 0.000000000000000000, 0.000000000000000000 ) ) ;
#3403 = EDGE_CURVE ( 'NONE', #146, #277, #2506, .T. ) ;
#3404 = EDGE_LOOP ( 'NONE', ( #290, #3382, #2692, #2267 ) ) ;
#3405 = VERTEX_POINT ( 'NONE', #3016 ) ;
#3406 = CARTESIAN_POINT ( 'NONE',  ( 43.17866279190552348, -32.93937835615508902, 25.34999999999999787 ) ) ;
#3407 = ORIENTED_EDGE ( 'NONE', *, *, #2413, .F. ) ;
#3408 = CYLINDRICAL_SURFACE ( 'NONE', #611, 17.00000000000000000 ) ;
#3409 = DIRECTION ( 'NONE',  ( -0.000000000000000000, -0.000000000000000000, -1.000000000000000000 ) ) ;
#3410 = AXIS2_PLACEMENT_3D ( 'NONE', #3362, #55, #644 ) ;
#3411 = DIRECTION ( 'NONE',  ( 0.000000000000000000, 0.000000000000000000, 1.000000000000000000 ) ) ;
#3412 = ADVANCED_FACE ( 'NONE', ( #1361 ), #2775, .F. ) ;
#3413 = CARTESIAN_POINT ( 'NONE',  ( 2.438662791905521487, -32.93937835615508902, 25.00000000000000000 ) ) ;
#3414 = CARTESIAN_POINT ( 'NONE',  ( 14.23393483021796158, -53.74796638524222203, 27.44999999999999929 ) ) ;
#3415 = VERTEX_POINT ( 'NONE', #1135 ) ;
#3416 = CARTESIAN_POINT ( 'NONE',  ( 21.22026092267527630, -7.635352861589228546, 21.44999999999999574 ) ) ;
#3417 = EDGE_CURVE ( 'NONE', #897, #1101, #1377, .T. ) ;
#3418 = AXIS2_PLACEMENT_3D ( 'NONE', #994, #2932, #2348 ) ;
#3419 = ORIENTED_EDGE ( 'NONE', *, *, #3340, .F. ) ;
#3420 = ORIENTED_EDGE ( 'NONE', *, *, #793, .F. ) ;
#3421 = AXIS2_PLACEMENT_3D ( 'NONE', #243, #858, #260 ) ;
#3422 = DIRECTION ( 'NONE',  ( 1.000000000000000000, 0.000000000000000000, 0.000000000000000000 ) ) ;
#3423 = EDGE_LOOP ( 'NONE', ( #2452, #3471, #2539, #1220 ) ) ;
#3424 = DIRECTION ( 'NONE',  ( -0.000000000000000000, -0.000000000000000000, 1.000000000000000000 ) ) ;
#3425 = CIRCLE ( 'NONE', #1720, 12.47999999999999865 ) ;
#3426 = CARTESIAN_POINT ( 'NONE',  ( 16.37710156282434681, -36.27844609171223311, 27.44999999999999929 ) ) ;
#3427 = DIRECTION ( 'NONE',  ( 0.000000000000000000, 0.000000000000000000, -1.000000000000000000 ) ) ;
#3428 = EDGE_CURVE ( 'NONE', #3401, #11, #2219, .T. ) ;
#3429 = EDGE_CURVE ( 'NONE', #1778, #226, #1444, .T. ) ;
#3430 = CARTESIAN_POINT ( 'NONE',  ( 19.40583060305497298, -57.49184220435173387, 30.56126983722215229 ) ) ;
#3431 = VERTEX_POINT ( 'NONE', #1090 ) ;
#3432 = CIRCLE ( 'NONE', #255, 0.8000000000000090372 ) ;
#3433 = PLANE ( 'NONE',  #2557 ) ;
#3434 = DIRECTION ( 'NONE',  ( -0.000000000000000000, -0.000000000000000000, 1.000000000000000000 ) ) ;
#3435 = AXIS2_PLACEMENT_3D ( 'NONE', #2079, #2630, #171 ) ;
#3436 = ORIENTED_EDGE ( 'NONE', *, *, #2863, .F. ) ;
#3437 = DIRECTION ( 'NONE',  ( 1.000000000000000000, 0.000000000000000000, 0.000000000000000000 ) ) ;
#3438 = VECTOR ( 'NONE', #3061, 1000.000000000000000 ) ;
#3439 = ORIENTED_EDGE ( 'NONE', *, *, #1944, .F. ) ;
#3440 = CARTESIAN_POINT ( 'NONE',  ( 31.43866279190552504, -32.93937835615508902, 38.25000000000000711 ) ) ;
#3441 = DIRECTION ( 'NONE',  ( -0.000000000000000000, -0.000000000000000000, 1.000000000000000000 ) ) ;
#3442 = ADVANCED_FACE ( 'NONE', ( #563 ), #1113, .F. ) ;
#3443 = CIRCLE ( 'NONE', #3110, 0.7999999999993359090 ) ;
#3444 = CARTESIAN_POINT ( 'NONE',  ( 39.68866279190552859, -32.93937835615508902, 20.40000000000000213 ) ) ;
#3445 = DIRECTION ( 'NONE',  ( -1.000000000000000000, 0.000000000000000000, 0.000000000000000000 ) ) ;
#3446 = DIRECTION ( 'NONE',  ( 1.000000000000000000, 0.000000000000000000, 0.000000000000000000 ) ) ;
#3447 = ORIENTED_EDGE ( 'NONE', *, *, #854, .T. ) ;
#3448 = AXIS2_PLACEMENT_3D ( 'NONE', #2199, #2178, #300 ) ;
#3449 = CARTESIAN_POINT ( 'NONE',  ( 58.86179262282417568, -37.43481582163340704, 27.44999999999999929 ) ) ;
#3450 = DIRECTION ( 'NONE',  ( -1.000000000000000000, 0.000000000000000000, 0.000000000000000000 ) ) ;
#3451 = VERTEX_POINT ( 'NONE', #2261 ) ;
#3452 = FACE_BOUND ( 'NONE', #1334, .T. ) ;
#3453 = EDGE_LOOP ( 'NONE', ( #3420, #2740 ) ) ;
#3454 = CARTESIAN_POINT ( 'NONE',  ( 16.05244214191719365, -31.06475463127784309, 27.44999999999999929 ) ) ;
#3455 = VERTEX_POINT ( 'NONE', #3344 ) ;
#3456 = DIRECTION ( 'NONE',  ( -1.000000000000000000, 0.000000000000000000, 0.000000000000000000 ) ) ;
#3457 = AXIS2_PLACEMENT_3D ( 'NONE', #1364, #1648, #3289 ) ;
#3458 = AXIS2_PLACEMENT_3D ( 'NONE', #788, #753, #530 ) ;
#3459 = EDGE_CURVE ( 'NONE', #799, #2695, #35, .T. ) ;
#3460 = CIRCLE ( 'NONE', #845, 1.009999999999997122 ) ;
#3461 = CARTESIAN_POINT ( 'NONE',  ( 6.134637297340448825, -42.35778022538745802, 3.450000000000000178 ) ) ;
#3462 = AXIS2_PLACEMENT_3D ( 'NONE', #3394, #131, #1206 ) ;
#3463 = AXIS2_PLACEMENT_3D ( 'NONE', #537, #1667, #1410 ) ;
#3464 = CYLINDRICAL_SURFACE ( 'NONE', #1853, 1.499999999999999556 ) ;
#3465 = DIRECTION ( 'NONE',  ( -1.000000000000000000, 0.000000000000000000, -0.000000000000000000 ) ) ;
#3466 = EDGE_LOOP ( 'NONE', ( #2710, #1195, #1637, #1787 ) ) ;
#3467 = CARTESIAN_POINT ( 'NONE',  ( 40.85706466113627044, -58.24340385072076032, 27.44999999999999929 ) ) ;
#3468 = EDGE_CURVE ( 'NONE', #2070, #1998, #584, .T. ) ;
#3469 = LINE ( 'NONE', #2129, #3147 ) ;
#3470 = CARTESIAN_POINT ( 'NONE',  ( 31.43866279190552504, -32.93937835615508902, 97.12489168102784731 ) ) ;
#3471 = ORIENTED_EDGE ( 'NONE', *, *, #2398, .F. ) ;
#3472 = DIRECTION ( 'NONE',  ( -1.000000000000000000, 0.000000000000000000, 0.000000000000000000 ) ) ;
#3473 = EDGE_LOOP ( 'NONE', ( #1866, #582, #1491, #3076 ) ) ;
#3474 = LINE ( 'NONE', #1286, #3290 ) ;
#3475 = CYLINDRICAL_SURFACE ( 'NONE', #534, 8.250000000000000000 ) ;
#3476 = FACE_OUTER_BOUND ( 'NONE', #1505, .T. ) ;
#3477 = DIRECTION ( 'NONE',  ( 0.000000000000000000, 0.000000000000000000, 1.000000000000000000 ) ) ;
#3478 = ADVANCED_FACE ( 'NONE', ( #342 ), #844, .F. ) ;
#3479 = DIRECTION ( 'NONE',  ( -1.000000000000000000, 0.000000000000000000, 0.000000000000000000 ) ) ;
#3480 = EDGE_CURVE ( 'NONE', #2109, #3405, #500, .T. ) ;
#3481 = AXIS2_PLACEMENT_3D ( 'NONE', #1715, #91, #1417 ) ;
#3482 = FACE_BOUND ( 'NONE', #668, .T. ) ;
#3483 = LINE ( 'NONE', #471, #319 ) ;
#3484 = ORIENTED_EDGE ( 'NONE', *, *, #1470, .T. ) ;
#3485 = FACE_OUTER_BOUND ( 'NONE', #3159, .T. ) ;
#3486 = ORIENTED_EDGE ( 'NONE', *, *, #1349, .F. ) ;
#3487 = DIRECTION ( 'NONE',  ( 1.000000000000000000, 0.000000000000000000, 0.000000000000000000 ) ) ;
#3488 = ORIENTED_EDGE ( 'NONE', *, *, #1961, .T. ) ;
#3489 = DIRECTION ( 'NONE',  ( 0.000000000000000000, 0.000000000000000000, -1.000000000000000000 ) ) ;
#3490 = AXIS2_PLACEMENT_3D ( 'NONE', #3380, #3427, #1260 ) ;
#3491 = CARTESIAN_POINT ( 'NONE',  ( 17.11295346572679321, -29.76344505996706502, 25.00000000000000000 ) ) ;
#3492 = AXIS2_PLACEMENT_3D ( 'NONE', #3245, #532, #268 ) ;
#3493 = AXIS2_PLACEMENT_3D ( 'NONE', #2089, #3178, #1820 ) ;
#3494 = EDGE_CURVE ( 'NONE', #1167, #1101, #1118, .T. ) ;
#3495 = DIRECTION ( 'NONE',  ( -1.000000000000000000, 0.000000000000000000, 0.000000000000000000 ) ) ;
#3496 = EDGE_CURVE ( 'NONE', #2210, #7, #2009, .T. ) ;
#3497 = DIRECTION ( 'NONE',  ( -0.000000000000000000, -0.000000000000000000, 1.000000000000000000 ) ) ;
#3498 = FACE_BOUND ( 'NONE', #1684, .T. ) ;
#3499 = DIRECTION ( 'NONE',  ( 0.000000000000000000, 0.000000000000000000, 1.000000000000000000 ) ) ;
#3500 = EDGE_LOOP ( 'NONE', ( #3188, #1170, #349, #1962 ) ) ;
#3501 = ADVANCED_FACE ( 'NONE', ( #938 ), #971, .F. ) ;
#3502 = CARTESIAN_POINT ( 'NONE',  ( 47.34856536860303322, -17.02947577945797164, 28.44999999999999929 ) ) ;
#3503 = ORIENTED_EDGE ( 'NONE', *, *, #1224, .F. ) ;
#3504 = DIRECTION ( 'NONE',  ( 1.000000000000000000, 0.000000000000000000, 0.000000000000000000 ) ) ;
#3505 = ORIENTED_EDGE ( 'NONE', *, *, #1589, .F. ) ;
#3506 = FACE_BOUND ( 'NONE', #1668, .T. ) ;
#3507 = PLANE ( 'NONE',  #1253 ) ;
#3508 = ADVANCED_FACE ( 'NONE', ( #1243 ), #2880, .F. ) ;
#3509 = DIRECTION ( 'NONE',  ( 1.000000000000000000, 0.000000000000000000, 0.000000000000000000 ) ) ;
#3510 = AXIS2_PLACEMENT_3D ( 'NONE', #59, #324, #270 ) ;
ENDSEC;
END-ISO-10303-21;
