ISO-10303-21;
HEADER;
FILE_DESCRIPTION (( 'STEP AP214' ),
    '1' );
FILE_NAME ('ºó¿Ç.STEP',
    '2026-08-18T14:02:01',
    ( '' ),
    ( '' ),
    'SwSTEP 2.0',
    'SolidWorks 2024',
    '' );
FILE_SCHEMA (( 'AUTOMOTIVE_DESIGN' ));
ENDSEC;

DATA;
#1 = DIRECTION ( 'NONE',  ( -0.000000000000000000, 1.000000000000000000, -0.000000000000000000 ) ) ;
#2 = DIRECTION ( 'NONE',  ( 0.000000000000000000, 1.000000000000000000, 0.000000000000000000 ) ) ;
#3 = PRODUCT_DEFINITION_CONTEXT ( 'detailed design', #1793, 'design' ) ;
#4 = VECTOR ( 'NONE', #2517, 1000.000000000000000 ) ;
#5 = AXIS2_PLACEMENT_3D ( 'NONE', #86, #1727, #633 ) ;
#6 = ORIENTED_EDGE ( 'NONE', *, *, #1483, .F. ) ;
#7 = CIRCLE ( 'NONE', #389, 0.4873025146049994594 ) ;
#8 = DIRECTION ( 'NONE',  ( 0.000000000000000000, 0.000000000000000000, 1.000000000000000000 ) ) ;
#9 = ORIENTED_EDGE ( 'NONE', *, *, #2272, .T. ) ;
#10 = VECTOR ( 'NONE', #2106, 1000.000000000000000 ) ;
#11 = ORIENTED_EDGE ( 'NONE', *, *, #1496, .F. ) ;
#12 = ADVANCED_FACE ( 'NONE', ( #1508 ), #649, .F. ) ;
#13 = AXIS2_PLACEMENT_3D ( 'NONE', #1006, #1846, #431 ) ;
#14 = DIRECTION ( 'NONE',  ( -0.000000000000000000, 1.000000000000000000, -0.000000000000000000 ) ) ;
#15 = VERTEX_POINT ( 'NONE', #226 ) ;
#16 = AXIS2_PLACEMENT_3D ( 'NONE', #80, #38, #2286 ) ;
#17 = ORIENTED_EDGE ( 'NONE', *, *, #1553, .F. ) ;
#18 = CARTESIAN_POINT ( 'NONE',  ( 4.623444721381982703, 18.00000000000000000, -13.55861517101224401 ) ) ;
#19 = EDGE_CURVE ( 'NONE', #1379, #1590, #2588, .T. ) ;
#20 = FACE_BOUND ( 'NONE', #1878, .T. ) ;
#21 = CIRCLE ( 'NONE', #146, 1.250000000000695000 ) ;
#22 = AXIS2_PLACEMENT_3D ( 'NONE', #1479, #648, #1463 ) ;
#23 = ORIENTED_EDGE ( 'NONE', *, *, #1021, .T. ) ;
#24 = DIRECTION ( 'NONE',  ( -0.000000000000000000, 1.000000000000000000, -0.000000000000000000 ) ) ;
#25 = LINE ( 'NONE', #409, #1197 ) ;
#26 = CYLINDRICAL_SURFACE ( 'NONE', #656, 1.249999999999999334 ) ;
#27 = CARTESIAN_POINT ( 'NONE',  ( 12.53102924853849309, 16.00000000000000000, -23.91596341300617823 ) ) ;
#28 = VERTEX_POINT ( 'NONE', #2306 ) ;
#29 = CARTESIAN_POINT ( 'NONE',  ( -14.20670643413265921, 18.00000000000000000, -17.06609952141301179 ) ) ;
#30 = EDGE_LOOP ( 'NONE', ( #597, #2189, #2446, #873 ) ) ;
#31 = ADVANCED_FACE ( 'NONE', ( #869 ), #676, .F. ) ;
#32 = ORIENTED_EDGE ( 'NONE', *, *, #758, .T. ) ;
#33 = DIRECTION ( 'NONE',  ( 0.000000000000000000, 0.000000000000000000, -1.000000000000000000 ) ) ;
#34 = CARTESIAN_POINT ( 'NONE',  ( 22.81017137130313799, 4.999999999999997335, -15.69631724737733514 ) ) ;
#35 = ORIENTED_EDGE ( 'NONE', *, *, #894, .T. ) ;
#36 = DIRECTION ( 'NONE',  ( 0.000000000000000000, 0.000000000000000000, 1.000000000000000000 ) ) ;
#37 = DIRECTION ( 'NONE',  ( 0.000000000000000000, 1.000000000000000000, 0.000000000000000000 ) ) ;
#38 = DIRECTION ( 'NONE',  ( 0.000000000000000000, 1.000000000000000000, 0.000000000000000000 ) ) ;
#39 = ORIENTED_EDGE ( 'NONE', *, *, #2488, .F. ) ;
#40 = CARTESIAN_POINT ( 'NONE',  ( 4.660539374516695865, 15.20000000000000107, -14.25058625907070642 ) ) ;
#41 = DIRECTION ( 'NONE',  ( 0.000000000000000000, 1.000000000000000000, 0.000000000000000000 ) ) ;
#42 = DIRECTION ( 'NONE',  ( 0.000000000000000000, 0.000000000000000000, 1.000000000000000000 ) ) ;
#43 = VECTOR ( 'NONE', #1545, 1000.000000000000114 ) ;
#44 = EDGE_CURVE ( 'NONE', #15, #1621, #339, .T. ) ;
#45 = VECTOR ( 'NONE', #1008, 1000.000000000000000 ) ;
#46 = VERTEX_POINT ( 'NONE', #635 ) ;
#47 = FACE_OUTER_BOUND ( 'NONE', #702, .T. ) ;
#48 = AXIS2_PLACEMENT_3D ( 'NONE', #733, #335, #1577 ) ;
#49 =( NAMED_UNIT ( * ) PLANE_ANGLE_UNIT ( ) SI_UNIT ( $, .RADIAN. ) );
#50 = FACE_BOUND ( 'NONE', #1620, .T. ) ;
#51 = AXIS2_PLACEMENT_3D ( 'NONE', #1753, #153, #2363 ) ;
#52 = DIRECTION ( 'NONE',  ( -0.5350487869397617668, -0.000000000000000000, -0.8448211619001322337 ) ) ;
#53 = ORIENTED_EDGE ( 'NONE', *, *, #1602, .T. ) ;
#54 = CARTESIAN_POINT ( 'NONE',  ( 13.12975062557867467, 7.200000000000000178, -21.27462452101357471 ) ) ;
#55 = AXIS2_PLACEMENT_3D ( 'NONE', #640, #846, #2074 ) ;
#56 = DIRECTION ( 'NONE',  ( 0.000000000000000000, 1.000000000000000000, 0.000000000000000000 ) ) ;
#57 = AXIS2_PLACEMENT_3D ( 'NONE', #268, #460, #507 ) ;
#58 = DIRECTION ( 'NONE',  ( -0.000000000000000000, -1.000000000000000000, -0.000000000000000000 ) ) ;
#59 = VECTOR ( 'NONE', #1532, 1000.000000000000114 ) ;
#60 = AXIS2_PLACEMENT_3D ( 'NONE', #1922, #1088, #1490 ) ;
#61 = ORIENTED_EDGE ( 'NONE', *, *, #296, .T. ) ;
#62 = PLANE ( 'NONE',  #1281 ) ;
#63 = EDGE_CURVE ( 'NONE', #529, #1534, #1231, .T. ) ;
#64 = CYLINDRICAL_SURFACE ( 'NONE', #1779, 1.050000000000001821 ) ;
#65 = EDGE_LOOP ( 'NONE', ( #2239, #878, #6, #1136 ) ) ;
#66 = ORIENTED_EDGE ( 'NONE', *, *, #705, .T. ) ;
#67 = LINE ( 'NONE', #2335, #2440 ) ;
#68 = ORIENTED_EDGE ( 'NONE', *, *, #1407, .F. ) ;
#69 = EDGE_CURVE ( 'NONE', #1650, #1984, #252, .T. ) ;
#70 = ORIENTED_EDGE ( 'NONE', *, *, #1501, .T. ) ;
#71 = CARTESIAN_POINT ( 'NONE',  ( 5.003354833662751133, 15.19999999999999929, 5.570172334390878000 ) ) ;
#72 = FACE_OUTER_BOUND ( 'NONE', #503, .T. ) ;
#73 = FACE_OUTER_BOUND ( 'NONE', #65, .T. ) ;
#74 = VERTEX_POINT ( 'NONE', #1059 ) ;
#75 = DIRECTION ( 'NONE',  ( 0.000000000000000000, -1.000000000000000000, 0.000000000000000000 ) ) ;
#76 = FACE_OUTER_BOUND ( 'NONE', #2279, .T. ) ;
#77 = ADVANCED_FACE ( 'NONE', ( #424, #283 ), #2458, .T. ) ;
#78 = DIRECTION ( 'NONE',  ( 0.000000000000000000, 1.000000000000000000, 0.000000000000000000 ) ) ;
#79 = ADVANCED_FACE ( 'NONE', ( #265, #2101 ), #1072, .T. ) ;
#80 = CARTESIAN_POINT ( 'NONE',  ( -14.44631724737333833, 18.00000000000000000, -22.81017137130321615 ) ) ;
#81 = ORIENTED_EDGE ( 'NONE', *, *, #2407, .F. ) ;
#82 = FACE_OUTER_BOUND ( 'NONE', #1606, .T. ) ;
#83 = LINE ( 'NONE', #1082, #1027 ) ;
#84 = DIRECTION ( 'NONE',  ( 0.9991609813300816878, -0.000000000000000000, -0.04095526080381073353 ) ) ;
#85 = VERTEX_POINT ( 'NONE', #2284 ) ;
#86 = CARTESIAN_POINT ( 'NONE',  ( -14.44631724737333833, 16.00000000000000000, -22.81017137130321615 ) ) ;
#87 = DIRECTION ( 'NONE',  ( -0.000000000000000000, 1.000000000000000000, -0.000000000000000000 ) ) ;
#88 = CARTESIAN_POINT ( 'NONE',  ( 17.06798896834210666, 16.00000000000000000, 23.44533541190129711 ) ) ;
#89 = VECTOR ( 'NONE', #1557, 1000.000000000000000 ) ;
#90 = DIRECTION ( 'NONE',  ( 0.000000000000000000, 0.000000000000000000, 1.000000000000000000 ) ) ;
#91 = AXIS2_PLACEMENT_3D ( 'NONE', #989, #746, #565 ) ;
#92 = EDGE_CURVE ( 'NONE', #1221, #1404, #1351, .T. ) ;
#93 = VERTEX_POINT ( 'NONE', #2080 ) ;
#94 = AXIS2_PLACEMENT_3D ( 'NONE', #2451, #618, #33 ) ;
#95 = EDGE_CURVE ( 'NONE', #1275, #1191, #458, .T. ) ;
#96 = CARTESIAN_POINT ( 'NONE',  ( -12.53102924853866185, 16.00000000000000000, 22.86596341300608515 ) ) ;
#97 = CARTESIAN_POINT ( 'NONE',  ( -19.74176071394082754, 18.00000000000000000, -10.90264004373577578 ) ) ;
#98 = AXIS2_PLACEMENT_3D ( 'NONE', #1905, #56, #1682 ) ;
#99 = ADVANCED_FACE ( 'NONE', ( #50, #2543, #1782 ), #1331, .F. ) ;
#100 = CARTESIAN_POINT ( 'NONE',  ( 12.98106310141886155, 7.200000000000000178, -21.36567342156519445 ) ) ;
#101 = CIRCLE ( 'NONE', #1249, 1.050000000000002265 ) ;
#102 = ORIENTED_EDGE ( 'NONE', *, *, #2391, .F. ) ;
#103 = EDGE_CURVE ( 'NONE', #1877, #74, #2341, .T. ) ;
#104 = AXIS2_PLACEMENT_3D ( 'NONE', #413, #1210, #1252 ) ;
#105 = DIRECTION ( 'NONE',  ( -0.000000000000000000, 1.000000000000000000, -0.000000000000000000 ) ) ;
#106 = DIRECTION ( 'NONE',  ( -0.6682412601262763818, 0.000000000000000000, -0.7439446338705900663 ) ) ;
#107 = AXIS2_PLACEMENT_3D ( 'NONE', #1700, #1688, #1247 ) ;
#108 = DIRECTION ( 'NONE',  ( 0.000000000000000000, 0.000000000000000000, 1.000000000000000000 ) ) ;
#109 = ORIENTED_EDGE ( 'NONE', *, *, #1864, .F. ) ;
#110 = VERTEX_POINT ( 'NONE', #2334 ) ;
#111 = CARTESIAN_POINT ( 'NONE',  ( 14.44631724737318024, 0.000000000000000000, 23.86017137130331989 ) ) ;
#112 = EDGE_CURVE ( 'NONE', #1989, #369, #1578, .T. ) ;
#113 = DIRECTION ( 'NONE',  ( 0.000000000000000000, 1.000000000000000000, 0.000000000000000000 ) ) ;
#114 = ORIENTED_EDGE ( 'NONE', *, *, #112, .T. ) ;
#115 = CARTESIAN_POINT ( 'NONE',  ( 13.16755921373100335, -2.800000000000000266, -21.23691145860815510 ) ) ;
#116 = DIRECTION ( 'NONE',  ( 0.4641121943903283031, 0.000000000000000000, -0.8857764227039429672 ) ) ;
#117 = PLANE ( 'NONE',  #603 ) ;
#118 = FACE_OUTER_BOUND ( 'NONE', #2200, .T. ) ;
#119 = ORIENTED_EDGE ( 'NONE', *, *, #103, .F. ) ;
#120 = CARTESIAN_POINT ( 'NONE',  ( 0.000000000000000000, 0.000000000000000000, -29.00000000000000000 ) ) ;
#121 = DIRECTION ( 'NONE',  ( 0.000000000000000000, 0.000000000000000000, 1.000000000000000000 ) ) ;
#122 = EDGE_LOOP ( 'NONE', ( #625, #621, #1528, #574 ) ) ;
#123 = ADVANCED_FACE ( 'NONE', ( #2524 ), #125, .F. ) ;
#124 = DIRECTION ( 'NONE',  ( -0.7439446338705942852, 0.000000000000000000, 0.6682412601262717189 ) ) ;
#125 = PLANE ( 'NONE',  #1669 ) ;
#126 = AXIS2_PLACEMENT_3D ( 'NONE', #2498, #1262, #1445 ) ;
#127 = ORIENTED_EDGE ( 'NONE', *, *, #95, .T. ) ;
#128 = EDGE_CURVE ( 'NONE', #1236, #2413, #2364, .T. ) ;
#129 = CARTESIAN_POINT ( 'NONE',  ( -26.90055538190462414, 18.00000000000000000, 2.979218881696889643 ) ) ;
#130 = DIRECTION ( 'NONE',  ( -0.000000000000000000, 1.000000000000000000, -0.000000000000000000 ) ) ;
#131 = ORIENTED_EDGE ( 'NONE', *, *, #1928, .T. ) ;
#132 = ORIENTED_EDGE ( 'NONE', *, *, #889, .F. ) ;
#133 = CARTESIAN_POINT ( 'NONE',  ( -23.91596341300622086, 4.999999999999997335, -12.53102924853840072 ) ) ;
#134 = VECTOR ( 'NONE', #2136, 1000.000000000000000 ) ;
#135 = CARTESIAN_POINT ( 'NONE',  ( 9.716382959520363016, 15.19999999999999929, -4.056249488635537581 ) ) ;
#136 = CIRCLE ( 'NONE', #482, 1.249999999999999334 ) ;
#137 = VECTOR ( 'NONE', #1218, 1000.000000000000000 ) ;
#138 = ORIENTED_EDGE ( 'NONE', *, *, #1835, .T. ) ;
#139 = VECTOR ( 'NONE', #2443, 1000.000000000000114 ) ;
#140 = DIRECTION ( 'NONE',  ( 0.9991609813300814658, 0.000000000000000000, -0.04095526080381482747 ) ) ;
#141 = EDGE_CURVE ( 'NONE', #961, #1191, #1949, .T. ) ;
#142 = AXIS2_PLACEMENT_3D ( 'NONE', #498, #2489, #1715 ) ;
#143 = ORIENTED_EDGE ( 'NONE', *, *, #1945, .T. ) ;
#144 = ADVANCED_FACE ( 'NONE', ( #738 ), #1933, .T. ) ;
#145 = LINE ( 'NONE', #318, #2185 ) ;
#146 = AXIS2_PLACEMENT_3D ( 'NONE', #884, #2118, #706 ) ;
#147 = PLANE ( 'NONE',  #1373 ) ;
#148 = ORIENTED_EDGE ( 'NONE', *, *, #2486, .F. ) ;
#149 = FACE_BOUND ( 'NONE', #425, .T. ) ;
#150 = ADVANCED_FACE ( 'NONE', ( #1319 ), #340, .F. ) ;
#151 = DIRECTION ( 'NONE',  ( 0.000000000000000000, 0.000000000000000000, 1.000000000000000000 ) ) ;
#152 = DIRECTION ( 'NONE',  ( 0.000000000000000000, 0.000000000000000000, 1.000000000000000000 ) ) ;
#153 = DIRECTION ( 'NONE',  ( -0.8448211619001328998, 0.000000000000000000, 0.5350487869397606566 ) ) ;
#154 = DIRECTION ( 'NONE',  ( 0.000000000000000000, 0.000000000000000000, 1.000000000000000000 ) ) ;
#155 = VERTEX_POINT ( 'NONE', #1112 ) ;
#156 = CARTESIAN_POINT ( 'NONE',  ( 12.90445809172723912, 16.69999999999999929, -4.339466597763697919 ) ) ;
#157 = DIRECTION ( 'NONE',  ( -0.9991609813300816878, 0.000000000000000000, 0.04095526080380908901 ) ) ;
#158 = LINE ( 'NONE', #2376, #448 ) ;
#159 = EDGE_LOOP ( 'NONE', ( #2421, #1899 ) ) ;
#160 = EDGE_LOOP ( 'NONE', ( #2618, #1915 ) ) ;
#161 = DIRECTION ( 'NONE',  ( -0.4641121943903233626, 0.000000000000000000, 0.8857764227039454097 ) ) ;
#162 = DIRECTION ( 'NONE',  ( 0.000000000000000000, 1.000000000000000000, 0.000000000000000000 ) ) ;
#163 = DIRECTION ( 'NONE',  ( 0.000000000000000000, 0.000000000000000000, 1.000000000000000000 ) ) ;
#164 = ORIENTED_EDGE ( 'NONE', *, *, #422, .F. ) ;
#165 = EDGE_CURVE ( 'NONE', #1795, #983, #1107, .T. ) ;
#166 = CARTESIAN_POINT ( 'NONE',  ( 13.97523419443264991, -2.800000000000000266, -3.147384960161697443 ) ) ;
#167 = EDGE_LOOP ( 'NONE', ( #1713, #2303, #1004, #611 ) ) ;
#168 = CARTESIAN_POINT ( 'NONE',  ( 11.77026158278222745, 18.00000000000000000, -26.50397974404751622 ) ) ;
#169 = DIRECTION ( 'NONE',  ( -0.000000000000000000, 1.000000000000000000, -0.000000000000000000 ) ) ;
#170 = EDGE_LOOP ( 'NONE', ( #2047, #2161, #320, #2420 ) ) ;
#171 = ORIENTED_EDGE ( 'NONE', *, *, #1051, .F. ) ;
#172 = DIRECTION ( 'NONE',  ( -0.000000000000000000, 1.000000000000000000, -0.000000000000000000 ) ) ;
#173 = ORIENTED_EDGE ( 'NONE', *, *, #703, .T. ) ;
#174 = AXIS2_PLACEMENT_3D ( 'NONE', #2157, #1967, #365 ) ;
#175 = FACE_OUTER_BOUND ( 'NONE', #1312, .T. ) ;
#176 = ADVANCED_FACE ( 'NONE', ( #2128 ), #2353, .F. ) ;
#177 = VECTOR ( 'NONE', #1473, 1000.000000000000000 ) ;
#178 = AXIS2_PLACEMENT_3D ( 'NONE', #1884, #1824, #1626 ) ;
#179 = FACE_OUTER_BOUND ( 'NONE', #1901, .T. ) ;
#180 = CIRCLE ( 'NONE', #527, 29.00000000000000355 ) ;
#181 =( LENGTH_UNIT ( ) NAMED_UNIT ( * ) SI_UNIT ( .MILLI., .METRE. ) );
#182 = FACE_OUTER_BOUND ( 'NONE', #2266, .T. ) ;
#183 = AXIS2_PLACEMENT_3D ( 'NONE', #1900, #2499, #692 ) ;
#184 = VERTEX_POINT ( 'NONE', #749 ) ;
#185 = VERTEX_POINT ( 'NONE', #88 ) ;
#186 = CIRCLE ( 'NONE', #1689, 1.049999999999998934 ) ;
#187 = CARTESIAN_POINT ( 'NONE',  ( 12.53102924853849309, 16.00000000000000000, -23.91596341300617823 ) ) ;
#188 = PRODUCT_DEFINITION_FORMATION_WITH_SPECIFIED_SOURCE ( 'ä»', '', #578, .NOT_KNOWN. ) ;
#189 = ORIENTED_EDGE ( 'NONE', *, *, #2247, .F. ) ;
#190 = ORIENTED_EDGE ( 'NONE', *, *, #1544, .F. ) ;
#191 = DIRECTION ( 'NONE',  ( 0.000000000000000000, 1.000000000000000000, 0.000000000000000000 ) ) ;
#192 = CARTESIAN_POINT ( 'NONE',  ( 3.551475717527324030E-15, 15.19999999999999929, 29.00000000000000000 ) ) ;
#193 = EDGE_CURVE ( 'NONE', #195, #1102, #2307, .T. ) ;
#194 = LINE ( 'NONE', #166, #45 ) ;
#195 = VERTEX_POINT ( 'NONE', #2324 ) ;
#196 = DIRECTION ( 'NONE',  ( 0.000000000000000000, 1.000000000000000000, 0.000000000000000000 ) ) ;
#197 = CARTESIAN_POINT ( 'NONE',  ( 0.000000000000000000, 16.00000000000000000, 0.000000000000000000 ) ) ;
#198 = CYLINDRICAL_SURFACE ( 'NONE', #1776, 4.999999999999998224 ) ;
#199 = ORIENTED_EDGE ( 'NONE', *, *, #1143, .T. ) ;
#200 = ORIENTED_EDGE ( 'NONE', *, *, #501, .T. ) ;
#201 = EDGE_CURVE ( 'NONE', #1404, #1079, #1729, .T. ) ;
#202 = DIRECTION ( 'NONE',  ( 0.000000000000000000, 1.000000000000000000, 0.000000000000000000 ) ) ;
#203 = ORIENTED_EDGE ( 'NONE', *, *, #1990, .T. ) ;
#204 = LINE ( 'NONE', #18, #864 ) ;
#205 = DIRECTION ( 'NONE',  ( -0.000000000000000000, -1.000000000000000000, -0.000000000000000000 ) ) ;
#206 = CARTESIAN_POINT ( 'NONE',  ( -26.97734649591178524, 18.00000000000000000, 1.105792041702670314 ) ) ;
#207 = EDGE_CURVE ( 'NONE', #882, #1293, #1983, .T. ) ;
#208 = EDGE_LOOP ( 'NONE', ( #946, #1223, #842, #1822 ) ) ;
#209 = CARTESIAN_POINT ( 'NONE',  ( 26.97734649591177813, -19.80000000000000426, -0.05579204170285582964 ) ) ;
#210 = CARTESIAN_POINT ( 'NONE',  ( 15.09192316792202782, 16.00000000000000000, -24.76355901508381763 ) ) ;
#211 = EDGE_LOOP ( 'NONE', ( #2556, #1195, #1026, #652 ) ) ;
#212 = ORIENTED_EDGE ( 'NONE', *, *, #2453, .F. ) ;
#213 = AXIS2_PLACEMENT_3D ( 'NONE', #839, #1661, #2265 ) ;
#214 = CARTESIAN_POINT ( 'NONE',  ( 26.97734649591177813, 16.00000000000000000, -1.105792041702857720 ) ) ;
#215 = ORIENTED_EDGE ( 'NONE', *, *, #504, .F. ) ;
#216 = ORIENTED_EDGE ( 'NONE', *, *, #1544, .T. ) ;
#217 = LINE ( 'NONE', #814, #177 ) ;
#218 = DIRECTION ( 'NONE',  ( -0.000000000000000000, 1.000000000000000000, -0.000000000000000000 ) ) ;
#219 = AXIS2_PLACEMENT_3D ( 'NONE', #1095, #2313, #861 ) ;
#220 = ADVANCED_FACE ( 'NONE', ( #2149 ), #317, .F. ) ;
#221 = ORIENTED_EDGE ( 'NONE', *, *, #977, .F. ) ;
#222 = DIRECTION ( 'NONE',  ( 0.000000000000000000, 1.000000000000000000, 0.000000000000000000 ) ) ;
#223 = CIRCLE ( 'NONE', #1454, 2.000000000000000000 ) ;
#224 = DIRECTION ( 'NONE',  ( 0.000000000000000000, 1.000000000000000000, 0.000000000000000000 ) ) ;
#225 = ADVANCED_FACE ( 'NONE', ( #930 ), #327, .F. ) ;
#226 = CARTESIAN_POINT ( 'NONE',  ( 22.55634708327287896, 15.20000000000000107, -10.78013015964683596 ) ) ;
#227 = CIRCLE ( 'NONE', #2028, 0.4900000000000030442 ) ;
#228 = EDGE_CURVE ( 'NONE', #813, #1759, #995, .T. ) ;
#229 = AXIS2_PLACEMENT_3D ( 'NONE', #1709, #2505, #863 ) ;
#230 = CARTESIAN_POINT ( 'NONE',  ( -26.97734649591178524, 0.000000000000000000, 0.05579204170267130364 ) ) ;
#231 = ORIENTED_EDGE ( 'NONE', *, *, #1521, .T. ) ;
#232 = VECTOR ( 'NONE', #2437, 1000.000000000000000 ) ;
#233 = VERTEX_POINT ( 'NONE', #1570 ) ;
#234 = DIRECTION ( 'NONE',  ( -0.5350487869397553276, 0.000000000000000000, -0.8448211619001364525 ) ) ;
#235 = EDGE_CURVE ( 'NONE', #1743, #1662, #303, .T. ) ;
#236 = CARTESIAN_POINT ( 'NONE',  ( 0.000000000000000000, 18.00000000000000000, -29.00000000000000711 ) ) ;
#237 = ORIENTED_EDGE ( 'NONE', *, *, #2260, .T. ) ;
#238 = FACE_OUTER_BOUND ( 'NONE', #637, .T. ) ;
#239 = DIRECTION ( 'NONE',  ( 0.000000000000000000, 0.000000000000000000, -1.000000000000000000 ) ) ;
#240 = VERTEX_POINT ( 'NONE', #391 ) ;
#241 = ORIENTED_EDGE ( 'NONE', *, *, #2578, .T. ) ;
#242 = CARTESIAN_POINT ( 'NONE',  ( -13.89990961121677771, 16.00000000000000000, -25.45176836292527156 ) ) ;
#243 = ADVANCED_FACE ( 'NONE', ( #2183 ), #2038, .F. ) ;
#244 = VERTEX_POINT ( 'NONE', #579 ) ;
#245 = CARTESIAN_POINT ( 'NONE',  ( 4.987977591978570935, 18.00000000000000000, -13.88605338847411730 ) ) ;
#246 = DIRECTION ( 'NONE',  ( 0.000000000000000000, 0.000000000000000000, 1.000000000000000000 ) ) ;
#247 = EDGE_CURVE ( 'NONE', #240, #2262, #432, .T. ) ;
#248 = ORIENTED_EDGE ( 'NONE', *, *, #2356, .T. ) ;
#249 = FACE_OUTER_BOUND ( 'NONE', #811, .T. ) ;
#250 = DIRECTION ( 'NONE',  ( 0.000000000000000000, 0.000000000000000000, 1.000000000000000000 ) ) ;
#251 = CYLINDRICAL_SURFACE ( 'NONE', #1206, 1.250000000000695000 ) ;
#252 = LINE ( 'NONE', #2487, #2174 ) ;
#253 = EDGE_LOOP ( 'NONE', ( #1013, #686, #1133, #173 ) ) ;
#254 = CYLINDRICAL_SURFACE ( 'NONE', #278, 1.250000000001990852 ) ;
#255 = ORIENTED_EDGE ( 'NONE', *, *, #2373, .T. ) ;
#256 = VERTEX_POINT ( 'NONE', #367 ) ;
#257 = DIRECTION ( 'NONE',  ( -0.000000000000000000, 1.000000000000000000, -0.000000000000000000 ) ) ;
#258 = DIRECTION ( 'NONE',  ( 0.000000000000000000, 0.000000000000000000, 1.000000000000000000 ) ) ;
#259 = CARTESIAN_POINT ( 'NONE',  ( 15.09192316792202782, 16.00000000000000000, -24.76355901508381763 ) ) ;
#260 = EDGE_CURVE ( 'NONE', #28, #881, #665, .T. ) ;
#261 = VECTOR ( 'NONE', #1310, 1000.000000000000000 ) ;
#262 = VERTEX_POINT ( 'NONE', #2009 ) ;
#263 = CARTESIAN_POINT ( 'NONE',  ( -5.003311074311673323, 15.19999999999999929, -5.570123617652837034 ) ) ;
#264 = CIRCLE ( 'NONE', #521, 0.4873025146049994594 ) ;
#265 = FACE_OUTER_BOUND ( 'NONE', #400, .T. ) ;
#266 = VERTEX_POINT ( 'NONE', #1385 ) ;
#267 = CIRCLE ( 'NONE', #1543, 25.00000000000000000 ) ;
#268 = CARTESIAN_POINT ( 'NONE',  ( 22.81017137130313799, 18.00000000000000000, -14.44631724737534562 ) ) ;
#269 = VECTOR ( 'NONE', #1148, 1000.000000000000000 ) ;
#270 = ORIENTED_EDGE ( 'NONE', *, *, #2384, .F. ) ;
#271 = EDGE_LOOP ( 'NONE', ( #914, #171, #2632, #1194 ) ) ;
#272 = DIRECTION ( 'NONE',  ( -0.000000000000000000, 1.000000000000000000, -0.000000000000000000 ) ) ;
#273 = CIRCLE ( 'NONE', #1771, 1.874999999999998224 ) ;
#274 = CYLINDRICAL_SURFACE ( 'NONE', #2148, 2.000000000000000000 ) ;
#275 = AXIS2_PLACEMENT_3D ( 'NONE', #1382, #1181, #1993 ) ;
#276 = CARTESIAN_POINT ( 'NONE',  ( -14.44631724737333833, 16.00000000000000000, -23.86017137130321331 ) ) ;
#277 = EDGE_CURVE ( 'NONE', #2034, #1096, #2584, .T. ) ;
#278 = AXIS2_PLACEMENT_3D ( 'NONE', #2297, #1061, #471 ) ;
#279 = ORIENTED_EDGE ( 'NONE', *, *, #1337, .F. ) ;
#280 = EDGE_CURVE ( 'NONE', #1592, #825, #194, .T. ) ;
#281 = FACE_OUTER_BOUND ( 'NONE', #362, .T. ) ;
#282 = CARTESIAN_POINT ( 'NONE',  ( 0.000000000000000000, 15.19999999999999929, 0.000000000000000000 ) ) ;
#283 = FACE_BOUND ( 'NONE', #1174, .T. ) ;
#284 = FACE_OUTER_BOUND ( 'NONE', #1029, .T. ) ;
#285 = ORIENTED_EDGE ( 'NONE', *, *, #1656, .F. ) ;
#286 = DIRECTION ( 'NONE',  ( -0.4641121943903283031, -0.000000000000000000, 0.8857764227039429672 ) ) ;
#287 = DIRECTION ( 'NONE',  ( 0.000000000000000000, 0.000000000000000000, 1.000000000000000000 ) ) ;
#288 = EDGE_LOOP ( 'NONE', ( #255, #2470, #1647, #803 ) ) ;
#289 = CARTESIAN_POINT ( 'NONE',  ( -14.44631724737333833, 16.00000000000000000, -22.81017137130321615 ) ) ;
#290 = ORIENTED_EDGE ( 'NONE', *, *, #165, .F. ) ;
#291 = CARTESIAN_POINT ( 'NONE',  ( 13.89990961121660007, 16.00000000000000000, 25.45176836292537814 ) ) ;
#292 =( NAMED_UNIT ( * ) SI_UNIT ( $, .STERADIAN. ) SOLID_ANGLE_UNIT ( ) );
#293 = EDGE_CURVE ( 'NONE', #1417, #110, #2261, .T. ) ;
#294 = DIRECTION ( 'NONE',  ( -0.000000000000000000, 1.000000000000000000, -0.000000000000000000 ) ) ;
#295 = DIRECTION ( 'NONE',  ( -0.000000000000000000, 1.000000000000000000, -0.000000000000000000 ) ) ;
#296 = EDGE_CURVE ( 'NONE', #301, #2460, #2195, .T. ) ;
#297 = VERTEX_POINT ( 'NONE', #978 ) ;
#298 = DIRECTION ( 'NONE',  ( -0.000000000000000000, -1.000000000000000000, -0.000000000000000000 ) ) ;
#299 = PLANE ( 'NONE',  #1065 ) ;
#300 = FACE_OUTER_BOUND ( 'NONE', #1209, .T. ) ;
#301 = VERTEX_POINT ( 'NONE', #1999 ) ;
#302 = LINE ( 'NONE', #1110, #1365 ) ;
#303 = CIRCLE ( 'NONE', #1144, 1.049999999999998934 ) ;
#304 = DIRECTION ( 'NONE',  ( 0.000000000000000000, 0.000000000000000000, 1.000000000000000000 ) ) ;
#305 = AXIS2_PLACEMENT_3D ( 'NONE', #1506, #1896, #1921 ) ;
#306 = EDGE_CURVE ( 'NONE', #1830, #1420, #1416, .T. ) ;
#307 = LINE ( 'NONE', #2187, #398 ) ;
#308 = CIRCLE ( 'NONE', #2223, 1.049999999999998934 ) ;
#309 = ORIENTED_EDGE ( 'NONE', *, *, #2250, .F. ) ;
#310 = CIRCLE ( 'NONE', #1812, 0.4873025146049994594 ) ;
#311 = DIRECTION ( 'NONE',  ( 0.000000000000000000, 1.000000000000000000, 0.000000000000000000 ) ) ;
#312 = DIRECTION ( 'NONE',  ( 0.000000000000000000, 1.000000000000000000, 0.000000000000000000 ) ) ;
#313 = VECTOR ( 'NONE', #684, 1000.000000000000000 ) ;
#314 = ADVANCED_FACE ( 'NONE', ( #1805 ), #2600, .F. ) ;
#315 = VECTOR ( 'NONE', #1435, 1000.000000000000000 ) ;
#316 = ORIENTED_EDGE ( 'NONE', *, *, #2596, .F. ) ;
#317 = PLANE ( 'NONE',  #347 ) ;
#318 = CARTESIAN_POINT ( 'NONE',  ( 22.48606432928253085, -2.800000000000000266, -10.13350679962219303 ) ) ;
#319 = CARTESIAN_POINT ( 'NONE',  ( 12.53102924853849309, 18.00000000000000000, -22.04096341300618178 ) ) ;
#320 = ORIENTED_EDGE ( 'NONE', *, *, #207, .T. ) ;
#321 = EDGE_LOOP ( 'NONE', ( #898, #1017, #290, #1869 ) ) ;
#322 = DIRECTION ( 'NONE',  ( 0.000000000000000000, -0.000000000000000000, 1.000000000000000000 ) ) ;
#323 = EDGE_CURVE ( 'NONE', #1259, #1610, #2400, .T. ) ;
#324 = DIRECTION ( 'NONE',  ( 0.000000000000000000, 0.000000000000000000, 1.000000000000000000 ) ) ;
#325 = ADVANCED_FACE ( 'NONE', ( #179 ), #2428, .F. ) ;
#326 = ORIENTED_EDGE ( 'NONE', *, *, #1881, .T. ) ;
#327 = CYLINDRICAL_SURFACE ( 'NONE', #762, 1.874999999999998224 ) ;
#328 = ORIENTED_EDGE ( 'NONE', *, *, #1529, .F. ) ;
#329 = DIRECTION ( 'NONE',  ( -0.000000000000000000, -1.000000000000000000, -0.000000000000000000 ) ) ;
#330 = DIRECTION ( 'NONE',  ( -0.000000000000000000, 1.000000000000000000, -0.000000000000000000 ) ) ;
#331 = EDGE_CURVE ( 'NONE', #346, #1480, #1402, .T. ) ;
#332 = ORIENTED_EDGE ( 'NONE', *, *, #1990, .F. ) ;
#333 = VERTEX_POINT ( 'NONE', #788 ) ;
#334 = DIRECTION ( 'NONE',  ( -0.000000000000000000, 1.000000000000000000, -0.000000000000000000 ) ) ;
#335 = DIRECTION ( 'NONE',  ( 0.000000000000000000, 1.000000000000000000, 0.000000000000000000 ) ) ;
#336 = EDGE_CURVE ( 'NONE', #2439, #1273, #2426, .T. ) ;
#337 = ORIENTED_EDGE ( 'NONE', *, *, #235, .F. ) ;
#338 = CARTESIAN_POINT ( 'NONE',  ( 14.66720528249111588, -2.800000000000000266, -3.110290307026984280 ) ) ;
#339 = CIRCLE ( 'NONE', #126, 25.00000000000000000 ) ;
#340 = CYLINDRICAL_SURFACE ( 'NONE', #2176, 1.875000000000001776 ) ;
#341 = ORIENTED_EDGE ( 'NONE', *, *, #697, .T. ) ;
#342 = CARTESIAN_POINT ( 'NONE',  ( 12.90445809172723912, 15.19999999999999929, -4.339466597763697031 ) ) ;
#343 = EDGE_CURVE ( 'NONE', #1269, #85, #641, .T. ) ;
#344 = CARTESIAN_POINT ( 'NONE',  ( 0.000000000000000000, 15.19999999999999929, 0.000000000000000000 ) ) ;
#345 = VERTEX_POINT ( 'NONE', #555 ) ;
#346 = VERTEX_POINT ( 'NONE', #1306 ) ;
#347 = AXIS2_PLACEMENT_3D ( 'NONE', #1123, #1961, #116 ) ;
#348 = DIRECTION ( 'NONE',  ( -0.000000000000000000, -1.000000000000000000, -0.000000000000000000 ) ) ;
#349 = CIRCLE ( 'NONE', #2427, 1.250000000000001110 ) ;
#350 = CARTESIAN_POINT ( 'NONE',  ( -21.91284096708368523, 18.00000000000000000, -4.247836475304930914 ) ) ;
#351 = CARTESIAN_POINT ( 'NONE',  ( 4.623444721381981815, -2.800000000000000266, -13.55861517101224401 ) ) ;
#352 = VECTOR ( 'NONE', #1778, 1000.000000000000000 ) ;
#353 = COLOUR_RGB ( '',0.7921568627450980005, 0.8196078431372548767, 0.9333333333333333481 ) ;
#354 = PRODUCT_DEFINITION ( 'æœ', '', #188, #3 ) ;
#355 = CARTESIAN_POINT ( 'NONE',  ( 11.41656882398605788, 16.69999999999999929, -5.002984077511145600 ) ) ;
#356 = AXIS2_PLACEMENT_3D ( 'NONE', #388, #205, #1198 ) ;
#357 = DIRECTION ( 'NONE',  ( 0.000000000000000000, 1.000000000000000000, 0.000000000000000000 ) ) ;
#358 = AXIS2_PLACEMENT_3D ( 'NONE', #2254, #986, #427 ) ;
#359 = ORIENTED_EDGE ( 'NONE', *, *, #296, .F. ) ;
#360 = FACE_OUTER_BOUND ( 'NONE', #1632, .T. ) ;
#361 = DIRECTION ( 'NONE',  ( -0.000000000000000000, 1.000000000000000000, -0.000000000000000000 ) ) ;
#362 = EDGE_LOOP ( 'NONE', ( #1050, #1887, #2601, #593 ) ) ;
#363 = VERTEX_POINT ( 'NONE', #1475 ) ;
#364 = FACE_BOUND ( 'NONE', #420, .T. ) ;
#365 = DIRECTION ( 'NONE',  ( 0.000000000000000000, 0.000000000000000000, 1.000000000000000000 ) ) ;
#366 = CARTESIAN_POINT ( 'NONE',  ( -14.44631724737333833, -19.80000000000000426, -22.81017137130321615 ) ) ;
#367 = CARTESIAN_POINT ( 'NONE',  ( 13.12975062557873507, 0.000000000000000000, -21.27462452101364221 ) ) ;
#368 = FACE_OUTER_BOUND ( 'NONE', #1633, .T. ) ;
#369 = VERTEX_POINT ( 'NONE', #2121 ) ;
#370 = ORIENTED_EDGE ( 'NONE', *, *, #1722, .T. ) ;
#371 = EDGE_CURVE ( 'NONE', #2316, #1559, #1121, .T. ) ;
#372 = CARTESIAN_POINT ( 'NONE',  ( 14.44631724737318024, 16.00000000000000000, 23.86017137130331989 ) ) ;
#373 = CARTESIAN_POINT ( 'NONE',  ( -17.62432321489560039, -10.30000000000000071, -10.21184178137248999 ) ) ;
#374 = DIRECTION ( 'NONE',  ( 0.000000000000000000, 0.000000000000000000, 1.000000000000000000 ) ) ;
#375 = DIRECTION ( 'NONE',  ( 0.000000000000000000, 1.000000000000000000, 0.000000000000000000 ) ) ;
#376 = VERTEX_POINT ( 'NONE', #2108 ) ;
#377 = CARTESIAN_POINT ( 'NONE',  ( 11.77026158278223100, 18.00000000000000000, -26.50397974404751622 ) ) ;
#378 = CARTESIAN_POINT ( 'NONE',  ( 14.19186004110838972, 16.00000000000000000, -23.04575304852432538 ) ) ;
#379 = ORIENTED_EDGE ( 'NONE', *, *, #616, .T. ) ;
#380 = EDGE_LOOP ( 'NONE', ( #1459, #1238 ) ) ;
#381 = EDGE_CURVE ( 'NONE', #655, #46, #660, .T. ) ;
#382 = DIRECTION ( 'NONE',  ( 0.000000000000000000, 0.000000000000000000, 1.000000000000000000 ) ) ;
#383 = ORIENTED_EDGE ( 'NONE', *, *, #554, .F. ) ;
#384 = VECTOR ( 'NONE', #1279, 999.9999999999998863 ) ;
#385 = VERTEX_POINT ( 'NONE', #276 ) ;
#386 = CARTESIAN_POINT ( 'NONE',  ( 0.000000000000000000, 0.000000000000000000, 0.000000000000000000 ) ) ;
#387 = VECTOR ( 'NONE', #456, 1000.000000000000000 ) ;
#388 = CARTESIAN_POINT ( 'NONE',  ( 0.000000000000000000, 15.19999999999999929, 0.000000000000000000 ) ) ;
#389 = AXIS2_PLACEMENT_3D ( 'NONE', #2613, #2008, #2594 ) ;
#390 = VECTOR ( 'NONE', #2024, 1000.000000000000000 ) ;
#391 = CARTESIAN_POINT ( 'NONE',  ( -10.87019845596876699, 18.00000000000000000, 24.78617377748794937 ) ) ;
#392 = EDGE_LOOP ( 'NONE', ( #690, #316, #1912, #190 ) ) ;
#393 = AXIS2_PLACEMENT_3D ( 'NONE', #980, #1808, #2545 ) ;
#394 = DIRECTION ( 'NONE',  ( -0.000000000000000000, 1.000000000000000000, -0.000000000000000000 ) ) ;
#395 = DIRECTION ( 'NONE',  ( 0.3101543218775741906, 0.000000000000000000, -0.9506862240616837934 ) ) ;
#396 = EDGE_LOOP ( 'NONE', ( #2087, #543, #383, #39 ) ) ;
#397 = ORIENTED_EDGE ( 'NONE', *, *, #755, .F. ) ;
#398 = VECTOR ( 'NONE', #922, 1000.000000000000000 ) ;
#399 = CARTESIAN_POINT ( 'NONE',  ( -12.53102924853866185, 0.000000000000000000, 23.91596341300608586 ) ) ;
#400 = EDGE_LOOP ( 'NONE', ( #2043, #514, #1964, #1060, #721 ) ) ;
#401 = ORIENTED_EDGE ( 'NONE', *, *, #1493, .F. ) ;
#402 = DIRECTION ( 'NONE',  ( 0.000000000000000000, 0.000000000000000000, 1.000000000000000000 ) ) ;
#403 = LINE ( 'NONE', #2411, #486 ) ;
#404 = EDGE_CURVE ( 'NONE', #1710, #638, #83, .T. ) ;
#405 = EDGE_CURVE ( 'NONE', #346, #2532, #2301, .T. ) ;
#406 = DIRECTION ( 'NONE',  ( 0.000000000000000000, 0.000000000000000000, 1.000000000000000000 ) ) ;
#407 = ORIENTED_EDGE ( 'NONE', *, *, #712, .T. ) ;
#408 =( NAMED_UNIT ( * ) PLANE_ANGLE_UNIT ( ) SI_UNIT ( $, .RADIAN. ) );
#409 = CARTESIAN_POINT ( 'NONE',  ( 17.06798896834210666, 16.00000000000000000, 23.44533541190129711 ) ) ;
#410 = DIRECTION ( 'NONE',  ( 0.000000000000000000, 1.000000000000000000, 0.000000000000000000 ) ) ;
#411 = ORIENTED_EDGE ( 'NONE', *, *, #1672, .T. ) ;
#412 = ORIENTED_EDGE ( 'NONE', *, *, #548, .F. ) ;
#413 = CARTESIAN_POINT ( 'NONE',  ( -12.53102924853866185, 0.000000000000000000, 23.91596341300608586 ) ) ;
#414 = ORIENTED_EDGE ( 'NONE', *, *, #92, .T. ) ;
#415 = VERTEX_POINT ( 'NONE', #1487 ) ;
#416 = DIRECTION ( 'NONE',  ( 0.9991609813300814658, 0.000000000000000000, -0.04095526080381482747 ) ) ;
#417 = CARTESIAN_POINT ( 'NONE',  ( 22.52295467752868419, 18.00000000000000000, -10.82166674337711676 ) ) ;
#418 = EDGE_CURVE ( 'NONE', #1534, #831, #1919, .T. ) ;
#419 = EDGE_CURVE ( 'NONE', #1359, #1208, #2144, .T. ) ;
#420 = EDGE_LOOP ( 'NONE', ( #66, #1916, #1153, #2326, #2240, #1366 ) ) ;
#421 = CARTESIAN_POINT ( 'NONE',  ( -12.53102924853866185, 16.00000000000000000, 23.91596341300608586 ) ) ;
#422 = EDGE_CURVE ( 'NONE', #1404, #615, #901, .T. ) ;
#423 = DIRECTION ( 'NONE',  ( -0.000000000000000000, -1.000000000000000000, -0.000000000000000000 ) ) ;
#424 = FACE_OUTER_BOUND ( 'NONE', #1467, .T. ) ;
#425 = EDGE_LOOP ( 'NONE', ( #2123, #2004 ) ) ;
#426 = ADVANCED_FACE ( 'NONE', ( #2133 ), #299, .T. ) ;
#427 = DIRECTION ( 'NONE',  ( 0.000000000000000000, 0.000000000000000000, 1.000000000000000000 ) ) ;
#428 = VERTEX_POINT ( 'NONE', #1527 ) ;
#429 = ORIENTED_EDGE ( 'NONE', *, *, #2456, .F. ) ;
#430 = CARTESIAN_POINT ( 'NONE',  ( -17.06798896834225943, 16.00000000000000000, -23.44533541190116566 ) ) ;
#431 = DIRECTION ( 'NONE',  ( 0.000000000000000000, 0.000000000000000000, 1.000000000000000000 ) ) ;
#432 = CIRCLE ( 'NONE', #1030, 1.874999999999998224 ) ;
#433 = CIRCLE ( 'NONE', #1033, 1.250000000000001110 ) ;
#434 = CIRCLE ( 'NONE', #2267, 1.049999999999998934 ) ;
#435 = VERTEX_POINT ( 'NONE', #1697 ) ;
#436 = DIRECTION ( 'NONE',  ( -0.000000000000000000, 1.000000000000000000, -0.000000000000000000 ) ) ;
#437 = CARTESIAN_POINT ( 'NONE',  ( 1.105792041704699136, -38.00000000000000711, 28.22734649591144418 ) ) ;
#438 = CIRCLE ( 'NONE', #1944, 1.050000000000002265 ) ;
#439 = DIRECTION ( 'NONE',  ( -0.000000000000000000, 1.000000000000000000, -0.000000000000000000 ) ) ;
#440 = EDGE_CURVE ( 'NONE', #1734, #297, #2346, .T. ) ;
#441 = DIRECTION ( 'NONE',  ( -0.6682412601262764928, 0.000000000000000000, -0.7439446338705899553 ) ) ;
#442 = AXIS2_PLACEMENT_3D ( 'NONE', #1497, #1119, #1081 ) ;
#443 = ORIENTED_EDGE ( 'NONE', *, *, #651, .F. ) ;
#444 = CIRCLE ( 'NONE', #2277, 1.050000000000002265 ) ;
#445 = CARTESIAN_POINT ( 'NONE',  ( -21.05743450638718883, 15.19999999999999929, -6.869831658975041222 ) ) ;
#446 = ORIENTED_EDGE ( 'NONE', *, *, #418, .F. ) ;
#447 = ORIENTED_EDGE ( 'NONE', *, *, #343, .F. ) ;
#448 = VECTOR ( 'NONE', #1150, 1000.000000000000000 ) ;
#449 = ORIENTED_EDGE ( 'NONE', *, *, #2566, .T. ) ;
#450 = DIRECTION ( 'NONE',  ( 0.000000000000000000, 0.000000000000000000, 1.000000000000000000 ) ) ;
#451 = EDGE_CURVE ( 'NONE', #1662, #155, #476, .T. ) ;
#452 = CARTESIAN_POINT ( 'NONE',  ( 12.53102924853849309, 0.000000000000000000, -23.91596341300617823 ) ) ;
#453 = VECTOR ( 'NONE', #1189, 1000.000000000000114 ) ;
#454 = DIRECTION ( 'NONE',  ( 0.000000000000000000, 1.000000000000000000, 0.000000000000000000 ) ) ;
#455 = VERTEX_POINT ( 'NONE', #488 ) ;
#456 = DIRECTION ( 'NONE',  ( -0.000000000000000000, 1.000000000000000000, -0.000000000000000000 ) ) ;
#457 = CARTESIAN_POINT ( 'NONE',  ( 26.97734649591177813, -19.80000000000000426, -1.105792041702857720 ) ) ;
#458 = LINE ( 'NONE', #2090, #2463 ) ;
#459 = ORIENTED_EDGE ( 'NONE', *, *, #877, .T. ) ;
#460 = DIRECTION ( 'NONE',  ( 0.000000000000000000, 1.000000000000000000, 0.000000000000000000 ) ) ;
#461 = ORIENTED_EDGE ( 'NONE', *, *, #2530, .F. ) ;
#462 = CYLINDRICAL_SURFACE ( 'NONE', #2386, 0.4873025146049994594 ) ;
#463 = LINE ( 'NONE', #1267, #1686 ) ;
#464 = CARTESIAN_POINT ( 'NONE',  ( -21.91284096708368523, 15.20000000000000107, -4.247836475304930914 ) ) ;
#465 = FACE_OUTER_BOUND ( 'NONE', #907, .T. ) ;
#466 = ORIENTED_EDGE ( 'NONE', *, *, #247, .F. ) ;
#467 = CARTESIAN_POINT ( 'NONE',  ( 11.77026158278222745, 16.00000000000000000, -26.50397974404751622 ) ) ;
#468 = DIRECTION ( 'NONE',  ( 0.000000000000000000, 0.000000000000000000, -1.000000000000000000 ) ) ;
#469 = DIRECTION ( 'NONE',  ( -0.000000000000000000, 1.000000000000000000, -0.000000000000000000 ) ) ;
#470 = VERTEX_POINT ( 'NONE', #464 ) ;
#471 = DIRECTION ( 'NONE',  ( 0.000000000000000000, 0.000000000000000000, 1.000000000000000000 ) ) ;
#472 = EDGE_CURVE ( 'NONE', #1420, #529, #2480, .T. ) ;
#473 = EDGE_LOOP ( 'NONE', ( #1787, #539 ) ) ;
#474 = DIRECTION ( 'NONE',  ( 0.000000000000000000, 0.000000000000000000, 1.000000000000000000 ) ) ;
#475 = CARTESIAN_POINT ( 'NONE',  ( 1.105792041704699136, 18.00000000000000000, 26.97734649591074785 ) ) ;
#476 = LINE ( 'NONE', #1929, #1278 ) ;
#477 = ORIENTED_EDGE ( 'NONE', *, *, #1464, .T. ) ;
#478 = CARTESIAN_POINT ( 'NONE',  ( 14.66720528249111588, 15.20000000000000107, -3.110290307026984280 ) ) ;
#479 = DIRECTION ( 'NONE',  ( 0.000000000000000000, 0.000000000000000000, 1.000000000000000000 ) ) ;
#480 = ADVANCED_FACE ( 'NONE', ( #73 ), #2338, .F. ) ;
#481 = DIRECTION ( 'NONE',  ( 0.9506862240616837934, 0.000000000000000000, 0.3101543218775744126 ) ) ;
#482 = AXIS2_PLACEMENT_3D ( 'NONE', #2623, #191, #2194 ) ;
#483 = CARTESIAN_POINT ( 'NONE',  ( -26.97734649591178524, 16.00000000000000000, 1.105792041702670314 ) ) ;
#484 = AXIS2_PLACEMENT_3D ( 'NONE', #751, #1495, #2343 ) ;
#485 = ORIENTED_EDGE ( 'NONE', *, *, #2246, .F. ) ;
#486 = VECTOR ( 'NONE', #630, 1000.000000000000000 ) ;
#487 = DIRECTION ( 'NONE',  ( -0.8857764227039429672, 0.000000000000000000, -0.4641121943903283031 ) ) ;
#488 = CARTESIAN_POINT ( 'NONE',  ( -23.91596341300622086, 18.00000000000000000, -11.28102924853839895 ) ) ;
#489 = EDGE_CURVE ( 'NONE', #1556, #2319, #1355, .T. ) ;
#490 = ORIENTED_EDGE ( 'NONE', *, *, #1375, .T. ) ;
#491 = CARTESIAN_POINT ( 'NONE',  ( 28.83825055112444602, 18.00000000000000000, -3.058644332146233324 ) ) ;
#492 = VECTOR ( 'NONE', #395, 1000.000000000000114 ) ;
#493 = CIRCLE ( 'NONE', #107, 1.049999999999998934 ) ;
#494 = EDGE_LOOP ( 'NONE', ( #984, #1685 ) ) ;
#495 = DIRECTION ( 'NONE',  ( -0.9506862240616775761, 0.000000000000000000, -0.3101543218775933419 ) ) ;
#496 = EDGE_CURVE ( 'NONE', #195, #1269, #1295, .T. ) ;
#497 = DIRECTION ( 'NONE',  ( 0.000000000000000000, -0.000000000000000000, 1.000000000000000000 ) ) ;
#498 = CARTESIAN_POINT ( 'NONE',  ( -26.97734649591178524, 16.00000000000000000, 1.105792041702670314 ) ) ;
#499 = ORIENTED_EDGE ( 'NONE', *, *, #770, .T. ) ;
#500 = PLANE ( 'NONE',  #1073 ) ;
#501 = EDGE_CURVE ( 'NONE', #1646, #1939, #558, .T. ) ;
#502 = CARTESIAN_POINT ( 'NONE',  ( 28.83825055112444602, 16.00000000000000000, -3.058644332146233324 ) ) ;
#503 = EDGE_LOOP ( 'NONE', ( #2063, #1625, #1748, #2046, #1605, #127 ) ) ;
#504 = EDGE_CURVE ( 'NONE', #596, #2262, #671, .T. ) ;
#505 = DIRECTION ( 'NONE',  ( 0.000000000000000000, 0.000000000000000000, 1.000000000000000000 ) ) ;
#506 = CARTESIAN_POINT ( 'NONE',  ( -28.83825055112443891, 16.00000000000000000, 3.058644332146373213 ) ) ;
#507 = DIRECTION ( 'NONE',  ( 0.000000000000000000, 0.000000000000000000, 1.000000000000000000 ) ) ;
#508 = VERTEX_POINT ( 'NONE', #259 ) ;
#509 = ADVANCED_FACE ( 'NONE', ( #1066, #963 ), #1537, .T. ) ;
#510 = EDGE_LOOP ( 'NONE', ( #1093, #1953, #903, #1783 ) ) ;
#511 = LINE ( 'NONE', #2478, #2477 ) ;
#512 = CARTESIAN_POINT ( 'NONE',  ( 26.97734649591177813, 18.00000000000000000, -1.105792041702857720 ) ) ;
#513 = VECTOR ( 'NONE', #294, 1000.000000000000000 ) ;
#514 = ORIENTED_EDGE ( 'NONE', *, *, #619, .T. ) ;
#515 = AXIS2_PLACEMENT_3D ( 'NONE', #925, #1790, #121 ) ;
#516 = CARTESIAN_POINT ( 'NONE',  ( 4.623444721381982703, 16.69999999999999929, -13.55861517101224401 ) ) ;
#517 = DIRECTION ( 'NONE',  ( 0.5350487869397563268, -0.000000000000000000, 0.8448211619001356754 ) ) ;
#518 = CIRCLE ( 'NONE', #48, 28.99999999999999645 ) ;
#519 = EDGE_CURVE ( 'NONE', #1480, #346, #2465, .T. ) ;
#520 = FACE_BOUND ( 'NONE', #890, .T. ) ;
#521 = AXIS2_PLACEMENT_3D ( 'NONE', #1569, #1161, #2371 ) ;
#522 = VERTEX_POINT ( 'NONE', #1801 ) ;
#523 = AXIS2_PLACEMENT_3D ( 'NONE', #851, #792, #1871 ) ;
#524 = EDGE_CURVE ( 'NONE', #1634, #2010, #1677, .T. ) ;
#525 = FACE_OUTER_BOUND ( 'NONE', #1254, .T. ) ;
#526 = DIRECTION ( 'NONE',  ( 0.000000000000000000, 0.000000000000000000, -1.000000000000000000 ) ) ;
#527 = AXIS2_PLACEMENT_3D ( 'NONE', #2425, #2, #246 ) ;
#528 = VECTOR ( 'NONE', #1408, 1000.000000000000000 ) ;
#529 = VERTEX_POINT ( 'NONE', #350 ) ;
#530 = CIRCLE ( 'NONE', #2523, 1.874999999999999556 ) ;
#531 = CARTESIAN_POINT ( 'NONE',  ( 0.000000000000000000, 0.000000000000000000, 0.000000000000000000 ) ) ;
#532 = DIRECTION ( 'NONE',  ( -0.000000000000000000, 1.000000000000000000, -0.000000000000000000 ) ) ;
#533 = PLANE ( 'NONE',  #955 ) ;
#534 = ORIENTED_EDGE ( 'NONE', *, *, #1588, .T. ) ;
#535 = EDGE_CURVE ( 'NONE', #1826, #844, #1583, .T. ) ;
#536 = FACE_OUTER_BOUND ( 'NONE', #794, .T. ) ;
#537 = DIRECTION ( 'NONE',  ( -0.000000000000000000, 1.000000000000000000, -0.000000000000000000 ) ) ;
#538 = EDGE_LOOP ( 'NONE', ( #2146, #2237 ) ) ;
#539 = ORIENTED_EDGE ( 'NONE', *, *, #1972, .T. ) ;
#540 = ADVANCED_FACE ( 'NONE', ( #1751 ), #936, .F. ) ;
#541 = DIRECTION ( 'NONE',  ( 0.000000000000000000, 1.000000000000000000, 0.000000000000000000 ) ) ;
#542 = CARTESIAN_POINT ( 'NONE',  ( 22.48606432928253085, -2.800000000000000266, -10.13350679962219303 ) ) ;
#543 = ORIENTED_EDGE ( 'NONE', *, *, #418, .T. ) ;
#544 = FACE_OUTER_BOUND ( 'NONE', #1895, .T. ) ;
#545 = CYLINDRICAL_SURFACE ( 'NONE', #2192, 1.250000000001990852 ) ;
#546 = ORIENTED_EDGE ( 'NONE', *, *, #770, .F. ) ;
#547 = CARTESIAN_POINT ( 'NONE',  ( 28.83825055112444602, 18.00000000000000000, -3.058644332146231548 ) ) ;
#548 = EDGE_CURVE ( 'NONE', #961, #1563, #727, .T. ) ;
#549 = DIRECTION ( 'NONE',  ( 0.000000000000000000, 0.000000000000000000, 1.000000000000000000 ) ) ;
#550 = EDGE_CURVE ( 'NONE', #1359, #1826, #1156, .T. ) ;
#551 = CARTESIAN_POINT ( 'NONE',  ( -13.89990961121677771, 16.00000000000000000, -25.45176836292527156 ) ) ;
#552 = FACE_OUTER_BOUND ( 'NONE', #288, .T. ) ;
#553 = VECTOR ( 'NONE', #1765, 1000.000000000000000 ) ;
#554 = EDGE_CURVE ( 'NONE', #2168, #831, #1761, .T. ) ;
#555 = CARTESIAN_POINT ( 'NONE',  ( 22.52295467752868419, 15.20000000000000107, -10.82166674337711676 ) ) ;
#556 = ORIENTED_EDGE ( 'NONE', *, *, #228, .T. ) ;
#557 = FACE_OUTER_BOUND ( 'NONE', #494, .T. ) ;
#558 = CIRCLE ( 'NONE', #2062, 1.874999999999999556 ) ;
#559 = DIRECTION ( 'NONE',  ( 0.000000000000000000, 0.000000000000000000, 1.000000000000000000 ) ) ;
#560 = ORIENTED_EDGE ( 'NONE', *, *, #2260, .F. ) ;
#561 = AXIS2_PLACEMENT_3D ( 'NONE', #2114, #495, #1670 ) ;
#562 = DIRECTION ( 'NONE',  ( -0.000000000000000000, 1.000000000000000000, -0.000000000000000000 ) ) ;
#563 = CIRCLE ( 'NONE', #729, 0.4899999999999991029 ) ;
#564 = CARTESIAN_POINT ( 'NONE',  ( 12.47939747649659559, 15.20000000000000107, -21.27380190299787444 ) ) ;
#565 = DIRECTION ( 'NONE',  ( -0.5350487869397617668, 0.000000000000000000, -0.8448211619001321226 ) ) ;
#566 = CIRCLE ( 'NONE', #2598, 1.250000000000695000 ) ;
#567 = VECTOR ( 'NONE', #286, 1000.000000000000114 ) ;
#568 = CARTESIAN_POINT ( 'NONE',  ( 26.97734649591177813, 0.000000000000000000, -1.105792041702857720 ) ) ;
#569 = CIRCLE ( 'NONE', #2396, 1.874999999999998224 ) ;
#570 = DIRECTION ( 'NONE',  ( 0.000000000000000000, 0.000000000000000000, -1.000000000000000000 ) ) ;
#571 = CIRCLE ( 'NONE', #828, 0.4900000000000030442 ) ;
#572 = CARTESIAN_POINT ( 'NONE',  ( 3.061616997868382254E-15, 15.19999999999999929, 25.00000000000000000 ) ) ;
#573 = ORIENTED_EDGE ( 'NONE', *, *, #95, .F. ) ;
#574 = ORIENTED_EDGE ( 'NONE', *, *, #2356, .F. ) ;
#575 = PLANE ( 'NONE',  #824 ) ;
#576 = CYLINDRICAL_SURFACE ( 'NONE', #2104, 0.4873012446025594135 ) ;
#577 = CARTESIAN_POINT ( 'NONE',  ( -23.91596341300622086, 4.999999999999997335, -11.28102924853839895 ) ) ;
#578 = PRODUCT ( '\X2\540e58f3\X0\', '\X2\540e58f3\X0\', '', ( #663 ) ) ;
#579 = CARTESIAN_POINT ( 'NONE',  ( -19.79540346803832662, 15.19999999999999929, -3.557038212941607380 ) ) ;
#580 = ADVANCED_FACE ( 'NONE', ( #2568 ), #1129, .F. ) ;
#581 = DIRECTION ( 'NONE',  ( -0.000000000000000000, -1.000000000000000000, -0.000000000000000000 ) ) ;
#582 = CARTESIAN_POINT ( 'NONE',  ( 11.41656882398605788, 15.19999999999999929, -3.002984077511145156 ) ) ;
#583 = ORIENTED_EDGE ( 'NONE', *, *, #2464, .F. ) ;
#584 = ORIENTED_EDGE ( 'NONE', *, *, #1855, .T. ) ;
#585 = LINE ( 'NONE', #1393, #871 ) ;
#586 = ORIENTED_EDGE ( 'NONE', *, *, #2126, .F. ) ;
#587 = ORIENTED_EDGE ( 'NONE', *, *, #1499, .T. ) ;
#588 = DIRECTION ( 'NONE',  ( -0.5350487869397553276, 0.000000000000000000, -0.8448211619001364525 ) ) ;
#589 = DIRECTION ( 'NONE',  ( 0.000000000000000000, 0.000000000000000000, 1.000000000000000000 ) ) ;
#590 = DIRECTION ( 'NONE',  ( 0.000000000000000000, 0.000000000000000000, 1.000000000000000000 ) ) ;
#591 = EDGE_LOOP ( 'NONE', ( #189, #1077, #2252, #1009 ) ) ;
#592 = CARTESIAN_POINT ( 'NONE',  ( 26.97734649591177813, 16.00000000000000000, -2.155792041702859763 ) ) ;
#593 = ORIENTED_EDGE ( 'NONE', *, *, #1980, .F. ) ;
#594 = ORIENTED_EDGE ( 'NONE', *, *, #112, .F. ) ;
#595 = CARTESIAN_POINT ( 'NONE',  ( 22.63106907118707767, 7.200000000000000178, -10.62236850684256240 ) ) ;
#596 = VERTEX_POINT ( 'NONE', #2552 ) ;
#597 = ORIENTED_EDGE ( 'NONE', *, *, #631, .F. ) ;
#598 = CARTESIAN_POINT ( 'NONE',  ( 4.623444721381981815, 16.69999999999999929, -13.55861517101224401 ) ) ;
#599 = ADVANCED_FACE ( 'NONE', ( #1976 ), #576, .F. ) ;
#600 = AXIS2_PLACEMENT_3D ( 'NONE', #1777, #2592, #324 ) ;
#601 = LINE ( 'NONE', #192, #2318 ) ;
#602 = CIRCLE ( 'NONE', #1318, 1.250000000001990852 ) ;
#603 = AXIS2_PLACEMENT_3D ( 'NONE', #1586, #1134, #1572 ) ;
#604 = DIRECTION ( 'NONE',  ( 0.000000000000000000, 1.000000000000000000, 0.000000000000000000 ) ) ;
#605 = ORIENTED_EDGE ( 'NONE', *, *, #405, .T. ) ;
#606 = CIRCLE ( 'NONE', #820, 1.249999999999999334 ) ;
#607 = CARTESIAN_POINT ( 'NONE',  ( 14.33976706502924081, 18.00000000000000000, -3.474823177623576509 ) ) ;
#608 = DIRECTION ( 'NONE',  ( 0.000000000000000000, 0.000000000000000000, 1.000000000000000000 ) ) ;
#609 = AXIS2_PLACEMENT_3D ( 'NONE', #1937, #2308, #1469 ) ;
#610 = ORIENTED_EDGE ( 'NONE', *, *, #1067, .T. ) ;
#611 = ORIENTED_EDGE ( 'NONE', *, *, #1163, .F. ) ;
#612 = VECTOR ( 'NONE', #689, 1000.000000000000000 ) ;
#613 = CARTESIAN_POINT ( 'NONE',  ( -14.44631724737333833, -19.80000000000000426, -21.76017137130321544 ) ) ;
#614 = ORIENTED_EDGE ( 'NONE', *, *, #1302, .F. ) ;
#615 = VERTEX_POINT ( 'NONE', #2581 ) ;
#616 = EDGE_CURVE ( 'NONE', #1052, #1876, #2064, .T. ) ;
#617 = ORIENTED_EDGE ( 'NONE', *, *, #2530, .T. ) ;
#618 = DIRECTION ( 'NONE',  ( 0.000000000000000000, -1.000000000000000000, 0.000000000000000000 ) ) ;
#619 = EDGE_CURVE ( 'NONE', #2298, #2417, #944, .T. ) ;
#620 = CARTESIAN_POINT ( 'NONE',  ( 4.523772745766950543, 16.69999999999999929, -13.72916533681419970 ) ) ;
#621 = ORIENTED_EDGE ( 'NONE', *, *, #755, .T. ) ;
#622 = DIRECTION ( 'NONE',  ( 0.000000000000000000, 0.000000000000000000, 1.000000000000000000 ) ) ;
#623 = CARTESIAN_POINT ( 'NONE',  ( 12.80503312291894247, 0.000000000000000000, -20.91127581218583842 ) ) ;
#624 = ORIENTED_EDGE ( 'NONE', *, *, #371, .F. ) ;
#625 = ORIENTED_EDGE ( 'NONE', *, *, #489, .F. ) ;
#626 = DIRECTION ( 'NONE',  ( 0.000000000000000000, 0.000000000000000000, 1.000000000000000000 ) ) ;
#627 = ORIENTED_EDGE ( 'NONE', *, *, #419, .T. ) ;
#628 = VERTEX_POINT ( 'NONE', #564 ) ;
#629 = DIRECTION ( 'NONE',  ( 0.000000000000000000, 1.000000000000000000, 0.000000000000000000 ) ) ;
#630 = DIRECTION ( 'NONE',  ( -0.9506862240616831272, 0.000000000000000000, -0.3101543218775765220 ) ) ;
#631 = EDGE_CURVE ( 'NONE', #1130, #988, #433, .T. ) ;
#632 = ORIENTED_EDGE ( 'NONE', *, *, #977, .T. ) ;
#633 = DIRECTION ( 'NONE',  ( 0.000000000000000000, 0.000000000000000000, 1.000000000000000000 ) ) ;
#634 = EDGE_CURVE ( 'NONE', #2032, #1236, #518, .T. ) ;
#635 = CARTESIAN_POINT ( 'NONE',  ( -26.97734649591178524, 16.00000000000000000, 2.155792041702669248 ) ) ;
#636 = LINE ( 'NONE', #2241, #1867 ) ;
#637 = EDGE_LOOP ( 'NONE', ( #1946, #1325, #2389, #138 ) ) ;
#638 = VERTEX_POINT ( 'NONE', #135 ) ;
#639 = LINE ( 'NONE', #2476, #691 ) ;
#640 = CARTESIAN_POINT ( 'NONE',  ( 0.000000000000000000, 18.00000000000000000, 0.000000000000000000 ) ) ;
#641 = CIRCLE ( 'NONE', #1447, 1.875000000000001776 ) ;
#642 = VECTOR ( 'NONE', #2088, 1000.000000000000114 ) ;
#643 = AXIS2_PLACEMENT_3D ( 'NONE', #2060, #2072, #474 ) ;
#644 = ADVANCED_FACE ( 'NONE', ( #950 ), #2369, .F. ) ;
#645 = ORIENTED_EDGE ( 'NONE', *, *, #2596, .T. ) ;
#646 = DIRECTION ( 'NONE',  ( -0.000000000000000000, 1.000000000000000000, -0.000000000000000000 ) ) ;
#647 = AXIS2_PLACEMENT_3D ( 'NONE', #607, #222, #778 ) ;
#648 = DIRECTION ( 'NONE',  ( 0.000000000000000000, 0.000000000000000000, 1.000000000000000000 ) ) ;
#649 = CYLINDRICAL_SURFACE ( 'NONE', #2422, 1.874999999999998224 ) ;
#650 = VECTOR ( 'NONE', #2234, 1000.000000000000000 ) ;
#651 = EDGE_CURVE ( 'NONE', #363, #455, #349, .T. ) ;
#652 = ORIENTED_EDGE ( 'NONE', *, *, #1090, .F. ) ;
#653 = VECTOR ( 'NONE', #334, 1000.000000000000000 ) ;
#654 = DIRECTION ( 'NONE',  ( 0.000000000000000000, 1.000000000000000000, 0.000000000000000000 ) ) ;
#655 = VERTEX_POINT ( 'NONE', #1069 ) ;
#656 = AXIS2_PLACEMENT_3D ( 'NONE', #1627, #781, #608 ) ;
#657 = ORIENTED_EDGE ( 'NONE', *, *, #927, .F. ) ;
#658 = DIRECTION ( 'NONE',  ( -0.000000000000000000, -1.000000000000000000, -0.000000000000000000 ) ) ;
#659 = FACE_OUTER_BOUND ( 'NONE', #2433, .T. ) ;
#660 = LINE ( 'NONE', #1906, #4 ) ;
#661 = VERTEX_POINT ( 'NONE', #1699 ) ;
#662 = CARTESIAN_POINT ( 'NONE',  ( -14.20670643413265921, -10.30000000000000071, -17.06609952141301179 ) ) ;
#663 = PRODUCT_CONTEXT ( 'NONE', #1178, 'mechanical' ) ;
#664 = ADVANCED_FACE ( 'NONE', ( #2099 ), #1461, .F. ) ;
#665 = LINE ( 'NONE', #1173, #860 ) ;
#666 = VERTEX_POINT ( 'NONE', #1086 ) ;
#667 = DIRECTION ( 'NONE',  ( -0.000000000000000000, 1.000000000000000000, -0.000000000000000000 ) ) ;
#668 = VERTEX_POINT ( 'NONE', #478 ) ;
#669 = LINE ( 'NONE', #1681, #1904 ) ;
#670 = DIRECTION ( 'NONE',  ( -0.04095526080380909595, 0.000000000000000000, -0.9991609813300817988 ) ) ;
#671 = LINE ( 'NONE', #2290, #905 ) ;
#672 = LINE ( 'NONE', #1892, #870 ) ;
#673 = ORIENTED_EDGE ( 'NONE', *, *, #2031, .T. ) ;
#674 = DIRECTION ( 'NONE',  ( 0.000000000000000000, -1.000000000000000000, 0.000000000000000000 ) ) ;
#675 = CYLINDRICAL_SURFACE ( 'NONE', #60, 0.4900000000000030442 ) ;
#676 = PLANE ( 'NONE',  #1847 ) ;
#677 = DIRECTION ( 'NONE',  ( 0.000000000000000000, -0.000000000000000000, 1.000000000000000000 ) ) ;
#678 = ORIENTED_EDGE ( 'NONE', *, *, #1483, .T. ) ;
#679 = DIRECTION ( 'NONE',  ( -0.7439446338705900663, 0.000000000000000000, 0.6682412601262763818 ) ) ;
#680 = ADVANCED_FACE ( 'NONE', ( #2496 ), #1489, .F. ) ;
#681 = CARTESIAN_POINT ( 'NONE',  ( -17.06798896834226653, 16.00000000000000000, -23.44533541190116210 ) ) ;
#682 = CARTESIAN_POINT ( 'NONE',  ( 5.465918298356126748, 16.69999999999999929, -6.689413016446518867 ) ) ;
#683 = EDGE_CURVE ( 'NONE', #638, #2585, #2468, .T. ) ;
#684 = DIRECTION ( 'NONE',  ( -0.000000000000000000, 1.000000000000000000, -0.000000000000000000 ) ) ;
#685 = AXIS2_PLACEMENT_3D ( 'NONE', #1215, #1612, #2051 ) ;
#686 = ORIENTED_EDGE ( 'NONE', *, *, #1935, .F. ) ;
#687 = CARTESIAN_POINT ( 'NONE',  ( 0.000000000000000000, 0.000000000000000000, 0.000000000000000000 ) ) ;
#688 = CIRCLE ( 'NONE', #305, 28.99999999999999645 ) ;
#689 = DIRECTION ( 'NONE',  ( -0.000000000000000000, -1.000000000000000000, -0.000000000000000000 ) ) ;
#690 = ORIENTED_EDGE ( 'NONE', *, *, #883, .F. ) ;
#691 = VECTOR ( 'NONE', #2244, 1000.000000000000227 ) ;
#692 = DIRECTION ( 'NONE',  ( 0.000000000000000000, 0.000000000000000000, 1.000000000000000000 ) ) ;
#693 = STYLED_ITEM ( 'NONE', ( #1387 ), #1309 ) ;
#694 = VERTEX_POINT ( 'NONE', #1711 ) ;
#695 = ADVANCED_FACE ( 'NONE', ( #281 ), #891, .F. ) ;
#696 = CARTESIAN_POINT ( 'NONE',  ( -23.91596341300622086, 18.00000000000000000, -12.53102924853840072 ) ) ;
#697 = EDGE_CURVE ( 'NONE', #694, #1359, #688, .T. ) ;
#698 = DIRECTION ( 'NONE',  ( -0.000000000000000000, 1.000000000000000000, -0.000000000000000000 ) ) ;
#699 = ADVANCED_FACE ( 'NONE', ( #47 ), #62, .F. ) ;
#700 = DIRECTION ( 'NONE',  ( 0.000000000000000000, 0.000000000000000000, 1.000000000000000000 ) ) ;
#701 = AXIS2_PLACEMENT_3D ( 'NONE', #1797, #1573, #2546 ) ;
#702 = EDGE_LOOP ( 'NONE', ( #2122, #1618, #164, #764 ) ) ;
#703 = EDGE_CURVE ( 'NONE', #2175, #1379, #2508, .T. ) ;
#704 = DIRECTION ( 'NONE',  ( -0.000000000000000000, -1.000000000000000000, -0.000000000000000000 ) ) ;
#705 = EDGE_CURVE ( 'NONE', #1798, #256, #1804, .T. ) ;
#706 = DIRECTION ( 'NONE',  ( 0.000000000000000000, 0.000000000000000000, 1.000000000000000000 ) ) ;
#707 = ORIENTED_EDGE ( 'NONE', *, *, #2050, .F. ) ;
#708 = VERTEX_POINT ( 'NONE', #1300 ) ;
#709 = LINE ( 'NONE', #681, #951 ) ;
#710 = DIRECTION ( 'NONE',  ( -0.000000000000000000, 1.000000000000000000, -0.000000000000000000 ) ) ;
#711 = ORIENTED_EDGE ( 'NONE', *, *, #247, .T. ) ;
#712 = EDGE_CURVE ( 'NONE', #2206, #1913, #1857, .T. ) ;
#713 = LINE ( 'NONE', #2571, #134 ) ;
#714 = DIRECTION ( 'NONE',  ( 0.000000000000000000, 1.000000000000000000, 0.000000000000000000 ) ) ;
#715 = EDGE_CURVE ( 'NONE', #244, #1534, #1246, .T. ) ;
#716 = CARTESIAN_POINT ( 'NONE',  ( -17.06798896834226653, 18.00000000000000000, -23.44533541190116210 ) ) ;
#717 = EDGE_LOOP ( 'NONE', ( #2336, #241, #1477, #148 ) ) ;
#718 = PLANE ( 'NONE',  #275 ) ;
#719 = DIRECTION ( 'NONE',  ( -0.000000000000000000, 1.000000000000000000, -0.000000000000000000 ) ) ;
#720 = CLOSED_SHELL ( 'NONE', ( #2563, #2332, #2483, #1446, #1354, #314, #1599, #2626, #760, #1184, #1936, #480, #2196, #1390, #929, #2599, #2259, #644, #1925, #2340, #540, #580, #2124, #2583, #243, #176, #2283, #2424, #2109, #1833, #2302, #1299, #99, #1613, #1746, #1441, #31, #1044, #789, #599, #144, #2579, #695, #1180, #1731, #938, #2500, #2559, #426, #1142, #1740, #2211, #150, #123, #740, #1907, #1392, #220, #1716, #2312, #325, #1380, #699, #509, #680, #1737, #2296, #79, #225, #1894, #1891, #77, #12, #816, #897, #664, #1232, #2322 ) ) ;
#721 = ORIENTED_EDGE ( 'NONE', *, *, #827, .T. ) ;
#722 = CARTESIAN_POINT ( 'NONE',  ( 11.41656882398605788, 16.69999999999999929, -3.002984077511145156 ) ) ;
#723 = AXIS2_PLACEMENT_3D ( 'NONE', #2220, #1201, #154 ) ;
#724 = DIRECTION ( 'NONE',  ( 0.000000000000000000, 0.000000000000000000, 1.000000000000000000 ) ) ;
#725 = EDGE_CURVE ( 'NONE', #920, #385, #906, .T. ) ;
#726 = CARTESIAN_POINT ( 'NONE',  ( -17.06798896834225943, 18.00000000000000000, -23.44533541190116566 ) ) ;
#727 = CIRCLE ( 'NONE', #1192, 0.4899999999999991029 ) ;
#728 = DIRECTION ( 'NONE',  ( 0.000000000000000000, -1.000000000000000000, 0.000000000000000000 ) ) ;
#729 = AXIS2_PLACEMENT_3D ( 'NONE', #245, #1845, #1053 ) ;
#730 = ORIENTED_EDGE ( 'NONE', *, *, #103, .T. ) ;
#731 = CIRCLE ( 'NONE', #2555, 29.00000000000000000 ) ;
#732 = FACE_BOUND ( 'NONE', #473, .T. ) ;
#733 = CARTESIAN_POINT ( 'NONE',  ( 0.000000000000000000, 16.00000000000000000, 0.000000000000000000 ) ) ;
#734 = CIRCLE ( 'NONE', #1866, 1.250000000000695000 ) ;
#735 = AXIS2_PLACEMENT_3D ( 'NONE', #1733, #2472, #1924 ) ;
#736 = VERTEX_POINT ( 'NONE', #2078 ) ;
#737 = CIRCLE ( 'NONE', #1251, 0.4873025146049994594 ) ;
#738 = FACE_OUTER_BOUND ( 'NONE', #1960, .T. ) ;
#739 = LINE ( 'NONE', #2355, #10 ) ;
#740 = ADVANCED_FACE ( 'NONE', ( #238 ), #2485, .F. ) ;
#741 = DIRECTION ( 'NONE',  ( 0.000000000000000000, -0.000000000000000000, 1.000000000000000000 ) ) ;
#742 = ORIENTED_EDGE ( 'NONE', *, *, #877, .F. ) ;
#743 = EDGE_LOOP ( 'NONE', ( #1035, #1433, #485, #2243 ) ) ;
#744 = CARTESIAN_POINT ( 'NONE',  ( 11.77026158278223100, 16.00000000000000000, -26.50397974404751622 ) ) ;
#745 = DIRECTION ( 'NONE',  ( 0.000000000000000000, 0.000000000000000000, 1.000000000000000000 ) ) ;
#746 = DIRECTION ( 'NONE',  ( 0.8448211619001322337, 0.000000000000000000, -0.5350487869397618779 ) ) ;
#747 = DIRECTION ( 'NONE',  ( 0.000000000000000000, 1.000000000000000000, 0.000000000000000000 ) ) ;
#748 = SHAPE_DEFINITION_REPRESENTATION ( #2217, #1448 ) ;
#749 = CARTESIAN_POINT ( 'NONE',  ( 14.33976706502924081, 15.20000000000000107, -2.984823177623573631 ) ) ;
#750 = ORIENTED_EDGE ( 'NONE', *, *, #1128, .F. ) ;
#751 = CARTESIAN_POINT ( 'NONE',  ( 22.81017137130313799, 4.999999999999997335, -14.44631724737534562 ) ) ;
#752 = DIRECTION ( 'NONE',  ( 0.000000000000000000, 1.000000000000000000, 0.000000000000000000 ) ) ;
#753 = ORIENTED_EDGE ( 'NONE', *, *, #128, .F. ) ;
#754 = LINE ( 'NONE', #1336, #653 ) ;
#755 = EDGE_CURVE ( 'NONE', #1556, #2039, #1260, .T. ) ;
#756 = CARTESIAN_POINT ( 'NONE',  ( 0.000000000000000000, 18.00000000000000000, 0.000000000000000000 ) ) ;
#757 = CARTESIAN_POINT ( 'NONE',  ( -13.89990961121677771, 18.00000000000000000, -25.45176836292527156 ) ) ;
#758 = EDGE_CURVE ( 'NONE', #628, #1022, #2280, .T. ) ;
#759 = CARTESIAN_POINT ( 'NONE',  ( 14.44631724737318024, 16.00000000000000000, 22.81017137130332273 ) ) ;
#760 = ADVANCED_FACE ( 'NONE', ( #249 ), #1057, .T. ) ;
#761 = CARTESIAN_POINT ( 'NONE',  ( 22.52295467752868419, -2.800000000000000266, -10.82166674337711676 ) ) ;
#762 = AXIS2_PLACEMENT_3D ( 'NONE', #1132, #1970, #1399 ) ;
#763 = CYLINDRICAL_SURFACE ( 'NONE', #1641, 1.874999999999998224 ) ;
#764 = ORIENTED_EDGE ( 'NONE', *, *, #201, .T. ) ;
#765 = ORIENTED_EDGE ( 'NONE', *, *, #1296, .F. ) ;
#766 = AXIS2_PLACEMENT_3D ( 'NONE', #879, #674, #1687 ) ;
#767 = CARTESIAN_POINT ( 'NONE',  ( 14.44631724737318024, 16.00000000000000000, 22.81017137130332273 ) ) ;
#768 = VECTOR ( 'NONE', #1665, 1000.000000000000000 ) ;
#769 = DIRECTION ( 'NONE',  ( 0.000000000000000000, 0.000000000000000000, 1.000000000000000000 ) ) ;
#770 = EDGE_CURVE ( 'NONE', #972, #2367, #2351, .T. ) ;
#771 = DIRECTION ( 'NONE',  ( 0.000000000000000000, 1.000000000000000000, 0.000000000000000000 ) ) ;
#772 = CIRCLE ( 'NONE', #1113, 1.874999999999998224 ) ;
#773 = EDGE_CURVE ( 'NONE', #666, #736, #1149, .T. ) ;
#774 = VECTOR ( 'NONE', #14, 1000.000000000000000 ) ;
#775 = CARTESIAN_POINT ( 'NONE',  ( -12.53102924853866185, -19.80000000000000426, 22.86596341300608515 ) ) ;
#776 = AXIS2_PLACEMENT_3D ( 'NONE', #344, #970, #2003 ) ;
#777 = ORIENTED_EDGE ( 'NONE', *, *, #2056, .T. ) ;
#778 = DIRECTION ( 'NONE',  ( 0.000000000000000000, 0.000000000000000000, 1.000000000000000000 ) ) ;
#779 = LINE ( 'NONE', #1893, #650 ) ;
#780 = EDGE_CURVE ( 'NONE', #2417, #508, #713, .T. ) ;
#781 = DIRECTION ( 'NONE',  ( -0.000000000000000000, 1.000000000000000000, -0.000000000000000000 ) ) ;
#782 = ORIENTED_EDGE ( 'NONE', *, *, #1691, .T. ) ;
#783 = VERTEX_POINT ( 'NONE', #1969 ) ;
#784 = DIRECTION ( 'NONE',  ( -0.000000000000000000, -1.000000000000000000, -0.000000000000000000 ) ) ;
#785 = ORIENTED_EDGE ( 'NONE', *, *, #1651, .F. ) ;
#786 = ORIENTED_EDGE ( 'NONE', *, *, #323, .T. ) ;
#787 = DIRECTION ( 'NONE',  ( -0.000000000000000000, 1.000000000000000000, -0.000000000000000000 ) ) ;
#788 = CARTESIAN_POINT ( 'NONE',  ( 12.53102924853849309, 0.000000000000000000, -22.86596341300617752 ) ) ;
#789 = ADVANCED_FACE ( 'NONE', ( #966 ), #939, .T. ) ;
#790 = EDGE_LOOP ( 'NONE', ( #1253, #2627, #2102, #2449 ) ) ;
#791 = CARTESIAN_POINT ( 'NONE',  ( 28.83825055112444602, 16.00000000000000000, -3.058644332146231548 ) ) ;
#792 = DIRECTION ( 'NONE',  ( -0.000000000000000000, 1.000000000000000000, -0.000000000000000000 ) ) ;
#793 = DIRECTION ( 'NONE',  ( -0.000000000000000000, -1.000000000000000000, -0.000000000000000000 ) ) ;
#794 = EDGE_LOOP ( 'NONE', ( #1211, #1930 ) ) ;
#795 = EDGE_CURVE ( 'NONE', #1191, #799, #2551, .T. ) ;
#796 = ORIENTED_EDGE ( 'NONE', *, *, #1257, .T. ) ;
#797 = LINE ( 'NONE', #595, #528 ) ;
#798 = ORIENTED_EDGE ( 'NONE', *, *, #1775, .F. ) ;
#799 = VERTEX_POINT ( 'NONE', #355 ) ;
#800 = LINE ( 'NONE', #2423, #352 ) ;
#801 = CARTESIAN_POINT ( 'NONE',  ( 0.000000000000000000, 15.19999999999999929, -25.00000000000000000 ) ) ;
#802 = DIRECTION ( 'NONE',  ( -0.000000000000000000, 1.000000000000000000, -0.000000000000000000 ) ) ;
#803 = ORIENTED_EDGE ( 'NONE', *, *, #1853, .T. ) ;
#804 = DIRECTION ( 'NONE',  ( 0.000000000000000000, 1.000000000000000000, 0.000000000000000000 ) ) ;
#805 = CARTESIAN_POINT ( 'NONE',  ( -15.09192316792220012, 18.00000000000000000, 24.76355901508370394 ) ) ;
#806 = CARTESIAN_POINT ( 'NONE',  ( 17.84523464162036888, 15.19999999999999929, -16.02931393176723773 ) ) ;
#807 = ORIENTED_EDGE ( 'NONE', *, *, #1691, .F. ) ;
#808 = EDGE_CURVE ( 'NONE', #1259, #2316, #264, .T. ) ;
#809 = EDGE_LOOP ( 'NONE', ( #1381, #1811, #61, #2270 ) ) ;
#810 = CARTESIAN_POINT ( 'NONE',  ( -12.53102924853866185, -19.80000000000000426, 23.91596341300608586 ) ) ;
#811 = EDGE_LOOP ( 'NONE', ( #1450, #1284, #407, #2105, #2589, #2553, #1505, #2538, #1046, #2547, #2350, #832, #1376, #1151, #954, #2548 ) ) ;
#812 = VECTOR ( 'NONE', #1106, 1000.000000000000114 ) ;
#813 = VERTEX_POINT ( 'NONE', #1947 ) ;
#814 = CARTESIAN_POINT ( 'NONE',  ( -23.91596341300622086, -38.00000000000000711, -11.28102924853839895 ) ) ;
#815 = AXIS2_PLACEMENT_3D ( 'NONE', #687, #2321, #36 ) ;
#816 = ADVANCED_FACE ( 'NONE', ( #552 ), #2557, .F. ) ;
#817 = CARTESIAN_POINT ( 'NONE',  ( 14.44631724737318024, 0.000000000000000000, 21.76017137130332202 ) ) ;
#818 = CIRCLE ( 'NONE', #1943, 0.4900000000000030442 ) ;
#819 = ORIENTED_EDGE ( 'NONE', *, *, #1140, .T. ) ;
#820 = AXIS2_PLACEMENT_3D ( 'NONE', #1045, #41, #2049 ) ;
#821 = DIRECTION ( 'NONE',  ( -0.000000000000000000, -1.000000000000000000, -0.000000000000000000 ) ) ;
#822 = FACE_OUTER_BOUND ( 'NONE', #2635, .T. ) ;
#823 = CARTESIAN_POINT ( 'NONE',  ( -18.93999700734201497, 15.19999999999999929, -6.179033396611310458 ) ) ;
#824 = AXIS2_PLACEMENT_3D ( 'NONE', #2165, #2177, #2360 ) ;
#825 = VERTEX_POINT ( 'NONE', #1356 ) ;
#826 = ORIENTED_EDGE ( 'NONE', *, *, #336, .F. ) ;
#827 = EDGE_CURVE ( 'NONE', #2175, #93, #1308, .T. ) ;
#828 = AXIS2_PLACEMENT_3D ( 'NONE', #1274, #2103, #1952 ) ;
#829 = CARTESIAN_POINT ( 'NONE',  ( -11.77026158278241574, 16.00000000000000000, 26.50397974404742740 ) ) ;
#830 = EDGE_CURVE ( 'NONE', #783, #1703, #267, .T. ) ;
#831 = VERTEX_POINT ( 'NONE', #1542 ) ;
#832 = ORIENTED_EDGE ( 'NONE', *, *, #900, .T. ) ;
#833 = DIRECTION ( 'NONE',  ( -0.000000000000000000, 1.000000000000000000, -0.000000000000000000 ) ) ;
#834 = CARTESIAN_POINT ( 'NONE',  ( 13.97523419443264991, 15.20000000000000107, -3.147384960161697443 ) ) ;
#835 = ORIENTED_EDGE ( 'NONE', *, *, #889, .T. ) ;
#836 = FACE_OUTER_BOUND ( 'NONE', #717, .T. ) ;
#837 = DIRECTION ( 'NONE',  ( -0.000000000000000000, 1.000000000000000000, -0.000000000000000000 ) ) ;
#838 = DIRECTION ( 'NONE',  ( -0.000000000000000000, 1.000000000000000000, -0.000000000000000000 ) ) ;
#839 = CARTESIAN_POINT ( 'NONE',  ( 14.44631724737318024, 16.00000000000000000, 22.81017137130332273 ) ) ;
#840 = EDGE_LOOP ( 'NONE', ( #1652, #23, #796, #2405 ) ) ;
#841 = CARTESIAN_POINT ( 'NONE',  ( 26.97734649591177813, 16.00000000000000000, -1.105792041702857720 ) ) ;
#842 = ORIENTED_EDGE ( 'NONE', *, *, #1322, .T. ) ;
#843 = ORIENTED_EDGE ( 'NONE', *, *, #2130, .T. ) ;
#844 = VERTEX_POINT ( 'NONE', #1744 ) ;
#845 = CARTESIAN_POINT ( 'NONE',  ( -13.89990961121677771, 16.00000000000000000, -25.45176836292527156 ) ) ;
#846 = DIRECTION ( 'NONE',  ( 0.000000000000000000, 1.000000000000000000, 0.000000000000000000 ) ) ;
#847 = EDGE_CURVE ( 'NONE', #2010, #1861, #302, .T. ) ;
#848 = EDGE_CURVE ( 'NONE', #1836, #2585, #2597, .T. ) ;
#849 = ORIENTED_EDGE ( 'NONE', *, *, #554, .T. ) ;
#850 = CARTESIAN_POINT ( 'NONE',  ( 5.465918298356126748, 15.19999999999999929, -6.689413016446518867 ) ) ;
#851 = CARTESIAN_POINT ( 'NONE',  ( 12.53102924853849309, -19.80000000000000426, -23.91596341300617823 ) ) ;
#852 = CARTESIAN_POINT ( 'NONE',  ( 5.465918298356126748, 16.69999999999999929, -6.689413016446518867 ) ) ;
#853 = DIRECTION ( 'NONE',  ( 0.000000000000000000, -0.000000000000000000, 1.000000000000000000 ) ) ;
#854 = VECTOR ( 'NONE', #481, 1000.000000000000000 ) ;
#855 = CARTESIAN_POINT ( 'NONE',  ( 14.19186004110838795, 18.00000000000000000, -23.04575304852432183 ) ) ;
#856 = ORIENTED_EDGE ( 'NONE', *, *, #1280, .F. ) ;
#857 = ORIENTED_EDGE ( 'NONE', *, *, #634, .F. ) ;
#858 = CARTESIAN_POINT ( 'NONE',  ( -28.99183277913874690, 18.00000000000000000, -0.6882093478414350596 ) ) ;
#859 = DIRECTION ( 'NONE',  ( -0.000000000000000000, -1.000000000000000000, -0.000000000000000000 ) ) ;
#860 = VECTOR ( 'NONE', #2022, 1000.000000000000000 ) ;
#861 = DIRECTION ( 'NONE',  ( 0.000000000000000000, 0.000000000000000000, 1.000000000000000000 ) ) ;
#862 = EDGE_CURVE ( 'NONE', #668, #1680, #2169, .T. ) ;
#863 = DIRECTION ( 'NONE',  ( 0.000000000000000000, 0.000000000000000000, -1.000000000000000000 ) ) ;
#864 = VECTOR ( 'NONE', #1438, 1000.000000000000114 ) ;
#865 = ORIENTED_EDGE ( 'NONE', *, *, #902, .F. ) ;
#866 = DIRECTION ( 'NONE',  ( -0.8448211619001356754, 0.000000000000000000, 0.5350487869397563268 ) ) ;
#867 = AXIS2_PLACEMENT_3D ( 'NONE', #1851, #581, #1615 ) ;
#868 = DIRECTION ( 'NONE',  ( 0.000000000000000000, 1.000000000000000000, 0.000000000000000000 ) ) ;
#869 = FACE_OUTER_BOUND ( 'NONE', #1551, .T. ) ;
#870 = VECTOR ( 'NONE', #84, 1000.000000000000000 ) ;
#871 = VECTOR ( 'NONE', #2212, 1000.000000000000000 ) ;
#872 = CARTESIAN_POINT ( 'NONE',  ( -15.09192316792220012, 18.00000000000000000, 24.76355901508370394 ) ) ;
#873 = ORIENTED_EDGE ( 'NONE', *, *, #1104, .F. ) ;
#874 = DIRECTION ( 'NONE',  ( -0.9991609813300814658, -0.000000000000000000, 0.04095526080381493850 ) ) ;
#875 = FACE_OUTER_BOUND ( 'NONE', #2229, .T. ) ;
#876 = CARTESIAN_POINT ( 'NONE',  ( 13.89990961121660007, 16.00000000000000000, 25.45176836292537814 ) ) ;
#877 = EDGE_CURVE ( 'NONE', #2367, #1984, #602, .T. ) ;
#878 = ORIENTED_EDGE ( 'NONE', *, *, #451, .T. ) ;
#879 = CARTESIAN_POINT ( 'NONE',  ( 1.105792041704699136, 5.000000000000000000, 26.97734649591074785 ) ) ;
#880 = FACE_OUTER_BOUND ( 'NONE', #1139, .T. ) ;
#881 = VERTEX_POINT ( 'NONE', #757 ) ;
#882 = VERTEX_POINT ( 'NONE', #952 ) ;
#883 = EDGE_CURVE ( 'NONE', #233, #1563, #223, .T. ) ;
#884 = CARTESIAN_POINT ( 'NONE',  ( 1.105792041704699136, 18.00000000000000000, 26.97734649591074785 ) ) ;
#885 = ORIENTED_EDGE ( 'NONE', *, *, #725, .T. ) ;
#886 = CYLINDRICAL_SURFACE ( 'NONE', #1154, 1.049999999999998934 ) ;
#887 = DIRECTION ( 'NONE',  ( 0.000000000000000000, 1.000000000000000000, 0.000000000000000000 ) ) ;
#888 = DIRECTION ( 'NONE',  ( -0.9991609813300816878, 0.000000000000000000, 0.04095526080380908901 ) ) ;
#889 = EDGE_CURVE ( 'NONE', #185, #1221, #2048, .T. ) ;
#890 = EDGE_LOOP ( 'NONE', ( #678, #2418 ) ) ;
#891 = PLANE ( 'NONE',  #561 ) ;
#892 = CARTESIAN_POINT ( 'NONE',  ( -14.20670643413265921, 18.00000000000000000, -14.56609952141301001 ) ) ;
#893 = DIRECTION ( 'NONE',  ( 0.000000000000000000, 1.000000000000000000, 0.000000000000000000 ) ) ;
#894 = EDGE_CURVE ( 'NONE', #1592, #184, #818, .T. ) ;
#895 = EDGE_CURVE ( 'NONE', #297, #385, #1371, .T. ) ;
#896 = CARTESIAN_POINT ( 'NONE',  ( 16.03035692593593353, 18.00000000000000000, 21.80695489579127866 ) ) ;
#897 = ADVANCED_FACE ( 'NONE', ( #2215 ), #1611, .F. ) ;
#898 = ORIENTED_EDGE ( 'NONE', *, *, #830, .T. ) ;
#899 = DIRECTION ( 'NONE',  ( 0.6682412601262757157, 0.000000000000000000, 0.7439446338705905104 ) ) ;
#900 = EDGE_CURVE ( 'NONE', #694, #1876, #800, .T. ) ;
#901 = LINE ( 'NONE', #876, #2141 ) ;
#902 = EDGE_CURVE ( 'NONE', #983, #1116, #2349, .T. ) ;
#903 = ORIENTED_EDGE ( 'NONE', *, *, #725, .F. ) ;
#904 = LINE ( 'NONE', #2330, #313 ) ;
#905 = VECTOR ( 'NONE', #1268, 1000.000000000000000 ) ;
#906 = CIRCLE ( 'NONE', #5, 1.049999999999998934 ) ;
#907 = EDGE_LOOP ( 'NONE', ( #1799, #490, #2209, #1575 ) ) ;
#908 = DIRECTION ( 'NONE',  ( 0.000000000000000000, 0.000000000000000000, -1.000000000000000000 ) ) ;
#909 = AXIS2_PLACEMENT_3D ( 'NONE', #386, #976, #374 ) ;
#910 = CARTESIAN_POINT ( 'NONE',  ( 12.53102924853849309, 16.00000000000000000, -23.91596341300617823 ) ) ;
#911 = PRESENTATION_LAYER_ASSIGNMENT (  '', '', ( #693 ) ) ;
#912 = FACE_OUTER_BOUND ( 'NONE', #840, .T. ) ;
#913 = VECTOR ( 'NONE', #272, 1000.000000000000000 ) ;
#914 = ORIENTED_EDGE ( 'NONE', *, *, #1656, .T. ) ;
#915 = PLANE ( 'NONE',  #1593 ) ;
#916 = AXIS2_PLACEMENT_3D ( 'NONE', #2397, #1566, #924 ) ;
#917 = CARTESIAN_POINT ( 'NONE',  ( 26.97734649591177813, -19.80000000000000426, -2.155792041702859763 ) ) ;
#918 = CARTESIAN_POINT ( 'NONE',  ( 15.09192316792202782, 18.00000000000000000, -24.76355901508381763 ) ) ;
#919 = CIRCLE ( 'NONE', #2076, 25.00000000000000000 ) ;
#920 = VERTEX_POINT ( 'NONE', #1196 ) ;
#921 = DIRECTION ( 'NONE',  ( 0.000000000000000000, 1.000000000000000000, 0.000000000000000000 ) ) ;
#922 = DIRECTION ( 'NONE',  ( -0.000000000000000000, 1.000000000000000000, -0.000000000000000000 ) ) ;
#923 = ORIENTED_EDGE ( 'NONE', *, *, #1202, .F. ) ;
#924 = DIRECTION ( 'NONE',  ( 0.000000000000000000, 0.000000000000000000, 1.000000000000000000 ) ) ;
#925 = CARTESIAN_POINT ( 'NONE',  ( 26.97734649591177813, 16.00000000000000000, -1.105792041702857720 ) ) ;
#926 = EDGE_CURVE ( 'NONE', #470, #529, #1568, .T. ) ;
#927 = EDGE_CURVE ( 'NONE', #2319, #1556, #136, .T. ) ;
#928 = ORIENTED_EDGE ( 'NONE', *, *, #1788, .F. ) ;
#929 = ADVANCED_FACE ( 'NONE', ( #1005 ), #2204, .F. ) ;
#930 = FACE_OUTER_BOUND ( 'NONE', #2484, .T. ) ;
#931 = DIRECTION ( 'NONE',  ( 0.000000000000000000, 1.000000000000000000, 0.000000000000000000 ) ) ;
#932 = LINE ( 'NONE', #1987, #1868 ) ;
#933 = ORIENTED_EDGE ( 'NONE', *, *, #1835, .F. ) ;
#934 = ORIENTED_EDGE ( 'NONE', *, *, #2578, .F. ) ;
#935 = FACE_OUTER_BOUND ( 'NONE', #591, .T. ) ;
#936 = CYLINDRICAL_SURFACE ( 'NONE', #600, 1.250000000000695000 ) ;
#937 = ORIENTED_EDGE ( 'NONE', *, *, #2407, .T. ) ;
#938 = ADVANCED_FACE ( 'NONE', ( #175 ), #2569, .F. ) ;
#939 = PLANE ( 'NONE',  #2219 ) ;
#940 = AXIS2_PLACEMENT_3D ( 'NONE', #568, #2614, #406 ) ;
#941 = DIRECTION ( 'NONE',  ( 0.000000000000000000, 0.000000000000000000, 1.000000000000000000 ) ) ;
#942 = ORIENTED_EDGE ( 'NONE', *, *, #1118, .T. ) ;
#943 = LINE ( 'NONE', #1124, #269 ) ;
#944 = CIRCLE ( 'NONE', #1502, 1.874999999999998224 ) ;
#945 = CARTESIAN_POINT ( 'NONE',  ( 12.53102924853849309, 16.00000000000000000, -22.04096341300618178 ) ) ;
#946 = ORIENTED_EDGE ( 'NONE', *, *, #405, .F. ) ;
#947 = ORIENTED_EDGE ( 'NONE', *, *, #2138, .T. ) ;
#948 = AXIS2_PLACEMENT_3D ( 'NONE', #1823, #2198, #1418 ) ;
#949 = DIRECTION ( 'NONE',  ( -0.000000000000000000, 1.000000000000000000, -0.000000000000000000 ) ) ;
#950 = FACE_OUTER_BOUND ( 'NONE', #30, .T. ) ;
#951 = VECTOR ( 'NONE', #2528, 1000.000000000000114 ) ;
#952 = CARTESIAN_POINT ( 'NONE',  ( -16.03035692593608630, 16.00000000000000000, -21.80695489579116142 ) ) ;
#953 = VECTOR ( 'NONE', #1875, 1000.000000000000114 ) ;
#954 = ORIENTED_EDGE ( 'NONE', *, *, #1722, .F. ) ;
#955 = AXIS2_PLACEMENT_3D ( 'NONE', #1561, #728, #960 ) ;
#956 = DIRECTION ( 'NONE',  ( 0.000000000000000000, 0.000000000000000000, 1.000000000000000000 ) ) ;
#957 = CARTESIAN_POINT ( 'NONE',  ( -16.03035692593608630, 16.00000000000000000, -21.80695489579116142 ) ) ;
#958 = ORIENTED_EDGE ( 'NONE', *, *, #1090, .T. ) ;
#959 = CARTESIAN_POINT ( 'NONE',  ( 26.90055538190463480, 16.00000000000000000, -2.979218881696761301 ) ) ;
#960 = DIRECTION ( 'NONE',  ( 0.000000000000000000, -0.000000000000000000, -1.000000000000000000 ) ) ;
#961 = VERTEX_POINT ( 'NONE', #598 ) ;
#962 = LINE ( 'NONE', #2620, #1038 ) ;
#963 = FACE_BOUND ( 'NONE', #2112, .T. ) ;
#964 = CARTESIAN_POINT ( 'NONE',  ( -14.44631724737333833, -19.80000000000000426, -23.86017137130321331 ) ) ;
#965 = EDGE_CURVE ( 'NONE', #508, #2175, #1631, .T. ) ;
#966 = FACE_OUTER_BOUND ( 'NONE', #167, .T. ) ;
#967 = DIRECTION ( 'NONE',  ( 0.000000000000000000, 0.000000000000000000, 1.000000000000000000 ) ) ;
#968 = VERTEX_POINT ( 'NONE', #551 ) ;
#969 = DIRECTION ( 'NONE',  ( 0.000000000000000000, 0.000000000000000000, 1.000000000000000000 ) ) ;
#970 = DIRECTION ( 'NONE',  ( -0.000000000000000000, -1.000000000000000000, -0.000000000000000000 ) ) ;
#971 = EDGE_LOOP ( 'NONE', ( #1694, #114 ) ) ;
#972 = VERTEX_POINT ( 'NONE', #2232 ) ;
#973 = EDGE_CURVE ( 'NONE', #961, #1348, #1997, .T. ) ;
#974 = DIRECTION ( 'NONE',  ( -0.000000000000000000, 1.000000000000000000, -0.000000000000000000 ) ) ;
#975 = DIRECTION ( 'NONE',  ( 0.000000000000000000, 0.000000000000000000, 1.000000000000000000 ) ) ;
#976 = DIRECTION ( 'NONE',  ( 0.000000000000000000, 1.000000000000000000, 0.000000000000000000 ) ) ;
#977 = EDGE_CURVE ( 'NONE', #1389, #2377, #1587, .T. ) ;
#978 = CARTESIAN_POINT ( 'NONE',  ( -14.44631724737333833, 0.000000000000000000, -23.86017137130321331 ) ) ;
#979 = DIRECTION ( 'NONE',  ( -0.000000000000000000, -1.000000000000000000, -0.000000000000000000 ) ) ;
#980 = CARTESIAN_POINT ( 'NONE',  ( 22.81017137130313799, 4.999999999999997335, -14.44631724737534562 ) ) ;
#981 = VECTOR ( 'NONE', #710, 1000.000000000000000 ) ;
#982 = DIRECTION ( 'NONE',  ( 0.000000000000000000, 0.000000000000000000, 1.000000000000000000 ) ) ;
#983 = VERTEX_POINT ( 'NONE', #1172 ) ;
#984 = ORIENTED_EDGE ( 'NONE', *, *, #1529, .T. ) ;
#985 = AXIS2_PLACEMENT_3D ( 'NONE', #1131, #747, #956 ) ;
#986 = DIRECTION ( 'NONE',  ( 0.000000000000000000, 1.000000000000000000, 0.000000000000000000 ) ) ;
#987 = EDGE_CURVE ( 'NONE', #783, #628, #7, .T. ) ;
#988 = VERTEX_POINT ( 'NONE', #577 ) ;
#989 = CARTESIAN_POINT ( 'NONE',  ( -13.89990961121677771, 16.00000000000000000, -25.45176836292527156 ) ) ;
#990 =( GEOMETRIC_REPRESENTATION_CONTEXT ( 3 ) GLOBAL_UNCERTAINTY_ASSIGNED_CONTEXT ( ( #1440 ) ) GLOBAL_UNIT_ASSIGNED_CONTEXT ( ( #181, #408, #1430 ) ) REPRESENTATION_CONTEXT ( 'NONE', 'WORKASPACE' ) );
#991 = EDGE_CURVE ( 'NONE', #1022, #1559, #1384, .T. ) ;
#992 = AXIS2_PLACEMENT_3D ( 'NONE', #1738, #1940, #899 ) ;
#993 = CIRCLE ( 'NONE', #2479, 1.874999999999999556 ) ;
#994 = EDGE_CURVE ( 'NONE', #1052, #2119, #669, .T. ) ;
#995 = LINE ( 'NONE', #775, #1977 ) ;
#996 = CIRCLE ( 'NONE', #2482, 0.4873012446025594135 ) ;
#997 = ORIENTED_EDGE ( 'NONE', *, *, #1588, .F. ) ;
#998 = DIRECTION ( 'NONE',  ( 0.000000000000000000, 1.000000000000000000, 0.000000000000000000 ) ) ;
#999 = DIRECTION ( 'NONE',  ( 0.000000000000000000, 0.000000000000000000, 1.000000000000000000 ) ) ;
#1000 = ORIENTED_EDGE ( 'NONE', *, *, #2572, .T. ) ;
#1001 = VERTEX_POINT ( 'NONE', #430 ) ;
#1002 = DIRECTION ( 'NONE',  ( -0.000000000000000000, -1.000000000000000000, -0.000000000000000000 ) ) ;
#1003 = ORIENTED_EDGE ( 'NONE', *, *, #705, .F. ) ;
#1004 = ORIENTED_EDGE ( 'NONE', *, *, #323, .F. ) ;
#1005 = FACE_OUTER_BOUND ( 'NONE', #510, .T. ) ;
#1006 = CARTESIAN_POINT ( 'NONE',  ( 0.000000000000000000, 18.00000000000000000, 0.000000000000000000 ) ) ;
#1007 = EDGE_CURVE ( 'NONE', #1877, #195, #1032, .T. ) ;
#1008 = DIRECTION ( 'NONE',  ( -0.000000000000000000, 1.000000000000000000, -0.000000000000000000 ) ) ;
#1009 = ORIENTED_EDGE ( 'NONE', *, *, #1785, .T. ) ;
#1010 = DIRECTION ( 'NONE',  ( 0.000000000000000000, 0.000000000000000000, 1.000000000000000000 ) ) ;
#1011 = DIRECTION ( 'NONE',  ( -0.000000000000000000, 1.000000000000000000, -0.000000000000000000 ) ) ;
#1012 = LINE ( 'NONE', #210, #1600 ) ;
#1013 = ORIENTED_EDGE ( 'NONE', *, *, #1362, .T. ) ;
#1014 = ORIENTED_EDGE ( 'NONE', *, *, #1754, .F. ) ;
#1015 = CARTESIAN_POINT ( 'NONE',  ( 27.05413760991892502, 16.00000000000000000, 0.7676347982910440848 ) ) ;
#1016 = ORIENTED_EDGE ( 'NONE', *, *, #926, .T. ) ;
#1017 = ORIENTED_EDGE ( 'NONE', *, *, #1580, .T. ) ;
#1018 = CARTESIAN_POINT ( 'NONE',  ( -23.91596341300622086, 4.999999999999997335, -13.78102924853840250 ) ) ;
#1019 = CARTESIAN_POINT ( 'NONE',  ( 13.12975062557871730, 15.19999999999999929, -21.27462452101365287 ) ) ;
#1020 = DIRECTION ( 'NONE',  ( -0.000000000000000000, 1.000000000000000000, -0.000000000000000000 ) ) ;
#1021 = EDGE_CURVE ( 'NONE', #1102, #415, #639, .T. ) ;
#1022 = VERTEX_POINT ( 'NONE', #40 ) ;
#1023 = LINE ( 'NONE', #1837, #390 ) ;
#1024 = CARTESIAN_POINT ( 'NONE',  ( 22.16042953152814832, 0.000000000000000000, -10.49603194562280173 ) ) ;
#1025 = ORIENTED_EDGE ( 'NONE', *, *, #451, .F. ) ;
#1026 = ORIENTED_EDGE ( 'NONE', *, *, #1938, .T. ) ;
#1027 = VECTOR ( 'NONE', #58, 1000.000000000000000 ) ;
#1028 = DIRECTION ( 'NONE',  ( -0.000000000000000000, 1.000000000000000000, -0.000000000000000000 ) ) ;
#1029 = EDGE_LOOP ( 'NONE', ( #279, #1395, #2285, #594 ) ) ;
#1030 = AXIS2_PLACEMENT_3D ( 'NONE', #1834, #357, #1584 ) ;
#1031 = ORIENTED_EDGE ( 'NONE', *, *, #277, .F. ) ;
#1032 = LINE ( 'NONE', #1043, #1504 ) ;
#1033 = AXIS2_PLACEMENT_3D ( 'NONE', #2193, #1182, #526 ) ;
#1034 = CYLINDRICAL_SURFACE ( 'NONE', #356, 25.00000000000000000 ) ;
#1035 = ORIENTED_EDGE ( 'NONE', *, *, #260, .T. ) ;
#1036 = AXIS2_PLACEMENT_3D ( 'NONE', #2097, #1297, #700 ) ;
#1037 = CARTESIAN_POINT ( 'NONE',  ( 22.63106907118705990, 0.000000000000000000, -10.62236850684255884 ) ) ;
#1038 = VECTOR ( 'NONE', #1619, 1000.000000000000000 ) ;
#1039 = ORIENTED_EDGE ( 'NONE', *, *, #1470, .F. ) ;
#1040 = AXIS2_PLACEMENT_3D ( 'NONE', #1770, #2576, #1589 ) ;
#1041 = DIRECTION ( 'NONE',  ( 0.000000000000000000, 1.000000000000000000, 0.000000000000000000 ) ) ;
#1042 = ORIENTED_EDGE ( 'NONE', *, *, #1055, .F. ) ;
#1043 = CARTESIAN_POINT ( 'NONE',  ( -28.83825055112443891, 16.00000000000000000, 3.058644332146373213 ) ) ;
#1044 = ADVANCED_FACE ( 'NONE', ( #1224 ), #462, .F. ) ;
#1045 = CARTESIAN_POINT ( 'NONE',  ( -14.20670643413265921, 18.00000000000000000, -15.81609952141301001 ) ) ;
#1046 = ORIENTED_EDGE ( 'NONE', *, *, #535, .F. ) ;
#1047 = DIRECTION ( 'NONE',  ( -0.04095526080381495238, 0.000000000000000000, -0.9991609813300815768 ) ) ;
#1048 = ORIENTED_EDGE ( 'NONE', *, *, #773, .T. ) ;
#1049 = LINE ( 'NONE', #1886, #2323 ) ;
#1050 = ORIENTED_EDGE ( 'NONE', *, *, #306, .T. ) ;
#1051 = EDGE_CURVE ( 'NONE', #266, #240, #1485, .T. ) ;
#1052 = VERTEX_POINT ( 'NONE', #1862 ) ;
#1053 = DIRECTION ( 'NONE',  ( 0.000000000000000000, 0.000000000000000000, -1.000000000000000000 ) ) ;
#1054 = FACE_BOUND ( 'NONE', #2590, .T. ) ;
#1055 = EDGE_CURVE ( 'NONE', #1348, #1559, #563, .T. ) ;
#1056 = EDGE_LOOP ( 'NONE', ( #2474, #673, #856, #461, #777, #212, #2058, #1571 ) ) ;
#1057 = CYLINDRICAL_SURFACE ( 'NONE', #2143, 29.00000000000000000 ) ;
#1058 = CYLINDRICAL_SURFACE ( 'NONE', #1644, 25.00000000000000000 ) ;
#1059 = CARTESIAN_POINT ( 'NONE',  ( -28.83825055112444247, 18.00000000000000000, 3.058644332146356781 ) ) ;
#1060 = ORIENTED_EDGE ( 'NONE', *, *, #965, .T. ) ;
#1061 = DIRECTION ( 'NONE',  ( -0.000000000000000000, 1.000000000000000000, -0.000000000000000000 ) ) ;
#1062 = ORIENTED_EDGE ( 'NONE', *, *, #235, .T. ) ;
#1063 = CARTESIAN_POINT ( 'NONE',  ( 0.000000000000000000, 18.00000000000000000, 0.000000000000000000 ) ) ;
#1064 = DIRECTION ( 'NONE',  ( 0.000000000000000000, 1.000000000000000000, 0.000000000000000000 ) ) ;
#1065 = AXIS2_PLACEMENT_3D ( 'NONE', #682, #1708, #1942 ) ;
#1066 = FACE_OUTER_BOUND ( 'NONE', #1752, .T. ) ;
#1067 = EDGE_CURVE ( 'NONE', #256, #1621, #2461, .T. ) ;
#1068 = ORIENTED_EDGE ( 'NONE', *, *, #419, .F. ) ;
#1069 = CARTESIAN_POINT ( 'NONE',  ( -26.97734649591178524, 0.000000000000000000, 2.155792041702669248 ) ) ;
#1070 = CIRCLE ( 'NONE', #484, 1.250000000001989076 ) ;
#1071 = APPLICATION_PROTOCOL_DEFINITION ( 'draft international standard', 'automotive_design', 1998, #1178 ) ;
#1072 = PLANE ( 'NONE',  #2506 ) ;
#1073 = AXIS2_PLACEMENT_3D ( 'NONE', #1526, #670, #2337 ) ;
#1074 = ORIENTED_EDGE ( 'NONE', *, *, #1501, .F. ) ;
#1075 = AXIS2_PLACEMENT_3D ( 'NONE', #744, #2016, #161 ) ;
#1076 = DIRECTION ( 'NONE',  ( 0.000000000000000000, 1.000000000000000000, 0.000000000000000000 ) ) ;
#1077 = ORIENTED_EDGE ( 'NONE', *, *, #1881, .F. ) ;
#1078 = CIRCLE ( 'NONE', #2037, 2.000000000000000000 ) ;
#1079 = VERTEX_POINT ( 'NONE', #2491 ) ;
#1080 = CARTESIAN_POINT ( 'NONE',  ( -16.03035692593608630, 18.00000000000000000, -21.80695489579116142 ) ) ;
#1081 = DIRECTION ( 'NONE',  ( 0.000000000000000000, 0.000000000000000000, 1.000000000000000000 ) ) ;
#1082 = CARTESIAN_POINT ( 'NONE',  ( 9.716382959520364793, 16.69999999999999929, -4.056249488635537581 ) ) ;
#1083 = DIRECTION ( 'NONE',  ( 0.4641121943903211422, -0.000000000000000000, -0.8857764227039466309 ) ) ;
#1084 = ORIENTED_EDGE ( 'NONE', *, *, #1957, .F. ) ;
#1085 = EDGE_CURVE ( 'NONE', #297, #1734, #434, .T. ) ;
#1086 = CARTESIAN_POINT ( 'NONE',  ( 3.551475717527324818E-15, 18.00000000000000000, 29.00000000000000711 ) ) ;
#1087 = EDGE_CURVE ( 'NONE', #85, #1813, #1903, .T. ) ;
#1088 = DIRECTION ( 'NONE',  ( -0.000000000000000000, 1.000000000000000000, -0.000000000000000000 ) ) ;
#1089 = EDGE_LOOP ( 'NONE', ( #1628, #9, #1550, #2291 ) ) ;
#1090 = EDGE_CURVE ( 'NONE', #385, #920, #308, .T. ) ;
#1091 = DIRECTION ( 'NONE',  ( 0.000000000000000000, 0.000000000000000000, 1.000000000000000000 ) ) ;
#1092 = EDGE_CURVE ( 'NONE', #1313, #2532, #1809, .T. ) ;
#1093 = ORIENTED_EDGE ( 'NONE', *, *, #1085, .F. ) ;
#1094 = FACE_OUTER_BOUND ( 'NONE', #396, .T. ) ;
#1095 = CARTESIAN_POINT ( 'NONE',  ( -14.20670643413265921, 15.20000000000000107, -15.81609952141301001 ) ) ;
#1096 = VERTEX_POINT ( 'NONE', #1453 ) ;
#1097 = CARTESIAN_POINT ( 'NONE',  ( 4.987977591978570935, -2.800000000000000266, -13.88605338847411730 ) ) ;
#1098 = ORIENTED_EDGE ( 'NONE', *, *, #371, .T. ) ;
#1099 = DIRECTION ( 'NONE',  ( 0.000000000000000000, 0.000000000000000000, 1.000000000000000000 ) ) ;
#1100 = CARTESIAN_POINT ( 'NONE',  ( -11.77026158278242995, 16.00000000000000000, 26.50397974404741674 ) ) ;
#1101 = CARTESIAN_POINT ( 'NONE',  ( -17.62432321489560039, 15.20000000000000107, -10.21184178137248999 ) ) ;
#1102 = VERTEX_POINT ( 'NONE', #2094 ) ;
#1103 = AXIS2_PLACEMENT_3D ( 'NONE', #1690, #37, #2117 ) ;
#1104 = EDGE_CURVE ( 'NONE', #988, #455, #217, .T. ) ;
#1105 = CARTESIAN_POINT ( 'NONE',  ( -15.09192316792220012, 16.00000000000000000, 24.76355901508370394 ) ) ;
#1106 = DIRECTION ( 'NONE',  ( -0.7439446338705899553, 0.000000000000000000, 0.6682412601262764928 ) ) ;
#1107 = CIRCLE ( 'NONE', #1674, 25.00000000000000000 ) ;
#1108 = AXIS2_PLACEMENT_3D ( 'NONE', #759, #2236, #2388 ) ;
#1109 = ORIENTED_EDGE ( 'NONE', *, *, #1427, .F. ) ;
#1110 = CARTESIAN_POINT ( 'NONE',  ( 27.05413760991892502, 16.00000000000000000, 0.7676347982910440848 ) ) ;
#1111 = VECTOR ( 'NONE', #874, 1000.000000000000227 ) ;
#1112 = CARTESIAN_POINT ( 'NONE',  ( 14.44631724737318024, 16.00000000000000000, 21.76017137130332202 ) ) ;
#1113 = AXIS2_PLACEMENT_3D ( 'NONE', #1321, #931, #2390 ) ;
#1114 = CARTESIAN_POINT ( 'NONE',  ( 22.81017137130313799, -38.00000000000000711, -14.44631724737534562 ) ) ;
#1115 = CIRCLE ( 'NONE', #229, 4.999999999999998224 ) ;
#1116 = VERTEX_POINT ( 'NONE', #1889 ) ;
#1117 = CIRCLE ( 'NONE', #1460, 1.050000000000001821 ) ;
#1118 = EDGE_CURVE ( 'NONE', #968, #881, #1276, .T. ) ;
#1119 = DIRECTION ( 'NONE',  ( 0.000000000000000000, 1.000000000000000000, 0.000000000000000000 ) ) ;
#1120 = AXIS2_PLACEMENT_3D ( 'NONE', #1419, #2630, #1219 ) ;
#1121 = LINE ( 'NONE', #1316, #812 ) ;
#1122 = EDGE_LOOP ( 'NONE', ( #937, #449, #865, #1391 ) ) ;
#1123 = CARTESIAN_POINT ( 'NONE',  ( -11.77026158278241574, 16.00000000000000000, 26.50397974404742740 ) ) ;
#1124 = CARTESIAN_POINT ( 'NONE',  ( 13.16755921373100335, -2.800000000000000266, -21.23691145860815510 ) ) ;
#1125 = PLANE ( 'NONE',  #1040 ) ;
#1126 = ORIENTED_EDGE ( 'NONE', *, *, #1334, .F. ) ;
#1127 = CARTESIAN_POINT ( 'NONE',  ( 28.99183277913874690, 18.00000000000000000, 0.6882093478415683974 ) ) ;
#1128 = EDGE_CURVE ( 'NONE', #1348, #825, #204, .T. ) ;
#1129 = CYLINDRICAL_SURFACE ( 'NONE', #1941, 1.049999999999998934 ) ;
#1130 = VERTEX_POINT ( 'NONE', #1018 ) ;
#1131 = CARTESIAN_POINT ( 'NONE',  ( 0.000000000000000000, 18.00000000000000000, 0.000000000000000000 ) ) ;
#1132 = CARTESIAN_POINT ( 'NONE',  ( 12.53102924853849309, 16.00000000000000000, -23.91596341300617823 ) ) ;
#1133 = ORIENTED_EDGE ( 'NONE', *, *, #827, .F. ) ;
#1134 = DIRECTION ( 'NONE',  ( 0.3101543218775765220, 0.000000000000000000, -0.9506862240616831272 ) ) ;
#1135 = DIRECTION ( 'NONE',  ( -0.000000000000000000, 1.000000000000000000, -0.000000000000000000 ) ) ;
#1136 = ORIENTED_EDGE ( 'NONE', *, *, #2154, .F. ) ;
#1137 = FACE_BOUND ( 'NONE', #2014, .T. ) ;
#1138 = CARTESIAN_POINT ( 'NONE',  ( 0.000000000000000000, 18.00000000000000000, 0.000000000000000000 ) ) ;
#1139 = EDGE_LOOP ( 'NONE', ( #1345, #2242, #2374, #928 ) ) ;
#1140 = EDGE_CURVE ( 'NONE', #1221, #2119, #2288, .T. ) ;
#1141 = DIRECTION ( 'NONE',  ( -0.000000000000000000, 1.000000000000000000, -0.000000000000000000 ) ) ;
#1142 = ADVANCED_FACE ( 'NONE', ( #1635 ), #1265, .T. ) ;
#1143 = EDGE_CURVE ( 'NONE', #1590, #881, #1985, .T. ) ;
#1144 = AXIS2_PLACEMENT_3D ( 'NONE', #1358, #375, #590 ) ;
#1145 = CARTESIAN_POINT ( 'NONE',  ( -26.97734649591178524, 16.00000000000000000, 1.105792041702670314 ) ) ;
#1146 = ORIENTED_EDGE ( 'NONE', *, *, #496, .F. ) ;
#1147 = EDGE_CURVE ( 'NONE', #1650, #972, #1070, .T. ) ;
#1148 = DIRECTION ( 'NONE',  ( -0.000000000000000000, 1.000000000000000000, -0.000000000000000000 ) ) ;
#1149 = CIRCLE ( 'NONE', #985, 29.00000000000000355 ) ;
#1150 = DIRECTION ( 'NONE',  ( -0.000000000000000000, 1.000000000000000000, -0.000000000000000000 ) ) ;
#1151 = ORIENTED_EDGE ( 'NONE', *, *, #1397, .F. ) ;
#1152 = AXIS2_PLACEMENT_3D ( 'NONE', #1411, #1791, #2582 ) ;
#1153 = ORIENTED_EDGE ( 'NONE', *, *, #165, .T. ) ;
#1154 = AXIS2_PLACEMENT_3D ( 'NONE', #1706, #2544, #969 ) ;
#1155 = FACE_OUTER_BOUND ( 'NONE', #790, .T. ) ;
#1156 = LINE ( 'NONE', #2540, #1361 ) ;
#1157 = CIRCLE ( 'NONE', #13, 29.00000000000000355 ) ;
#1158 = DIRECTION ( 'NONE',  ( -0.000000000000000000, 1.000000000000000000, -0.000000000000000000 ) ) ;
#1159 = CIRCLE ( 'NONE', #2354, 1.050000000000002265 ) ;
#1160 = VECTOR ( 'NONE', #130, 1000.000000000000000 ) ;
#1161 = DIRECTION ( 'NONE',  ( 0.000000000000000000, 1.000000000000000000, 0.000000000000000000 ) ) ;
#1162 = CARTESIAN_POINT ( 'NONE',  ( -26.97734649591178524, -19.80000000000000426, 0.05579204170267130364 ) ) ;
#1163 = EDGE_CURVE ( 'NONE', #1617, #1259, #943, .T. ) ;
#1164 = EDGE_LOOP ( 'NONE', ( #742, #2345 ) ) ;
#1165 = EDGE_CURVE ( 'NONE', #1096, #46, #1636, .T. ) ;
#1166 = CARTESIAN_POINT ( 'NONE',  ( 0.000000000000000000, 16.00000000000000000, 0.000000000000000000 ) ) ;
#1167 = FACE_OUTER_BOUND ( 'NONE', #2444, .T. ) ;
#1168 = ORIENTED_EDGE ( 'NONE', *, *, #1165, .F. ) ;
#1169 = DIRECTION ( 'NONE',  ( 0.000000000000000000, 0.000000000000000000, 1.000000000000000000 ) ) ;
#1170 = EDGE_CURVE ( 'NONE', #1079, #736, #1986, .T. ) ;
#1171 = CARTESIAN_POINT ( 'NONE',  ( -23.91596341300622086, 18.00000000000000000, -12.53102924853840072 ) ) ;
#1172 = CARTESIAN_POINT ( 'NONE',  ( 0.000000000000000000, 0.000000000000000000, -25.00000000000000000 ) ) ;
#1173 = CARTESIAN_POINT ( 'NONE',  ( -13.89990961121677771, 18.00000000000000000, -25.45176836292527156 ) ) ;
#1174 = EDGE_LOOP ( 'NONE', ( #885, #958 ) ) ;
#1175 = LINE ( 'NONE', #2011, #1286 ) ;
#1176 = FACE_OUTER_BOUND ( 'NONE', #1089, .T. ) ;
#1177 = ORIENTED_EDGE ( 'NONE', *, *, #2250, .T. ) ;
#1178 = APPLICATION_CONTEXT ( 'automotive_design' ) ;
#1179 = ORIENTED_EDGE ( 'NONE', *, *, #2015, .T. ) ;
#1180 = ADVANCED_FACE ( 'NONE', ( #544 ), #117, .F. ) ;
#1181 = DIRECTION ( 'NONE',  ( 0.8857764227039466309, 0.000000000000000000, 0.4641121943903211422 ) ) ;
#1182 = DIRECTION ( 'NONE',  ( -0.000000000000000000, 1.000000000000000000, -0.000000000000000000 ) ) ;
#1183 = DIRECTION ( 'NONE',  ( 0.000000000000000000, 1.000000000000000000, 0.000000000000000000 ) ) ;
#1184 = ADVANCED_FACE ( 'NONE', ( #360 ), #886, .F. ) ;
#1185 = AXIS2_PLACEMENT_3D ( 'NONE', #910, #704, #304 ) ;
#1186 = CARTESIAN_POINT ( 'NONE',  ( 13.16755921373100335, 18.00000000000000000, -21.23691145860815510 ) ) ;
#1187 = ORIENTED_EDGE ( 'NONE', *, *, #631, .T. ) ;
#1188 = CYLINDRICAL_SURFACE ( 'NONE', #867, 25.00000000000000000 ) ;
#1189 = DIRECTION ( 'NONE',  ( 0.6682412601262717189, -0.000000000000000000, 0.7439446338705942852 ) ) ;
#1190 = ORIENTED_EDGE ( 'NONE', *, *, #808, .T. ) ;
#1191 = VERTEX_POINT ( 'NONE', #156 ) ;
#1192 = AXIS2_PLACEMENT_3D ( 'NONE', #2361, #2380, #2178 ) ;
#1193 = DIRECTION ( 'NONE',  ( 0.000000000000000000, 1.000000000000000000, 0.000000000000000000 ) ) ;
#1194 = ORIENTED_EDGE ( 'NONE', *, *, #128, .T. ) ;
#1195 = ORIENTED_EDGE ( 'NONE', *, *, #440, .F. ) ;
#1196 = CARTESIAN_POINT ( 'NONE',  ( -14.44631724737333833, 16.00000000000000000, -21.76017137130321544 ) ) ;
#1197 = VECTOR ( 'NONE', #837, 1000.000000000000000 ) ;
#1198 = DIRECTION ( 'NONE',  ( 0.000000000000000000, 0.000000000000000000, -1.000000000000000000 ) ) ;
#1199 = AXIS2_PLACEMENT_3D ( 'NONE', #452, #1256, #589 ) ;
#1200 = VECTOR ( 'NONE', #2268, 1000.000000000000114 ) ;
#1201 = DIRECTION ( 'NONE',  ( -0.000000000000000000, 1.000000000000000000, -0.000000000000000000 ) ) ;
#1202 = EDGE_CURVE ( 'NONE', #93, #2298, #772, .T. ) ;
#1203 = CIRCLE ( 'NONE', #1512, 1.874999999999998224 ) ;
#1204 = ORIENTED_EDGE ( 'NONE', *, *, #496, .T. ) ;
#1205 = CARTESIAN_POINT ( 'NONE',  ( 12.47939747649659559, -2.800000000000000266, -21.27380190299787444 ) ) ;
#1206 = AXIS2_PLACEMENT_3D ( 'NONE', #1673, #2497, #2115 ) ;
#1207 = DIRECTION ( 'NONE',  ( 0.000000000000000000, 0.000000000000000000, 1.000000000000000000 ) ) ;
#1208 = VERTEX_POINT ( 'NONE', #959 ) ;
#1209 = EDGE_LOOP ( 'NONE', ( #2622, #216, #584, #1874, #1042, #2082 ) ) ;
#1210 = DIRECTION ( 'NONE',  ( 0.000000000000000000, 1.000000000000000000, 0.000000000000000000 ) ) ;
#1211 = ORIENTED_EDGE ( 'NONE', *, *, #1792, .F. ) ;
#1212 = DIRECTION ( 'NONE',  ( 2.602085213965210642E-15, 0.000000000000000000, -1.000000000000000000 ) ) ;
#1213 = DIRECTION ( 'NONE',  ( -0.9506862240616831272, -0.000000000000000000, -0.3101543218775765220 ) ) ;
#1214 = EDGE_CURVE ( 'NONE', #1590, #1913, #1346, .T. ) ;
#1215 = CARTESIAN_POINT ( 'NONE',  ( 1.105792041704699136, 4.999999999999997335, 26.97734649591074785 ) ) ;
#1216 = EDGE_LOOP ( 'NONE', ( #2213, #2135, #843, #546 ) ) ;
#1217 = CARTESIAN_POINT ( 'NONE',  ( -26.97734649591178524, 0.000000000000000000, 1.105792041702670314 ) ) ;
#1218 = DIRECTION ( 'NONE',  ( -0.000000000000000000, 1.000000000000000000, -0.000000000000000000 ) ) ;
#1219 = DIRECTION ( 'NONE',  ( 0.000000000000000000, 0.000000000000000000, -1.000000000000000000 ) ) ;
#1220 = ORIENTED_EDGE ( 'NONE', *, *, #1248, .T. ) ;
#1221 = VERTEX_POINT ( 'NONE', #2375 ) ;
#1222 = CARTESIAN_POINT ( 'NONE',  ( 22.81017137130313799, 18.00000000000000000, -15.69631724737733514 ) ) ;
#1223 = ORIENTED_EDGE ( 'NONE', *, *, #519, .F. ) ;
#1224 = FACE_OUTER_BOUND ( 'NONE', #1955, .T. ) ;
#1225 = FACE_BOUND ( 'NONE', #380, .T. ) ;
#1226 = EDGE_CURVE ( 'NONE', #1417, #1488, #145, .T. ) ;
#1227 = ORIENTED_EDGE ( 'NONE', *, *, #1701, .F. ) ;
#1228 = DIRECTION ( 'NONE',  ( 0.000000000000000000, 0.000000000000000000, 1.000000000000000000 ) ) ;
#1229 = EDGE_CURVE ( 'NONE', #1273, #2439, #566, .T. ) ;
#1230 = CARTESIAN_POINT ( 'NONE',  ( 0.000000000000000000, 0.000000000000000000, 0.000000000000000000 ) ) ;
#1231 = LINE ( 'NONE', #1491, #854 ) ;
#1232 = ADVANCED_FACE ( 'NONE', ( #557 ), #2562, .F. ) ;
#1233 = VERTEX_POINT ( 'NONE', #726 ) ;
#1234 = AXIS2_PLACEMENT_3D ( 'NONE', #2560, #714, #941 ) ;
#1235 = DIRECTION ( 'NONE',  ( 0.000000000000000000, 0.000000000000000000, 1.000000000000000000 ) ) ;
#1236 = VERTEX_POINT ( 'NONE', #2186 ) ;
#1237 = VECTOR ( 'NONE', #646, 1000.000000000000000 ) ;
#1238 = ORIENTED_EDGE ( 'NONE', *, *, #2233, .F. ) ;
#1239 = EDGE_LOOP ( 'NONE', ( #614, #131, #2469, #1629 ) ) ;
#1240 = CARTESIAN_POINT ( 'NONE',  ( -10.87019845596876699, 16.00000000000000000, 24.78617377748794937 ) ) ;
#1241 = LINE ( 'NONE', #1666, #2188 ) ;
#1242 = AXIS2_PLACEMENT_3D ( 'NONE', #1217, #998, #2053 ) ;
#1243 = VECTOR ( 'NONE', #859, 1000.000000000000000 ) ;
#1244 = ORIENTED_EDGE ( 'NONE', *, *, #1957, .T. ) ;
#1245 = AXIS2_PLACEMENT_3D ( 'NONE', #1637, #2462, #1474 ) ;
#1246 = LINE ( 'NONE', #1931, #387 ) ;
#1247 = DIRECTION ( 'NONE',  ( 0.000000000000000000, 0.000000000000000000, 1.000000000000000000 ) ) ;
#1248 = EDGE_CURVE ( 'NONE', #1208, #1646, #739, .T. ) ;
#1249 = AXIS2_PLACEMENT_3D ( 'NONE', #399, #1193, #1828 ) ;
#1250 = DIRECTION ( 'NONE',  ( -0.7439446338705899553, 0.000000000000000000, 0.6682412601262764928 ) ) ;
#1251 = AXIS2_PLACEMENT_3D ( 'NONE', #623, #2065, #982 ) ;
#1252 = DIRECTION ( 'NONE',  ( 0.000000000000000000, 0.000000000000000000, 1.000000000000000000 ) ) ;
#1253 = ORIENTED_EDGE ( 'NONE', *, *, #1496, .T. ) ;
#1254 = EDGE_LOOP ( 'NONE', ( #1330, #782, #2253, #1513 ) ) ;
#1255 = DIRECTION ( 'NONE',  ( -0.000000000000000000, 1.000000000000000000, -0.000000000000000000 ) ) ;
#1256 = DIRECTION ( 'NONE',  ( 0.000000000000000000, 1.000000000000000000, 0.000000000000000000 ) ) ;
#1257 = EDGE_CURVE ( 'NONE', #415, #1877, #1412, .T. ) ;
#1258 = CARTESIAN_POINT ( 'NONE',  ( 26.97734649591177813, 0.000000000000000000, -0.05579204170285582964 ) ) ;
#1259 = VERTEX_POINT ( 'NONE', #2502 ) ;
#1260 = LINE ( 'NONE', #662, #1237 ) ;
#1261 = CARTESIAN_POINT ( 'NONE',  ( 3.061616997868382254E-15, 15.19999999999999929, 25.00000000000000000 ) ) ;
#1262 = DIRECTION ( 'NONE',  ( 0.000000000000000000, 1.000000000000000000, 0.000000000000000000 ) ) ;
#1263 = CARTESIAN_POINT ( 'NONE',  ( 3.551475717527324030E-15, 0.000000000000000000, 29.00000000000000000 ) ) ;
#1264 = ORIENTED_EDGE ( 'NONE', *, *, #1334, .T. ) ;
#1265 = CYLINDRICAL_SURFACE ( 'NONE', #94, 2.000000000000000000 ) ;
#1266 = EDGE_CURVE ( 'NONE', #799, #1710, #1456, .T. ) ;
#1267 = CARTESIAN_POINT ( 'NONE',  ( -12.86227756881059214, 16.00000000000000000, -23.81338784681526732 ) ) ;
#1268 = DIRECTION ( 'NONE',  ( -0.000000000000000000, 1.000000000000000000, -0.000000000000000000 ) ) ;
#1269 = VERTEX_POINT ( 'NONE', #129 ) ;
#1270 = DIRECTION ( 'NONE',  ( 0.000000000000000000, 0.000000000000000000, -1.000000000000000000 ) ) ;
#1271 = DIRECTION ( 'NONE',  ( 0.000000000000000000, 0.000000000000000000, 1.000000000000000000 ) ) ;
#1272 = ORIENTED_EDGE ( 'NONE', *, *, #63, .T. ) ;
#1273 = VERTEX_POINT ( 'NONE', #1560 ) ;
#1274 = CARTESIAN_POINT ( 'NONE',  ( 14.33976706502924081, 18.00000000000000000, -3.474823177623576509 ) ) ;
#1275 = VERTEX_POINT ( 'NONE', #342 ) ;
#1276 = LINE ( 'NONE', #845, #2025 ) ;
#1277 = CARTESIAN_POINT ( 'NONE',  ( 14.66720528249111588, 18.00000000000000000, -3.110290307026984280 ) ) ;
#1278 = VECTOR ( 'NONE', #2504, 1000.000000000000000 ) ;
#1279 = DIRECTION ( 'NONE',  ( -0.3101543218775933419, 0.000000000000000000, 0.9506862240616776871 ) ) ;
#1280 = EDGE_CURVE ( 'NONE', #345, #1610, #2586, .T. ) ;
#1281 = AXIS2_PLACEMENT_3D ( 'NONE', #291, #866, #1909 ) ;
#1282 = DIRECTION ( 'NONE',  ( 0.000000000000000000, -1.000000000000000000, 0.000000000000000000 ) ) ;
#1283 = AXIS2_PLACEMENT_3D ( 'NONE', #2370, #2179, #1831 ) ;
#1284 = ORIENTED_EDGE ( 'NONE', *, *, #1651, .T. ) ;
#1285 = DIRECTION ( 'NONE',  ( 0.000000000000000000, 0.000000000000000000, 1.000000000000000000 ) ) ;
#1286 = VECTOR ( 'NONE', #979, 1000.000000000000000 ) ;
#1287 = LINE ( 'NONE', #2282, #2611 ) ;
#1288 = ORIENTED_EDGE ( 'NONE', *, *, #306, .F. ) ;
#1289 = CIRCLE ( 'NONE', #393, 1.250000000001989076 ) ;
#1290 = CIRCLE ( 'NONE', #142, 1.049999999999998934 ) ;
#1291 = FACE_OUTER_BOUND ( 'NONE', #1908, .T. ) ;
#1292 = AXIS2_PLACEMENT_3D ( 'NONE', #1024, #410, #999 ) ;
#1293 = VERTEX_POINT ( 'NONE', #1080 ) ;
#1294 = CARTESIAN_POINT ( 'NONE',  ( 11.41656882398605788, 16.69999999999999929, -3.002984077511145156 ) ) ;
#1295 = LINE ( 'NONE', #1721, #981 ) ;
#1296 = EDGE_CURVE ( 'NONE', #1417, #668, #1917, .T. ) ;
#1297 = DIRECTION ( 'NONE',  ( -0.000000000000000000, -1.000000000000000000, -0.000000000000000000 ) ) ;
#1298 = ORIENTED_EDGE ( 'NONE', *, *, #1337, .T. ) ;
#1299 = ADVANCED_FACE ( 'NONE', ( #836 ), #1188, .F. ) ;
#1300 = CARTESIAN_POINT ( 'NONE',  ( -14.44631724737333833, 16.00000000000000000, -20.93517137130321615 ) ) ;
#1301 = DIRECTION ( 'NONE',  ( -0.000000000000000000, 1.000000000000000000, -0.000000000000000000 ) ) ;
#1302 = EDGE_CURVE ( 'NONE', #184, #668, #227, .T. ) ;
#1303 = CARTESIAN_POINT ( 'NONE',  ( 26.97734649591177813, -19.80000000000000426, -1.105792041702857720 ) ) ;
#1304 = ORIENTED_EDGE ( 'NONE', *, *, #758, .F. ) ;
#1305 = DIRECTION ( 'NONE',  ( 0.9506862240616837934, 0.000000000000000000, 0.3101543218775741906 ) ) ;
#1306 = CARTESIAN_POINT ( 'NONE',  ( 26.97734649591177813, 0.000000000000000000, -2.155792041702859763 ) ) ;
#1307 = ORIENTED_EDGE ( 'NONE', *, *, #1564, .T. ) ;
#1308 = LINE ( 'NONE', #1998, #2515 ) ;
#1309 = MANIFOLD_SOLID_BREP ( '\X2\51f853f0\X0\-\X2\62c94f38\X0\4', #720 ) ;
#1310 = DIRECTION ( 'NONE',  ( -0.000000000000000000, 1.000000000000000000, -0.000000000000000000 ) ) ;
#1311 = DIRECTION ( 'NONE',  ( 0.000000000000000000, 0.000000000000000000, 1.000000000000000000 ) ) ;
#1312 = EDGE_LOOP ( 'NONE', ( #1016, #1272, #2171, #1014 ) ) ;
#1313 = VERTEX_POINT ( 'NONE', #2430 ) ;
#1314 = AXIS2_PLACEMENT_3D ( 'NONE', #2170, #1344, #497 ) ;
#1315 = DIRECTION ( 'NONE',  ( 0.9506862240616837934, -0.000000000000000000, 0.3101543218775744126 ) ) ;
#1316 = CARTESIAN_POINT ( 'NONE',  ( 12.47939747649659559, 18.00000000000000000, -21.27380190299787444 ) ) ;
#1317 = ORIENTED_EDGE ( 'NONE', *, *, #1654, .T. ) ;
#1318 = AXIS2_PLACEMENT_3D ( 'NONE', #2399, #771, #402 ) ;
#1319 = FACE_OUTER_BOUND ( 'NONE', #2466, .T. ) ;
#1320 = VECTOR ( 'NONE', #2414, 1000.000000000000114 ) ;
#1321 = CARTESIAN_POINT ( 'NONE',  ( 12.53102924853849309, 16.00000000000000000, -23.91596341300617823 ) ) ;
#1322 = EDGE_CURVE ( 'NONE', #1480, #1313, #1870, .T. ) ;
#1323 = LINE ( 'NONE', #716, #59 ) ;
#1324 = CIRCLE ( 'NONE', #2075, 1.250000000000001110 ) ;
#1325 = ORIENTED_EDGE ( 'NONE', *, *, #1565, .F. ) ;
#1326 = ORIENTED_EDGE ( 'NONE', *, *, #1087, .F. ) ;
#1327 = CARTESIAN_POINT ( 'NONE',  ( -12.53102924853866185, 16.00000000000000000, 23.91596341300608586 ) ) ;
#1328 = AXIS2_PLACEMENT_3D ( 'NONE', #582, #793, #1388 ) ;
#1329 = CARTESIAN_POINT ( 'NONE',  ( 12.53102924853849309, 16.00000000000000000, -23.91596341300617823 ) ) ;
#1330 = ORIENTED_EDGE ( 'NONE', *, *, #1667, .T. ) ;
#1331 = PLANE ( 'NONE',  #1314 ) ;
#1332 = DIRECTION ( 'NONE',  ( 0.000000000000000000, 1.000000000000000000, 0.000000000000000000 ) ) ;
#1333 = FACE_OUTER_BOUND ( 'NONE', #2052, .T. ) ;
#1334 = EDGE_CURVE ( 'NONE', #655, #2034, #2518, .T. ) ;
#1335 = ORIENTED_EDGE ( 'NONE', *, *, #1226, .F. ) ;
#1336 = CARTESIAN_POINT ( 'NONE',  ( -17.06798896834225943, 16.00000000000000000, -23.44533541190116566 ) ) ;
#1337 = EDGE_CURVE ( 'NONE', #376, #1989, #1023, .T. ) ;
#1338 = CARTESIAN_POINT ( 'NONE',  ( 22.16042953152814832, -2.800000000000000266, -10.49603194562280173 ) ) ;
#1339 = EDGE_CURVE ( 'NONE', #628, #2316, #2628, .T. ) ;
#1340 = EDGE_CURVE ( 'NONE', #2460, #1759, #438, .T. ) ;
#1341 = EDGE_CURVE ( 'NONE', #1617, #1621, #310, .T. ) ;
#1342 = EDGE_LOOP ( 'NONE', ( #1264, #2501 ) ) ;
#1343 = DIRECTION ( 'NONE',  ( 3.469446951953614189E-15, 0.000000000000000000, 1.000000000000000000 ) ) ;
#1344 = DIRECTION ( 'NONE',  ( 0.000000000000000000, 1.000000000000000000, 0.000000000000000000 ) ) ;
#1345 = ORIENTED_EDGE ( 'NONE', *, *, #1428, .F. ) ;
#1346 = LINE ( 'NONE', #1547, #2069 ) ;
#1347 = LINE ( 'NONE', #1363, #1735 ) ;
#1348 = VERTEX_POINT ( 'NONE', #2207 ) ;
#1349 = DIRECTION ( 'NONE',  ( 0.000000000000000000, 1.000000000000000000, 0.000000000000000000 ) ) ;
#1350 = DIRECTION ( 'NONE',  ( -0.000000000000000000, 1.000000000000000000, -0.000000000000000000 ) ) ;
#1351 = CIRCLE ( 'NONE', #213, 1.874999999999998224 ) ;
#1352 = CARTESIAN_POINT ( 'NONE',  ( 2.629059087760333480, 16.69999999999999929, -13.08880594228392091 ) ) ;
#1353 = EDGE_CURVE ( 'NONE', #661, #1680, #2473, .T. ) ;
#1354 = ADVANCED_FACE ( 'NONE', ( #2616 ), #1658, .F. ) ;
#1355 = CIRCLE ( 'NONE', #219, 1.249999999999999334 ) ;
#1356 = CARTESIAN_POINT ( 'NONE',  ( 13.97523419443264991, 18.00000000000000000, -3.147384960161697887 ) ) ;
#1357 = VECTOR ( 'NONE', #719, 1000.000000000000000 ) ;
#1358 = CARTESIAN_POINT ( 'NONE',  ( 14.44631724737318024, 0.000000000000000000, 22.81017137130332273 ) ) ;
#1359 = VERTEX_POINT ( 'NONE', #791 ) ;
#1360 = CARTESIAN_POINT ( 'NONE',  ( 22.81017137130313799, 5.000000000000000000, -14.44631724737534562 ) ) ;
#1361 = VECTOR ( 'NONE', #537, 1000.000000000000000 ) ;
#1362 = EDGE_CURVE ( 'NONE', #1379, #1389, #1603, .T. ) ;
#1363 = CARTESIAN_POINT ( 'NONE',  ( -15.09192316792220012, 16.00000000000000000, 24.76355901508370394 ) ) ;
#1364 = EDGE_LOOP ( 'NONE', ( #1424, #17, #446, #2214 ) ) ;
#1365 = VECTOR ( 'NONE', #105, 1000.000000000000000 ) ;
#1366 = ORIENTED_EDGE ( 'NONE', *, *, #2453, .T. ) ;
#1367 = AXIS2_PLACEMENT_3D ( 'NONE', #1063, #2274, #450 ) ;
#1368 = FACE_OUTER_BOUND ( 'NONE', #253, .T. ) ;
#1369 = DIRECTION ( 'NONE',  ( -0.000000000000000000, 1.000000000000000000, -0.000000000000000000 ) ) ;
#1370 = AXIS2_PLACEMENT_3D ( 'NONE', #289, #1684, #2481 ) ;
#1371 = LINE ( 'NONE', #964, #2067 ) ;
#1372 = AXIS2_PLACEMENT_3D ( 'NONE', #1975, #1349, #1169 ) ;
#1373 = AXIS2_PLACEMENT_3D ( 'NONE', #1786, #2358, #741 ) ;
#1374 = DIRECTION ( 'NONE',  ( -0.000000000000000000, 1.000000000000000000, -0.000000000000000000 ) ) ;
#1375 = EDGE_CURVE ( 'NONE', #799, #522, #1175, .T. ) ;
#1376 = ORIENTED_EDGE ( 'NONE', *, *, #616, .F. ) ;
#1377 = FILL_AREA_STYLE ('',( #2402 ) ) ;
#1378 = DIRECTION ( 'NONE',  ( 0.000000000000000000, 0.000000000000000000, 1.000000000000000000 ) ) ;
#1379 = VERTEX_POINT ( 'NONE', #168 ) ;
#1380 = ADVANCED_FACE ( 'NONE', ( #1807 ), #2603, .F. ) ;
#1381 = ORIENTED_EDGE ( 'NONE', *, *, #228, .F. ) ;
#1382 = CARTESIAN_POINT ( 'NONE',  ( 15.09192316792202782, 16.00000000000000000, -24.76355901508381763 ) ) ;
#1383 = DIRECTION ( 'NONE',  ( 0.000000000000000000, 1.000000000000000000, 0.000000000000000000 ) ) ;
#1384 = LINE ( 'NONE', #2018, #1859 ) ;
#1385 = CARTESIAN_POINT ( 'NONE',  ( -10.87019845596876699, 16.00000000000000000, 24.78617377748794937 ) ) ;
#1386 = ORIENTED_EDGE ( 'NONE', *, *, #381, .F. ) ;
#1387 = PRESENTATION_STYLE_ASSIGNMENT (( #1401 ) ) ;
#1388 = DIRECTION ( 'NONE',  ( 0.000000000000000000, 0.000000000000000000, 1.000000000000000000 ) ) ;
#1389 = VERTEX_POINT ( 'NONE', #2222 ) ;
#1390 = ADVANCED_FACE ( 'NONE', ( #822 ), #1671, .F. ) ;
#1391 = ORIENTED_EDGE ( 'NONE', *, *, #1580, .F. ) ;
#1392 = ADVANCED_FACE ( 'NONE', ( #1462 ), #2415, .F. ) ;
#1393 = CARTESIAN_POINT ( 'NONE',  ( 22.55634708327288962, 7.200000000000000178, -10.78013015964684485 ) ) ;
#1394 = EDGE_LOOP ( 'NONE', ( #332, #2565, #1979, #466, #285, #53, #1048, #2201, #309, #2255, #379, #429, #1442, #1856, #2362, #2395, #11, #1039, #221, #1780, #1614, #199, #2155, #586, #1227, #1840, #1317, #1326, #447 ) ) ;
#1395 = ORIENTED_EDGE ( 'NONE', *, *, #1607, .F. ) ;
#1396 = DIRECTION ( 'NONE',  ( 0.000000000000000000, 1.000000000000000000, 0.000000000000000000 ) ) ;
#1397 = EDGE_CURVE ( 'NONE', #185, #1052, #25, .T. ) ;
#1398 = LINE ( 'NONE', #2258, #2558 ) ;
#1399 = DIRECTION ( 'NONE',  ( 0.000000000000000000, 0.000000000000000000, 1.000000000000000000 ) ) ;
#1400 = ORIENTED_EDGE ( 'NONE', *, *, #2166, .F. ) ;
#1401 = SURFACE_STYLE_USAGE ( .BOTH. , #2040 ) ;
#1402 = CIRCLE ( 'NONE', #940, 1.050000000000001821 ) ;
#1403 = DIRECTION ( 'NONE',  ( 0.000000000000000000, 0.000000000000000000, 1.000000000000000000 ) ) ;
#1404 = VERTEX_POINT ( 'NONE', #2041 ) ;
#1405 = EDGE_LOOP ( 'NONE', ( #1436, #2490, #132, #1481 ) ) ;
#1406 = AXIS2_PLACEMENT_3D ( 'NONE', #722, #1141, #1781 ) ;
#1407 = EDGE_CURVE ( 'NONE', #968, #1001, #731, .T. ) ;
#1408 = DIRECTION ( 'NONE',  ( -0.000000000000000000, 1.000000000000000000, -0.000000000000000000 ) ) ;
#1409 = ORIENTED_EDGE ( 'NONE', *, *, #1214, .T. ) ;
#1410 = EDGE_LOOP ( 'NONE', ( #1538, #2454 ) ) ;
#1411 = CARTESIAN_POINT ( 'NONE',  ( 12.53102924853849309, 18.00000000000000000, -23.91596341300617823 ) ) ;
#1412 = CIRCLE ( 'NONE', #1863, 29.00000000000000355 ) ;
#1413 = DIRECTION ( 'NONE',  ( -0.000000000000000000, -1.000000000000000000, -0.000000000000000000 ) ) ;
#1414 = AXIS2_PLACEMENT_3D ( 'NONE', #1097, #2134, #1724 ) ;
#1415 = CIRCLE ( 'NONE', #16, 1.874999999999998224 ) ;
#1416 = LINE ( 'NONE', #1794, #1581 ) ;
#1417 = VERTEX_POINT ( 'NONE', #1838 ) ;
#1418 = DIRECTION ( 'NONE',  ( 0.000000000000000000, 0.000000000000000000, 1.000000000000000000 ) ) ;
#1419 = CARTESIAN_POINT ( 'NONE',  ( 0.000000000000000000, 15.19999999999999929, 0.000000000000000000 ) ) ;
#1420 = VERTEX_POINT ( 'NONE', #2629 ) ;
#1421 = ORIENTED_EDGE ( 'NONE', *, *, #1553, .T. ) ;
#1422 = CARTESIAN_POINT ( 'NONE',  ( -14.44631724737333833, 16.00000000000000000, -22.81017137130321615 ) ) ;
#1423 = VERTEX_POINT ( 'NONE', #805 ) ;
#1424 = ORIENTED_EDGE ( 'NONE', *, *, #472, .F. ) ;
#1425 = DIRECTION ( 'NONE',  ( -0.000000000000000000, 1.000000000000000000, -0.000000000000000000 ) ) ;
#1426 = LINE ( 'NONE', #2216, #139 ) ;
#1427 = EDGE_CURVE ( 'NONE', #1273, #435, #1444, .T. ) ;
#1428 = EDGE_CURVE ( 'NONE', #708, #2429, #1458, .T. ) ;
#1429 = ORIENTED_EDGE ( 'NONE', *, *, #1051, .T. ) ;
#1430 =( NAMED_UNIT ( * ) SI_UNIT ( $, .STERADIAN. ) SOLID_ANGLE_UNIT ( ) );
#1431 = CARTESIAN_POINT ( 'NONE',  ( -12.53102924853866185, 16.00000000000000000, 23.91596341300608586 ) ) ;
#1432 = LINE ( 'NONE', #806, #453 ) ;
#1433 = ORIENTED_EDGE ( 'NONE', *, *, #1118, .F. ) ;
#1434 = ORIENTED_EDGE ( 'NONE', *, *, #1972, .F. ) ;
#1435 = DIRECTION ( 'NONE',  ( -0.000000000000000000, 1.000000000000000000, -0.000000000000000000 ) ) ;
#1436 = ORIENTED_EDGE ( 'NONE', *, *, #994, .T. ) ;
#1437 = ORIENTED_EDGE ( 'NONE', *, *, #1935, .T. ) ;
#1438 = DIRECTION ( 'NONE',  ( 0.6682412601262757157, 0.000000000000000000, 0.7439446338705905104 ) ) ;
#1439 = CARTESIAN_POINT ( 'NONE',  ( -14.20670643413265921, 15.20000000000000107, -17.06609952141301179 ) ) ;
#1440 = UNCERTAINTY_MEASURE_WITH_UNIT (LENGTH_MEASURE( 1.000000000000000082E-05 ), #181, 'distance_accuracy_value', 'NONE');
#1441 = ADVANCED_FACE ( 'NONE', ( #300 ), #2519, .F. ) ;
#1442 = ORIENTED_EDGE ( 'NONE', *, *, #2329, .F. ) ;
#1443 = DIRECTION ( 'NONE',  ( 0.000000000000000000, 1.000000000000000000, 0.000000000000000000 ) ) ;
#1444 = LINE ( 'NONE', #437, #137 ) ;
#1445 = DIRECTION ( 'NONE',  ( 0.000000000000000000, 0.000000000000000000, 1.000000000000000000 ) ) ;
#1446 = ADVANCED_FACE ( 'NONE', ( #465 ), #1457, .T. ) ;
#1447 = AXIS2_PLACEMENT_3D ( 'NONE', #206, #1848, #42 ) ;
#1448 = ADVANCED_BREP_SHAPE_REPRESENTATION ( '\X2\540e58f3\X0\', ( #1309, #22 ), #1468 ) ;
#1449 = LINE ( 'NONE', #829, #1200 ) ;
#1450 = ORIENTED_EDGE ( 'NONE', *, *, #773, .F. ) ;
#1451 = AXIS2_PLACEMENT_3D ( 'NONE', #1138, #2398, #975 ) ;
#1452 = ORIENTED_EDGE ( 'NONE', *, *, #69, .F. ) ;
#1453 = CARTESIAN_POINT ( 'NONE',  ( -26.97734649591178524, 16.00000000000000000, 0.05579204170267130364 ) ) ;
#1454 = AXIS2_PLACEMENT_3D ( 'NONE', #1352, #1579, #1212 ) ;
#1455 = CARTESIAN_POINT ( 'NONE',  ( 4.660539374516695865, 18.00000000000000000, -14.25058625907070642 ) ) ;
#1456 = CIRCLE ( 'NONE', #2145, 2.000000000000000000 ) ;
#1457 = CYLINDRICAL_SURFACE ( 'NONE', #1814, 2.000000000000000000 ) ;
#1458 = CIRCLE ( 'NONE', #1370, 1.874999999999998224 ) ;
#1459 = ORIENTED_EDGE ( 'NONE', *, *, #1672, .F. ) ;
#1460 = AXIS2_PLACEMENT_3D ( 'NONE', #214, #784, #626 ) ;
#1461 = PLANE ( 'NONE',  #766 ) ;
#1462 = FACE_OUTER_BOUND ( 'NONE', #2027, .T. ) ;
#1463 = DIRECTION ( 'NONE',  ( 1.000000000000000000, 0.000000000000000000, 0.000000000000000000 ) ) ;
#1464 = EDGE_CURVE ( 'NONE', #783, #1795, #1518, .T. ) ;
#1465 = CIRCLE ( 'NONE', #1292, 0.4873012446025594135 ) ;
#1466 = CARTESIAN_POINT ( 'NONE',  ( -14.44631724737333833, 16.00000000000000000, -22.81017137130321615 ) ) ;
#1467 = EDGE_LOOP ( 'NONE', ( #143, #1676, #1854, #1484, #2077 ) ) ;
#1468 =( GEOMETRIC_REPRESENTATION_CONTEXT ( 3 ) GLOBAL_UNCERTAINTY_ASSIGNED_CONTEXT ( ( #1638 ) ) GLOBAL_UNIT_ASSIGNED_CONTEXT ( ( #1932, #49, #292 ) ) REPRESENTATION_CONTEXT ( 'NONE', 'WORKASPACE' ) );
#1469 = DIRECTION ( 'NONE',  ( 0.000000000000000000, 0.000000000000000000, 1.000000000000000000 ) ) ;
#1470 = EDGE_CURVE ( 'NONE', #2377, #2248, #273, .T. ) ;
#1471 = ORIENTED_EDGE ( 'NONE', *, *, #848, .T. ) ;
#1472 = ORIENTED_EDGE ( 'NONE', *, *, #504, .T. ) ;
#1473 = DIRECTION ( 'NONE',  ( -0.000000000000000000, 1.000000000000000000, -0.000000000000000000 ) ) ;
#1474 = DIRECTION ( 'NONE',  ( 0.000000000000000000, 0.000000000000000000, 1.000000000000000000 ) ) ;
#1475 = CARTESIAN_POINT ( 'NONE',  ( -23.91596341300622086, 18.00000000000000000, -13.78102924853840250 ) ) ;
#1476 = DIRECTION ( 'NONE',  ( 0.000000000000000000, 0.000000000000000000, -1.000000000000000000 ) ) ;
#1477 = ORIENTED_EDGE ( 'NONE', *, *, #2002, .F. ) ;
#1478 = CARTESIAN_POINT ( 'NONE',  ( 0.000000000000000000, 15.19999999999999929, 0.000000000000000000 ) ) ;
#1479 = CARTESIAN_POINT ( 'NONE',  ( 0.000000000000000000, 0.000000000000000000, 0.000000000000000000 ) ) ;
#1480 = VERTEX_POINT ( 'NONE', #1258 ) ;
#1481 = ORIENTED_EDGE ( 'NONE', *, *, #1397, .T. ) ;
#1482 = DIRECTION ( 'NONE',  ( 0.000000000000000000, 0.000000000000000000, 1.000000000000000000 ) ) ;
#1483 = EDGE_CURVE ( 'NONE', #1816, #155, #1549, .T. ) ;
#1484 = ORIENTED_EDGE ( 'NONE', *, *, #1407, .T. ) ;
#1485 = LINE ( 'NONE', #1240, #768 ) ;
#1486 = CARTESIAN_POINT ( 'NONE',  ( 0.000000000000000000, 18.00000000000000000, 0.000000000000000000 ) ) ;
#1487 = CARTESIAN_POINT ( 'NONE',  ( -28.99183277913874690, 16.00000000000000000, -0.6882093478414350596 ) ) ;
#1488 = VERTEX_POINT ( 'NONE', #2494 ) ;
#1489 = CYLINDRICAL_SURFACE ( 'NONE', #1540, 1.874999999999999556 ) ;
#1490 = DIRECTION ( 'NONE',  ( 0.000000000000000000, 0.000000000000000000, 1.000000000000000000 ) ) ;
#1491 = CARTESIAN_POINT ( 'NONE',  ( -21.91284096708368523, 18.00000000000000000, -4.247836475304930914 ) ) ;
#1492 = PLANE ( 'NONE',  #735 ) ;
#1493 = EDGE_CURVE ( 'NONE', #2010, #694, #672, .T. ) ;
#1494 = ORIENTED_EDGE ( 'NONE', *, *, #404, .T. ) ;
#1495 = DIRECTION ( 'NONE',  ( -0.000000000000000000, 1.000000000000000000, -0.000000000000000000 ) ) ;
#1496 = EDGE_CURVE ( 'NONE', #2248, #844, #2531, .T. ) ;
#1497 = CARTESIAN_POINT ( 'NONE',  ( 0.000000000000000000, 16.00000000000000000, 0.000000000000000000 ) ) ;
#1498 = VECTOR ( 'NONE', #1531, 1000.000000000000000 ) ;
#1499 = EDGE_CURVE ( 'NONE', #1710, #233, #1115, .T. ) ;
#1500 = CARTESIAN_POINT ( 'NONE',  ( 14.44631724737318024, -19.80000000000000426, 22.81017137130332273 ) ) ;
#1501 = EDGE_CURVE ( 'NONE', #2298, #2377, #904, .T. ) ;
#1502 = AXIS2_PLACEMENT_3D ( 'NONE', #1329, #162, #769 ) ;
#1503 = LINE ( 'NONE', #491, #1509 ) ;
#1504 = VECTOR ( 'NONE', #416, 1000.000000000000227 ) ;
#1505 = ORIENTED_EDGE ( 'NONE', *, *, #965, .F. ) ;
#1506 = CARTESIAN_POINT ( 'NONE',  ( 0.000000000000000000, 16.00000000000000000, 0.000000000000000000 ) ) ;
#1507 = CARTESIAN_POINT ( 'NONE',  ( 0.000000000000000000, 15.19999999999999929, 0.000000000000000000 ) ) ;
#1508 = FACE_OUTER_BOUND ( 'NONE', #170, .T. ) ;
#1509 = VECTOR ( 'NONE', #157, 1000.000000000000227 ) ;
#1510 = CIRCLE ( 'NONE', #57, 1.250000000001990852 ) ;
#1511 = CYLINDRICAL_SURFACE ( 'NONE', #2357, 1.050000000000001821 ) ;
#1512 = AXIS2_PLACEMENT_3D ( 'NONE', #1678, #654, #1482 ) ;
#1513 = ORIENTED_EDGE ( 'NONE', *, *, #1959, .T. ) ;
#1514 = LINE ( 'NONE', #2107, #567 ) ;
#1515 = CIRCLE ( 'NONE', #1739, 25.00000000000000000 ) ;
#1516 = CARTESIAN_POINT ( 'NONE',  ( -14.44631724737333833, 0.000000000000000000, -22.81017137130321615 ) ) ;
#1517 = EDGE_LOOP ( 'NONE', ( #1025, #337, #1827, #2055 ) ) ;
#1518 = LINE ( 'NONE', #100, #1639 ) ;
#1519 = ORIENTED_EDGE ( 'NONE', *, *, #830, .F. ) ;
#1520 = DIRECTION ( 'NONE',  ( -0.4641121943903233626, 0.000000000000000000, 0.8857764227039454097 ) ) ;
#1521 = EDGE_CURVE ( 'NONE', #1826, #1646, #1503, .T. ) ;
#1522 = CARTESIAN_POINT ( 'NONE',  ( -28.83825055112444247, 16.00000000000000000, 3.058644332146356781 ) ) ;
#1523 = LINE ( 'NONE', #242, #1994 ) ;
#1524 = EDGE_LOOP ( 'NONE', ( #414, #1698, #370, #835 ) ) ;
#1525 = ORIENTED_EDGE ( 'NONE', *, *, #1375, .F. ) ;
#1526 = CARTESIAN_POINT ( 'NONE',  ( 28.83825055112444602, 16.00000000000000000, -3.058644332146233324 ) ) ;
#1527 = CARTESIAN_POINT ( 'NONE',  ( -14.44631724737333833, 18.00000000000000000, -20.93517137130321615 ) ) ;
#1528 = ORIENTED_EDGE ( 'NONE', *, *, #1864, .T. ) ;
#1529 = EDGE_CURVE ( 'NONE', #972, #1650, #1289, .T. ) ;
#1530 = DIRECTION ( 'NONE',  ( -0.000000000000000000, -1.000000000000000000, -0.000000000000000000 ) ) ;
#1531 = DIRECTION ( 'NONE',  ( -0.000000000000000000, 1.000000000000000000, -0.000000000000000000 ) ) ;
#1532 = DIRECTION ( 'NONE',  ( 0.5350487869397606566, 0.000000000000000000, 0.8448211619001328998 ) ) ;
#1533 = ORIENTED_EDGE ( 'NONE', *, *, #2342, .F. ) ;
#1534 = VERTEX_POINT ( 'NONE', #2604 ) ;
#1535 = AXIS2_PLACEMENT_3D ( 'NONE', #542, #106, #2137 ) ;
#1536 = PLANE ( 'NONE',  #1075 ) ;
#1537 = PLANE ( 'NONE',  #2381 ) ;
#1538 = ORIENTED_EDGE ( 'NONE', *, *, #1340, .T. ) ;
#1539 = VECTOR ( 'NONE', #888, 1000.000000000000227 ) ;
#1540 = AXIS2_PLACEMENT_3D ( 'NONE', #2304, #2263, #1285 ) ;
#1541 = ORIENTED_EDGE ( 'NONE', *, *, #2056, .F. ) ;
#1542 = CARTESIAN_POINT ( 'NONE',  ( -17.62432321489560039, 18.00000000000000000, -10.21184178137248999 ) ) ;
#1543 = AXIS2_PLACEMENT_3D ( 'NONE', #2333, #541, #505 ) ;
#1544 = EDGE_CURVE ( 'NONE', #1563, #1836, #779, .T. ) ;
#1545 = DIRECTION ( 'NONE',  ( 0.6682412601262757157, 0.000000000000000000, 0.7439446338705905104 ) ) ;
#1546 = AXIS2_PLACEMENT_3D ( 'NONE', #1431, #1011, #250 ) ;
#1547 = CARTESIAN_POINT ( 'NONE',  ( 0.000000000000000000, 15.19999999999999929, -29.00000000000000000 ) ) ;
#1548 = CYLINDRICAL_SURFACE ( 'NONE', #776, 29.00000000000000000 ) ;
#1549 = CIRCLE ( 'NONE', #1036, 1.049999999999998934 ) ;
#1550 = ORIENTED_EDGE ( 'NONE', *, *, #2329, .T. ) ;
#1551 = EDGE_LOOP ( 'NONE', ( #2447, #1098, #1693, #1304 ) ) ;
#1552 = VECTOR ( 'NONE', #2081, 1000.000000000000114 ) ;
#1553 = EDGE_CURVE ( 'NONE', #831, #1420, #1398, .T. ) ;
#1554 = CARTESIAN_POINT ( 'NONE',  ( 22.48606432928253085, 18.00000000000000000, -10.13350679962219303 ) ) ;
#1555 = CARTESIAN_POINT ( 'NONE',  ( 26.97734649591177813, 16.00000000000000000, -1.105792041702857720 ) ) ;
#1556 = VERTEX_POINT ( 'NONE', #1439 ) ;
#1557 = DIRECTION ( 'NONE',  ( -0.000000000000000000, 1.000000000000000000, -0.000000000000000000 ) ) ;
#1558 = CARTESIAN_POINT ( 'NONE',  ( 12.86227756881042517, 16.00000000000000000, 23.81338784681536325 ) ) ;
#1559 = VERTEX_POINT ( 'NONE', #1455 ) ;
#1560 = CARTESIAN_POINT ( 'NONE',  ( 1.105792041704699136, 4.999999999999997335, 28.22734649591144418 ) ) ;
#1561 = CARTESIAN_POINT ( 'NONE',  ( -23.91596341300622086, 5.000000000000000000, -12.53102924853840072 ) ) ;
#1562 = ORIENTED_EDGE ( 'NONE', *, *, #2050, .T. ) ;
#1563 = VERTEX_POINT ( 'NONE', #620 ) ;
#1564 = EDGE_CURVE ( 'NONE', #1275, #1592, #1426, .T. ) ;
#1565 = EDGE_CURVE ( 'NONE', #415, #1813, #2085, .T. ) ;
#1566 = DIRECTION ( 'NONE',  ( -0.000000000000000000, -1.000000000000000000, -0.000000000000000000 ) ) ;
#1567 = DIRECTION ( 'NONE',  ( 0.000000000000000000, 1.000000000000000000, 0.000000000000000000 ) ) ;
#1568 = LINE ( 'NONE', #2035, #1723 ) ;
#1569 = CARTESIAN_POINT ( 'NONE',  ( 12.80503312291894247, 18.00000000000000000, -20.91127581218583842 ) ) ;
#1570 = CARTESIAN_POINT ( 'NONE',  ( 3.439590290787703175, 16.69999999999999929, -11.26040796347323614 ) ) ;
#1571 = ORIENTED_EDGE ( 'NONE', *, *, #293, .F. ) ;
#1572 = DIRECTION ( 'NONE',  ( -0.9506862240616831272, 0.000000000000000000, -0.3101543218775765220 ) ) ;
#1573 = DIRECTION ( 'NONE',  ( -0.000000000000000000, 1.000000000000000000, -0.000000000000000000 ) ) ;
#1574 = ORIENTED_EDGE ( 'NONE', *, *, #2391, .T. ) ;
#1575 = ORIENTED_EDGE ( 'NONE', *, *, #404, .F. ) ;
#1576 = CARTESIAN_POINT ( 'NONE',  ( -28.99183277913874690, 18.00000000000000000, -0.6882093478414350596 ) ) ;
#1577 = DIRECTION ( 'NONE',  ( 0.000000000000000000, 0.000000000000000000, 1.000000000000000000 ) ) ;
#1578 = CIRCLE ( 'NONE', #1185, 1.050000000000002265 ) ;
#1579 = DIRECTION ( 'NONE',  ( -0.000000000000000000, 1.000000000000000000, -0.000000000000000000 ) ) ;
#1580 = EDGE_CURVE ( 'NONE', #1703, #983, #2245, .T. ) ;
#1581 = VECTOR ( 'NONE', #1374, 1000.000000000000000 ) ;
#1582 = EDGE_CURVE ( 'NONE', #2168, #1830, #403, .T. ) ;
#1583 = CIRCLE ( 'NONE', #1451, 29.00000000000000355 ) ;
#1584 = DIRECTION ( 'NONE',  ( 0.000000000000000000, 0.000000000000000000, 1.000000000000000000 ) ) ;
#1585 = EDGE_LOOP ( 'NONE', ( #826, #1244, #1806, #1109 ) ) ;
#1586 = CARTESIAN_POINT ( 'NONE',  ( -19.74176071394082754, -10.30000000000000071, -10.90264004373577578 ) ) ;
#1587 = CIRCLE ( 'NONE', #1152, 1.874999999999998224 ) ;
#1588 = EDGE_CURVE ( 'NONE', #2621, #2039, #606, .T. ) ;
#1589 = DIRECTION ( 'NONE',  ( 0.9991609813300816878, 0.000000000000000000, -0.04095526080381073353 ) ) ;
#1590 = VERTEX_POINT ( 'NONE', #236 ) ;
#1591 = VECTOR ( 'NONE', #24, 1000.000000000000000 ) ;
#1592 = VERTEX_POINT ( 'NONE', #834 ) ;
#1593 = AXIS2_PLACEMENT_3D ( 'NONE', #1105, #487, #2142 ) ;
#1594 = DIRECTION ( 'NONE',  ( 0.000000000000000000, 0.000000000000000000, -1.000000000000000000 ) ) ;
#1595 = CARTESIAN_POINT ( 'NONE',  ( -23.91596341300622086, -38.00000000000000711, -12.53102924853840072 ) ) ;
#1596 = VECTOR ( 'NONE', #2610, 1000.000000000000227 ) ;
#1597 = CARTESIAN_POINT ( 'NONE',  ( 17.06798896834210311, 16.00000000000000000, 23.44533541190129000 ) ) ;
#1598 = AXIS2_PLACEMENT_3D ( 'NONE', #2095, #1064, #258 ) ;
#1599 = ADVANCED_FACE ( 'NONE', ( #1880 ), #1034, .F. ) ;
#1600 = VECTOR ( 'NONE', #838, 1000.000000000000000 ) ;
#1601 = DIRECTION ( 'NONE',  ( 0.000000000000000000, 0.000000000000000000, 1.000000000000000000 ) ) ;
#1602 = EDGE_CURVE ( 'NONE', #2413, #666, #180, .T. ) ;
#1603 = LINE ( 'NONE', #377, #1320 ) ;
#1604 = CARTESIAN_POINT ( 'NONE',  ( -12.86227756881059214, 16.00000000000000000, -23.81338784681526732 ) ) ;
#1605 = ORIENTED_EDGE ( 'NONE', *, *, #1564, .F. ) ;
#1606 = EDGE_LOOP ( 'NONE', ( #1525, #2029, #573, #102 ) ) ;
#1607 = EDGE_CURVE ( 'NONE', #333, #376, #1988, .T. ) ;
#1608 = DIRECTION ( 'NONE',  ( 0.000000000000000000, 1.000000000000000000, 0.000000000000000000 ) ) ;
#1609 = ORIENTED_EDGE ( 'NONE', *, *, #92, .F. ) ;
#1610 = VERTEX_POINT ( 'NONE', #417 ) ;
#1611 = PLANE ( 'NONE',  #91 ) ;
#1612 = DIRECTION ( 'NONE',  ( -0.000000000000000000, 1.000000000000000000, -0.000000000000000000 ) ) ;
#1613 = ADVANCED_FACE ( 'NONE', ( #1054, #1655, #1225, #2624, #1865, #1623, #20 ), #2452, .T. ) ;
#1614 = ORIENTED_EDGE ( 'NONE', *, *, #19, .T. ) ;
#1615 = DIRECTION ( 'NONE',  ( 0.000000000000000000, 0.000000000000000000, -1.000000000000000000 ) ) ;
#1616 = DIRECTION ( 'NONE',  ( 0.000000000000000000, 1.000000000000000000, 0.000000000000000000 ) ) ;
#1617 = VERTEX_POINT ( 'NONE', #1890 ) ;
#1618 = ORIENTED_EDGE ( 'NONE', *, *, #2019, .F. ) ;
#1619 = DIRECTION ( 'NONE',  ( -0.000000000000000000, 1.000000000000000000, -0.000000000000000000 ) ) ;
#1620 = EDGE_LOOP ( 'NONE', ( #2537, #1902 ) ) ;
#1621 = VERTEX_POINT ( 'NONE', #1019 ) ;
#1622 = DIRECTION ( 'NONE',  ( -0.000000000000000000, 1.000000000000000000, -0.000000000000000000 ) ) ;
#1623 = FACE_BOUND ( 'NONE', #1364, .T. ) ;
#1624 = DIRECTION ( 'NONE',  ( 0.6682412601262717189, 0.000000000000000000, 0.7439446338705942852 ) ) ;
#1625 = ORIENTED_EDGE ( 'NONE', *, *, #973, .T. ) ;
#1626 = DIRECTION ( 'NONE',  ( -0.5350487869397553276, 0.000000000000000000, -0.8448211619001364525 ) ) ;
#1627 = CARTESIAN_POINT ( 'NONE',  ( -14.20670643413265921, -10.30000000000000071, -15.81609952141301001 ) ) ;
#1628 = ORIENTED_EDGE ( 'NONE', *, *, #524, .F. ) ;
#1629 = ORIENTED_EDGE ( 'NONE', *, *, #862, .F. ) ;
#1630 = LINE ( 'NONE', #445, #953 ) ;
#1631 = CIRCLE ( 'NONE', #1982, 29.00000000000000355 ) ;
#1632 = EDGE_LOOP ( 'NONE', ( #1860, #1772, #1400, #1386 ) ) ;
#1633 = EDGE_LOOP ( 'NONE', ( #397, #657, #248, #534 ) ) ;
#1634 = VERTEX_POINT ( 'NONE', #2036 ) ;
#1635 = FACE_OUTER_BOUND ( 'NONE', #392, .T. ) ;
#1636 = CIRCLE ( 'NONE', #1767, 1.049999999999998934 ) ;
#1637 = CARTESIAN_POINT ( 'NONE',  ( -12.53102924853866185, 16.00000000000000000, 23.91596341300608586 ) ) ;
#1638 = UNCERTAINTY_MEASURE_WITH_UNIT (LENGTH_MEASURE( 1.000000000000000082E-05 ), #1932, 'distance_accuracy_value', 'NONE');
#1639 = VECTOR ( 'NONE', #1282, 1000.000000000000000 ) ;
#1640 = VECTOR ( 'NONE', #949, 1000.000000000000000 ) ;
#1641 = AXIS2_PLACEMENT_3D ( 'NONE', #2536, #330, #559 ) ;
#1642 = ORIENTED_EDGE ( 'NONE', *, *, #1007, .F. ) ;
#1643 = CARTESIAN_POINT ( 'NONE',  ( 14.33976706502924081, 15.20000000000000107, -3.474823177623576509 ) ) ;
#1644 = AXIS2_PLACEMENT_3D ( 'NONE', #1507, #2127, #239 ) ;
#1645 = LINE ( 'NONE', #2042, #1951 ) ;
#1646 = VERTEX_POINT ( 'NONE', #2061 ) ;
#1647 = ORIENTED_EDGE ( 'NONE', *, *, #1768, .F. ) ;
#1648 = LINE ( 'NONE', #2633, #315 ) ;
#1649 = ORIENTED_EDGE ( 'NONE', *, *, #1996, .F. ) ;
#1650 = VERTEX_POINT ( 'NONE', #34 ) ;
#1651 = EDGE_CURVE ( 'NONE', #666, #2206, #601, .T. ) ;
#1652 = ORIENTED_EDGE ( 'NONE', *, *, #193, .T. ) ;
#1653 = CARTESIAN_POINT ( 'NONE',  ( 12.80503312291894247, -2.800000000000000266, -20.91127581218583842 ) ) ;
#1654 = EDGE_CURVE ( 'NONE', #1233, #1813, #1157, .T. ) ;
#1655 = FACE_BOUND ( 'NONE', #1164, .T. ) ;
#1656 = EDGE_CURVE ( 'NONE', #2413, #240, #1241, .T. ) ;
#1657 = ORIENTED_EDGE ( 'NONE', *, *, #193, .F. ) ;
#1658 = CYLINDRICAL_SURFACE ( 'NONE', #948, 1.249999999999999334 ) ;
#1659 = DIRECTION ( 'NONE',  ( 0.000000000000000000, 1.000000000000000000, 0.000000000000000000 ) ) ;
#1660 = DIRECTION ( 'NONE',  ( 0.000000000000000000, 1.000000000000000000, 0.000000000000000000 ) ) ;
#1661 = DIRECTION ( 'NONE',  ( 0.000000000000000000, 1.000000000000000000, 0.000000000000000000 ) ) ;
#1662 = VERTEX_POINT ( 'NONE', #817 ) ;
#1663 = LINE ( 'NONE', #1815, #232 ) ;
#1664 = EDGE_LOOP ( 'NONE', ( #1084, #2197, #2159, #411 ) ) ;
#1665 = DIRECTION ( 'NONE',  ( -0.000000000000000000, 1.000000000000000000, -0.000000000000000000 ) ) ;
#1666 = CARTESIAN_POINT ( 'NONE',  ( -11.77026158278241574, 18.00000000000000000, 26.50397974404742740 ) ) ;
#1667 = EDGE_CURVE ( 'NONE', #266, #596, #1730, .T. ) ;
#1668 = ORIENTED_EDGE ( 'NONE', *, *, #1667, .F. ) ;
#1669 = AXIS2_PLACEMENT_3D ( 'NONE', #506, #2535, #140 ) ;
#1670 = DIRECTION ( 'NONE',  ( -0.3101543218775933419, 0.000000000000000000, 0.9506862240616775761 ) ) ;
#1671 = CYLINDRICAL_SURFACE ( 'NONE', #523, 1.050000000000002265 ) ;
#1672 = EDGE_CURVE ( 'NONE', #435, #262, #734, .T. ) ;
#1673 = CARTESIAN_POINT ( 'NONE',  ( 1.105792041704699136, -38.00000000000000711, 26.97734649591074785 ) ) ;
#1674 = AXIS2_PLACEMENT_3D ( 'NONE', #531, #921, #1755 ) ;
#1675 = EDGE_LOOP ( 'NONE', ( #785, #2059, #753, #857, #1717, #798, #119, #2404, #1829, #1888, #1679, #68, #942, #2044, #1409, #2570 ) ) ;
#1676 = ORIENTED_EDGE ( 'NONE', *, *, #1428, .T. ) ;
#1677 = CIRCLE ( 'NONE', #515, 1.874999999999999556 ) ;
#1678 = CARTESIAN_POINT ( 'NONE',  ( 14.44631724737318024, 18.00000000000000000, 22.81017137130332273 ) ) ;
#1679 = ORIENTED_EDGE ( 'NONE', *, *, #1853, .F. ) ;
#1680 = VERTEX_POINT ( 'NONE', #1277 ) ;
#1681 = CARTESIAN_POINT ( 'NONE',  ( 17.06798896834210311, 18.00000000000000000, 23.44533541190129000 ) ) ;
#1682 = DIRECTION ( 'NONE',  ( 0.000000000000000000, 0.000000000000000000, 1.000000000000000000 ) ) ;
#1683 = DIRECTION ( 'NONE',  ( 0.000000000000000000, 0.000000000000000000, 1.000000000000000000 ) ) ;
#1684 = DIRECTION ( 'NONE',  ( 0.000000000000000000, 1.000000000000000000, 0.000000000000000000 ) ) ;
#1685 = ORIENTED_EDGE ( 'NONE', *, *, #1147, .T. ) ;
#1686 = VECTOR ( 'NONE', #2300, 1000.000000000000000 ) ;
#1687 = DIRECTION ( 'NONE',  ( 0.000000000000000000, -0.000000000000000000, -1.000000000000000000 ) ) ;
#1688 = DIRECTION ( 'NONE',  ( 0.000000000000000000, 1.000000000000000000, 0.000000000000000000 ) ) ;
#1689 = AXIS2_PLACEMENT_3D ( 'NONE', #2208, #1616, #1403 ) ;
#1690 = CARTESIAN_POINT ( 'NONE',  ( 0.000000000000000000, 18.00000000000000000, 0.000000000000000000 ) ) ;
#1691 = EDGE_CURVE ( 'NONE', #596, #2032, #1514, .T. ) ;
#1692 = CYLINDRICAL_SURFACE ( 'NONE', #183, 1.050000000000002265 ) ;
#1693 = ORIENTED_EDGE ( 'NONE', *, *, #991, .F. ) ;
#1694 = ORIENTED_EDGE ( 'NONE', *, *, #2092, .T. ) ;
#1695 = DIRECTION ( 'NONE',  ( 0.000000000000000000, 0.000000000000000000, 1.000000000000000000 ) ) ;
#1696 = DIRECTION ( 'NONE',  ( 0.000000000000000000, 1.000000000000000000, 0.000000000000000000 ) ) ;
#1697 = CARTESIAN_POINT ( 'NONE',  ( 1.105792041704699136, 18.00000000000000000, 28.22734649591144418 ) ) ;
#1698 = ORIENTED_EDGE ( 'NONE', *, *, #422, .T. ) ;
#1699 = CARTESIAN_POINT ( 'NONE',  ( 14.33976706502924081, 18.00000000000000000, -2.984823177623573631 ) ) ;
#1700 = CARTESIAN_POINT ( 'NONE',  ( 14.44631724737318024, 0.000000000000000000, 22.81017137130332273 ) ) ;
#1701 = EDGE_CURVE ( 'NONE', #1293, #428, #2393, .T. ) ;
#1702 = DIRECTION ( 'NONE',  ( -0.000000000000000000, 1.000000000000000000, -0.000000000000000000 ) ) ;
#1703 = VERTEX_POINT ( 'NONE', #2311 ) ;
#1704 = LINE ( 'NONE', #872, #1552 ) ;
#1705 = ORIENTED_EDGE ( 'NONE', *, *, #795, .T. ) ;
#1706 = CARTESIAN_POINT ( 'NONE',  ( -26.97734649591178524, -19.80000000000000426, 1.105792041702670314 ) ) ;
#1707 = PLANE ( 'NONE',  #992 ) ;
#1708 = DIRECTION ( 'NONE',  ( 0.000000000000000000, -1.000000000000000000, 0.000000000000000000 ) ) ;
#1709 = CARTESIAN_POINT ( 'NONE',  ( 5.465918298356126748, 16.69999999999999929, -6.689413016446518867 ) ) ;
#1710 = VERTEX_POINT ( 'NONE', #2120 ) ;
#1711 = CARTESIAN_POINT ( 'NONE',  ( 28.99183277913874690, 16.00000000000000000, 0.6882093478415683974 ) ) ;
#1712 = LINE ( 'NONE', #1261, #612 ) ;
#1713 = ORIENTED_EDGE ( 'NONE', *, *, #2464, .T. ) ;
#1714 = PRODUCT_RELATED_PRODUCT_CATEGORY ( 'part', '', ( #578 ) ) ;
#1715 = DIRECTION ( 'NONE',  ( 0.000000000000000000, 0.000000000000000000, 1.000000000000000000 ) ) ;
#1716 = ADVANCED_FACE ( 'NONE', ( #875 ), #915, .F. ) ;
#1717 = ORIENTED_EDGE ( 'NONE', *, *, #2342, .T. ) ;
#1718 = VECTOR ( 'NONE', #1624, 1000.000000000000114 ) ;
#1719 = DIRECTION ( 'NONE',  ( 0.000000000000000000, 0.000000000000000000, 1.000000000000000000 ) ) ;
#1720 = AXIS2_PLACEMENT_3D ( 'NONE', #850, #75, #908 ) ;
#1721 = CARTESIAN_POINT ( 'NONE',  ( -26.90055538190462414, 16.00000000000000000, 2.979218881696889643 ) ) ;
#1722 = EDGE_CURVE ( 'NONE', #615, #185, #2111, .T. ) ;
#1723 = VECTOR ( 'NONE', #1818, 1000.000000000000000 ) ;
#1724 = DIRECTION ( 'NONE',  ( 0.000000000000000000, 0.000000000000000000, 1.000000000000000000 ) ) ;
#1725 = VECTOR ( 'NONE', #588, 999.9999999999998863 ) ;
#1726 = ORIENTED_EDGE ( 'NONE', *, *, #201, .F. ) ;
#1727 = DIRECTION ( 'NONE',  ( -0.000000000000000000, -1.000000000000000000, -0.000000000000000000 ) ) ;
#1728 = VECTOR ( 'NONE', #833, 1000.000000000000000 ) ;
#1729 = LINE ( 'NONE', #1558, #261 ) ;
#1730 = CIRCLE ( 'NONE', #1245, 1.874999999999998224 ) ;
#1731 = ADVANCED_FACE ( 'NONE', ( #1094 ), #2132, .F. ) ;
#1732 = AXIS2_PLACEMENT_3D ( 'NONE', #810, #172, #382 ) ;
#1733 = CARTESIAN_POINT ( 'NONE',  ( 0.000000000000000000, 15.19999999999999929, 0.000000000000000000 ) ) ;
#1734 = VERTEX_POINT ( 'NONE', #2492 ) ;
#1735 = VECTOR ( 'NONE', #2139, 1000.000000000000000 ) ;
#1736 = EDGE_LOOP ( 'NONE', ( #326, #1187 ) ) ;
#1737 = ADVANCED_FACE ( 'NONE', ( #659 ), #500, .F. ) ;
#1738 = CARTESIAN_POINT ( 'NONE',  ( 4.623444721381982703, -2.800000000000000266, -13.55861517101224401 ) ) ;
#1739 = AXIS2_PLACEMENT_3D ( 'NONE', #282, #868, #1910 ) ;
#1740 = ADVANCED_FACE ( 'NONE', ( #82 ), #274, .T. ) ;
#1741 = DIRECTION ( 'NONE',  ( 0.5350487869397563268, -0.000000000000000000, 0.8448211619001356754 ) ) ;
#1742 = CARTESIAN_POINT ( 'NONE',  ( 11.41656882398605788, 16.69999999999999929, -3.002984077511145156 ) ) ;
#1743 = VERTEX_POINT ( 'NONE', #111 ) ;
#1744 = CARTESIAN_POINT ( 'NONE',  ( 15.09192316792202782, 18.00000000000000000, -24.76355901508381763 ) ) ;
#1745 = CARTESIAN_POINT ( 'NONE',  ( -12.53102924853866185, -19.80000000000000426, 23.91596341300608586 ) ) ;
#1746 = ADVANCED_FACE ( 'NONE', ( #72 ), #1707, .F. ) ;
#1747 = CARTESIAN_POINT ( 'NONE',  ( 22.81017137130313799, 18.00000000000000000, -13.19631724737335610 ) ) ;
#1748 = ORIENTED_EDGE ( 'NONE', *, *, #1128, .T. ) ;
#1749 = ORIENTED_EDGE ( 'NONE', *, *, #1341, .F. ) ;
#1750 = PLANE ( 'NONE',  #1817 ) ;
#1751 = FACE_OUTER_BOUND ( 'NONE', #1664, .T. ) ;
#1752 = EDGE_LOOP ( 'NONE', ( #1562, #2000, #2287, #341, #627 ) ) ;
#1753 = CARTESIAN_POINT ( 'NONE',  ( -17.06798896834226653, 16.00000000000000000, -23.44533541190116210 ) ) ;
#1754 = EDGE_CURVE ( 'NONE', #470, #244, #511, .T. ) ;
#1755 = DIRECTION ( 'NONE',  ( 0.000000000000000000, 0.000000000000000000, 1.000000000000000000 ) ) ;
#1756 = DIRECTION ( 'NONE',  ( 0.000000000000000000, -0.000000000000000000, -1.000000000000000000 ) ) ;
#1757 = CYLINDRICAL_SURFACE ( 'NONE', #701, 1.049999999999998934 ) ;
#1758 = ORIENTED_EDGE ( 'NONE', *, *, #2272, .F. ) ;
#1759 = VERTEX_POINT ( 'NONE', #96 ) ;
#1760 = FACE_BOUND ( 'NONE', #159, .T. ) ;
#1761 = LINE ( 'NONE', #373, #1357 ) ;
#1762 = AXIS2_PLACEMENT_3D ( 'NONE', #2205, #604, #967 ) ;
#1763 = ORIENTED_EDGE ( 'NONE', *, *, #1582, .F. ) ;
#1764 = DIRECTION ( 'NONE',  ( 0.6682412601262717189, 0.000000000000000000, 0.7439446338705942852 ) ) ;
#1765 = DIRECTION ( 'NONE',  ( -0.000000000000000000, 1.000000000000000000, -0.000000000000000000 ) ) ;
#1766 = EDGE_LOOP ( 'NONE', ( #2438, #605, #2093, #2083 ) ) ;
#1767 = AXIS2_PLACEMENT_3D ( 'NONE', #1971, #329, #2575 ) ;
#1768 = EDGE_CURVE ( 'NONE', #1001, #882, #709, .T. ) ;
#1769 = CARTESIAN_POINT ( 'NONE',  ( 1.105792041704699136, 4.999999999999997335, 26.97734649591074785 ) ) ;
#1770 = CARTESIAN_POINT ( 'NONE',  ( 28.99183277913874690, 16.00000000000000000, 0.6882093478415683974 ) ) ;
#1771 = AXIS2_PLACEMENT_3D ( 'NONE', #2110, #454, #2317 ) ;
#1772 = ORIENTED_EDGE ( 'NONE', *, *, #277, .T. ) ;
#1773 = CIRCLE ( 'NONE', #609, 1.050000000000002265 ) ;
#1774 = LINE ( 'NONE', #2539, #1640 ) ;
#1775 = EDGE_CURVE ( 'NONE', #74, #1423, #2436, .T. ) ;
#1776 = AXIS2_PLACEMENT_3D ( 'NONE', #852, #2457, #468 ) ;
#1777 = CARTESIAN_POINT ( 'NONE',  ( 1.105792041704699136, -38.00000000000000711, 26.97734649591074785 ) ) ;
#1778 = DIRECTION ( 'NONE',  ( -0.000000000000000000, 1.000000000000000000, -0.000000000000000000 ) ) ;
#1779 = AXIS2_PLACEMENT_3D ( 'NONE', #457, #87, #479 ) ;
#1780 = ORIENTED_EDGE ( 'NONE', *, *, #1362, .F. ) ;
#1781 = DIRECTION ( 'NONE',  ( 8.673617379884035472E-16, 0.000000000000000000, -1.000000000000000000 ) ) ;
#1782 = FACE_OUTER_BOUND ( 'NONE', #2221, .T. ) ;
#1783 = ORIENTED_EDGE ( 'NONE', *, *, #1938, .F. ) ;
#1784 = DIRECTION ( 'NONE',  ( -0.000000000000000000, 1.000000000000000000, -0.000000000000000000 ) ) ;
#1785 = EDGE_CURVE ( 'NONE', #455, #363, #1324, .T. ) ;
#1786 = CARTESIAN_POINT ( 'NONE',  ( 14.44631724737318024, 16.00000000000000000, 22.81017137130332273 ) ) ;
#1787 = ORIENTED_EDGE ( 'NONE', *, *, #1954, .T. ) ;
#1788 = EDGE_CURVE ( 'NONE', #2429, #28, #463, .T. ) ;
#1789 = DIRECTION ( 'NONE',  ( 0.000000000000000000, 0.000000000000000000, 1.000000000000000000 ) ) ;
#1790 = DIRECTION ( 'NONE',  ( 0.000000000000000000, 1.000000000000000000, 0.000000000000000000 ) ) ;
#1791 = DIRECTION ( 'NONE',  ( 0.000000000000000000, 1.000000000000000000, 0.000000000000000000 ) ) ;
#1792 = EDGE_CURVE ( 'NONE', #1913, #2206, #2230, .T. ) ;
#1793 = APPLICATION_CONTEXT ( 'automotive_design' ) ;
#1794 = CARTESIAN_POINT ( 'NONE',  ( -19.74176071394082754, -10.30000000000000071, -10.90264004373577578 ) ) ;
#1795 = VERTEX_POINT ( 'NONE', #2503 ) ;
#1796 = DIRECTION ( 'NONE',  ( 0.000000000000000000, 0.000000000000000000, -1.000000000000000000 ) ) ;
#1797 = CARTESIAN_POINT ( 'NONE',  ( -26.97734649591178524, -19.80000000000000426, 1.105792041702670314 ) ) ;
#1798 = VERTEX_POINT ( 'NONE', #2516 ) ;
#1799 = ORIENTED_EDGE ( 'NONE', *, *, #1266, .F. ) ;
#1800 = CARTESIAN_POINT ( 'NONE',  ( -19.74176071394082754, 15.20000000000000107, -10.90264004373577578 ) ) ;
#1801 = CARTESIAN_POINT ( 'NONE',  ( 11.41656882398605788, 15.19999999999999929, -5.002984077511145600 ) ) ;
#1802 = CARTESIAN_POINT ( 'NONE',  ( 0.000000000000000000, 16.00000000000000000, 0.000000000000000000 ) ) ;
#1803 = VECTOR ( 'NONE', #698, 1000.000000000000000 ) ;
#1804 = CIRCLE ( 'NONE', #815, 25.00000000000000000 ) ;
#1805 = FACE_OUTER_BOUND ( 'NONE', #1239, .T. ) ;
#1806 = ORIENTED_EDGE ( 'NONE', *, *, #2233, .T. ) ;
#1807 = FACE_OUTER_BOUND ( 'NONE', #1405, .T. ) ;
#1808 = DIRECTION ( 'NONE',  ( -0.000000000000000000, 1.000000000000000000, -0.000000000000000000 ) ) ;
#1809 = CIRCLE ( 'NONE', #643, 1.050000000000001821 ) ;
#1810 = CARTESIAN_POINT ( 'NONE',  ( 0.000000000000000000, 15.19999999999999929, 0.000000000000000000 ) ) ;
#1811 = ORIENTED_EDGE ( 'NONE', *, *, #1954, .F. ) ;
#1812 = AXIS2_PLACEMENT_3D ( 'NONE', #2249, #804, #1228 ) ;
#1813 = VERTEX_POINT ( 'NONE', #1576 ) ;
#1814 = AXIS2_PLACEMENT_3D ( 'NONE', #1742, #2086, #1476 ) ;
#1815 = CARTESIAN_POINT ( 'NONE',  ( 10.87019845596859291, 16.00000000000000000, -24.78617377748803108 ) ) ;
#1816 = VERTEX_POINT ( 'NONE', #372 ) ;
#1817 = AXIS2_PLACEMENT_3D ( 'NONE', #1327, #2156, #322 ) ;
#1818 = DIRECTION ( 'NONE',  ( -0.000000000000000000, 1.000000000000000000, -0.000000000000000000 ) ) ;
#1819 = EDGE_CURVE ( 'NONE', #155, #1816, #2522, .T. ) ;
#1820 = AXIS2_PLACEMENT_3D ( 'NONE', #2416, #169, #1852 ) ;
#1821 = DIRECTION ( 'NONE',  ( -0.000000000000000000, 1.000000000000000000, -0.000000000000000000 ) ) ;
#1822 = ORIENTED_EDGE ( 'NONE', *, *, #2015, .F. ) ;
#1823 = CARTESIAN_POINT ( 'NONE',  ( -14.20670643413265921, -10.30000000000000071, -15.81609952141301001 ) ) ;
#1824 = DIRECTION ( 'NONE',  ( 0.8448211619001364525, 0.000000000000000000, -0.5350487869397553276 ) ) ;
#1825 = DIRECTION ( 'NONE',  ( 0.000000000000000000, 1.000000000000000000, 0.000000000000000000 ) ) ;
#1826 = VERTEX_POINT ( 'NONE', #547 ) ;
#1827 = ORIENTED_EDGE ( 'NONE', *, *, #2154, .T. ) ;
#1828 = DIRECTION ( 'NONE',  ( 0.000000000000000000, 0.000000000000000000, 1.000000000000000000 ) ) ;
#1829 = ORIENTED_EDGE ( 'NONE', *, *, #1565, .T. ) ;
#1830 = VERTEX_POINT ( 'NONE', #1800 ) ;
#1831 = DIRECTION ( 'NONE',  ( 0.9506862240616837934, 0.000000000000000000, 0.3101543218775744126 ) ) ;
#1832 = DIRECTION ( 'NONE',  ( 0.4641121943903283031, 0.000000000000000000, -0.8857764227039429672 ) ) ;
#1833 = ADVANCED_FACE ( 'NONE', ( #2006, #732, #1137, #2191, #1760, #149, #536, #364 ), #575, .F. ) ;
#1834 = CARTESIAN_POINT ( 'NONE',  ( -12.53102924853866185, 18.00000000000000000, 23.91596341300608586 ) ) ;
#1835 = EDGE_CURVE ( 'NONE', #1102, #85, #1774, .T. ) ;
#1836 = VERTEX_POINT ( 'NONE', #2379 ) ;
#1837 = CARTESIAN_POINT ( 'NONE',  ( 12.53102924853849309, -19.80000000000000426, -24.96596341300618249 ) ) ;
#1838 = CARTESIAN_POINT ( 'NONE',  ( 22.48606432928253085, 15.20000000000000107, -10.13350679962219303 ) ) ;
#1839 = CARTESIAN_POINT ( 'NONE',  ( 11.41656882398605788, 15.19999999999999929, -3.002984077511145156 ) ) ;
#1840 = ORIENTED_EDGE ( 'NONE', *, *, #2373, .F. ) ;
#1841 = ORIENTED_EDGE ( 'NONE', *, *, #1340, .F. ) ;
#1842 = LINE ( 'NONE', #2045, #1596 ) ;
#1843 = ORIENTED_EDGE ( 'NONE', *, *, #280, .T. ) ;
#1844 = ORIENTED_EDGE ( 'NONE', *, *, #987, .F. ) ;
#1845 = DIRECTION ( 'NONE',  ( -0.000000000000000000, -1.000000000000000000, 0.000000000000000000 ) ) ;
#1846 = DIRECTION ( 'NONE',  ( 0.000000000000000000, 1.000000000000000000, 0.000000000000000000 ) ) ;
#1847 = AXIS2_PLACEMENT_3D ( 'NONE', #1873, #441, #1250 ) ;
#1848 = DIRECTION ( 'NONE',  ( 0.000000000000000000, 1.000000000000000000, 0.000000000000000000 ) ) ;
#1849 = EDGE_CURVE ( 'NONE', #1488, #1680, #2580, .T. ) ;
#1850 = ORIENTED_EDGE ( 'NONE', *, *, #1582, .T. ) ;
#1851 = CARTESIAN_POINT ( 'NONE',  ( 0.000000000000000000, 15.19999999999999929, 0.000000000000000000 ) ) ;
#1852 = DIRECTION ( 'NONE',  ( 0.000000000000000000, 0.000000000000000000, 1.000000000000000000 ) ) ;
#1853 = EDGE_CURVE ( 'NONE', #1001, #1233, #754, .T. ) ;
#1854 = ORIENTED_EDGE ( 'NONE', *, *, #2246, .T. ) ;
#1855 = EDGE_CURVE ( 'NONE', #1836, #1022, #2606, .T. ) ;
#1856 = ORIENTED_EDGE ( 'NONE', *, *, #501, .F. ) ;
#1857 = CIRCLE ( 'NONE', #2181, 29.00000000000000000 ) ;
#1858 = CARTESIAN_POINT ( 'NONE',  ( 12.53102924853849309, 16.00000000000000000, -24.96596341300618249 ) ) ;
#1859 = VECTOR ( 'NONE', #1, 1000.000000000000000 ) ;
#1860 = ORIENTED_EDGE ( 'NONE', *, *, #2542, .F. ) ;
#1861 = VERTEX_POINT ( 'NONE', #1966 ) ;
#1862 = CARTESIAN_POINT ( 'NONE',  ( 17.06798896834210666, 18.00000000000000000, 23.44533541190129711 ) ) ;
#1863 = AXIS2_PLACEMENT_3D ( 'NONE', #1166, #1332, #2172 ) ;
#1864 = EDGE_CURVE ( 'NONE', #2039, #2621, #2033, .T. ) ;
#1865 = FACE_BOUND ( 'NONE', #2339, .T. ) ;
#1866 = AXIS2_PLACEMENT_3D ( 'NONE', #475, #1696, #1918 ) ;
#1867 = VECTOR ( 'NONE', #1028, 1000.000000000000000 ) ;
#1868 = VECTOR ( 'NONE', #361, 1000.000000000000000 ) ;
#1869 = ORIENTED_EDGE ( 'NONE', *, *, #1464, .F. ) ;
#1870 = LINE ( 'NONE', #209, #2226 ) ;
#1871 = DIRECTION ( 'NONE',  ( 0.000000000000000000, 0.000000000000000000, 1.000000000000000000 ) ) ;
#1872 = CARTESIAN_POINT ( 'NONE',  ( 22.16042953152814832, 15.20000000000000107, -10.49603194562280173 ) ) ;
#1873 = CARTESIAN_POINT ( 'NONE',  ( 12.47939747649659559, -2.800000000000000266, -21.27380190299787444 ) ) ;
#1874 = ORIENTED_EDGE ( 'NONE', *, *, #991, .T. ) ;
#1875 = DIRECTION ( 'NONE',  ( -0.3101543218775933419, 0.000000000000000000, 0.9506862240616775761 ) ) ;
#1876 = VERTEX_POINT ( 'NONE', #1127 ) ;
#1877 = VERTEX_POINT ( 'NONE', #2567 ) ;
#1878 = EDGE_LOOP ( 'NONE', ( #750, #1920, #624, #2608, #786, #2631, #2231, #2409, #560 ) ) ;
#1879 = CARTESIAN_POINT ( 'NONE',  ( 16.03035692593593353, 16.00000000000000000, 21.80695489579127866 ) ) ;
#1880 = FACE_OUTER_BOUND ( 'NONE', #1122, .T. ) ;
#1881 = EDGE_CURVE ( 'NONE', #988, #1130, #2190, .T. ) ;
#1882 = ORIENTED_EDGE ( 'NONE', *, *, #1341, .T. ) ;
#1883 = DIRECTION ( 'NONE',  ( -0.9991609813300814658, 0.000000000000000000, 0.04095526080381494544 ) ) ;
#1884 = CARTESIAN_POINT ( 'NONE',  ( 17.06798896834210311, 16.00000000000000000, 23.44533541190129000 ) ) ;
#1885 = CARTESIAN_POINT ( 'NONE',  ( -14.44631724737333833, 16.00000000000000000, -22.81017137130321615 ) ) ;
#1886 = CARTESIAN_POINT ( 'NONE',  ( -23.91596341300622086, -38.00000000000000711, -13.78102924853840250 ) ) ;
#1887 = ORIENTED_EDGE ( 'NONE', *, *, #472, .T. ) ;
#1888 = ORIENTED_EDGE ( 'NONE', *, *, #1654, .F. ) ;
#1889 = CARTESIAN_POINT ( 'NONE',  ( 3.061616997868382254E-15, 0.000000000000000000, 25.00000000000000000 ) ) ;
#1890 = CARTESIAN_POINT ( 'NONE',  ( 13.16755921373100335, 15.20000000000000107, -21.23691145860815510 ) ) ;
#1891 = ADVANCED_FACE ( 'NONE', ( #1155 ), #718, .F. ) ;
#1892 = CARTESIAN_POINT ( 'NONE',  ( 28.99183277913874690, 16.00000000000000000, 0.6882093478415683974 ) ) ;
#1893 = CARTESIAN_POINT ( 'NONE',  ( 4.523772745766950543, -2.800000000000000266, -13.72916533681419970 ) ) ;
#1894 = ADVANCED_FACE ( 'NONE', ( #1368 ), #1536, .F. ) ;
#1895 = EDGE_LOOP ( 'NONE', ( #849, #1421, #1288, #1763 ) ) ;
#1896 = DIRECTION ( 'NONE',  ( 0.000000000000000000, 1.000000000000000000, 0.000000000000000000 ) ) ;
#1897 = CARTESIAN_POINT ( 'NONE',  ( 3.439590290787703175, 15.19999999999999929, -11.26040796347323614 ) ) ;
#1898 = DIRECTION ( 'NONE',  ( -0.000000000000000000, 1.000000000000000000, -0.000000000000000000 ) ) ;
#1899 = ORIENTED_EDGE ( 'NONE', *, *, #1996, .T. ) ;
#1900 = CARTESIAN_POINT ( 'NONE',  ( 12.53102924853849309, -19.80000000000000426, -23.91596341300617823 ) ) ;
#1901 = EDGE_LOOP ( 'NONE', ( #1177, #1726, #1609, #819 ) ) ;
#1902 = ORIENTED_EDGE ( 'NONE', *, *, #489, .T. ) ;
#1903 = LINE ( 'NONE', #858, #1111 ) ;
#1904 = VECTOR ( 'NONE', #234, 999.9999999999998863 ) ;
#1905 = CARTESIAN_POINT ( 'NONE',  ( -14.44631724737333833, 18.00000000000000000, -22.81017137130321615 ) ) ;
#1906 = CARTESIAN_POINT ( 'NONE',  ( -26.97734649591178524, -19.80000000000000426, 2.155792041702669248 ) ) ;
#1907 = ADVANCED_FACE ( 'NONE', ( #525, #2202 ), #1750, .T. ) ;
#1908 = EDGE_LOOP ( 'NONE', ( #583, #1882, #2359, #617 ) ) ;
#1909 = DIRECTION ( 'NONE',  ( 0.5350487869397563268, 0.000000000000000000, 0.8448211619001356754 ) ) ;
#1910 = DIRECTION ( 'NONE',  ( 0.000000000000000000, 0.000000000000000000, 1.000000000000000000 ) ) ;
#1911 = VECTOR ( 'NONE', #2199, 1000.000000000000000 ) ;
#1912 = ORIENTED_EDGE ( 'NONE', *, *, #848, .F. ) ;
#1913 = VERTEX_POINT ( 'NONE', #120 ) ;
#1914 = PLANE ( 'NONE',  #2609 ) ;
#1915 = ORIENTED_EDGE ( 'NONE', *, *, #336, .T. ) ;
#1916 = ORIENTED_EDGE ( 'NONE', *, *, #2385, .T. ) ;
#1917 = LINE ( 'NONE', #71, #2073 ) ;
#1918 = DIRECTION ( 'NONE',  ( 0.000000000000000000, 0.000000000000000000, 1.000000000000000000 ) ) ;
#1919 = LINE ( 'NONE', #1958, #2510 ) ;
#1920 = ORIENTED_EDGE ( 'NONE', *, *, #1055, .T. ) ;
#1921 = DIRECTION ( 'NONE',  ( 0.000000000000000000, 0.000000000000000000, 1.000000000000000000 ) ) ;
#1922 = CARTESIAN_POINT ( 'NONE',  ( 14.33976706502924081, -2.800000000000000266, -3.474823177623576509 ) ) ;
#1923 = DIRECTION ( 'NONE',  ( 0.000000000000000000, -0.000000000000000000, 1.000000000000000000 ) ) ;
#1924 = DIRECTION ( 'NONE',  ( 0.000000000000000000, -0.000000000000000000, 1.000000000000000000 ) ) ;
#1925 = ADVANCED_FACE ( 'NONE', ( #935 ), #2550, .F. ) ;
#1926 = ORIENTED_EDGE ( 'NONE', *, *, #900, .F. ) ;
#1927 = DIRECTION ( 'NONE',  ( 0.3101543218775741906, 0.000000000000000000, -0.9506862240616837934 ) ) ;
#1928 = EDGE_CURVE ( 'NONE', #184, #661, #962, .T. ) ;
#1929 = CARTESIAN_POINT ( 'NONE',  ( 14.44631724737318024, -19.80000000000000426, 21.76017137130332202 ) ) ;
#1930 = ORIENTED_EDGE ( 'NONE', *, *, #712, .F. ) ;
#1931 = CARTESIAN_POINT ( 'NONE',  ( -19.79540346803832662, -10.30000000000000071, -3.557038212941607380 ) ) ;
#1932 =( LENGTH_UNIT ( ) NAMED_UNIT ( * ) SI_UNIT ( .MILLI., .METRE. ) );
#1933 = PLANE ( 'NONE',  #1535 ) ;
#1934 = AXIS2_PLACEMENT_3D ( 'NONE', #1466, #78, #1923 ) ;
#1935 = EDGE_CURVE ( 'NONE', #93, #1389, #1663, .T. ) ;
#1936 = ADVANCED_FACE ( 'NONE', ( #2057 ), #2459, .F. ) ;
#1937 = CARTESIAN_POINT ( 'NONE',  ( -12.53102924853866185, 16.00000000000000000, 23.91596341300608586 ) ) ;
#1938 = EDGE_CURVE ( 'NONE', #1734, #920, #2228, .T. ) ;
#1939 = VERTEX_POINT ( 'NONE', #2419 ) ;
#1940 = DIRECTION ( 'NONE',  ( -0.7439446338705906214, 0.000000000000000000, 0.6682412601262758267 ) ) ;
#1941 = AXIS2_PLACEMENT_3D ( 'NONE', #2348, #1995, #151 ) ;
#1942 = DIRECTION ( 'NONE',  ( 0.000000000000000000, -0.000000000000000000, -1.000000000000000000 ) ) ;
#1943 = AXIS2_PLACEMENT_3D ( 'NONE', #2382, #1396, #152 ) ;
#1944 = AXIS2_PLACEMENT_3D ( 'NONE', #421, #821, #622 ) ;
#1945 = EDGE_CURVE ( 'NONE', #882, #708, #569, .T. ) ;
#1946 = ORIENTED_EDGE ( 'NONE', *, *, #1087, .T. ) ;
#1947 = CARTESIAN_POINT ( 'NONE',  ( -12.53102924853866185, 0.000000000000000000, 22.86596341300608515 ) ) ;
#1948 = AXIS2_PLACEMENT_3D ( 'NONE', #2327, #1305, #1927 ) ;
#1949 = LINE ( 'NONE', #516, #43 ) ;
#1950 = VECTOR ( 'NONE', #2347, 1000.000000000000114 ) ;
#1951 = VECTOR ( 'NONE', #2054, 1000.000000000000000 ) ;
#1952 = DIRECTION ( 'NONE',  ( 0.000000000000000000, 0.000000000000000000, 1.000000000000000000 ) ) ;
#1953 = ORIENTED_EDGE ( 'NONE', *, *, #895, .T. ) ;
#1954 = EDGE_CURVE ( 'NONE', #301, #813, #101, .T. ) ;
#1955 = EDGE_LOOP ( 'NONE', ( #2615, #1190, #2227, #1844, #477, #2634, #610, #1749 ) ) ;
#1956 = DIRECTION ( 'NONE',  ( 0.000000000000000000, 0.000000000000000000, 1.000000000000000000 ) ) ;
#1957 = EDGE_CURVE ( 'NONE', #2439, #262, #636, .T. ) ;
#1958 = CARTESIAN_POINT ( 'NONE',  ( -19.79540346803832662, 18.00000000000000000, -3.557038212941607380 ) ) ;
#1959 = EDGE_CURVE ( 'NONE', #1236, #266, #1449, .T. ) ;
#1960 = EDGE_LOOP ( 'NONE', ( #2612, #2607, #2527, #1335 ) ) ;
#1961 = DIRECTION ( 'NONE',  ( 0.8857764227039429672, 0.000000000000000000, 0.4641121943903283031 ) ) ;
#1962 = DIRECTION ( 'NONE',  ( 0.000000000000000000, -1.000000000000000000, 0.000000000000000000 ) ) ;
#1963 = CARTESIAN_POINT ( 'NONE',  ( 12.53102924853849309, -19.80000000000000426, -22.86596341300617752 ) ) ;
#1964 = ORIENTED_EDGE ( 'NONE', *, *, #780, .T. ) ;
#1965 = ORIENTED_EDGE ( 'NONE', *, *, #343, .T. ) ;
#1966 = CARTESIAN_POINT ( 'NONE',  ( 27.05413760991892502, 18.00000000000000000, 0.7676347982910443069 ) ) ;
#1967 = DIRECTION ( 'NONE',  ( 0.000000000000000000, 1.000000000000000000, 0.000000000000000000 ) ) ;
#1968 = ORIENTED_EDGE ( 'NONE', *, *, #1248, .F. ) ;
#1969 = CARTESIAN_POINT ( 'NONE',  ( 12.98106310141889530, 15.20000000000000107, -21.36567342156527971 ) ) ;
#1970 = DIRECTION ( 'NONE',  ( -0.000000000000000000, 1.000000000000000000, -0.000000000000000000 ) ) ;
#1971 = CARTESIAN_POINT ( 'NONE',  ( -26.97734649591178524, 16.00000000000000000, 1.105792041702670314 ) ) ;
#1972 = EDGE_CURVE ( 'NONE', #813, #301, #2320, .T. ) ;
#1973 = LINE ( 'NONE', #1963, #1160 ) ;
#1974 = ORIENTED_EDGE ( 'NONE', *, *, #2520, .F. ) ;
#1975 = CARTESIAN_POINT ( 'NONE',  ( -14.20670643413265921, 18.00000000000000000, -15.81609952141301001 ) ) ;
#1976 = FACE_OUTER_BOUND ( 'NONE', #1056, .T. ) ;
#1977 = VECTOR ( 'NONE', #802, 1000.000000000000000 ) ;
#1978 = AXIS2_PLACEMENT_3D ( 'NONE', #756, #1567, #745 ) ;
#1979 = ORIENTED_EDGE ( 'NONE', *, *, #2138, .F. ) ;
#1980 = EDGE_CURVE ( 'NONE', #1830, #470, #1630, .T. ) ;
#1981 = DIRECTION ( 'NONE',  ( -0.000000000000000000, 1.000000000000000000, -0.000000000000000000 ) ) ;
#1982 = AXIS2_PLACEMENT_3D ( 'NONE', #1802, #1183, #163 ) ;
#1983 = LINE ( 'NONE', #957, #1498 ) ;
#1984 = VERTEX_POINT ( 'NONE', #1222 ) ;
#1985 = CIRCLE ( 'NONE', #1367, 29.00000000000000355 ) ;
#1986 = LINE ( 'NONE', #2365, #2269 ) ;
#1987 = CARTESIAN_POINT ( 'NONE',  ( 26.97734649591177813, 16.00000000000000000, 0.7692079582971417251 ) ) ;
#1988 = CIRCLE ( 'NONE', #1199, 1.050000000000002265 ) ;
#1989 = VERTEX_POINT ( 'NONE', #1858 ) ;
#1990 = EDGE_CURVE ( 'NONE', #74, #1269, #1842, .T. ) ;
#1991 = ORIENTED_EDGE ( 'NONE', *, *, #619, .F. ) ;
#1992 = AXIS2_PLACEMENT_3D ( 'NONE', #767, #348, #1789 ) ;
#1993 = DIRECTION ( 'NONE',  ( 0.4641121943903211422, 0.000000000000000000, -0.8857764227039466309 ) ) ;
#1994 = VECTOR ( 'NONE', #52, 1000.000000000000000 ) ;
#1995 = DIRECTION ( 'NONE',  ( -0.000000000000000000, 1.000000000000000000, -0.000000000000000000 ) ) ;
#1996 = EDGE_CURVE ( 'NONE', #376, #333, #444, .T. ) ;
#1997 = LINE ( 'NONE', #351, #2310 ) ;
#1998 = CARTESIAN_POINT ( 'NONE',  ( 11.77026158278223100, 16.00000000000000000, -26.50397974404751622 ) ) ;
#1999 = CARTESIAN_POINT ( 'NONE',  ( -12.53102924853866185, 0.000000000000000000, 24.96596341300609012 ) ) ;
#2000 = ORIENTED_EDGE ( 'NONE', *, *, #524, .T. ) ;
#2001 = CARTESIAN_POINT ( 'NONE',  ( 11.41656882398605788, 16.69999999999999929, -3.002984077511145156 ) ) ;
#2002 = EDGE_CURVE ( 'NONE', #2526, #110, #797, .T. ) ;
#2003 = DIRECTION ( 'NONE',  ( 0.000000000000000000, 0.000000000000000000, -1.000000000000000000 ) ) ;
#2004 = ORIENTED_EDGE ( 'NONE', *, *, #1085, .T. ) ;
#2005 = ORIENTED_EDGE ( 'NONE', *, *, #883, .T. ) ;
#2006 = FACE_BOUND ( 'NONE', #1342, .T. ) ;
#2007 = DIRECTION ( 'NONE',  ( 0.000000000000000000, -0.000000000000000000, 1.000000000000000000 ) ) ;
#2008 = DIRECTION ( 'NONE',  ( 0.000000000000000000, 1.000000000000000000, 0.000000000000000000 ) ) ;
#2009 = CARTESIAN_POINT ( 'NONE',  ( 1.105792041704699358, 18.00000000000000000, 25.72734649591005507 ) ) ;
#2010 = VERTEX_POINT ( 'NONE', #1015 ) ;
#2011 = CARTESIAN_POINT ( 'NONE',  ( 11.41656882398605788, 16.69999999999999929, -5.002984077511145600 ) ) ;
#2012 = CYLINDRICAL_SURFACE ( 'NONE', #1120, 25.00000000000000000 ) ;
#2013 = ORIENTED_EDGE ( 'NONE', *, *, #1165, .T. ) ;
#2014 = EDGE_LOOP ( 'NONE', ( #1062, #1000 ) ) ;
#2015 = EDGE_CURVE ( 'NONE', #2532, #1313, #1117, .T. ) ;
#2016 = DIRECTION ( 'NONE',  ( -0.8857764227039455207, 0.000000000000000000, -0.4641121943903234182 ) ) ;
#2017 = ORIENTED_EDGE ( 'NONE', *, *, #987, .T. ) ;
#2018 = CARTESIAN_POINT ( 'NONE',  ( 4.660539374516695865, -2.800000000000000266, -14.25058625907070642 ) ) ;
#2019 = EDGE_CURVE ( 'NONE', #615, #736, #1648, .T. ) ;
#2020 = AXIS2_PLACEMENT_3D ( 'NONE', #1745, #2573, #2160 ) ;
#2021 = VECTOR ( 'NONE', #436, 1000.000000000000000 ) ;
#2022 = DIRECTION ( 'NONE',  ( -0.5350487869397617668, -0.000000000000000000, -0.8448211619001322337 ) ) ;
#2023 = ORIENTED_EDGE ( 'NONE', *, *, #293, .T. ) ;
#2024 = DIRECTION ( 'NONE',  ( -0.000000000000000000, 1.000000000000000000, -0.000000000000000000 ) ) ;
#2025 = VECTOR ( 'NONE', #257, 1000.000000000000000 ) ;
#2026 = DIRECTION ( 'NONE',  ( 0.000000000000000000, 0.000000000000000000, 1.000000000000000000 ) ) ;
#2027 = EDGE_LOOP ( 'NONE', ( #711, #215, #1668, #1429 ) ) ;
#2028 = AXIS2_PLACEMENT_3D ( 'NONE', #1643, #196, #1010 ) ;
#2029 = ORIENTED_EDGE ( 'NONE', *, *, #795, .F. ) ;
#2030 = DIRECTION ( 'NONE',  ( 0.000000000000000000, 0.000000000000000000, 1.000000000000000000 ) ) ;
#2031 = EDGE_CURVE ( 'NONE', #1488, #1610, #2150, .T. ) ;
#2032 = VERTEX_POINT ( 'NONE', #2068 ) ;
#2033 = CIRCLE ( 'NONE', #1372, 1.249999999999999334 ) ;
#2034 = VERTEX_POINT ( 'NONE', #230 ) ;
#2035 = CARTESIAN_POINT ( 'NONE',  ( -21.91284096708368523, -10.30000000000000071, -4.247836475304930914 ) ) ;
#2036 = CARTESIAN_POINT ( 'NONE',  ( 26.97734649591177813, 16.00000000000000000, 0.7692079582971417251 ) ) ;
#2037 = AXIS2_PLACEMENT_3D ( 'NONE', #1839, #423, #2026 ) ;
#2038 = CYLINDRICAL_SURFACE ( 'NONE', #723, 1.049999999999998934 ) ;
#2039 = VERTEX_POINT ( 'NONE', #29 ) ;
#2040 = SURFACE_SIDE_STYLE ('',( #2455 ) ) ;
#2041 = CARTESIAN_POINT ( 'NONE',  ( 12.86227756881042517, 16.00000000000000000, 23.81338784681536325 ) ) ;
#2042 = CARTESIAN_POINT ( 'NONE',  ( 28.99183277913874690, 18.00000000000000000, 0.6882093478415683974 ) ) ;
#2043 = ORIENTED_EDGE ( 'NONE', *, *, #1202, .T. ) ;
#2044 = ORIENTED_EDGE ( 'NONE', *, *, #1143, .F. ) ;
#2045 = CARTESIAN_POINT ( 'NONE',  ( -28.83825055112443891, 18.00000000000000000, 3.058644332146373213 ) ) ;
#2046 = ORIENTED_EDGE ( 'NONE', *, *, #280, .F. ) ;
#2047 = ORIENTED_EDGE ( 'NONE', *, *, #2315, .F. ) ;
#2048 = LINE ( 'NONE', #1597, #1725 ) ;
#2049 = DIRECTION ( 'NONE',  ( 0.000000000000000000, 0.000000000000000000, 1.000000000000000000 ) ) ;
#2050 = EDGE_CURVE ( 'NONE', #1208, #1634, #993, .T. ) ;
#2051 = DIRECTION ( 'NONE',  ( 0.000000000000000000, 0.000000000000000000, -1.000000000000000000 ) ) ;
#2052 = EDGE_LOOP ( 'NONE', ( #1991, #70, #2577, #1974 ) ) ;
#2053 = DIRECTION ( 'NONE',  ( 0.000000000000000000, 0.000000000000000000, 1.000000000000000000 ) ) ;
#2054 = DIRECTION ( 'NONE',  ( 0.9991609813300816878, -0.000000000000000000, -0.04095526080381073353 ) ) ;
#2055 = ORIENTED_EDGE ( 'NONE', *, *, #1819, .F. ) ;
#2056 = EDGE_CURVE ( 'NONE', #15, #1798, #585, .T. ) ;
#2057 = FACE_OUTER_BOUND ( 'NONE', #2164, .T. ) ;
#2058 = ORIENTED_EDGE ( 'NONE', *, *, #2002, .T. ) ;
#2059 = ORIENTED_EDGE ( 'NONE', *, *, #1602, .F. ) ;
#2060 = CARTESIAN_POINT ( 'NONE',  ( 26.97734649591177813, 16.00000000000000000, -1.105792041702857720 ) ) ;
#2061 = CARTESIAN_POINT ( 'NONE',  ( 26.90055538190463480, 18.00000000000000000, -2.979218881696761301 ) ) ;
#2062 = AXIS2_PLACEMENT_3D ( 'NONE', #512, #312, #1683 ) ;
#2063 = ORIENTED_EDGE ( 'NONE', *, *, #141, .F. ) ;
#2064 = CIRCLE ( 'NONE', #1978, 29.00000000000000355 ) ;
#2065 = DIRECTION ( 'NONE',  ( 0.000000000000000000, 1.000000000000000000, 0.000000000000000000 ) ) ;
#2066 = ORIENTED_EDGE ( 'NONE', *, *, #381, .T. ) ;
#2067 = VECTOR ( 'NONE', #787, 1000.000000000000000 ) ;
#2068 = CARTESIAN_POINT ( 'NONE',  ( -15.09192316792220012, 16.00000000000000000, 24.76355901508370394 ) ) ;
#2069 = VECTOR ( 'NONE', #2151, 1000.000000000000000 ) ;
#2070 = ORIENTED_EDGE ( 'NONE', *, *, #44, .T. ) ;
#2071 = ORIENTED_EDGE ( 'NONE', *, *, #1928, .F. ) ;
#2072 = DIRECTION ( 'NONE',  ( -0.000000000000000000, -1.000000000000000000, -0.000000000000000000 ) ) ;
#2073 = VECTOR ( 'NONE', #679, 1000.000000000000114 ) ;
#2074 = DIRECTION ( 'NONE',  ( 0.000000000000000000, -0.000000000000000000, 1.000000000000000000 ) ) ;
#2075 = AXIS2_PLACEMENT_3D ( 'NONE', #696, #887, #1956 ) ;
#2076 = AXIS2_PLACEMENT_3D ( 'NONE', #1810, #224, #1207 ) ;
#2077 = ORIENTED_EDGE ( 'NONE', *, *, #1768, .T. ) ;
#2078 = CARTESIAN_POINT ( 'NONE',  ( 13.89990961121660007, 18.00000000000000000, 25.45176836292537814 ) ) ;
#2079 = DIRECTION ( 'NONE',  ( 0.000000000000000000, 1.000000000000000000, 0.000000000000000000 ) ) ;
#2080 = CARTESIAN_POINT ( 'NONE',  ( 10.87019845596859291, 16.00000000000000000, -24.78617377748803108 ) ) ;
#2081 = DIRECTION ( 'NONE',  ( -0.4641121943903283031, -0.000000000000000000, 0.8857764227039429672 ) ) ;
#2082 = ORIENTED_EDGE ( 'NONE', *, *, #973, .F. ) ;
#2083 = ORIENTED_EDGE ( 'NONE', *, *, #1322, .F. ) ;
#2084 = DIRECTION ( 'NONE',  ( 0.000000000000000000, 0.000000000000000000, 1.000000000000000000 ) ) ;
#2085 = LINE ( 'NONE', #2276, #2352 ) ;
#2086 = DIRECTION ( 'NONE',  ( -0.000000000000000000, -1.000000000000000000, -0.000000000000000000 ) ) ;
#2087 = ORIENTED_EDGE ( 'NONE', *, *, #715, .T. ) ;
#2088 = DIRECTION ( 'NONE',  ( -0.7439446338705899553, 0.000000000000000000, 0.6682412601262764928 ) ) ;
#2089 = CARTESIAN_POINT ( 'NONE',  ( -14.44631724737333833, 16.00000000000000000, -22.81017137130321615 ) ) ;
#2090 = CARTESIAN_POINT ( 'NONE',  ( 12.90445809172723912, -2.800000000000000266, -4.339466597763697919 ) ) ;
#2091 = FACE_OUTER_BOUND ( 'NONE', #1216, .T. ) ;
#2092 = EDGE_CURVE ( 'NONE', #369, #1989, #1159, .T. ) ;
#2093 = ORIENTED_EDGE ( 'NONE', *, *, #1092, .F. ) ;
#2094 = CARTESIAN_POINT ( 'NONE',  ( -27.05413760991893213, 16.00000000000000000, -0.7676347982909187406 ) ) ;
#2095 = CARTESIAN_POINT ( 'NONE',  ( 0.000000000000000000, 0.000000000000000000, 0.000000000000000000 ) ) ;
#2096 = DIRECTION ( 'NONE',  ( 0.000000000000000000, 1.000000000000000000, 0.000000000000000000 ) ) ;
#2097 = CARTESIAN_POINT ( 'NONE',  ( 14.44631724737318024, 16.00000000000000000, 22.81017137130332273 ) ) ;
#2098 = EDGE_LOOP ( 'NONE', ( #2401, #2013 ) ) ;
#2099 = FACE_OUTER_BOUND ( 'NONE', #160, .T. ) ;
#2100 = FACE_OUTER_BOUND ( 'NONE', #1585, .T. ) ;
#2101 = FACE_BOUND ( 'NONE', #971, .T. ) ;
#2102 = ORIENTED_EDGE ( 'NONE', *, *, #780, .F. ) ;
#2103 = DIRECTION ( 'NONE',  ( 0.000000000000000000, 1.000000000000000000, 0.000000000000000000 ) ) ;
#2104 = AXIS2_PLACEMENT_3D ( 'NONE', #1338, #1350, #2167 ) ;
#2105 = ORIENTED_EDGE ( 'NONE', *, *, #1214, .F. ) ;
#2106 = DIRECTION ( 'NONE',  ( -0.000000000000000000, 1.000000000000000000, -0.000000000000000000 ) ) ;
#2107 = CARTESIAN_POINT ( 'NONE',  ( -15.09192316792220012, 16.00000000000000000, 24.76355901508370394 ) ) ;
#2108 = CARTESIAN_POINT ( 'NONE',  ( 12.53102924853849309, 0.000000000000000000, -24.96596341300618249 ) ) ;
#2109 = ADVANCED_FACE ( 'NONE', ( #1291 ), #1492, .F. ) ;
#2110 = CARTESIAN_POINT ( 'NONE',  ( 12.53102924853849309, 18.00000000000000000, -23.91596341300617823 ) ) ;
#2111 = CIRCLE ( 'NONE', #442, 29.00000000000001066 ) ;
#2112 = EDGE_LOOP ( 'NONE', ( #2441, #1179 ) ) ;
#2113 = AXIS2_PLACEMENT_3D ( 'NONE', #2591, #974, #2368 ) ;
#2114 = CARTESIAN_POINT ( 'NONE',  ( -19.74176071394082754, -10.30000000000000071, -10.90264004373577578 ) ) ;
#2115 = DIRECTION ( 'NONE',  ( 0.000000000000000000, 0.000000000000000000, 1.000000000000000000 ) ) ;
#2116 = AXIS2_PLACEMENT_3D ( 'NONE', #2089, #439, #1271 ) ;
#2117 = DIRECTION ( 'NONE',  ( 0.000000000000000000, 0.000000000000000000, 1.000000000000000000 ) ) ;
#2118 = DIRECTION ( 'NONE',  ( 0.000000000000000000, 1.000000000000000000, 0.000000000000000000 ) ) ;
#2119 = VERTEX_POINT ( 'NONE', #896 ) ;
#2120 = CARTESIAN_POINT ( 'NONE',  ( 9.716382959520363016, 16.69999999999999929, -4.056249488635537581 ) ) ;
#2121 = CARTESIAN_POINT ( 'NONE',  ( 12.53102924853849309, 16.00000000000000000, -22.86596341300617752 ) ) ;
#2122 = ORIENTED_EDGE ( 'NONE', *, *, #1170, .T. ) ;
#2123 = ORIENTED_EDGE ( 'NONE', *, *, #440, .T. ) ;
#2124 = ADVANCED_FACE ( 'NONE', ( #284 ), #1692, .F. ) ;
#2125 = CARTESIAN_POINT ( 'NONE',  ( 0.000000000000000000, 0.000000000000000000, 0.000000000000000000 ) ) ;
#2126 = EDGE_CURVE ( 'NONE', #428, #28, #1415, .T. ) ;
#2127 = DIRECTION ( 'NONE',  ( -0.000000000000000000, -1.000000000000000000, -0.000000000000000000 ) ) ;
#2128 = FACE_OUTER_BOUND ( 'NONE', #809, .T. ) ;
#2129 = DIRECTION ( 'NONE',  ( -0.000000000000000000, 1.000000000000000000, -0.000000000000000000 ) ) ;
#2130 = EDGE_CURVE ( 'NONE', #1984, #2367, #1510, .T. ) ;
#2131 = ORIENTED_EDGE ( 'NONE', *, *, #894, .F. ) ;
#2132 = PLANE ( 'NONE',  #1948 ) ;
#2133 = FACE_OUTER_BOUND ( 'NONE', #2495, .T. ) ;
#2134 = DIRECTION ( 'NONE',  ( -0.000000000000000000, 1.000000000000000000, -0.000000000000000000 ) ) ;
#2135 = ORIENTED_EDGE ( 'NONE', *, *, #69, .T. ) ;
#2136 = DIRECTION ( 'NONE',  ( 0.4641121943903211422, -0.000000000000000000, -0.8857764227039466309 ) ) ;
#2137 = DIRECTION ( 'NONE',  ( -0.7439446338705900663, 0.000000000000000000, 0.6682412601262763818 ) ) ;
#2138 = EDGE_CURVE ( 'NONE', #2262, #1423, #1704, .T. ) ;
#2139 = DIRECTION ( 'NONE',  ( -0.000000000000000000, 1.000000000000000000, -0.000000000000000000 ) ) ;
#2140 = ORIENTED_EDGE ( 'NONE', *, *, #1855, .F. ) ;
#2141 = VECTOR ( 'NONE', #1741, 1000.000000000000114 ) ;
#2142 = DIRECTION ( 'NONE',  ( -0.4641121943903283031, 0.000000000000000000, 0.8857764227039429672 ) ) ;
#2143 = AXIS2_PLACEMENT_3D ( 'NONE', #1478, #2292, #1270 ) ;
#2144 = LINE ( 'NONE', #502, #1539 ) ;
#2145 = AXIS2_PLACEMENT_3D ( 'NONE', #2001, #2162, #1796 ) ;
#2146 = ORIENTED_EDGE ( 'NONE', *, *, #519, .T. ) ;
#2147 = CARTESIAN_POINT ( 'NONE',  ( 22.81017137130313799, -38.00000000000000711, -13.19631724737335610 ) ) ;
#2148 = AXIS2_PLACEMENT_3D ( 'NONE', #1294, #298, #2289 ) ;
#2149 = FACE_OUTER_BOUND ( 'NONE', #271, .T. ) ;
#2150 = CIRCLE ( 'NONE', #358, 0.4873012446025594135 ) ;
#2151 = DIRECTION ( 'NONE',  ( -0.000000000000000000, -1.000000000000000000, -0.000000000000000000 ) ) ;
#2152 = AXIS2_PLACEMENT_3D ( 'NONE', #1230, #1825, #8 ) ;
#2153 = FACE_OUTER_BOUND ( 'NONE', #1675, .T. ) ;
#2154 = EDGE_CURVE ( 'NONE', #1743, #1816, #67, .T. ) ;
#2155 = ORIENTED_EDGE ( 'NONE', *, *, #260, .F. ) ;
#2156 = DIRECTION ( 'NONE',  ( 0.000000000000000000, 1.000000000000000000, 0.000000000000000000 ) ) ;
#2157 = CARTESIAN_POINT ( 'NONE',  ( 26.97734649591177813, 0.000000000000000000, -1.105792041702857720 ) ) ;
#2158 = EDGE_CURVE ( 'NONE', #1759, #2460, #1773, .T. ) ;
#2159 = ORIENTED_EDGE ( 'NONE', *, *, #1427, .T. ) ;
#2160 = DIRECTION ( 'NONE',  ( 0.000000000000000000, 0.000000000000000000, 1.000000000000000000 ) ) ;
#2161 = ORIENTED_EDGE ( 'NONE', *, *, #1945, .F. ) ;
#2162 = DIRECTION ( 'NONE',  ( -0.000000000000000000, 1.000000000000000000, -0.000000000000000000 ) ) ;
#2163 = FACE_OUTER_BOUND ( 'NONE', #1524, .T. ) ;
#2164 = EDGE_LOOP ( 'NONE', ( #1434, #556, #1841, #359 ) ) ;
#2165 = CARTESIAN_POINT ( 'NONE',  ( 0.000000000000000000, 0.000000000000000000, 0.000000000000000000 ) ) ;
#2166 = EDGE_CURVE ( 'NONE', #46, #1096, #1290, .T. ) ;
#2167 = DIRECTION ( 'NONE',  ( 0.000000000000000000, 0.000000000000000000, 1.000000000000000000 ) ) ;
#2168 = VERTEX_POINT ( 'NONE', #1101 ) ;
#2169 = LINE ( 'NONE', #338, #2471 ) ;
#2170 = CARTESIAN_POINT ( 'NONE',  ( 0.000000000000000000, 15.19999999999999929, 0.000000000000000000 ) ) ;
#2171 = ORIENTED_EDGE ( 'NONE', *, *, #715, .F. ) ;
#2172 = DIRECTION ( 'NONE',  ( 0.000000000000000000, 0.000000000000000000, 1.000000000000000000 ) ) ;
#2173 = CARTESIAN_POINT ( 'NONE',  ( -14.19186004110855137, 18.00000000000000000, 23.04575304852422235 ) ) ;
#2174 = VECTOR ( 'NONE', #469, 1000.000000000000000 ) ;
#2175 = VERTEX_POINT ( 'NONE', #2513 ) ;
#2176 = AXIS2_PLACEMENT_3D ( 'NONE', #1145, #1301, #724 ) ;
#2177 = DIRECTION ( 'NONE',  ( 0.000000000000000000, 1.000000000000000000, 0.000000000000000000 ) ) ;
#2178 = DIRECTION ( 'NONE',  ( 0.000000000000000000, 0.000000000000000000, -1.000000000000000000 ) ) ;
#2179 = DIRECTION ( 'NONE',  ( -0.3101543218775744126, 0.000000000000000000, 0.9506862240616837934 ) ) ;
#2180 = AXIS2_PLACEMENT_3D ( 'NONE', #1516, #2096, #2493 ) ;
#2181 = AXIS2_PLACEMENT_3D ( 'NONE', #2125, #1443, #1099 ) ;
#2182 = AXIS2_PLACEMENT_3D ( 'NONE', #2533, #1530, #1343 ) ;
#2183 = FACE_OUTER_BOUND ( 'NONE', #1517, .T. ) ;
#2184 = ORIENTED_EDGE ( 'NONE', *, *, #1302, .T. ) ;
#2185 = VECTOR ( 'NONE', #1784, 1000.000000000000000 ) ;
#2186 = CARTESIAN_POINT ( 'NONE',  ( -11.77026158278242995, 16.00000000000000000, 26.50397974404741674 ) ) ;
#2187 = CARTESIAN_POINT ( 'NONE',  ( -14.20670643413265921, -10.30000000000000071, -14.56609952141301001 ) ) ;
#2188 = VECTOR ( 'NONE', #1832, 1000.000000000000114 ) ;
#2189 = ORIENTED_EDGE ( 'NONE', *, *, #2247, .T. ) ;
#2190 = CIRCLE ( 'NONE', #2561, 1.250000000000001110 ) ;
#2191 = FACE_BOUND ( 'NONE', #538, .T. ) ;
#2192 = AXIS2_PLACEMENT_3D ( 'NONE', #1114, #1135, #108 ) ;
#2193 = CARTESIAN_POINT ( 'NONE',  ( -23.91596341300622086, 4.999999999999997335, -12.53102924853840072 ) ) ;
#2194 = DIRECTION ( 'NONE',  ( 0.000000000000000000, 0.000000000000000000, 1.000000000000000000 ) ) ;
#2195 = LINE ( 'NONE', #2372, #2549 ) ;
#2196 = ADVANCED_FACE ( 'NONE', ( #2325 ), #1511, .F. ) ;
#2197 = ORIENTED_EDGE ( 'NONE', *, *, #1229, .F. ) ;
#2198 = DIRECTION ( 'NONE',  ( -0.000000000000000000, 1.000000000000000000, -0.000000000000000000 ) ) ;
#2199 = DIRECTION ( 'NONE',  ( -0.000000000000000000, 1.000000000000000000, -0.000000000000000000 ) ) ;
#2200 = EDGE_LOOP ( 'NONE', ( #1452, #328, #499, #459 ) ) ;
#2201 = ORIENTED_EDGE ( 'NONE', *, *, #1170, .F. ) ;
#2202 = FACE_BOUND ( 'NONE', #1410, .T. ) ;
#2203 = DIRECTION ( 'NONE',  ( 0.000000000000000000, 0.000000000000000000, 1.000000000000000000 ) ) ;
#2204 = CYLINDRICAL_SURFACE ( 'NONE', #2431, 1.049999999999998934 ) ;
#2205 = CARTESIAN_POINT ( 'NONE',  ( 22.16042953152814832, 15.20000000000000107, -10.49603194562280173 ) ) ;
#2206 = VERTEX_POINT ( 'NONE', #1263 ) ;
#2207 = CARTESIAN_POINT ( 'NONE',  ( 4.623444721381981815, 18.00000000000000000, -13.55861517101224401 ) ) ;
#2208 = CARTESIAN_POINT ( 'NONE',  ( -26.97734649591178524, 0.000000000000000000, 1.105792041702670314 ) ) ;
#2209 = ORIENTED_EDGE ( 'NONE', *, *, #2534, .F. ) ;
#2210 = ORIENTED_EDGE ( 'NONE', *, *, #2092, .F. ) ;
#2211 = ADVANCED_FACE ( 'NONE', ( #912, #2525 ), #1914, .T. ) ;
#2212 = DIRECTION ( 'NONE',  ( 0.000000000000000000, -1.000000000000000000, 0.000000000000000000 ) ) ;
#2213 = ORIENTED_EDGE ( 'NONE', *, *, #1147, .F. ) ;
#2214 = ORIENTED_EDGE ( 'NONE', *, *, #63, .F. ) ;
#2215 = FACE_OUTER_BOUND ( 'NONE', #743, .T. ) ;
#2216 = CARTESIAN_POINT ( 'NONE',  ( 9.299317578231782733, 15.19999999999999929, -8.353024423955984545 ) ) ;
#2217 = PRODUCT_DEFINITION_SHAPE ( 'NONE', 'NONE',  #354 ) ;
#2218 = VECTOR ( 'NONE', #1020, 1000.000000000000000 ) ;
#2219 = AXIS2_PLACEMENT_3D ( 'NONE', #115, #124, #1764 ) ;
#2220 = CARTESIAN_POINT ( 'NONE',  ( 14.44631724737318024, -19.80000000000000426, 22.81017137130332273 ) ) ;
#2221 = EDGE_LOOP ( 'NONE', ( #2140, #1471, #2331, #2619, #1574, #1307, #35, #2184, #765, #2023, #934, #81, #1519, #2017, #32 ) ) ;
#2222 = CARTESIAN_POINT ( 'NONE',  ( 10.87019845596859291, 18.00000000000000000, -24.78617377748803108 ) ) ;
#2223 = AXIS2_PLACEMENT_3D ( 'NONE', #2299, #658, #2257 ) ;
#2224 = FACE_OUTER_BOUND ( 'NONE', #2295, .T. ) ;
#2225 = ORIENTED_EDGE ( 'NONE', *, *, #1754, .T. ) ;
#2226 = VECTOR ( 'NONE', #394, 1000.000000000000000 ) ;
#2227 = ORIENTED_EDGE ( 'NONE', *, *, #1339, .F. ) ;
#2228 = LINE ( 'NONE', #613, #774 ) ;
#2229 = EDGE_LOOP ( 'NONE', ( #947, #1533, #807, #1472 ) ) ;
#2230 = CIRCLE ( 'NONE', #1598, 29.00000000000000000 ) ;
#2231 = ORIENTED_EDGE ( 'NONE', *, *, #1849, .T. ) ;
#2232 = CARTESIAN_POINT ( 'NONE',  ( 22.81017137130313799, 4.999999999999997335, -13.19631724737335610 ) ) ;
#2233 = EDGE_CURVE ( 'NONE', #262, #435, #21, .T. ) ;
#2234 = DIRECTION ( 'NONE',  ( 0.000000000000000000, -1.000000000000000000, 0.000000000000000000 ) ) ;
#2235 = CIRCLE ( 'NONE', #1328, 2.000000000000000000 ) ;
#2236 = DIRECTION ( 'NONE',  ( -0.000000000000000000, 1.000000000000000000, -0.000000000000000000 ) ) ;
#2237 = ORIENTED_EDGE ( 'NONE', *, *, #331, .T. ) ;
#2238 = CARTESIAN_POINT ( 'NONE',  ( 1.105792041704699358, 4.999999999999997335, 25.72734649591005507 ) ) ;
#2239 = ORIENTED_EDGE ( 'NONE', *, *, #2572, .F. ) ;
#2240 = ORIENTED_EDGE ( 'NONE', *, *, #2486, .T. ) ;
#2241 = CARTESIAN_POINT ( 'NONE',  ( 1.105792041704699358, -38.00000000000000711, 25.72734649591005507 ) ) ;
#2242 = ORIENTED_EDGE ( 'NONE', *, *, #2315, .T. ) ;
#2243 = ORIENTED_EDGE ( 'NONE', *, *, #1788, .T. ) ;
#2244 = DIRECTION ( 'NONE',  ( -0.9991609813300814658, -0.000000000000000000, 0.04095526080381493850 ) ) ;
#2245 = LINE ( 'NONE', #801, #1243 ) ;
#2246 = EDGE_CURVE ( 'NONE', #2429, #968, #1523, .T. ) ;
#2247 = EDGE_CURVE ( 'NONE', #1130, #363, #1049, .T. ) ;
#2248 = VERTEX_POINT ( 'NONE', #855 ) ;
#2249 = CARTESIAN_POINT ( 'NONE',  ( 12.80503312291894247, 15.20000000000000107, -20.91127581218583842 ) ) ;
#2250 = EDGE_CURVE ( 'NONE', #2119, #1079, #1203, .T. ) ;
#2251 = CARTESIAN_POINT ( 'NONE',  ( 14.19186004110838972, 16.00000000000000000, -23.04575304852432538 ) ) ;
#2252 = ORIENTED_EDGE ( 'NONE', *, *, #1104, .T. ) ;
#2253 = ORIENTED_EDGE ( 'NONE', *, *, #634, .T. ) ;
#2254 = CARTESIAN_POINT ( 'NONE',  ( 22.16042953152814832, 18.00000000000000000, -10.49603194562280173 ) ) ;
#2255 = ORIENTED_EDGE ( 'NONE', *, *, #994, .F. ) ;
#2256 = ORIENTED_EDGE ( 'NONE', *, *, #141, .T. ) ;
#2257 = DIRECTION ( 'NONE',  ( 0.000000000000000000, 0.000000000000000000, 1.000000000000000000 ) ) ;
#2258 = CARTESIAN_POINT ( 'NONE',  ( -19.74176071394082754, 18.00000000000000000, -10.90264004373577578 ) ) ;
#2259 = ADVANCED_FACE ( 'NONE', ( #2091 ), #254, .F. ) ;
#2260 = EDGE_CURVE ( 'NONE', #825, #661, #571, .T. ) ;
#2261 = CIRCLE ( 'NONE', #1762, 0.4873012446025594135 ) ;
#2262 = VERTEX_POINT ( 'NONE', #2173 ) ;
#2263 = DIRECTION ( 'NONE',  ( -0.000000000000000000, 1.000000000000000000, -0.000000000000000000 ) ) ;
#2264 = CYLINDRICAL_SURFACE ( 'NONE', #2116, 1.874999999999998224 ) ;
#2265 = DIRECTION ( 'NONE',  ( 0.000000000000000000, 0.000000000000000000, 1.000000000000000000 ) ) ;
#2266 = EDGE_LOOP ( 'NONE', ( #2378, #1003, #1541, #2070 ) ) ;
#2267 = AXIS2_PLACEMENT_3D ( 'NONE', #2442, #629, #1695 ) ;
#2268 = DIRECTION ( 'NONE',  ( 0.4641121943903283031, 0.000000000000000000, -0.8857764227039429672 ) ) ;
#2269 = VECTOR ( 'NONE', #517, 1000.000000000000114 ) ;
#2270 = ORIENTED_EDGE ( 'NONE', *, *, #2158, .F. ) ;
#2271 = ORIENTED_EDGE ( 'NONE', *, *, #2456, .T. ) ;
#2272 = EDGE_CURVE ( 'NONE', #1634, #1939, #932, .T. ) ;
#2273 = EDGE_LOOP ( 'NONE', ( #1758, #707, #1220, #200 ) ) ;
#2274 = DIRECTION ( 'NONE',  ( 0.000000000000000000, 1.000000000000000000, 0.000000000000000000 ) ) ;
#2275 = AXIS2_PLACEMENT_3D ( 'NONE', #1486, #311, #1719 ) ;
#2276 = CARTESIAN_POINT ( 'NONE',  ( -28.99183277913874690, 16.00000000000000000, -0.6882093478414350596 ) ) ;
#2277 = AXIS2_PLACEMENT_3D ( 'NONE', #2448, #202, #2030 ) ;
#2278 = CIRCLE ( 'NONE', #2152, 25.00000000000000000 ) ;
#2279 = EDGE_LOOP ( 'NONE', ( #2071, #2131, #1843, #237 ) ) ;
#2280 = LINE ( 'NONE', #263, #642 ) ;
#2281 = DIRECTION ( 'NONE',  ( 0.000000000000000000, 0.000000000000000000, 1.000000000000000000 ) ) ;
#2282 = CARTESIAN_POINT ( 'NONE',  ( 3.439590290787703619, 16.69999999999999929, -11.26040796347323614 ) ) ;
#2283 = ADVANCED_FACE ( 'NONE', ( #1167 ), #1757, .F. ) ;
#2284 = CARTESIAN_POINT ( 'NONE',  ( -27.05413760991892858, 18.00000000000000000, -0.7676347982909191847 ) ) ;
#2285 = ORIENTED_EDGE ( 'NONE', *, *, #2384, .T. ) ;
#2286 = DIRECTION ( 'NONE',  ( 0.000000000000000000, 0.000000000000000000, 1.000000000000000000 ) ) ;
#2287 = ORIENTED_EDGE ( 'NONE', *, *, #1493, .T. ) ;
#2288 = LINE ( 'NONE', #1879, #1728 ) ;
#2289 = DIRECTION ( 'NONE',  ( 0.000000000000000000, 0.000000000000000000, -1.000000000000000000 ) ) ;
#2290 = CARTESIAN_POINT ( 'NONE',  ( -14.19186004110855137, 16.00000000000000000, 23.04575304852422235 ) ) ;
#2291 = ORIENTED_EDGE ( 'NONE', *, *, #847, .F. ) ;
#2292 = DIRECTION ( 'NONE',  ( -0.000000000000000000, -1.000000000000000000, -0.000000000000000000 ) ) ;
#2293 = APPLICATION_PROTOCOL_DEFINITION ( 'draft international standard', 'automotive_design', 1998, #1793 ) ;
#2294 = DIRECTION ( 'NONE',  ( 0.000000000000000000, 0.000000000000000000, 1.000000000000000000 ) ) ;
#2295 = EDGE_LOOP ( 'NONE', ( #2434, #645, #2309, #1494 ) ) ;
#2296 = ADVANCED_FACE ( 'NONE', ( #2587 ), #1125, .F. ) ;
#2297 = CARTESIAN_POINT ( 'NONE',  ( 22.81017137130313799, -38.00000000000000711, -14.44631724737534562 ) ) ;
#2298 = VERTEX_POINT ( 'NONE', #945 ) ;
#2299 = CARTESIAN_POINT ( 'NONE',  ( -14.44631724737333833, 16.00000000000000000, -22.81017137130321615 ) ) ;
#2300 = DIRECTION ( 'NONE',  ( -0.000000000000000000, 1.000000000000000000, -0.000000000000000000 ) ) ;
#2301 = LINE ( 'NONE', #917, #1803 ) ;
#2302 = ADVANCED_FACE ( 'NONE', ( #2153 ), #1548, .T. ) ;
#2303 = ORIENTED_EDGE ( 'NONE', *, *, #1280, .T. ) ;
#2304 = CARTESIAN_POINT ( 'NONE',  ( 26.97734649591177813, 16.00000000000000000, -1.105792041702857720 ) ) ;
#2305 = FACE_OUTER_BOUND ( 'NONE', #208, .T. ) ;
#2306 = CARTESIAN_POINT ( 'NONE',  ( -12.86227756881059037, 18.00000000000000000, -23.81338784681526732 ) ) ;
#2307 = CIRCLE ( 'NONE', #1234, 1.875000000000001776 ) ;
#2308 = DIRECTION ( 'NONE',  ( -0.000000000000000000, -1.000000000000000000, -0.000000000000000000 ) ) ;
#2309 = ORIENTED_EDGE ( 'NONE', *, *, #1499, .F. ) ;
#2310 = VECTOR ( 'NONE', #1158, 1000.000000000000000 ) ;
#2311 = CARTESIAN_POINT ( 'NONE',  ( 0.000000000000000000, 15.19999999999999929, -25.00000000000000000 ) ) ;
#2312 = ADVANCED_FACE ( 'NONE', ( #2163, #520 ), #147, .T. ) ;
#2313 = DIRECTION ( 'NONE',  ( 0.000000000000000000, 1.000000000000000000, 0.000000000000000000 ) ) ;
#2314 = AXIS2_PLACEMENT_3D ( 'NONE', #1360, #1962, #1756 ) ;
#2315 = EDGE_CURVE ( 'NONE', #708, #428, #158, .T. ) ;
#2316 = VERTEX_POINT ( 'NONE', #2344 ) ;
#2317 = DIRECTION ( 'NONE',  ( 0.000000000000000000, 0.000000000000000000, 1.000000000000000000 ) ) ;
#2318 = VECTOR ( 'NONE', #1413, 1000.000000000000000 ) ;
#2319 = VERTEX_POINT ( 'NONE', #2392 ) ;
#2320 = CIRCLE ( 'NONE', #104, 1.050000000000002265 ) ;
#2321 = DIRECTION ( 'NONE',  ( 0.000000000000000000, 1.000000000000000000, 0.000000000000000000 ) ) ;
#2322 = ADVANCED_FACE ( 'NONE', ( #2366 ), #533, .F. ) ;
#2323 = VECTOR ( 'NONE', #667, 1000.000000000000000 ) ;
#2324 = CARTESIAN_POINT ( 'NONE',  ( -26.90055538190462414, 16.00000000000000000, 2.979218881696889643 ) ) ;
#2325 = FACE_OUTER_BOUND ( 'NONE', #1766, .T. ) ;
#2326 = ORIENTED_EDGE ( 'NONE', *, *, #902, .T. ) ;
#2327 = CARTESIAN_POINT ( 'NONE',  ( -19.79540346803832662, -10.30000000000000071, -3.557038212941607380 ) ) ;
#2328 = DIRECTION ( 'NONE',  ( 0.3101543218775741906, 0.000000000000000000, -0.9506862240616839044 ) ) ;
#2329 = EDGE_CURVE ( 'NONE', #1939, #1861, #530, .T. ) ;
#2330 = CARTESIAN_POINT ( 'NONE',  ( 12.53102924853849309, 16.00000000000000000, -22.04096341300618178 ) ) ;
#2331 = ORIENTED_EDGE ( 'NONE', *, *, #683, .F. ) ;
#2332 = ADVANCED_FACE ( 'NONE', ( #1333 ), #763, .F. ) ;
#2333 = CARTESIAN_POINT ( 'NONE',  ( 0.000000000000000000, 15.19999999999999929, 0.000000000000000000 ) ) ;
#2334 = CARTESIAN_POINT ( 'NONE',  ( 22.63106907118705635, 15.19999999999999929, -10.62236850684255707 ) ) ;
#2335 = CARTESIAN_POINT ( 'NONE',  ( 14.44631724737318024, -19.80000000000000426, 23.86017137130331989 ) ) ;
#2336 = ORIENTED_EDGE ( 'NONE', *, *, #2566, .F. ) ;
#2337 = DIRECTION ( 'NONE',  ( -0.9991609813300816878, 0.000000000000000000, 0.04095526080380908901 ) ) ;
#2338 = CYLINDRICAL_SURFACE ( 'NONE', #2512, 1.049999999999998934 ) ;
#2339 = EDGE_LOOP ( 'NONE', ( #997, #109 ) ) ;
#2340 = ADVANCED_FACE ( 'NONE', ( #118 ), #545, .F. ) ;
#2341 = LINE ( 'NONE', #1522, #553 ) ;
#2342 = EDGE_CURVE ( 'NONE', #2032, #1423, #1347, .T. ) ;
#2343 = DIRECTION ( 'NONE',  ( 0.000000000000000000, 0.000000000000000000, -1.000000000000000000 ) ) ;
#2344 = CARTESIAN_POINT ( 'NONE',  ( 12.47939747649659559, 18.00000000000000000, -21.27380190299787444 ) ) ;
#2345 = ORIENTED_EDGE ( 'NONE', *, *, #2130, .F. ) ;
#2346 = CIRCLE ( 'NONE', #2180, 1.049999999999998934 ) ;
#2347 = DIRECTION ( 'NONE',  ( -0.7439446338705900663, 0.000000000000000000, 0.6682412601262763818 ) ) ;
#2348 = CARTESIAN_POINT ( 'NONE',  ( -14.44631724737333833, -19.80000000000000426, -22.81017137130321615 ) ) ;
#2349 = CIRCLE ( 'NONE', #909, 25.00000000000000000 ) ;
#2350 = ORIENTED_EDGE ( 'NONE', *, *, #697, .F. ) ;
#2351 = LINE ( 'NONE', #2147, #89 ) ;
#2352 = VECTOR ( 'NONE', #218, 1000.000000000000000 ) ;
#2353 = CYLINDRICAL_SURFACE ( 'NONE', #2020, 1.050000000000002265 ) ;
#2354 = AXIS2_PLACEMENT_3D ( 'NONE', #187, #1002, #1091 ) ;
#2355 = CARTESIAN_POINT ( 'NONE',  ( 26.90055538190463480, 16.00000000000000000, -2.979218881696761301 ) ) ;
#2356 = EDGE_CURVE ( 'NONE', #2319, #2621, #307, .T. ) ;
#2357 = AXIS2_PLACEMENT_3D ( 'NONE', #1303, #2129, #90 ) ;
#2358 = DIRECTION ( 'NONE',  ( 0.000000000000000000, 1.000000000000000000, 0.000000000000000000 ) ) ;
#2359 = ORIENTED_EDGE ( 'NONE', *, *, #44, .F. ) ;
#2360 = DIRECTION ( 'NONE',  ( 0.000000000000000000, -0.000000000000000000, 1.000000000000000000 ) ) ;
#2361 = CARTESIAN_POINT ( 'NONE',  ( 4.987977591978570935, 16.69999999999999929, -13.88605338847411730 ) ) ;
#2362 = ORIENTED_EDGE ( 'NONE', *, *, #1521, .F. ) ;
#2363 = DIRECTION ( 'NONE',  ( 0.5350487869397606566, 0.000000000000000000, 0.8448211619001328998 ) ) ;
#2364 = LINE ( 'NONE', #1100, #513 ) ;
#2365 = CARTESIAN_POINT ( 'NONE',  ( 13.89990961121660007, 18.00000000000000000, 25.45176836292537814 ) ) ;
#2366 = FACE_OUTER_BOUND ( 'NONE', #1736, .T. ) ;
#2367 = VERTEX_POINT ( 'NONE', #1747 ) ;
#2368 = DIRECTION ( 'NONE',  ( 0.000000000000000000, 0.000000000000000000, 1.000000000000000000 ) ) ;
#2369 = CYLINDRICAL_SURFACE ( 'NONE', #2595, 1.250000000000001110 ) ;
#2370 = CARTESIAN_POINT ( 'NONE',  ( -21.91284096708368523, -10.30000000000000071, -4.247836475304930914 ) ) ;
#2371 = DIRECTION ( 'NONE',  ( 0.000000000000000000, 0.000000000000000000, 1.000000000000000000 ) ) ;
#2372 = CARTESIAN_POINT ( 'NONE',  ( -12.53102924853866185, -19.80000000000000426, 24.96596341300609012 ) ) ;
#2373 = EDGE_CURVE ( 'NONE', #1233, #1293, #1323, .T. ) ;
#2374 = ORIENTED_EDGE ( 'NONE', *, *, #2126, .T. ) ;
#2375 = CARTESIAN_POINT ( 'NONE',  ( 16.03035692593593353, 16.00000000000000000, 21.80695489579127866 ) ) ;
#2376 = CARTESIAN_POINT ( 'NONE',  ( -14.44631724737333833, 16.00000000000000000, -20.93517137130321615 ) ) ;
#2377 = VERTEX_POINT ( 'NONE', #319 ) ;
#2378 = ORIENTED_EDGE ( 'NONE', *, *, #1067, .F. ) ;
#2379 = CARTESIAN_POINT ( 'NONE',  ( 4.523772745766950543, 15.20000000000000107, -13.72916533681419970 ) ) ;
#2380 = DIRECTION ( 'NONE',  ( 0.000000000000000000, -1.000000000000000000, 0.000000000000000000 ) ) ;
#2381 = AXIS2_PLACEMENT_3D ( 'NONE', #1555, #113, #2007 ) ;
#2382 = CARTESIAN_POINT ( 'NONE',  ( 14.33976706502924081, 15.20000000000000107, -3.474823177623576509 ) ) ;
#2383 = AXIS2_PLACEMENT_3D ( 'NONE', #2467, #1047, #1883 ) ;
#2384 = EDGE_CURVE ( 'NONE', #333, #369, #1973, .T. ) ;
#2385 = EDGE_CURVE ( 'NONE', #256, #1795, #737, .T. ) ;
#2386 = AXIS2_PLACEMENT_3D ( 'NONE', #1653, #1255, #2084 ) ;
#2387 = MECHANICAL_DESIGN_GEOMETRIC_PRESENTATION_REPRESENTATION (  '', ( #693 ), #990 ) ;
#2388 = DIRECTION ( 'NONE',  ( 0.000000000000000000, 0.000000000000000000, 1.000000000000000000 ) ) ;
#2389 = ORIENTED_EDGE ( 'NONE', *, *, #1021, .F. ) ;
#2390 = DIRECTION ( 'NONE',  ( 0.000000000000000000, 0.000000000000000000, 1.000000000000000000 ) ) ;
#2391 = EDGE_CURVE ( 'NONE', #522, #1275, #1078, .T. ) ;
#2392 = CARTESIAN_POINT ( 'NONE',  ( -14.20670643413265921, 15.20000000000000107, -14.56609952141301001 ) ) ;
#2393 = CIRCLE ( 'NONE', #98, 1.874999999999998224 ) ;
#2394 = ORIENTED_EDGE ( 'NONE', *, *, #1266, .T. ) ;
#2395 = ORIENTED_EDGE ( 'NONE', *, *, #535, .T. ) ;
#2396 = AXIS2_PLACEMENT_3D ( 'NONE', #1422, #1041, #1235 ) ;
#2397 = CARTESIAN_POINT ( 'NONE',  ( 4.987977591978570935, 15.20000000000000107, -13.88605338847411730 ) ) ;
#2398 = DIRECTION ( 'NONE',  ( 0.000000000000000000, 1.000000000000000000, 0.000000000000000000 ) ) ;
#2399 = CARTESIAN_POINT ( 'NONE',  ( 22.81017137130313799, 18.00000000000000000, -14.44631724737534562 ) ) ;
#2400 = LINE ( 'NONE', #1186, #1718 ) ;
#2401 = ORIENTED_EDGE ( 'NONE', *, *, #2166, .T. ) ;
#2402 = FILL_AREA_STYLE_COLOUR ( '', #353 ) ;
#2403 = CARTESIAN_POINT ( 'NONE',  ( -12.53102924853866185, 16.00000000000000000, 24.96596341300609012 ) ) ;
#2404 = ORIENTED_EDGE ( 'NONE', *, *, #1257, .F. ) ;
#2405 = ORIENTED_EDGE ( 'NONE', *, *, #1007, .T. ) ;
#2406 = DIRECTION ( 'NONE',  ( 0.000000000000000000, 0.000000000000000000, 1.000000000000000000 ) ) ;
#2407 = EDGE_CURVE ( 'NONE', #1703, #2521, #919, .T. ) ;
#2408 = ORIENTED_EDGE ( 'NONE', *, *, #1785, .F. ) ;
#2409 = ORIENTED_EDGE ( 'NONE', *, *, #1353, .F. ) ;
#2410 = DIRECTION ( 'NONE',  ( 0.000000000000000000, 0.000000000000000000, 1.000000000000000000 ) ) ;
#2411 = CARTESIAN_POINT ( 'NONE',  ( 1.315673792446410806, 15.19999999999999929, -4.032808384761129794 ) ) ;
#2412 = DIRECTION ( 'NONE',  ( -0.000000000000000000, 1.000000000000000000, -0.000000000000000000 ) ) ;
#2413 = VERTEX_POINT ( 'NONE', #2605 ) ;
#2414 = DIRECTION ( 'NONE',  ( -0.4641121943903233626, 0.000000000000000000, 0.8857764227039454097 ) ) ;
#2415 = CYLINDRICAL_SURFACE ( 'NONE', #1546, 1.874999999999998224 ) ;
#2416 = CARTESIAN_POINT ( 'NONE',  ( 26.97734649591177813, 16.00000000000000000, -1.105792041702857720 ) ) ;
#2417 = VERTEX_POINT ( 'NONE', #378 ) ;
#2418 = ORIENTED_EDGE ( 'NONE', *, *, #1819, .T. ) ;
#2419 = CARTESIAN_POINT ( 'NONE',  ( 26.97734649591177813, 18.00000000000000000, 0.7692079582971417251 ) ) ;
#2420 = ORIENTED_EDGE ( 'NONE', *, *, #1701, .T. ) ;
#2421 = ORIENTED_EDGE ( 'NONE', *, *, #1607, .T. ) ;
#2422 = AXIS2_PLACEMENT_3D ( 'NONE', #1885, #1702, #2294 ) ;
#2423 = CARTESIAN_POINT ( 'NONE',  ( 28.99183277913874690, 16.00000000000000000, 0.6882093478415683974 ) ) ;
#2424 = ADVANCED_FACE ( 'NONE', ( #182 ), #2012, .F. ) ;
#2425 = CARTESIAN_POINT ( 'NONE',  ( 0.000000000000000000, 18.00000000000000000, 0.000000000000000000 ) ) ;
#2426 = CIRCLE ( 'NONE', #685, 1.250000000000695000 ) ;
#2427 = AXIS2_PLACEMENT_3D ( 'NONE', #1171, #1383, #2203 ) ;
#2428 = CYLINDRICAL_SURFACE ( 'NONE', #1108, 1.874999999999998224 ) ;
#2429 = VERTEX_POINT ( 'NONE', #1604 ) ;
#2430 = CARTESIAN_POINT ( 'NONE',  ( 26.97734649591177813, 16.00000000000000000, -0.05579204170285582964 ) ) ;
#2431 = AXIS2_PLACEMENT_3D ( 'NONE', #366, #1622, #2410 ) ;
#2432 = CYLINDRICAL_SURFACE ( 'NONE', #1820, 1.874999999999999556 ) ;
#2433 = EDGE_LOOP ( 'NONE', ( #231, #1968, #1068, #2507 ) ) ;
#2434 = ORIENTED_EDGE ( 'NONE', *, *, #683, .T. ) ;
#2435 = EDGE_CURVE ( 'NONE', #508, #844, #1012, .T. ) ;
#2436 = CIRCLE ( 'NONE', #2275, 29.00000000000000355 ) ;
#2437 = DIRECTION ( 'NONE',  ( -0.000000000000000000, 1.000000000000000000, -0.000000000000000000 ) ) ;
#2438 = ORIENTED_EDGE ( 'NONE', *, *, #331, .F. ) ;
#2439 = VERTEX_POINT ( 'NONE', #2238 ) ;
#2440 = VECTOR ( 'NONE', #295, 1000.000000000000000 ) ;
#2441 = ORIENTED_EDGE ( 'NONE', *, *, #1092, .T. ) ;
#2442 = CARTESIAN_POINT ( 'NONE',  ( -14.44631724737333833, 0.000000000000000000, -22.81017137130321615 ) ) ;
#2443 = DIRECTION ( 'NONE',  ( 0.6682412601262757157, -0.000000000000000000, 0.7439446338705905104 ) ) ;
#2444 = EDGE_LOOP ( 'NONE', ( #1031, #1126, #2066, #1168 ) ) ;
#2445 = LINE ( 'NONE', #2251, #1911 ) ;
#2446 = ORIENTED_EDGE ( 'NONE', *, *, #651, .T. ) ;
#2447 = ORIENTED_EDGE ( 'NONE', *, *, #1339, .T. ) ;
#2448 = CARTESIAN_POINT ( 'NONE',  ( 12.53102924853849309, 0.000000000000000000, -23.91596341300617823 ) ) ;
#2449 = ORIENTED_EDGE ( 'NONE', *, *, #2520, .T. ) ;
#2450 = EDGE_LOOP ( 'NONE', ( #2271, #1926, #401, #2541 ) ) ;
#2451 = CARTESIAN_POINT ( 'NONE',  ( 2.629059087760333480, 16.69999999999999929, -13.08880594228392091 ) ) ;
#2452 = PLANE ( 'NONE',  #55 ) ;
#2453 = EDGE_CURVE ( 'NONE', #2526, #1798, #1465, .T. ) ;
#2454 = ORIENTED_EDGE ( 'NONE', *, *, #2158, .T. ) ;
#2455 = SURFACE_STYLE_FILL_AREA ( #1377 ) ;
#2456 = EDGE_CURVE ( 'NONE', #1861, #1876, #1645, .T. ) ;
#2457 = DIRECTION ( 'NONE',  ( -0.000000000000000000, -1.000000000000000000, -0.000000000000000000 ) ) ;
#2458 = PLANE ( 'NONE',  #1934 ) ;
#2459 = CYLINDRICAL_SURFACE ( 'NONE', #1732, 1.050000000000002265 ) ;
#2460 = VERTEX_POINT ( 'NONE', #2403 ) ;
#2461 = LINE ( 'NONE', #54, #2554 ) ;
#2462 = DIRECTION ( 'NONE',  ( 0.000000000000000000, 1.000000000000000000, 0.000000000000000000 ) ) ;
#2463 = VECTOR ( 'NONE', #1898, 1000.000000000000000 ) ;
#2464 = EDGE_CURVE ( 'NONE', #1617, #345, #1432, .T. ) ;
#2465 = CIRCLE ( 'NONE', #174, 1.050000000000001821 ) ;
#2466 = EDGE_LOOP ( 'NONE', ( #1965, #933, #1657, #1204 ) ) ;
#2467 = CARTESIAN_POINT ( 'NONE',  ( -28.99183277913874690, 16.00000000000000000, -0.6882093478414350596 ) ) ;
#2468 = CIRCLE ( 'NONE', #1720, 4.999999999999998224 ) ;
#2469 = ORIENTED_EDGE ( 'NONE', *, *, #1353, .T. ) ;
#2470 = ORIENTED_EDGE ( 'NONE', *, *, #207, .F. ) ;
#2471 = VECTOR ( 'NONE', #1981, 1000.000000000000000 ) ;
#2472 = DIRECTION ( 'NONE',  ( 0.000000000000000000, 1.000000000000000000, 0.000000000000000000 ) ) ;
#2473 = CIRCLE ( 'NONE', #647, 0.4900000000000030442 ) ;
#2474 = ORIENTED_EDGE ( 'NONE', *, *, #1226, .T. ) ;
#2475 = ORIENTED_EDGE ( 'NONE', *, *, #1980, .T. ) ;
#2476 = CARTESIAN_POINT ( 'NONE',  ( -28.99183277913874690, 16.00000000000000000, -0.6882093478414350596 ) ) ;
#2477 = VECTOR ( 'NONE', #1315, 1000.000000000000114 ) ;
#2478 = CARTESIAN_POINT ( 'NONE',  ( -0.8554064606963101003, 15.19999999999999929, 2.621995183669707075 ) ) ;
#2479 = AXIS2_PLACEMENT_3D ( 'NONE', #841, #1608, #2406 ) ;
#2480 = LINE ( 'NONE', #97, #384 ) ;
#2481 = DIRECTION ( 'NONE',  ( 0.000000000000000000, 0.000000000000000000, 1.000000000000000000 ) ) ;
#2482 = AXIS2_PLACEMENT_3D ( 'NONE', #1872, #1660, #1378 ) ;
#2483 = ADVANCED_FACE ( 'NONE', ( #1176 ), #2432, .F. ) ;
#2484 = EDGE_LOOP ( 'NONE', ( #1074, #923, #1437, #632 ) ) ;
#2485 = PLANE ( 'NONE',  #2383 ) ;
#2486 = EDGE_CURVE ( 'NONE', #1116, #2526, #2278, .T. ) ;
#2487 = CARTESIAN_POINT ( 'NONE',  ( 22.81017137130313799, -38.00000000000000711, -15.69631724737733514 ) ) ;
#2488 = EDGE_CURVE ( 'NONE', #244, #2168, #2617, .T. ) ;
#2489 = DIRECTION ( 'NONE',  ( -0.000000000000000000, -1.000000000000000000, -0.000000000000000000 ) ) ;
#2490 = ORIENTED_EDGE ( 'NONE', *, *, #1140, .F. ) ;
#2491 = CARTESIAN_POINT ( 'NONE',  ( 12.86227756881042694, 18.00000000000000000, 23.81338784681536325 ) ) ;
#2492 = CARTESIAN_POINT ( 'NONE',  ( -14.44631724737333833, 0.000000000000000000, -21.76017137130321544 ) ) ;
#2493 = DIRECTION ( 'NONE',  ( 0.000000000000000000, 0.000000000000000000, 1.000000000000000000 ) ) ;
#2494 = CARTESIAN_POINT ( 'NONE',  ( 22.48606432928253085, 18.00000000000000000, -10.13350679962219303 ) ) ;
#2495 = EDGE_LOOP ( 'NONE', ( #2256, #1705, #2394, #587, #2005, #412 ) ) ;
#2496 = FACE_OUTER_BOUND ( 'NONE', #2273, .T. ) ;
#2497 = DIRECTION ( 'NONE',  ( -0.000000000000000000, 1.000000000000000000, -0.000000000000000000 ) ) ;
#2498 = CARTESIAN_POINT ( 'NONE',  ( 0.000000000000000000, 15.19999999999999929, 0.000000000000000000 ) ) ;
#2499 = DIRECTION ( 'NONE',  ( -0.000000000000000000, 1.000000000000000000, -0.000000000000000000 ) ) ;
#2500 = ADVANCED_FACE ( 'NONE', ( #368 ), #26, .F. ) ;
#2501 = ORIENTED_EDGE ( 'NONE', *, *, #2542, .T. ) ;
#2502 = CARTESIAN_POINT ( 'NONE',  ( 13.16755921373100335, 18.00000000000000000, -21.23691145860815510 ) ) ;
#2503 = CARTESIAN_POINT ( 'NONE',  ( 12.98106310141890596, 3.469446951953614189E-15, -21.36567342156526905 ) ) ;
#2504 = DIRECTION ( 'NONE',  ( -0.000000000000000000, 1.000000000000000000, -0.000000000000000000 ) ) ;
#2505 = DIRECTION ( 'NONE',  ( 0.000000000000000000, -1.000000000000000000, 0.000000000000000000 ) ) ;
#2506 = AXIS2_PLACEMENT_3D ( 'NONE', #27, #893, #853 ) ;
#2507 = ORIENTED_EDGE ( 'NONE', *, *, #550, .T. ) ;
#2508 = LINE ( 'NONE', #467, #2021 ) ;
#2509 = FACE_OUTER_BOUND ( 'NONE', #321, .T. ) ;
#2510 = VECTOR ( 'NONE', #2328, 999.9999999999998863 ) ;
#2511 = ORIENTED_EDGE ( 'NONE', *, *, #2488, .T. ) ;
#2512 = AXIS2_PLACEMENT_3D ( 'NONE', #1500, #2529, #287 ) ;
#2513 = CARTESIAN_POINT ( 'NONE',  ( 11.77026158278222745, 16.00000000000000000, -26.50397974404751622 ) ) ;
#2514 = EDGE_LOOP ( 'NONE', ( #1850, #2475, #2225, #2511 ) ) ;
#2515 = VECTOR ( 'NONE', #1520, 1000.000000000000114 ) ;
#2516 = CARTESIAN_POINT ( 'NONE',  ( 22.55634708327287186, 3.469446951953614189E-15, -10.78013015964683952 ) ) ;
#2517 = DIRECTION ( 'NONE',  ( -0.000000000000000000, 1.000000000000000000, -0.000000000000000000 ) ) ;
#2518 = CIRCLE ( 'NONE', #1242, 1.049999999999998934 ) ;
#2519 = CYLINDRICAL_SURFACE ( 'NONE', #1414, 0.4899999999999991029 ) ;
#2520 = EDGE_CURVE ( 'NONE', #2417, #2248, #2445, .T. ) ;
#2521 = VERTEX_POINT ( 'NONE', #572 ) ;
#2522 = CIRCLE ( 'NONE', #1992, 1.049999999999998934 ) ;
#2523 = AXIS2_PLACEMENT_3D ( 'NONE', #2564, #752, #1311 ) ;
#2524 = FACE_OUTER_BOUND ( 'NONE', #2574, .T. ) ;
#2525 = FACE_BOUND ( 'NONE', #2098, .T. ) ;
#2526 = VERTEX_POINT ( 'NONE', #1037 ) ;
#2527 = ORIENTED_EDGE ( 'NONE', *, *, #1849, .F. ) ;
#2528 = DIRECTION ( 'NONE',  ( 0.5350487869397606566, 0.000000000000000000, 0.8448211619001328998 ) ) ;
#2529 = DIRECTION ( 'NONE',  ( -0.000000000000000000, 1.000000000000000000, -0.000000000000000000 ) ) ;
#2530 = EDGE_CURVE ( 'NONE', #15, #345, #996, .T. ) ;
#2531 = LINE ( 'NONE', #918, #2602 ) ;
#2532 = VERTEX_POINT ( 'NONE', #592 ) ;
#2533 = CARTESIAN_POINT ( 'NONE',  ( 2.629059087760333480, 15.19999999999999929, -13.08880594228392091 ) ) ;
#2534 = EDGE_CURVE ( 'NONE', #638, #522, #2235, .T. ) ;
#2535 = DIRECTION ( 'NONE',  ( 0.04095526080381483441, 0.000000000000000000, 0.9991609813300815768 ) ) ;
#2536 = CARTESIAN_POINT ( 'NONE',  ( 12.53102924853849309, 16.00000000000000000, -23.91596341300617823 ) ) ;
#2537 = ORIENTED_EDGE ( 'NONE', *, *, #927, .T. ) ;
#2538 = ORIENTED_EDGE ( 'NONE', *, *, #2435, .T. ) ;
#2539 = CARTESIAN_POINT ( 'NONE',  ( -27.05413760991893213, 16.00000000000000000, -0.7676347982909187406 ) ) ;
#2540 = CARTESIAN_POINT ( 'NONE',  ( 28.83825055112444602, 16.00000000000000000, -3.058644332146231548 ) ) ;
#2541 = ORIENTED_EDGE ( 'NONE', *, *, #847, .T. ) ;
#2542 = EDGE_CURVE ( 'NONE', #2034, #655, #186, .T. ) ;
#2543 = FACE_BOUND ( 'NONE', #2514, .T. ) ;
#2544 = DIRECTION ( 'NONE',  ( -0.000000000000000000, 1.000000000000000000, -0.000000000000000000 ) ) ;
#2545 = DIRECTION ( 'NONE',  ( 0.000000000000000000, 0.000000000000000000, -1.000000000000000000 ) ) ;
#2546 = DIRECTION ( 'NONE',  ( 0.000000000000000000, 0.000000000000000000, 1.000000000000000000 ) ) ;
#2547 = ORIENTED_EDGE ( 'NONE', *, *, #550, .F. ) ;
#2548 = ORIENTED_EDGE ( 'NONE', *, *, #2019, .T. ) ;
#2549 = VECTOR ( 'NONE', #2412, 1000.000000000000000 ) ;
#2550 = CYLINDRICAL_SURFACE ( 'NONE', #2113, 1.250000000000001110 ) ;
#2551 = CIRCLE ( 'NONE', #1406, 2.000000000000000000 ) ;
#2552 = CARTESIAN_POINT ( 'NONE',  ( -14.19186004110855137, 16.00000000000000000, 23.04575304852422235 ) ) ;
#2553 = ORIENTED_EDGE ( 'NONE', *, *, #703, .F. ) ;
#2554 = VECTOR ( 'NONE', #1425, 1000.000000000000000 ) ;
#2555 = AXIS2_PLACEMENT_3D ( 'NONE', #197, #1659, #2281 ) ;
#2556 = ORIENTED_EDGE ( 'NONE', *, *, #895, .F. ) ;
#2557 = PLANE ( 'NONE',  #51 ) ;
#2558 = VECTOR ( 'NONE', #1213, 1000.000000000000114 ) ;
#2559 = ADVANCED_FACE ( 'NONE', ( #2224 ), #198, .F. ) ;
#2560 = CARTESIAN_POINT ( 'NONE',  ( -26.97734649591178524, 16.00000000000000000, 1.105792041702670314 ) ) ;
#2561 = AXIS2_PLACEMENT_3D ( 'NONE', #133, #562, #1594 ) ;
#2562 = PLANE ( 'NONE',  #2314 ) ;
#2563 = ADVANCED_FACE ( 'NONE', ( #880 ), #2264, .F. ) ;
#2564 = CARTESIAN_POINT ( 'NONE',  ( 26.97734649591177813, 18.00000000000000000, -1.105792041702857720 ) ) ;
#2565 = ORIENTED_EDGE ( 'NONE', *, *, #1775, .T. ) ;
#2566 = EDGE_CURVE ( 'NONE', #2521, #1116, #1712, .T. ) ;
#2567 = CARTESIAN_POINT ( 'NONE',  ( -28.83825055112444247, 16.00000000000000000, 3.058644332146356781 ) ) ;
#2568 = FACE_OUTER_BOUND ( 'NONE', #211, .T. ) ;
#2569 = PLANE ( 'NONE',  #1283 ) ;
#2570 = ORIENTED_EDGE ( 'NONE', *, *, #1792, .T. ) ;
#2571 = CARTESIAN_POINT ( 'NONE',  ( 15.09192316792202782, 16.00000000000000000, -24.76355901508381763 ) ) ;
#2572 = EDGE_CURVE ( 'NONE', #1662, #1743, #493, .T. ) ;
#2573 = DIRECTION ( 'NONE',  ( -0.000000000000000000, 1.000000000000000000, -0.000000000000000000 ) ) ;
#2574 = EDGE_LOOP ( 'NONE', ( #203, #1146, #1642, #730 ) ) ;
#2575 = DIRECTION ( 'NONE',  ( 0.000000000000000000, 0.000000000000000000, 1.000000000000000000 ) ) ;
#2576 = DIRECTION ( 'NONE',  ( 0.04095526080381073353, 0.000000000000000000, 0.9991609813300816878 ) ) ;
#2577 = ORIENTED_EDGE ( 'NONE', *, *, #1470, .T. ) ;
#2578 = EDGE_CURVE ( 'NONE', #2521, #110, #1515, .T. ) ;
#2579 = ADVANCED_FACE ( 'NONE', ( #76 ), #675, .F. ) ;
#2580 = LINE ( 'NONE', #1554, #1950 ) ;
#2581 = CARTESIAN_POINT ( 'NONE',  ( 13.89990961121660007, 16.00000000000000000, 25.45176836292537814 ) ) ;
#2582 = DIRECTION ( 'NONE',  ( 0.000000000000000000, 0.000000000000000000, 1.000000000000000000 ) ) ;
#2583 = ADVANCED_FACE ( 'NONE', ( #2305 ), #64, .F. ) ;
#2584 = LINE ( 'NONE', #1162, #2218 ) ;
#2585 = VERTEX_POINT ( 'NONE', #1897 ) ;
#2586 = LINE ( 'NONE', #761, #913 ) ;
#2587 = FACE_OUTER_BOUND ( 'NONE', #2450, .T. ) ;
#2588 = CIRCLE ( 'NONE', #1103, 29.00000000000000355 ) ;
#2589 = ORIENTED_EDGE ( 'NONE', *, *, #19, .F. ) ;
#2590 = EDGE_LOOP ( 'NONE', ( #2408, #443 ) ) ;
#2591 = CARTESIAN_POINT ( 'NONE',  ( -23.91596341300622086, -38.00000000000000711, -12.53102924853840072 ) ) ;
#2592 = DIRECTION ( 'NONE',  ( -0.000000000000000000, 1.000000000000000000, -0.000000000000000000 ) ) ;
#2593 = AXIS2_PLACEMENT_3D ( 'NONE', #2625, #1821, #1601 ) ;
#2594 = DIRECTION ( 'NONE',  ( 0.000000000000000000, 0.000000000000000000, 1.000000000000000000 ) ) ;
#2595 = AXIS2_PLACEMENT_3D ( 'NONE', #1595, #1369, #549 ) ;
#2596 = EDGE_CURVE ( 'NONE', #2585, #233, #1287, .T. ) ;
#2597 = CIRCLE ( 'NONE', #2182, 2.000000000000000000 ) ;
#2598 = AXIS2_PLACEMENT_3D ( 'NONE', #1769, #532, #570 ) ;
#2599 = ADVANCED_FACE ( 'NONE', ( #2100 ), #251, .F. ) ;
#2600 = CYLINDRICAL_SURFACE ( 'NONE', #2593, 0.4900000000000030442 ) ;
#2601 = ORIENTED_EDGE ( 'NONE', *, *, #926, .F. ) ;
#2602 = VECTOR ( 'NONE', #1083, 1000.000000000000000 ) ;
#2603 = PLANE ( 'NONE',  #178 ) ;
#2604 = CARTESIAN_POINT ( 'NONE',  ( -19.79540346803832662, 18.00000000000000000, -3.557038212941607380 ) ) ;
#2605 = CARTESIAN_POINT ( 'NONE',  ( -11.77026158278242995, 18.00000000000000000, 26.50397974404741674 ) ) ;
#2606 = CIRCLE ( 'NONE', #916, 0.4899999999999991029 ) ;
#2607 = ORIENTED_EDGE ( 'NONE', *, *, #862, .T. ) ;
#2608 = ORIENTED_EDGE ( 'NONE', *, *, #808, .F. ) ;
#2609 = AXIS2_PLACEMENT_3D ( 'NONE', #483, #1076, #677 ) ;
#2610 = DIRECTION ( 'NONE',  ( 0.9991609813300814658, 0.000000000000000000, -0.04095526080381482747 ) ) ;
#2611 = VECTOR ( 'NONE', #2079, 1000.000000000000000 ) ;
#2612 = ORIENTED_EDGE ( 'NONE', *, *, #1296, .T. ) ;
#2613 = CARTESIAN_POINT ( 'NONE',  ( 12.80503312291894247, 15.20000000000000107, -20.91127581218583842 ) ) ;
#2614 = DIRECTION ( 'NONE',  ( 0.000000000000000000, 1.000000000000000000, 0.000000000000000000 ) ) ;
#2615 = ORIENTED_EDGE ( 'NONE', *, *, #1163, .T. ) ;
#2616 = FACE_OUTER_BOUND ( 'NONE', #122, .T. ) ;
#2617 = LINE ( 'NONE', #823, #492 ) ;
#2618 = ORIENTED_EDGE ( 'NONE', *, *, #1229, .T. ) ;
#2619 = ORIENTED_EDGE ( 'NONE', *, *, #2534, .T. ) ;
#2620 = CARTESIAN_POINT ( 'NONE',  ( 14.33976706502924081, -2.800000000000000266, -2.984823177623573631 ) ) ;
#2621 = VERTEX_POINT ( 'NONE', #892 ) ;
#2622 = ORIENTED_EDGE ( 'NONE', *, *, #548, .T. ) ;
#2623 = CARTESIAN_POINT ( 'NONE',  ( -14.20670643413265921, 15.20000000000000107, -15.81609952141301001 ) ) ;
#2624 = FACE_OUTER_BOUND ( 'NONE', #1394, .T. ) ;
#2625 = CARTESIAN_POINT ( 'NONE',  ( 14.33976706502924081, -2.800000000000000266, -3.474823177623576509 ) ) ;
#2626 = ADVANCED_FACE ( 'NONE', ( #2509 ), #1058, .F. ) ;
#2627 = ORIENTED_EDGE ( 'NONE', *, *, #2435, .F. ) ;
#2628 = LINE ( 'NONE', #1205, #1591 ) ;
#2629 = CARTESIAN_POINT ( 'NONE',  ( -19.74176071394082754, 18.00000000000000000, -10.90264004373577578 ) ) ;
#2630 = DIRECTION ( 'NONE',  ( -0.000000000000000000, -1.000000000000000000, -0.000000000000000000 ) ) ;
#2631 = ORIENTED_EDGE ( 'NONE', *, *, #2031, .F. ) ;
#2632 = ORIENTED_EDGE ( 'NONE', *, *, #1959, .F. ) ;
#2633 = CARTESIAN_POINT ( 'NONE',  ( 13.89990961121660007, 16.00000000000000000, 25.45176836292537814 ) ) ;
#2634 = ORIENTED_EDGE ( 'NONE', *, *, #2385, .F. ) ;
#2635 = EDGE_LOOP ( 'NONE', ( #1649, #1298, #2210, #270 ) ) ;
ENDSEC;
END-ISO-10303-21;
