ISO-10303-21;
HEADER;
FILE_DESCRIPTION (( 'STEP AP214' ),
    '1' );
FILE_NAME ('µç»úÊä³öÅÌv1.0.STEP',
    '2026-08-16T14:44:02',
    ( '' ),
    ( '' ),
    'SwSTEP 2.0',
    'SolidWorks 2024',
    '' );
FILE_SCHEMA (( 'AUTOMOTIVE_DESIGN' ));
ENDSEC;

DATA;
#1 = EDGE_CURVE ( 'NONE', #160, #364, #1573, .T. ) ;
#2 = FACE_OUTER_BOUND ( 'NONE', #1005, .T. ) ;
#3 = DIRECTION ( 'NONE',  ( 0.000000000000000000, -0.000000000000000000, 1.000000000000000000 ) ) ;
#4 = ORIENTED_EDGE ( 'NONE', *, *, #1266, .F. ) ;
#5 = LINE ( 'NONE', #1352, #977 ) ;
#6 = EDGE_LOOP ( 'NONE', ( #1559, #1196, #959, #1129 ) ) ;
#7 = ORIENTED_EDGE ( 'NONE', *, *, #1722, .F. ) ;
#8 = DIRECTION ( 'NONE',  ( 1.000000000000000000, 0.000000000000000000, 0.000000000000000000 ) ) ;
#9 = CYLINDRICAL_SURFACE ( 'NONE', #348, 15.50000000000000000 ) ;
#10 = ORIENTED_EDGE ( 'NONE', *, *, #297, .T. ) ;
#11 = CARTESIAN_POINT ( 'NONE',  ( -12.92902141192333332, 8.549292680100968767, 0.000000000000000000 ) ) ;
#12 = ORIENTED_EDGE ( 'NONE', *, *, #701, .T. ) ;
#13 = ORIENTED_EDGE ( 'NONE', *, *, #1551, .T. ) ;
#14 = DIRECTION ( 'NONE',  ( 0.000000000000000000, 0.000000000000000000, -1.000000000000000000 ) ) ;
#15 = EDGE_CURVE ( 'NONE', #1278, #1405, #1537, .T. ) ;
#16 = VERTEX_POINT ( 'NONE', #1963 ) ;
#17 = PLANE ( 'NONE',  #68 ) ;
#18 = DIRECTION ( 'NONE',  ( -0.000000000000000000, -0.000000000000000000, 1.000000000000000000 ) ) ;
#19 = ADVANCED_FACE ( 'NONE', ( #129 ), #268, .F. ) ;
#20 = AXIS2_PLACEMENT_3D ( 'NONE', #1820, #525, #1498 ) ;
#21 = ORIENTED_EDGE ( 'NONE', *, *, #1639, .T. ) ;
#22 = CARTESIAN_POINT ( 'NONE',  ( -1.495000000000000107, 1.830846964725293058E-16, -8.500000000000000000 ) ) ;
#23 = CARTESIAN_POINT ( 'NONE',  ( 10.85351758150354762, 16.79884389200618600, 4.000000000000000000 ) ) ;
#24 = AXIS2_PLACEMENT_3D ( 'NONE', #2020, #1010, #664 ) ;
#25 = AXIS2_PLACEMENT_3D ( 'NONE', #2125, #1456, #1640 ) ;
#26 = FACE_OUTER_BOUND ( 'NONE', #551, .T. ) ;
#27 = VECTOR ( 'NONE', #1754, 1000.000000000000000 ) ;
#28 = ORIENTED_EDGE ( 'NONE', *, *, #1781, .T. ) ;
#29 = FACE_OUTER_BOUND ( 'NONE', #1863, .T. ) ;
#30 = AXIS2_PLACEMENT_3D ( 'NONE', #1799, #1642, #1607 ) ;
#31 = ORIENTED_EDGE ( 'NONE', *, *, #1186, .T. ) ;
#32 = CARTESIAN_POINT ( 'NONE',  ( -7.000000000000000000, 8.572527594031473190E-16, 0.000000000000000000 ) ) ;
#33 = AXIS2_PLACEMENT_3D ( 'NONE', #2078, #1885, #1241 ) ;
#34 = ORIENTED_EDGE ( 'NONE', *, *, #1876, .T. ) ;
#35 = DIRECTION ( 'NONE',  ( -1.000000000000000000, 0.000000000000000000, -0.000000000000000000 ) ) ;
#36 = LINE ( 'NONE', #1913, #1462 ) ;
#37 = ORIENTED_EDGE ( 'NONE', *, *, #358, .T. ) ;
#38 = VERTEX_POINT ( 'NONE', #1972 ) ;
#39 = DIRECTION ( 'NONE',  ( -0.000000000000000000, -0.000000000000000000, -1.000000000000000000 ) ) ;
#40 = ADVANCED_FACE ( 'NONE', ( #1139 ), #1656, .F. ) ;
#41 = ORIENTED_EDGE ( 'NONE', *, *, #1932, .T. ) ;
#42 = DIRECTION ( 'NONE',  ( 1.000000000000000000, 0.000000000000000000, 0.000000000000000000 ) ) ;
#43 = CARTESIAN_POINT ( 'NONE',  ( -4.000000000000000000, 4.898587196589412829E-16, -20.99999999999999289 ) ) ;
#44 = ORIENTED_EDGE ( 'NONE', *, *, #1558, .T. ) ;
#45 = CARTESIAN_POINT ( 'NONE',  ( 1.495000000000000107, 0.000000000000000000, -8.500000000000000000 ) ) ;
#46 = DIRECTION ( 'NONE',  ( -1.000000000000000000, 0.000000000000000000, 0.000000000000000000 ) ) ;
#47 = ORIENTED_EDGE ( 'NONE', *, *, #1940, .T. ) ;
#48 = CARTESIAN_POINT ( 'NONE',  ( 13.50500000000000078, 0.000000000000000000, 1.500000000000000000 ) ) ;
#49 = ADVANCED_FACE ( 'NONE', ( #1610 ), #1777, .F. ) ;
#50 = ORIENTED_EDGE ( 'NONE', *, *, #222, .T. ) ;
#51 = CARTESIAN_POINT ( 'NONE',  ( -17.29884389200609007, 9.987492177719294872, 0.000000000000000000 ) ) ;
#52 = CARTESIAN_POINT ( 'NONE',  ( 8.549292680100831987, 12.92902141192342391, 4.000000000000000000 ) ) ;
#53 = ORIENTED_EDGE ( 'NONE', *, *, #1988, .F. ) ;
#54 = CARTESIAN_POINT ( 'NONE',  ( -8.100859949784565472, 13.76315182559602768, 4.000000000000000000 ) ) ;
#55 = CIRCLE ( 'NONE', #276, 0.9999999999999991118 ) ;
#56 = CARTESIAN_POINT ( 'NONE',  ( 0.000000000000000000, 0.000000000000000000, 0.000000000000000000 ) ) ;
#57 = EDGE_CURVE ( 'NONE', #951, #230, #484, .T. ) ;
#58 = AXIS2_PLACEMENT_3D ( 'NONE', #1016, #983, #1357 ) ;
#59 = CYLINDRICAL_SURFACE ( 'NONE', #2174, 22.45000000000000284 ) ;
#60 = ADVANCED_FACE ( 'NONE', ( #1487 ), #2163, .F. ) ;
#61 = CIRCLE ( 'NONE', #1579, 13.50500000000000078 ) ;
#62 = ORIENTED_EDGE ( 'NONE', *, *, #476, .F. ) ;
#63 = DIRECTION ( 'NONE',  ( -0.000000000000000000, -0.000000000000000000, 1.000000000000000000 ) ) ;
#64 = VECTOR ( 'NONE', #887, 1000.000000000000000 ) ;
#65 = CARTESIAN_POINT ( 'NONE',  ( 14.26315182559593353, 8.234834546000268318, 4.000000000000000000 ) ) ;
#66 = DIRECTION ( 'NONE',  ( 1.000000000000000000, 1.734723475976805517E-15, 0.000000000000000000 ) ) ;
#67 = DIRECTION ( 'NONE',  ( -0.000000000000000000, -0.000000000000000000, -1.000000000000000000 ) ) ;
#68 = AXIS2_PLACEMENT_3D ( 'NONE', #1320, #133, #1031 ) ;
#69 = EDGE_CURVE ( 'NONE', #1616, #2122, #2103, .T. ) ;
#70 = DIRECTION ( 'NONE',  ( 1.000000000000000000, 0.000000000000000000, 0.000000000000000000 ) ) ;
#71 = ORIENTED_EDGE ( 'NONE', *, *, #533, .T. ) ;
#72 = LINE ( 'NONE', #522, #488 ) ;
#73 = DIRECTION ( 'NONE',  ( -1.000000000000000000, 0.000000000000000000, 0.000000000000000000 ) ) ;
#74 = EDGE_CURVE ( 'NONE', #1695, #1616, #822, .T. ) ;
#75 = FACE_OUTER_BOUND ( 'NONE', #1861, .T. ) ;
#76 = ORIENTED_EDGE ( 'NONE', *, *, #1368, .F. ) ;
#77 = CARTESIAN_POINT ( 'NONE',  ( 11.39619346057847871, -17.63878608660665392, 0.000000000000000000 ) ) ;
#78 = CARTESIAN_POINT ( 'NONE',  ( -13.76315182559599926, -9.100859949784615210, 4.000000000000000000 ) ) ;
#79 = LINE ( 'NONE', #752, #1952 ) ;
#80 = EDGE_LOOP ( 'NONE', ( #2183, #1303, #1676, #886 ) ) ;
#81 = CARTESIAN_POINT ( 'NONE',  ( -9.987492177719232700, -17.29884389200611494, 4.000000000000000000 ) ) ;
#82 = CARTESIAN_POINT ( 'NONE',  ( 0.000000000000000000, 0.000000000000000000, -20.19999999999999574 ) ) ;
#83 = ORIENTED_EDGE ( 'NONE', *, *, #1853, .T. ) ;
#84 = CARTESIAN_POINT ( 'NONE',  ( 0.000000000000000000, 0.000000000000000000, -17.99999999999999645 ) ) ;
#85 = EDGE_CURVE ( 'NONE', #16, #1137, #1315, .T. ) ;
#86 = CARTESIAN_POINT ( 'NONE',  ( 16.79884389200622152, 10.85351758150349077, 4.000000000000000000 ) ) ;
#87 = EDGE_CURVE ( 'NONE', #511, #951, #325, .T. ) ;
#88 = CYLINDRICAL_SURFACE ( 'NONE', #1578, 24.50000000000000000 ) ;
#89 = EDGE_CURVE ( 'NONE', #1425, #987, #2066, .T. ) ;
#90 = DIRECTION ( 'NONE',  ( 1.000000000000000000, 0.000000000000000000, 0.000000000000000000 ) ) ;
#91 = ORIENTED_EDGE ( 'NONE', *, *, #1028, .T. ) ;
#92 = CYLINDRICAL_SURFACE ( 'NONE', #1850, 1.000000000000000888 ) ;
#93 = CARTESIAN_POINT ( 'NONE',  ( 0.000000000000000000, 0.000000000000000000, 0.000000000000000000 ) ) ;
#94 = AXIS2_PLACEMENT_3D ( 'NONE', #631, #1631, #1928 ) ;
#95 = ORIENTED_EDGE ( 'NONE', *, *, #1805, .F. ) ;
#96 = CARTESIAN_POINT ( 'NONE',  ( 9.100859949784563696, -13.76315182559602768, -21.00000000000000000 ) ) ;
#97 = AXIS2_PLACEMENT_3D ( 'NONE', #1743, #391, #1226 ) ;
#98 = AXIS2_PLACEMENT_3D ( 'NONE', #1101, #1770, #929 ) ;
#99 = VERTEX_POINT ( 'NONE', #660 ) ;
#100 = DIRECTION ( 'NONE',  ( 1.000000000000000000, -1.065814103640150279E-14, 0.000000000000000000 ) ) ;
#101 = VECTOR ( 'NONE', #2169, 1000.000000000000000 ) ;
#102 = AXIS2_PLACEMENT_3D ( 'NONE', #1339, #2002, #1314 ) ;
#103 = AXIS2_PLACEMENT_3D ( 'NONE', #1042, #1720, #1232 ) ;
#104 = CARTESIAN_POINT ( 'NONE',  ( 0.000000000000000000, 0.000000000000000000, -20.99999999999999645 ) ) ;
#105 = ORIENTED_EDGE ( 'NONE', *, *, #1469, .F. ) ;
#106 = LINE ( 'NONE', #1446, #1084 ) ;
#107 = FILL_AREA_STYLE ('',( #2124 ) ) ;
#108 = ORIENTED_EDGE ( 'NONE', *, *, #517, .F. ) ;
#109 = CARTESIAN_POINT ( 'NONE',  ( 22.87500000000000000, 0.000000000000000000, -2.000000000000000000 ) ) ;
#110 = EDGE_CURVE ( 'NONE', #1768, #1399, #1713, .T. ) ;
#111 = ORIENTED_EDGE ( 'NONE', *, *, #1634, .F. ) ;
#112 = DIRECTION ( 'NONE',  ( -0.000000000000000000, -0.000000000000000000, -1.000000000000000000 ) ) ;
#113 = EDGE_LOOP ( 'NONE', ( #628, #1516, #1525, #1021 ) ) ;
#114 = EDGE_LOOP ( 'NONE', ( #1624, #2050 ) ) ;
#115 = CARTESIAN_POINT ( 'NONE',  ( 0.000000000000000000, 0.000000000000000000, 4.000000000000000000 ) ) ;
#116 = CARTESIAN_POINT ( 'NONE',  ( 0.000000000000000000, 0.000000000000000000, 1.500000000000000000 ) ) ;
#117 = CARTESIAN_POINT ( 'NONE',  ( 17.29884389200608297, -9.987492177719294872, 4.000000000000000000 ) ) ;
#118 = ORIENTED_EDGE ( 'NONE', *, *, #466, .T. ) ;
#119 = CARTESIAN_POINT ( 'NONE',  ( 22.87500000000000000, 0.000000000000000000, -2.000000000000000000 ) ) ;
#120 = ORIENTED_EDGE ( 'NONE', *, *, #1687, .T. ) ;
#121 = EDGE_LOOP ( 'NONE', ( #703, #1008, #2167, #346, #281, #1203, #1359, #2068, #784 ) ) ;
#122 = FACE_OUTER_BOUND ( 'NONE', #177, .T. ) ;
#123 = LINE ( 'NONE', #1427, #2170 ) ;
#124 = LINE ( 'NONE', #788, #1143 ) ;
#125 = EDGE_CURVE ( 'NONE', #674, #1248, #668, .T. ) ;
#126 = VERTEX_POINT ( 'NONE', #494 ) ;
#127 = CARTESIAN_POINT ( 'NONE',  ( 10.85351758150331491, -16.79884389200633876, 4.000000000000000000 ) ) ;
#128 = VECTOR ( 'NONE', #1164, 1000.000000000000114 ) ;
#129 = FACE_OUTER_BOUND ( 'NONE', #1964, .T. ) ;
#130 = VECTOR ( 'NONE', #1102, 1000.000000000000000 ) ;
#131 = VERTEX_POINT ( 'NONE', #1176 ) ;
#132 = CIRCLE ( 'NONE', #1365, 22.87500000000000000 ) ;
#133 = DIRECTION ( 'NONE',  ( 0.000000000000000000, 0.000000000000000000, -1.000000000000000000 ) ) ;
#134 = ADVANCED_FACE ( 'NONE', ( #640 ), #317, .T. ) ;
#135 = CIRCLE ( 'NONE', #694, 1.000000000000000888 ) ;
#136 = CIRCLE ( 'NONE', #33, 0.9999999999999991118 ) ;
#137 = CYLINDRICAL_SURFACE ( 'NONE', #311, 21.00000000000000355 ) ;
#138 = EDGE_CURVE ( 'NONE', #1961, #2133, #940, .T. ) ;
#139 = VERTEX_POINT ( 'NONE', #1025 ) ;
#140 = CARTESIAN_POINT ( 'NONE',  ( -7.749999999999827693, 13.42339375865889828, -21.00000000000000000 ) ) ;
#141 = EDGE_LOOP ( 'NONE', ( #1733, #1121, #926, #2149 ) ) ;
#142 = DIRECTION ( 'NONE',  ( 1.000000000000000000, 0.000000000000000000, -0.000000000000000000 ) ) ;
#143 = FACE_BOUND ( 'NONE', #1521, .T. ) ;
#144 = EDGE_CURVE ( 'NONE', #851, #492, #1916, .T. ) ;
#145 = CARTESIAN_POINT ( 'NONE',  ( -22.87500000000000000, 2.801379553049570458E-15, -2.000000000000000000 ) ) ;
#146 = DIRECTION ( 'NONE',  ( 0.000000000000000000, 0.000000000000000000, 1.000000000000000000 ) ) ;
#147 = ORIENTED_EDGE ( 'NONE', *, *, #1135, .T. ) ;
#148 = DIRECTION ( 'NONE',  ( 1.000000000000000000, 0.000000000000000000, 0.000000000000000000 ) ) ;
#149 = ORIENTED_EDGE ( 'NONE', *, *, #2154, .T. ) ;
#150 = EDGE_CURVE ( 'NONE', #2133, #1204, #447, .T. ) ;
#151 = CARTESIAN_POINT ( 'NONE',  ( 0.000000000000000000, 0.000000000000000000, 0.000000000000000000 ) ) ;
#152 = EDGE_CURVE ( 'NONE', #1037, #99, #1158, .T. ) ;
#153 = SHAPE_DEFINITION_REPRESENTATION ( #499, #1868 ) ;
#154 = ORIENTED_EDGE ( 'NONE', *, *, #1840, .T. ) ;
#155 = DIRECTION ( 'NONE',  ( -0.8660254037844433705, -0.4999999999999917843, 0.000000000000000000 ) ) ;
#156 = DIRECTION ( 'NONE',  ( 1.000000000000000000, 0.000000000000000000, 0.000000000000000000 ) ) ;
#157 = VERTEX_POINT ( 'NONE', #1849 ) ;
#158 = ORIENTED_EDGE ( 'NONE', *, *, #1938, .F. ) ;
#159 = FACE_OUTER_BOUND ( 'NONE', #1463, .T. ) ;
#160 = VERTEX_POINT ( 'NONE', #1520 ) ;
#161 = AXIS2_PLACEMENT_3D ( 'NONE', #1871, #705, #46 ) ;
#162 = ORIENTED_EDGE ( 'NONE', *, *, #296, .T. ) ;
#163 = AXIS2_PLACEMENT_3D ( 'NONE', #411, #888, #1755 ) ;
#164 = AXIS2_PLACEMENT_3D ( 'NONE', #277, #1860, #2027 ) ;
#165 = DIRECTION ( 'NONE',  ( 0.000000000000000000, 0.000000000000000000, 1.000000000000000000 ) ) ;
#166 = AXIS2_PLACEMENT_3D ( 'NONE', #1933, #406, #90 ) ;
#167 = CARTESIAN_POINT ( 'NONE',  ( 0.000000000000000000, 0.000000000000000000, 1.000000000000000000 ) ) ;
#168 = AXIS2_PLACEMENT_3D ( 'NONE', #1104, #1263, #443 ) ;
#169 = DIRECTION ( 'NONE',  ( -0.000000000000000000, -0.000000000000000000, -1.000000000000000000 ) ) ;
#170 = AXIS2_PLACEMENT_3D ( 'NONE', #418, #709, #1730 ) ;
#171 = EDGE_LOOP ( 'NONE', ( #37, #1297 ) ) ;
#172 = CARTESIAN_POINT ( 'NONE',  ( 17.79884389200607231, -10.85351758150372525, 4.000000000000000000 ) ) ;
#173 = UNCERTAINTY_MEASURE_WITH_UNIT (LENGTH_MEASURE( 1.000000000000000082E-05 ), #323, 'distance_accuracy_value', 'NONE');
#174 = ORIENTED_EDGE ( 'NONE', *, *, #998, .T. ) ;
#175 = LINE ( 'NONE', #837, #1007 ) ;
#176 = DIRECTION ( 'NONE',  ( 1.000000000000000000, 0.000000000000000000, 0.000000000000000000 ) ) ;
#177 = EDGE_LOOP ( 'NONE', ( #838, #1348, #1894, #1478 ) ) ;
#178 = DIRECTION ( 'NONE',  ( 0.000000000000000000, 0.000000000000000000, 1.000000000000000000 ) ) ;
#179 = CARTESIAN_POINT ( 'NONE',  ( 0.000000000000000000, 0.000000000000000000, -17.99999999999999645 ) ) ;
#180 = ORIENTED_EDGE ( 'NONE', *, *, #1162, .F. ) ;
#181 = ORIENTED_EDGE ( 'NONE', *, *, #255, .T. ) ;
#182 = CARTESIAN_POINT ( 'NONE',  ( 0.000000000000000000, 0.000000000000000000, -16.00000000000000000 ) ) ;
#183 = ORIENTED_EDGE ( 'NONE', *, *, #239, .F. ) ;
#184 = DIRECTION ( 'NONE',  ( 0.000000000000000000, -0.000000000000000000, 1.000000000000000000 ) ) ;
#185 = DIRECTION ( 'NONE',  ( 1.000000000000000000, 0.000000000000000000, 0.000000000000000000 ) ) ;
#186 = DIRECTION ( 'NONE',  ( 0.000000000000000000, 0.000000000000000000, -1.000000000000000000 ) ) ;
#187 = FACE_OUTER_BOUND ( 'NONE', #561, .T. ) ;
#188 = EDGE_LOOP ( 'NONE', ( #1174, #1948, #1014, #833 ) ) ;
#189 = EDGE_LOOP ( 'NONE', ( #2179, #601, #261, #1194 ) ) ;
#190 = CARTESIAN_POINT ( 'NONE',  ( 0.000000000000000000, 0.000000000000000000, 1.000000000000000000 ) ) ;
#191 = ADVANCED_FACE ( 'NONE', ( #1700 ), #1477, .F. ) ;
#192 = ORIENTED_EDGE ( 'NONE', *, *, #476, .T. ) ;
#193 = CYLINDRICAL_SURFACE ( 'NONE', #1788, 1.000000000000000888 ) ;
#194 = CARTESIAN_POINT ( 'NONE',  ( 0.000000000000000000, 0.000000000000000000, 0.000000000000000000 ) ) ;
#195 = FACE_OUTER_BOUND ( 'NONE', #526, .T. ) ;
#196 = AXIS2_PLACEMENT_3D ( 'NONE', #1905, #392, #901 ) ;
#197 = MECHANICAL_DESIGN_GEOMETRIC_PRESENTATION_REPRESENTATION (  '', ( #1075 ), #719 ) ;
#198 = EDGE_CURVE ( 'NONE', #99, #1072, #1116, .T. ) ;
#199 = AXIS2_PLACEMENT_3D ( 'NONE', #179, #832, #1328 ) ;
#200 = ORIENTED_EDGE ( 'NONE', *, *, #461, .T. ) ;
#201 = DIRECTION ( 'NONE',  ( -0.000000000000000000, -0.000000000000000000, 1.000000000000000000 ) ) ;
#202 = DIRECTION ( 'NONE',  ( 1.000000000000000000, -1.734723475976808672E-15, 0.000000000000000000 ) ) ;
#203 = AXIS2_PLACEMENT_3D ( 'NONE', #1254, #1908, #404 ) ;
#204 = AXIS2_PLACEMENT_3D ( 'NONE', #82, #1875, #1228 ) ;
#205 = VECTOR ( 'NONE', #350, 1000.000000000000000 ) ;
#206 = ORIENTED_EDGE ( 'NONE', *, *, #591, .F. ) ;
#207 = PLANE ( 'NONE',  #1780 ) ;
#208 = EDGE_CURVE ( 'NONE', #921, #2033, #893, .T. ) ;
#209 = VECTOR ( 'NONE', #1231, 1000.000000000000000 ) ;
#210 = VERTEX_POINT ( 'NONE', #581 ) ;
#211 = DIRECTION ( 'NONE',  ( 1.000000000000000000, -1.387778780781446938E-14, 0.000000000000000000 ) ) ;
#212 = CARTESIAN_POINT ( 'NONE',  ( 13.42339375865870998, -7.750000000000157208, 4.000000000000000000 ) ) ;
#213 = ORIENTED_EDGE ( 'NONE', *, *, #1876, .F. ) ;
#214 = FACE_BOUND ( 'NONE', #1141, .T. ) ;
#215 = DIRECTION ( 'NONE',  ( 1.000000000000000000, 0.000000000000000000, 0.000000000000000000 ) ) ;
#216 = ADVANCED_FACE ( 'NONE', ( #2096, #1111 ), #1751, .T. ) ;
#217 = VERTEX_POINT ( 'NONE', #1257 ) ;
#218 = FACE_OUTER_BOUND ( 'NONE', #753, .T. ) ;
#219 = VERTEX_POINT ( 'NONE', #1600 ) ;
#220 = DIRECTION ( 'NONE',  ( 0.000000000000000000, 0.000000000000000000, -1.000000000000000000 ) ) ;
#221 = DIRECTION ( 'NONE',  ( 1.000000000000000000, 0.000000000000000000, 0.000000000000000000 ) ) ;
#222 = EDGE_CURVE ( 'NONE', #1839, #654, #79, .T. ) ;
#223 = ADVANCED_FACE ( 'NONE', ( #26 ), #604, .F. ) ;
#224 = ORIENTED_EDGE ( 'NONE', *, *, #1805, .T. ) ;
#225 = DIRECTION ( 'NONE',  ( -0.000000000000000000, -0.000000000000000000, 1.000000000000000000 ) ) ;
#226 = EDGE_CURVE ( 'NONE', #492, #2122, #1921, .T. ) ;
#227 = CARTESIAN_POINT ( 'NONE',  ( 13.76315182559593531, 9.100859949784709357, 4.000000000000000000 ) ) ;
#228 = DIRECTION ( 'NONE',  ( -0.000000000000000000, -0.000000000000000000, -1.000000000000000000 ) ) ;
#229 = EDGE_CURVE ( 'NONE', #1485, #1461, #2111, .T. ) ;
#230 = VERTEX_POINT ( 'NONE', #431 ) ;
#231 = CARTESIAN_POINT ( 'NONE',  ( 17.63878608660653313, 11.39619346057866700, 0.000000000000000000 ) ) ;
#232 = DIRECTION ( 'NONE',  ( -0.000000000000000000, -0.000000000000000000, -1.000000000000000000 ) ) ;
#233 = EDGE_CURVE ( 'NONE', #1307, #217, #789, .T. ) ;
#234 = CARTESIAN_POINT ( 'NONE',  ( -9.100859949784563696, 13.76315182559602768, -21.00000000000000000 ) ) ;
#235 = ORIENTED_EDGE ( 'NONE', *, *, #455, .T. ) ;
#236 = CARTESIAN_POINT ( 'NONE',  ( 7.749999999999827693, -13.42339375865889828, -21.00000000000000000 ) ) ;
#237 = CIRCLE ( 'NONE', #513, 0.9999999999999991118 ) ;
#238 = LINE ( 'NONE', #1036, #1358 ) ;
#239 = EDGE_CURVE ( 'NONE', #1405, #310, #1901, .T. ) ;
#240 = VECTOR ( 'NONE', #1434, 1000.000000000000000 ) ;
#241 = LINE ( 'NONE', #1410, #2168 ) ;
#242 = AXIS2_PLACEMENT_3D ( 'NONE', #78, #710, #563 ) ;
#243 = VECTOR ( 'NONE', #932, 1000.000000000000000 ) ;
#244 = EDGE_LOOP ( 'NONE', ( #909, #183, #1604, #1117 ) ) ;
#245 = DIRECTION ( 'NONE',  ( 0.8660254037844329345, -0.5000000000000101030, 0.000000000000000000 ) ) ;
#246 = CIRCLE ( 'NONE', #594, 13.50500000000000078 ) ;
#247 = DIRECTION ( 'NONE',  ( 0.000000000000000000, 0.000000000000000000, -1.000000000000000000 ) ) ;
#248 = CIRCLE ( 'NONE', #2035, 5.000000000000000000 ) ;
#249 = DIRECTION ( 'NONE',  ( 0.000000000000000000, 0.000000000000000000, 1.000000000000000000 ) ) ;
#250 = EDGE_LOOP ( 'NONE', ( #367, #1373, #1132, #732 ) ) ;
#251 = DIRECTION ( 'NONE',  ( 1.000000000000000000, 0.000000000000000000, 0.000000000000000000 ) ) ;
#252 = DIRECTION ( 'NONE',  ( 0.000000000000000000, 0.000000000000000000, 1.000000000000000000 ) ) ;
#253 = ADVANCED_FACE ( 'NONE', ( #187 ), #260, .F. ) ;
#254 = CARTESIAN_POINT ( 'NONE',  ( 16.79884389200622152, 10.85351758150349077, -21.00000000000000000 ) ) ;
#255 = EDGE_CURVE ( 'NONE', #1210, #230, #412, .T. ) ;
#256 = ORIENTED_EDGE ( 'NONE', *, *, #1028, .F. ) ;
#257 = ADVANCED_FACE ( 'NONE', ( #1424 ), #894, .F. ) ;
#258 = CARTESIAN_POINT ( 'NONE',  ( 0.000000000000000000, 0.000000000000000000, -8.500000000000000000 ) ) ;
#259 = CARTESIAN_POINT ( 'NONE',  ( -17.63878608660661129, -11.39619346057854266, 0.000000000000000000 ) ) ;
#260 = CYLINDRICAL_SURFACE ( 'NONE', #1647, 0.9999999999999991118 ) ;
#261 = ORIENTED_EDGE ( 'NONE', *, *, #273, .F. ) ;
#262 = FACE_OUTER_BOUND ( 'NONE', #1442, .T. ) ;
#263 = FACE_OUTER_BOUND ( 'NONE', #1562, .T. ) ;
#264 = ORIENTED_EDGE ( 'NONE', *, *, #612, .T. ) ;
#265 = CARTESIAN_POINT ( 'NONE',  ( 0.000000000000000000, 0.000000000000000000, 1.500000000000000000 ) ) ;
#266 = ORIENTED_EDGE ( 'NONE', *, *, #15, .T. ) ;
#267 = DIRECTION ( 'NONE',  ( 1.000000000000000000, 0.000000000000000000, 0.000000000000000000 ) ) ;
#268 = CYLINDRICAL_SURFACE ( 'NONE', #2171, 1.000000000000000888 ) ;
#269 = CARTESIAN_POINT ( 'NONE',  ( 2.504999999999999893, 3.067740231864119524E-16, -20.19999999999999574 ) ) ;
#270 = ORIENTED_EDGE ( 'NONE', *, *, #2040, .F. ) ;
#271 = DIRECTION ( 'NONE',  ( 0.000000000000000000, 0.000000000000000000, 1.000000000000000000 ) ) ;
#272 = DIRECTION ( 'NONE',  ( 1.000000000000000000, 0.000000000000000000, 0.000000000000000000 ) ) ;
#273 = EDGE_CURVE ( 'NONE', #1278, #1704, #621, .T. ) ;
#274 = CIRCLE ( 'NONE', #656, 21.00000000000000355 ) ;
#275 = CYLINDRICAL_SURFACE ( 'NONE', #1983, 0.9999999999999991118 ) ;
#276 = AXIS2_PLACEMENT_3D ( 'NONE', #23, #1726, #879 ) ;
#277 = CARTESIAN_POINT ( 'NONE',  ( 10.85351758150331491, -16.79884389200633876, -21.00000000000000000 ) ) ;
#278 = ORIENTED_EDGE ( 'NONE', *, *, #2088, .F. ) ;
#279 = LINE ( 'NONE', #2157, #765 ) ;
#280 = CIRCLE ( 'NONE', #242, 1.000000000000000888 ) ;
#281 = ORIENTED_EDGE ( 'NONE', *, *, #1375, .T. ) ;
#282 = AXIS2_PLACEMENT_3D ( 'NONE', #1406, #556, #1549 ) ;
#283 = VECTOR ( 'NONE', #974, 1000.000000000000000 ) ;
#284 = VERTEX_POINT ( 'NONE', #269 ) ;
#285 = FACE_OUTER_BOUND ( 'NONE', #1237, .T. ) ;
#286 = DIRECTION ( 'NONE',  ( -0.000000000000000000, -0.000000000000000000, -1.000000000000000000 ) ) ;
#287 = VERTEX_POINT ( 'NONE', #695 ) ;
#288 = DIRECTION ( 'NONE',  ( 0.8660254037844347108, -0.5000000000000069944, -0.000000000000000000 ) ) ;
#289 = ORIENTED_EDGE ( 'NONE', *, *, #475, .F. ) ;
#290 = FACE_OUTER_BOUND ( 'NONE', #1319, .T. ) ;
#291 = ORIENTED_EDGE ( 'NONE', *, *, #739, .T. ) ;
#292 = ADVANCED_FACE ( 'NONE', ( #934 ), #1613, .T. ) ;
#293 = VERTEX_POINT ( 'NONE', #2121 ) ;
#294 = CARTESIAN_POINT ( 'NONE',  ( -5.000000000000000000, 6.123233995736766282E-16, -16.00000000000000000 ) ) ;
#295 = DIRECTION ( 'NONE',  ( 1.000000000000000000, 0.000000000000000000, 0.000000000000000000 ) ) ;
#296 = EDGE_CURVE ( 'NONE', #284, #126, #1404, .T. ) ;
#297 = EDGE_CURVE ( 'NONE', #1072, #877, #1236, .T. ) ;
#298 = DIRECTION ( 'NONE',  ( 1.000000000000000000, 0.000000000000000000, 0.000000000000000000 ) ) ;
#299 = ORIENTED_EDGE ( 'NONE', *, *, #2017, .F. ) ;
#300 = FACE_OUTER_BOUND ( 'NONE', #508, .T. ) ;
#301 = EDGE_CURVE ( 'NONE', #728, #492, #760, .T. ) ;
#302 = ORIENTED_EDGE ( 'NONE', *, *, #1965, .F. ) ;
#303 = ORIENTED_EDGE ( 'NONE', *, *, #321, .F. ) ;
#304 = CYLINDRICAL_SURFACE ( 'NONE', #866, 1.000000000000000888 ) ;
#305 = EDGE_CURVE ( 'NONE', #666, #287, #2049, .T. ) ;
#306 = CARTESIAN_POINT ( 'NONE',  ( 7.750000000000015987, 13.42339375865878992, 4.000000000000000000 ) ) ;
#307 = ORIENTED_EDGE ( 'NONE', *, *, #1772, .T. ) ;
#308 = DIRECTION ( 'NONE',  ( -0.8660254037844381525, 0.5000000000000008882, 0.000000000000000000 ) ) ;
#309 = AXIS2_PLACEMENT_3D ( 'NONE', #1882, #693, #869 ) ;
#310 = VERTEX_POINT ( 'NONE', #543 ) ;
#311 = AXIS2_PLACEMENT_3D ( 'NONE', #1947, #1128, #1806 ) ;
#312 = AXIS2_PLACEMENT_3D ( 'NONE', #2051, #398, #1201 ) ;
#313 = DIRECTION ( 'NONE',  ( 0.000000000000000000, 0.000000000000000000, -1.000000000000000000 ) ) ;
#314 = CIRCLE ( 'NONE', #2144, 1.000000000000000888 ) ;
#315 = AXIS2_PLACEMENT_3D ( 'NONE', #2166, #1151, #345 ) ;
#316 = CARTESIAN_POINT ( 'NONE',  ( 0.000000000000000000, 0.000000000000000000, 4.000000000000000000 ) ) ;
#317 = CYLINDRICAL_SURFACE ( 'NONE', #1678, 7.000000000000000000 ) ;
#318 = EDGE_CURVE ( 'NONE', #217, #1270, #506, .T. ) ;
#319 = ORIENTED_EDGE ( 'NONE', *, *, #603, .F. ) ;
#320 = DIRECTION ( 'NONE',  ( 1.000000000000000000, 0.000000000000000000, 0.000000000000000000 ) ) ;
#321 = EDGE_CURVE ( 'NONE', #1193, #310, #2067, .T. ) ;
#322 = ORIENTED_EDGE ( 'NONE', *, *, #1621, .T. ) ;
#323 =( LENGTH_UNIT ( ) NAMED_UNIT ( * ) SI_UNIT ( .MILLI., .METRE. ) );
#324 = CARTESIAN_POINT ( 'NONE',  ( 9.987492177719113684, 17.29884389200618955, 0.000000000000000000 ) ) ;
#325 = LINE ( 'NONE', #1994, #1402 ) ;
#326 = ORIENTED_EDGE ( 'NONE', *, *, #813, .T. ) ;
#327 = ORIENTED_EDGE ( 'NONE', *, *, #305, .T. ) ;
#328 = DIRECTION ( 'NONE',  ( 1.000000000000000000, 0.000000000000000000, -0.000000000000000000 ) ) ;
#329 = FACE_BOUND ( 'NONE', #114, .T. ) ;
#330 = CARTESIAN_POINT ( 'NONE',  ( -9.100859949784853242, -13.76315182559583761, 0.000000000000000000 ) ) ;
#331 = CARTESIAN_POINT ( 'NONE',  ( 0.000000000000000000, 0.000000000000000000, 0.000000000000000000 ) ) ;
#332 = EDGE_LOOP ( 'NONE', ( #1802, #1966, #794, #1595, #1855, #21, #71, #836, #147 ) ) ;
#333 = VERTEX_POINT ( 'NONE', #847 ) ;
#334 = CARTESIAN_POINT ( 'NONE',  ( 0.000000000000000000, 0.000000000000000000, -3.099999999999998757 ) ) ;
#335 = VECTOR ( 'NONE', #1827, 1000.000000000000000 ) ;
#336 = ORIENTED_EDGE ( 'NONE', *, *, #902, .T. ) ;
#337 = AXIS2_PLACEMENT_3D ( 'NONE', #2095, #1389, #1221 ) ;
#338 = AXIS2_PLACEMENT_3D ( 'NONE', #734, #1725, #35 ) ;
#339 = VERTEX_POINT ( 'NONE', #515 ) ;
#340 = CARTESIAN_POINT ( 'NONE',  ( 0.000000000000000000, 0.000000000000000000, 4.000000000000000000 ) ) ;
#341 = CIRCLE ( 'NONE', #1267, 1.000000000000000888 ) ;
#342 = DIRECTION ( 'NONE',  ( -0.000000000000000000, -0.000000000000000000, -1.000000000000000000 ) ) ;
#343 = CIRCLE ( 'NONE', #626, 0.9999999999999991118 ) ;
#344 = ORIENTED_EDGE ( 'NONE', *, *, #1422, .F. ) ;
#345 = DIRECTION ( 'NONE',  ( 1.000000000000000000, 0.000000000000000000, 0.000000000000000000 ) ) ;
#346 = ORIENTED_EDGE ( 'NONE', *, *, #1826, .T. ) ;
#347 = DIRECTION ( 'NONE',  ( -0.000000000000000000, -0.000000000000000000, 1.000000000000000000 ) ) ;
#348 = AXIS2_PLACEMENT_3D ( 'NONE', #1156, #805, #176 ) ;
#349 = ADVANCED_FACE ( 'NONE', ( #1184 ), #1491, .F. ) ;
#350 = DIRECTION ( 'NONE',  ( 0.000000000000000000, 0.000000000000000000, -1.000000000000000000 ) ) ;
#351 = DIRECTION ( 'NONE',  ( 1.000000000000000000, 0.000000000000000000, 0.000000000000000000 ) ) ;
#352 = EDGE_CURVE ( 'NONE', #951, #757, #1715, .T. ) ;
#353 = CARTESIAN_POINT ( 'NONE',  ( 16.79884389200606876, -10.85351758150372525, 4.000000000000000000 ) ) ;
#354 = VERTEX_POINT ( 'NONE', #1163 ) ;
#355 = CARTESIAN_POINT ( 'NONE',  ( 13.76315182559593531, 9.100859949784709357, -21.00000000000000000 ) ) ;
#356 = EDGE_LOOP ( 'NONE', ( #1353, #1759 ) ) ;
#357 = LINE ( 'NONE', #860, #1683 ) ;
#358 = EDGE_CURVE ( 'NONE', #871, #1461, #1079, .T. ) ;
#359 = DIRECTION ( 'NONE',  ( 1.000000000000000000, 0.000000000000000000, 0.000000000000000000 ) ) ;
#360 = ORIENTED_EDGE ( 'NONE', *, *, #441, .F. ) ;
#361 = DIRECTION ( 'NONE',  ( 1.000000000000000000, 0.000000000000000000, 0.000000000000000000 ) ) ;
#362 = DIRECTION ( 'NONE',  ( 0.000000000000000000, 0.000000000000000000, -1.000000000000000000 ) ) ;
#363 = ADVANCED_FACE ( 'NONE', ( #1173, #1198, #1544, #1866, #1032, #1674 ), #2184, .F. ) ;
#364 = VERTEX_POINT ( 'NONE', #1684 ) ;
#365 = ORIENTED_EDGE ( 'NONE', *, *, #478, .F. ) ;
#366 = LINE ( 'NONE', #1086, #2061 ) ;
#367 = ORIENTED_EDGE ( 'NONE', *, *, #152, .F. ) ;
#368 = LINE ( 'NONE', #1313, #1893 ) ;
#369 = DIRECTION ( 'NONE',  ( -0.000000000000000000, -0.000000000000000000, 1.000000000000000000 ) ) ;
#370 = CARTESIAN_POINT ( 'NONE',  ( -16.79884389200629968, -10.85351758150337531, 4.000000000000000000 ) ) ;
#371 = AXIS2_PLACEMENT_3D ( 'NONE', #265, #2118, #798 ) ;
#372 = EDGE_CURVE ( 'NONE', #1606, #99, #175, .T. ) ;
#373 = AXIS2_PLACEMENT_3D ( 'NONE', #982, #1662, #1847 ) ;
#374 = EDGE_LOOP ( 'NONE', ( #635, #820, #1189, #685 ) ) ;
#375 = DIRECTION ( 'NONE',  ( -0.000000000000000000, -0.000000000000000000, 1.000000000000000000 ) ) ;
#376 = DIRECTION ( 'NONE',  ( -0.000000000000000000, -0.000000000000000000, -1.000000000000000000 ) ) ;
#377 = AXIS2_PLACEMENT_3D ( 'NONE', #386, #1055, #221 ) ;
#378 = AXIS2_PLACEMENT_3D ( 'NONE', #330, #1166, #351 ) ;
#379 = AXIS2_PLACEMENT_3D ( 'NONE', #2048, #1576, #875 ) ;
#380 = VERTEX_POINT ( 'NONE', #1074 ) ;
#381 = CARTESIAN_POINT ( 'NONE',  ( -11.39619346057884819, -17.63878608660641589, -21.00000000000000000 ) ) ;
#382 = AXIS2_PLACEMENT_3D ( 'NONE', #394, #1575, #1890 ) ;
#383 = ADVANCED_FACE ( 'NONE', ( #885 ), #1732, .T. ) ;
#384 = ORIENTED_EDGE ( 'NONE', *, *, #813, .F. ) ;
#385 = PLANE ( 'NONE',  #948 ) ;
#386 = CARTESIAN_POINT ( 'NONE',  ( 0.000000000000000000, 0.000000000000000000, 1.000000000000000000 ) ) ;
#387 = ADVANCED_FACE ( 'NONE', ( #1090 ), #1566, .F. ) ;
#388 = ORIENTED_EDGE ( 'NONE', *, *, #950, .T. ) ;
#389 = AXIS2_PLACEMENT_3D ( 'NONE', #980, #1842, #490 ) ;
#390 = CARTESIAN_POINT ( 'NONE',  ( 0.000000000000000000, 0.000000000000000000, 0.000000000000000000 ) ) ;
#391 = DIRECTION ( 'NONE',  ( -0.000000000000000000, -0.000000000000000000, -1.000000000000000000 ) ) ;
#392 = DIRECTION ( 'NONE',  ( 0.000000000000000000, 0.000000000000000000, 1.000000000000000000 ) ) ;
#393 = ORIENTED_EDGE ( 'NONE', *, *, #372, .F. ) ;
#394 = CARTESIAN_POINT ( 'NONE',  ( 0.000000000000000000, 0.000000000000000000, 1.500000000000000000 ) ) ;
#395 = DIRECTION ( 'NONE',  ( 1.000000000000000000, 0.000000000000000000, 0.000000000000000000 ) ) ;
#396 = CARTESIAN_POINT ( 'NONE',  ( 11.39619346057848048, -17.63878608660665748, -21.00000000000000000 ) ) ;
#397 = VERTEX_POINT ( 'NONE', #43 ) ;
#398 = DIRECTION ( 'NONE',  ( -0.000000000000000000, -0.000000000000000000, 1.000000000000000000 ) ) ;
#399 = DIRECTION ( 'NONE',  ( -0.000000000000000000, -0.000000000000000000, -1.000000000000000000 ) ) ;
#400 = CARTESIAN_POINT ( 'NONE',  ( -11.39619346057884997, -17.63878608660641589, 0.000000000000000000 ) ) ;
#401 = EDGE_LOOP ( 'NONE', ( #1645, #2119, #2129, #1998 ) ) ;
#402 = CYLINDRICAL_SURFACE ( 'NONE', #900, 5.990000000000000213 ) ;
#403 = CARTESIAN_POINT ( 'NONE',  ( -5.000000000000000000, 6.123233995736766282E-16, -20.99999999999999645 ) ) ;
#404 = DIRECTION ( 'NONE',  ( 1.000000000000000000, 0.000000000000000000, 0.000000000000000000 ) ) ;
#405 = CARTESIAN_POINT ( 'NONE',  ( -11.39619346057847871, 17.63878608660665392, 4.000000000000000000 ) ) ;
#406 = DIRECTION ( 'NONE',  ( -0.000000000000000000, -0.000000000000000000, 1.000000000000000000 ) ) ;
#407 = EDGE_CURVE ( 'NONE', #16, #2141, #518, .T. ) ;
#408 = ORIENTED_EDGE ( 'NONE', *, *, #1699, .T. ) ;
#409 = CARTESIAN_POINT ( 'NONE',  ( 17.63878608660637326, -11.39619346057891214, 0.000000000000000000 ) ) ;
#410 = VECTOR ( 'NONE', #507, 1000.000000000000000 ) ;
#411 = CARTESIAN_POINT ( 'NONE',  ( -10.85351758150366663, -16.79884389200610784, -21.00000000000000000 ) ) ;
#412 = CIRCLE ( 'NONE', #687, 0.9999999999999991118 ) ;
#413 = LINE ( 'NONE', #381, #2100 ) ;
#414 = AXIS2_PLACEMENT_3D ( 'NONE', #1246, #917, #395 ) ;
#415 = CIRCLE ( 'NONE', #371, 12.25000000000000000 ) ;
#416 = CIRCLE ( 'NONE', #1993, 15.50000000000000000 ) ;
#417 = ORIENTED_EDGE ( 'NONE', *, *, #2005, .T. ) ;
#418 = CARTESIAN_POINT ( 'NONE',  ( 0.000000000000000000, 0.000000000000000000, -16.00000000000000000 ) ) ;
#419 = CIRCLE ( 'NONE', #30, 0.9999999999999991118 ) ;
#420 = DIRECTION ( 'NONE',  ( -1.000000000000000000, 0.000000000000000000, 0.000000000000000000 ) ) ;
#421 = CIRCLE ( 'NONE', #1087, 5.000000000000000000 ) ;
#422 = DIRECTION ( 'NONE',  ( -0.000000000000000000, -0.000000000000000000, 1.000000000000000000 ) ) ;
#423 = EDGE_LOOP ( 'NONE', ( #1970, #1568, #31, #105, #181, #810, #500, #289, #235 ) ) ;
#424 = LINE ( 'NONE', #433, #2176 ) ;
#425 = CARTESIAN_POINT ( 'NONE',  ( -8.549292680100650799, 12.92902141192354115, 4.000000000000000000 ) ) ;
#426 = CARTESIAN_POINT ( 'NONE',  ( 14.26315182559582340, -8.234834546000470823, 0.000000000000000000 ) ) ;
#427 = EDGE_LOOP ( 'NONE', ( #955, #1982 ) ) ;
#428 = CARTESIAN_POINT ( 'NONE',  ( -24.50000000000000000, 0.000000000000000000, 0.000000000000000000 ) ) ;
#429 = FACE_OUTER_BOUND ( 'NONE', #1448, .T. ) ;
#430 = ADVANCED_FACE ( 'NONE', ( #429 ), #1598, .T. ) ;
#431 = CARTESIAN_POINT ( 'NONE',  ( -11.39619346057884997, -17.63878608660641589, 4.000000000000000000 ) ) ;
#432 = EDGE_LOOP ( 'NONE', ( #7, #1877 ) ) ;
#433 = CARTESIAN_POINT ( 'NONE',  ( -13.50500000000000078, 1.653885502248500653E-15, 1.500000000000000000 ) ) ;
#434 = DIRECTION ( 'NONE',  ( 1.000000000000000000, 0.000000000000000000, 0.000000000000000000 ) ) ;
#435 = ADVANCED_FACE ( 'NONE', ( #1748 ), #1413, .F. ) ;
#436 = CARTESIAN_POINT ( 'NONE',  ( 16.79884389200622152, 10.85351758150349077, 4.000000000000000000 ) ) ;
#437 = ORIENTED_EDGE ( 'NONE', *, *, #1397, .F. ) ;
#438 = CARTESIAN_POINT ( 'NONE',  ( -8.549292680100922581, -12.92902141192336352, 4.000000000000000000 ) ) ;
#439 = CARTESIAN_POINT ( 'NONE',  ( 9.100859949784755543, 13.76315182559589978, 0.000000000000000000 ) ) ;
#440 = CARTESIAN_POINT ( 'NONE',  ( -12.92902141192351095, -8.549292680100698760, -21.00000000000000000 ) ) ;
#441 = EDGE_CURVE ( 'NONE', #1911, #160, #1931, .T. ) ;
#442 = VERTEX_POINT ( 'NONE', #52 ) ;
#443 = DIRECTION ( 'NONE',  ( 1.000000000000000000, 0.000000000000000000, 0.000000000000000000 ) ) ;
#444 = CARTESIAN_POINT ( 'NONE',  ( -17.63878608660637326, 11.39619346057891214, 0.000000000000000000 ) ) ;
#445 = CIRCLE ( 'NONE', #1950, 21.00000000000000355 ) ;
#446 = CARTESIAN_POINT ( 'NONE',  ( 14.26315182559581629, -8.234834546000469047, 4.000000000000000000 ) ) ;
#447 = CIRCLE ( 'NONE', #1814, 1.000000000000000888 ) ;
#448 = VECTOR ( 'NONE', #502, 1000.000000000000000 ) ;
#449 = EDGE_LOOP ( 'NONE', ( #118, #625, #465, #1093 ) ) ;
#450 = DIRECTION ( 'NONE',  ( -0.4999999999999887312, 0.8660254037844450359, 0.000000000000000000 ) ) ;
#451 = EDGE_CURVE ( 'NONE', #38, #126, #1260, .T. ) ;
#452 = VECTOR ( 'NONE', #1527, 1000.000000000000114 ) ;
#453 = EDGE_LOOP ( 'NONE', ( #1671, #577 ) ) ;
#454 = AXIS2_PLACEMENT_3D ( 'NONE', #115, #2142, #1364 ) ;
#455 = EDGE_CURVE ( 'NONE', #339, #1405, #280, .T. ) ;
#456 = CIRCLE ( 'NONE', #491, 1.000000000000000888 ) ;
#457 = ORIENTED_EDGE ( 'NONE', *, *, #1423, .F. ) ;
#458 = DIRECTION ( 'NONE',  ( 1.000000000000000000, 0.000000000000000000, 0.000000000000000000 ) ) ;
#459 =( NAMED_UNIT ( * ) SI_UNIT ( $, .STERADIAN. ) SOLID_ANGLE_UNIT ( ) );
#460 = DIRECTION ( 'NONE',  ( -0.000000000000000000, -0.000000000000000000, -1.000000000000000000 ) ) ;
#461 = EDGE_CURVE ( 'NONE', #1301, #284, #1749, .T. ) ;
#462 = ORIENTED_EDGE ( 'NONE', *, *, #1, .T. ) ;
#463 = PLANE ( 'NONE',  #2073 ) ;
#464 = CARTESIAN_POINT ( 'NONE',  ( -16.79884389200606876, 10.85351758150372525, -21.00000000000000000 ) ) ;
#465 = ORIENTED_EDGE ( 'NONE', *, *, #1077, .F. ) ;
#466 = EDGE_CURVE ( 'NONE', #1741, #1691, #730, .T. ) ;
#467 = ORIENTED_EDGE ( 'NONE', *, *, #74, .F. ) ;
#468 = CARTESIAN_POINT ( 'NONE',  ( -4.000000000000000000, 4.898587196589412829E-16, -20.99999999999999289 ) ) ;
#469 = LINE ( 'NONE', #1292, #1003 ) ;
#470 = FACE_OUTER_BOUND ( 'NONE', #924, .T. ) ;
#471 = ORIENTED_EDGE ( 'NONE', *, *, #1186, .F. ) ;
#472 = CARTESIAN_POINT ( 'NONE',  ( 0.000000000000000000, 0.000000000000000000, 0.000000000000000000 ) ) ;
#473 = EDGE_LOOP ( 'NONE', ( #457, #408, #2018, #538 ) ) ;
#474 = DIRECTION ( 'NONE',  ( -0.000000000000000000, -0.000000000000000000, 1.000000000000000000 ) ) ;
#475 = EDGE_CURVE ( 'NONE', #339, #757, #1220, .T. ) ;
#476 = EDGE_CURVE ( 'NONE', #210, #157, #1044, .T. ) ;
#477 = DIRECTION ( 'NONE',  ( 0.000000000000000000, 0.000000000000000000, -1.000000000000000000 ) ) ;
#478 = EDGE_CURVE ( 'NONE', #1399, #1768, #655, .T. ) ;
#479 = DIRECTION ( 'NONE',  ( -0.000000000000000000, -0.000000000000000000, 1.000000000000000000 ) ) ;
#480 = VECTOR ( 'NONE', #1728, 1000.000000000000000 ) ;
#481 = ORIENTED_EDGE ( 'NONE', *, *, #638, .T. ) ;
#482 = CARTESIAN_POINT ( 'NONE',  ( -13.76315182559599926, -9.100859949784615210, 0.000000000000000000 ) ) ;
#483 = CIRCLE ( 'NONE', #1039, 21.00000000000000355 ) ;
#484 = CIRCLE ( 'NONE', #1886, 21.00000000000000355 ) ;
#485 = ORIENTED_EDGE ( 'NONE', *, *, #610, .F. ) ;
#486 = VECTOR ( 'NONE', #1761, 999.9999999999998863 ) ;
#487 = AXIS2_PLACEMENT_3D ( 'NONE', #1519, #667, #155 ) ;
#488 = VECTOR ( 'NONE', #1560, 1000.000000000000000 ) ;
#489 = DIRECTION ( 'NONE',  ( 0.000000000000000000, 0.000000000000000000, 1.000000000000000000 ) ) ;
#490 = DIRECTION ( 'NONE',  ( 1.000000000000000000, 0.000000000000000000, 0.000000000000000000 ) ) ;
#491 = AXIS2_PLACEMENT_3D ( 'NONE', #1138, #1941, #1809 ) ;
#492 = VERTEX_POINT ( 'NONE', #1421 ) ;
#493 = LINE ( 'NONE', #1157, #335 ) ;
#494 = CARTESIAN_POINT ( 'NONE',  ( 2.504999999999999893, 3.067740231864119524E-16, -20.99999999999999289 ) ) ;
#495 = EDGE_LOOP ( 'NONE', ( #224, #1411, #1672, #10 ) ) ;
#496 = CARTESIAN_POINT ( 'NONE',  ( 0.000000000000000000, 0.000000000000000000, 1.500000000000000000 ) ) ;
#497 = DIRECTION ( 'NONE',  ( -1.000000000000000000, 0.000000000000000000, 0.000000000000000000 ) ) ;
#498 = EDGE_CURVE ( 'NONE', #921, #2004, #1900, .T. ) ;
#499 = PRODUCT_DEFINITION_SHAPE ( 'NONE', 'NONE',  #1258 ) ;
#500 = ORIENTED_EDGE ( 'NONE', *, *, #352, .T. ) ;
#501 = PLANE ( 'NONE',  #487 ) ;
#502 = DIRECTION ( 'NONE',  ( 0.000000000000000000, 0.000000000000000000, -1.000000000000000000 ) ) ;
#503 = ORIENTED_EDGE ( 'NONE', *, *, #2019, .F. ) ;
#504 = PLANE ( 'NONE',  #796 ) ;
#505 = ORIENTED_EDGE ( 'NONE', *, *, #1910, .T. ) ;
#506 = LINE ( 'NONE', #1208, #452 ) ;
#507 = DIRECTION ( 'NONE',  ( -0.000000000000000000, -0.000000000000000000, 1.000000000000000000 ) ) ;
#508 = EDGE_LOOP ( 'NONE', ( #1680, #1836, #91, #28 ) ) ;
#509 = CYLINDRICAL_SURFACE ( 'NONE', #1920, 0.9999999999999991118 ) ;
#510 = DIRECTION ( 'NONE',  ( 0.4999999999999887312, -0.8660254037844450359, 0.000000000000000000 ) ) ;
#511 = VERTEX_POINT ( 'NONE', #259 ) ;
#512 = CARTESIAN_POINT ( 'NONE',  ( -9.987492177718872099, 17.29884389200632810, 4.000000000000000000 ) ) ;
#513 = AXIS2_PLACEMENT_3D ( 'NONE', #607, #1945, #272 ) ;
#514 = EDGE_LOOP ( 'NONE', ( #1056, #302 ) ) ;
#515 = CARTESIAN_POINT ( 'NONE',  ( -14.26315182559599215, -8.234834546000170619, 4.000000000000000000 ) ) ;
#516 = CARTESIAN_POINT ( 'NONE',  ( 0.000000000000000000, 0.000000000000000000, -21.00000000000000000 ) ) ;
#517 = EDGE_CURVE ( 'NONE', #157, #210, #2139, .T. ) ;
#518 = CIRCLE ( 'NONE', #1989, 24.50000000000000000 ) ;
#519 = DIRECTION ( 'NONE',  ( 1.000000000000000000, 0.000000000000000000, 0.000000000000000000 ) ) ;
#520 = AXIS2_PLACEMENT_3D ( 'NONE', #1957, #584, #1602 ) ;
#521 = VERTEX_POINT ( 'NONE', #1556 ) ;
#522 = CARTESIAN_POINT ( 'NONE',  ( 8.549292680100831987, 12.92902141192342391, -21.00000000000000000 ) ) ;
#523 = PLANE ( 'NONE',  #1216 ) ;
#524 = VECTOR ( 'NONE', #245, 999.9999999999998863 ) ;
#525 = DIRECTION ( 'NONE',  ( 0.000000000000000000, 0.000000000000000000, 1.000000000000000000 ) ) ;
#526 = EDGE_LOOP ( 'NONE', ( #2064, #1778, #803, #2030 ) ) ;
#527 = ORIENTED_EDGE ( 'NONE', *, *, #1240, .F. ) ;
#528 = CYLINDRICAL_SURFACE ( 'NONE', #315, 15.50000000000000000 ) ;
#529 = EDGE_CURVE ( 'NONE', #1450, #1869, #1500, .T. ) ;
#530 = VERTEX_POINT ( 'NONE', #750 ) ;
#531 = FACE_OUTER_BOUND ( 'NONE', #598, .T. ) ;
#532 = CARTESIAN_POINT ( 'NONE',  ( 0.000000000000000000, 0.000000000000000000, 4.000000000000000000 ) ) ;
#533 = EDGE_CURVE ( 'NONE', #521, #605, #895, .T. ) ;
#534 = EDGE_CURVE ( 'NONE', #1230, #666, #1119, .T. ) ;
#535 = ORIENTED_EDGE ( 'NONE', *, *, #233, .F. ) ;
#536 = DIRECTION ( 'NONE',  ( -0.000000000000000000, -0.000000000000000000, 1.000000000000000000 ) ) ;
#537 = LINE ( 'NONE', #1550, #1145 ) ;
#538 = ORIENTED_EDGE ( 'NONE', *, *, #498, .F. ) ;
#539 = CARTESIAN_POINT ( 'NONE',  ( 10.85351758150354762, 16.79884389200618600, -21.00000000000000000 ) ) ;
#540 = ADVANCED_FACE ( 'NONE', ( #1545 ), #2021, .T. ) ;
#541 = ORIENTED_EDGE ( 'NONE', *, *, #1758, .F. ) ;
#542 = DIRECTION ( 'NONE',  ( 1.000000000000000000, 0.000000000000000000, 0.000000000000000000 ) ) ;
#543 = CARTESIAN_POINT ( 'NONE',  ( -12.92902141192351095, -8.549292680100698760, 0.000000000000000000 ) ) ;
#544 = ORIENTED_EDGE ( 'NONE', *, *, #2093, .F. ) ;
#545 = DIRECTION ( 'NONE',  ( 0.000000000000000000, 0.000000000000000000, 1.000000000000000000 ) ) ;
#546 = CARTESIAN_POINT ( 'NONE',  ( 13.42339375865881657, 7.749999999999968026, 4.000000000000000000 ) ) ;
#547 = EDGE_CURVE ( 'NONE', #1047, #2138, #1185, .T. ) ;
#548 = EDGE_LOOP ( 'NONE', ( #1488, #360, #1287, #1884 ) ) ;
#549 = DIRECTION ( 'NONE',  ( -0.8660254037844328234, 0.5000000000000099920, 0.000000000000000000 ) ) ;
#550 = EDGE_CURVE ( 'NONE', #2141, #16, #1403, .T. ) ;
#551 = EDGE_LOOP ( 'NONE', ( #1707, #384, #327, #1355 ) ) ;
#552 = CARTESIAN_POINT ( 'NONE',  ( -8.549292680100922581, -12.92902141192336352, 0.000000000000000000 ) ) ;
#553 = DIRECTION ( 'NONE',  ( 1.000000000000000000, 0.000000000000000000, 0.000000000000000000 ) ) ;
#554 = CIRCLE ( 'NONE', #97, 1.000000000000000888 ) ;
#555 = ORIENTED_EDGE ( 'NONE', *, *, #808, .F. ) ;
#556 = DIRECTION ( 'NONE',  ( 0.000000000000000000, 0.000000000000000000, -1.000000000000000000 ) ) ;
#557 = DIRECTION ( 'NONE',  ( 1.000000000000000000, 0.000000000000000000, 0.000000000000000000 ) ) ;
#558 = AXIS2_PLACEMENT_3D ( 'NONE', #86, #232, #66 ) ;
#559 = AXIS2_PLACEMENT_3D ( 'NONE', #743, #1275, #1935 ) ;
#560 = CARTESIAN_POINT ( 'NONE',  ( -17.63878608660637326, 11.39619346057891214, 4.000000000000000000 ) ) ;
#561 = EDGE_LOOP ( 'NONE', ( #1169, #120, #2006, #1783 ) ) ;
#562 = DIRECTION ( 'NONE',  ( 0.000000000000000000, 0.000000000000000000, 1.000000000000000000 ) ) ;
#563 = DIRECTION ( 'NONE',  ( 1.000000000000000000, 1.734723475976805517E-15, 0.000000000000000000 ) ) ;
#564 = DIRECTION ( 'NONE',  ( -0.000000000000000000, -0.000000000000000000, -1.000000000000000000 ) ) ;
#565 = VERTEX_POINT ( 'NONE', #1492 ) ;
#566 = DIRECTION ( 'NONE',  ( 1.000000000000000000, 0.000000000000000000, 0.000000000000000000 ) ) ;
#567 = DIRECTION ( 'NONE',  ( -1.000000000000000000, 0.000000000000000000, 0.000000000000000000 ) ) ;
#568 = DIRECTION ( 'NONE',  ( -1.000000000000000000, 0.000000000000000000, 0.000000000000000000 ) ) ;
#569 = ORIENTED_EDGE ( 'NONE', *, *, #1915, .F. ) ;
#570 = CARTESIAN_POINT ( 'NONE',  ( -10.85351758150331491, 16.79884389200633876, 0.000000000000000000 ) ) ;
#571 = CARTESIAN_POINT ( 'NONE',  ( 0.000000000000000000, 0.000000000000000000, 4.000000000000000000 ) ) ;
#572 = CARTESIAN_POINT ( 'NONE',  ( -22.45000000000000284, 2.749332064085808099E-15, -2.000000000000000000 ) ) ;
#573 = ORIENTED_EDGE ( 'NONE', *, *, #1397, .T. ) ;
#574 = CYLINDRICAL_SURFACE ( 'NONE', #2070, 1.000000000000000888 ) ;
#575 = CARTESIAN_POINT ( 'NONE',  ( 0.000000000000000000, 0.000000000000000000, -20.10000000000000142 ) ) ;
#576 = DIRECTION ( 'NONE',  ( -0.000000000000000000, -0.000000000000000000, 1.000000000000000000 ) ) ;
#577 = ORIENTED_EDGE ( 'NONE', *, *, #2150, .T. ) ;
#578 = DIRECTION ( 'NONE',  ( -1.000000000000000000, 0.000000000000000000, 0.000000000000000000 ) ) ;
#579 = DIRECTION ( 'NONE',  ( -0.000000000000000000, -0.000000000000000000, 1.000000000000000000 ) ) ;
#580 = CIRCLE ( 'NONE', #373, 1.495000000000000107 ) ;
#581 = CARTESIAN_POINT ( 'NONE',  ( -12.25000000000000000, 1.500192328955507734E-15, 1.000000000000000000 ) ) ;
#582 = ADVANCED_FACE ( 'NONE', ( #195 ), #1599, .T. ) ;
#583 = VERTEX_POINT ( 'NONE', #405 ) ;
#584 = DIRECTION ( 'NONE',  ( 0.000000000000000000, 0.000000000000000000, -1.000000000000000000 ) ) ;
#585 = AXIS2_PLACEMENT_3D ( 'NONE', #56, #376, #215 ) ;
#586 = DIRECTION ( 'NONE',  ( -0.000000000000000000, -0.000000000000000000, 1.000000000000000000 ) ) ;
#587 = FACE_OUTER_BOUND ( 'NONE', #495, .T. ) ;
#588 = AXIS2_PLACEMENT_3D ( 'NONE', #2106, #856, #1346 ) ;
#589 = CIRCLE ( 'NONE', #204, 2.504999999999999893 ) ;
#590 = AXIS2_PLACEMENT_3D ( 'NONE', #1813, #184, #2151 ) ;
#591 = EDGE_CURVE ( 'NONE', #1453, #871, #1567, .T. ) ;
#592 = ORIENTED_EDGE ( 'NONE', *, *, #87, .F. ) ;
#593 = CYLINDRICAL_SURFACE ( 'NONE', #382, 13.50500000000000078 ) ;
#594 = AXIS2_PLACEMENT_3D ( 'NONE', #1243, #562, #2056 ) ;
#595 = CARTESIAN_POINT ( 'NONE',  ( 0.000000000000000000, 0.000000000000000000, -20.99999999999999289 ) ) ;
#596 = DIRECTION ( 'NONE',  ( -1.000000000000000000, 0.000000000000000000, -0.000000000000000000 ) ) ;
#597 = ADVANCED_FACE ( 'NONE', ( #2072 ), #88, .T. ) ;
#598 = EDGE_LOOP ( 'NONE', ( #791, #1792 ) ) ;
#599 = CARTESIAN_POINT ( 'NONE',  ( -12.25000000000000000, 1.500192328955507734E-15, 1.500000000000000000 ) ) ;
#600 = DIRECTION ( 'NONE',  ( 1.000000000000000000, 0.000000000000000000, 0.000000000000000000 ) ) ;
#601 = ORIENTED_EDGE ( 'NONE', *, *, #1240, .T. ) ;
#602 = DIRECTION ( 'NONE',  ( 0.000000000000000000, 0.000000000000000000, 1.000000000000000000 ) ) ;
#603 = EDGE_CURVE ( 'NONE', #1508, #1047, #1293, .T. ) ;
#604 = CYLINDRICAL_SURFACE ( 'NONE', #1180, 1.495000000000000107 ) ;
#605 = VERTEX_POINT ( 'NONE', #1747 ) ;
#606 = DIRECTION ( 'NONE',  ( -1.000000000000000000, 0.000000000000000000, 0.000000000000000000 ) ) ;
#607 = CARTESIAN_POINT ( 'NONE',  ( 10.85351758150354762, 16.79884389200618600, 0.000000000000000000 ) ) ;
#608 = ORIENTED_EDGE ( 'NONE', *, *, #1551, .F. ) ;
#609 = CARTESIAN_POINT ( 'NONE',  ( -1.495000000000000107, 1.830846964725293058E-16, 1.000000000000000000 ) ) ;
#610 = EDGE_CURVE ( 'NONE', #1552, #890, #1731, .T. ) ;
#611 = ORIENTED_EDGE ( 'NONE', *, *, #534, .T. ) ;
#612 = EDGE_CURVE ( 'NONE', #583, #1386, #1438, .T. ) ;
#613 = CARTESIAN_POINT ( 'NONE',  ( 12.92902141192345411, 8.549292680100787578, -21.00000000000000000 ) ) ;
#614 = ORIENTED_EDGE ( 'NONE', *, *, #478, .T. ) ;
#615 = ORIENTED_EDGE ( 'NONE', *, *, #1323, .F. ) ;
#616 = CARTESIAN_POINT ( 'NONE',  ( 0.000000000000000000, 0.000000000000000000, 0.000000000000000000 ) ) ;
#617 = LINE ( 'NONE', #1926, #1324 ) ;
#618 = CIRCLE ( 'NONE', #1398, 5.000000000000000000 ) ;
#619 = CARTESIAN_POINT ( 'NONE',  ( -7.000000000000000000, 8.572527594031473190E-16, -20.10000000000000142 ) ) ;
#620 = AXIS2_PLACEMENT_3D ( 'NONE', #353, #1688, #1978 ) ;
#621 = CIRCLE ( 'NONE', #824, 0.9999999999999991118 ) ;
#622 = VERTEX_POINT ( 'NONE', #65 ) ;
#623 = CARTESIAN_POINT ( 'NONE',  ( -2.504999999999999893, 0.000000000000000000, -20.19999999999999574 ) ) ;
#624 = EDGE_CURVE ( 'NONE', #1037, #851, #1245, .T. ) ;
#625 = ORIENTED_EDGE ( 'NONE', *, *, #1976, .T. ) ;
#626 = AXIS2_PLACEMENT_3D ( 'NONE', #1555, #1746, #42 ) ;
#627 = AXIS2_PLACEMENT_3D ( 'NONE', #334, #1489, #1536 ) ;
#628 = ORIENTED_EDGE ( 'NONE', *, *, #222, .F. ) ;
#629 = DIRECTION ( 'NONE',  ( -0.000000000000000000, -0.000000000000000000, 1.000000000000000000 ) ) ;
#630 = SURFACE_SIDE_STYLE ('',( #1455 ) ) ;
#631 = CARTESIAN_POINT ( 'NONE',  ( -9.100859949784563696, 13.76315182559602768, 0.000000000000000000 ) ) ;
#632 = ORIENTED_EDGE ( 'NONE', *, *, #591, .T. ) ;
#633 = LINE ( 'NONE', #1971, #1187 ) ;
#634 = ORIENTED_EDGE ( 'NONE', *, *, #2132, .T. ) ;
#635 = ORIENTED_EDGE ( 'NONE', *, *, #2150, .F. ) ;
#636 = EDGE_CURVE ( 'NONE', #139, #812, #899, .T. ) ;
#637 = DIRECTION ( 'NONE',  ( 0.000000000000000000, 0.000000000000000000, -1.000000000000000000 ) ) ;
#638 = EDGE_CURVE ( 'NONE', #1453, #1485, #1333, .T. ) ;
#639 = DIRECTION ( 'NONE',  ( -0.000000000000000000, -0.000000000000000000, 1.000000000000000000 ) ) ;
#640 = FACE_OUTER_BOUND ( 'NONE', #80, .T. ) ;
#641 = ORIENTED_EDGE ( 'NONE', *, *, #1603, .T. ) ;
#642 = PLANE ( 'NONE',  #1227 ) ;
#643 = ORIENTED_EDGE ( 'NONE', *, *, #233, .T. ) ;
#644 = CARTESIAN_POINT ( 'NONE',  ( -17.63878608660637326, 11.39619346057891214, -21.00000000000000000 ) ) ;
#645 = APPLICATION_PROTOCOL_DEFINITION ( 'draft international standard', 'automotive_design', 1998, #943 ) ;
#646 = DIRECTION ( 'NONE',  ( 1.000000000000000000, 0.000000000000000000, 0.000000000000000000 ) ) ;
#647 = DIRECTION ( 'NONE',  ( -0.000000000000000000, -0.000000000000000000, 1.000000000000000000 ) ) ;
#648 = CIRCLE ( 'NONE', #1881, 21.00000000000000355 ) ;
#649 = ORIENTED_EDGE ( 'NONE', *, *, #1481, .T. ) ;
#650 = DIRECTION ( 'NONE',  ( -0.000000000000000000, -0.000000000000000000, 1.000000000000000000 ) ) ;
#651 = AXIS2_PLACEMENT_3D ( 'NONE', #744, #1968, #434 ) ;
#652 = ADVANCED_FACE ( 'NONE', ( #2024, #722 ), #1238, .T. ) ;
#653 = AXIS2_PLACEMENT_3D ( 'NONE', #992, #479, #1148 ) ;
#654 = VERTEX_POINT ( 'NONE', #1225 ) ;
#655 = CIRCLE ( 'NONE', #1361, 4.000000000000000000 ) ;
#656 = AXIS2_PLACEMENT_3D ( 'NONE', #316, #2025, #2175 ) ;
#657 = CIRCLE ( 'NONE', #1009, 24.50000000000000000 ) ;
#658 = VECTOR ( 'NONE', #629, 1000.000000000000000 ) ;
#659 = FACE_OUTER_BOUND ( 'NONE', #768, .T. ) ;
#660 = CARTESIAN_POINT ( 'NONE',  ( 9.987492177718870323, -17.29884389200632810, 0.000000000000000000 ) ) ;
#661 = ORIENTED_EDGE ( 'NONE', *, *, #1538, .F. ) ;
#662 = DIRECTION ( 'NONE',  ( 0.000000000000000000, 0.000000000000000000, 1.000000000000000000 ) ) ;
#663 = ORIENTED_EDGE ( 'NONE', *, *, #1603, .F. ) ;
#664 = DIRECTION ( 'NONE',  ( 1.000000000000000000, 0.000000000000000000, -0.000000000000000000 ) ) ;
#665 = FACE_OUTER_BOUND ( 'NONE', #711, .T. ) ;
#666 = VERTEX_POINT ( 'NONE', #45 ) ;
#667 = DIRECTION ( 'NONE',  ( -0.4999999999999917843, 0.8660254037844433705, 0.000000000000000000 ) ) ;
#668 = LINE ( 'NONE', #799, #448 ) ;
#669 = EDGE_CURVE ( 'NONE', #1961, #583, #2076, .T. ) ;
#670 = ORIENTED_EDGE ( 'NONE', *, *, #1772, .F. ) ;
#671 = DIRECTION ( 'NONE',  ( -1.000000000000000000, 0.000000000000000000, 0.000000000000000000 ) ) ;
#672 = ADVANCED_FACE ( 'NONE', ( #712 ), #1583, .F. ) ;
#673 = EDGE_CURVE ( 'NONE', #2004, #915, #1295, .T. ) ;
#674 = VERTEX_POINT ( 'NONE', #1880 ) ;
#675 = DIRECTION ( 'NONE',  ( 1.000000000000000000, 3.469446951953611033E-15, 0.000000000000000000 ) ) ;
#676 = DIRECTION ( 'NONE',  ( 0.000000000000000000, 0.000000000000000000, 1.000000000000000000 ) ) ;
#677 = APPLICATION_PROTOCOL_DEFINITION ( 'draft international standard', 'automotive_design', 1998, #1832 ) ;
#678 = EDGE_LOOP ( 'NONE', ( #1343, #1692 ) ) ;
#679 = CYLINDRICAL_SURFACE ( 'NONE', #1531, 22.87500000000000000 ) ;
#680 = ADVANCED_FACE ( 'NONE', ( #1190 ), #848, .T. ) ;
#681 = VERTEX_POINT ( 'NONE', #1048 ) ;
#682 = CARTESIAN_POINT ( 'NONE',  ( 17.63878608660653313, 11.39619346057866700, 4.000000000000000000 ) ) ;
#683 = ADVANCED_FACE ( 'NONE', ( #214, #1057 ), #1742, .T. ) ;
#684 = CIRCLE ( 'NONE', #389, 22.87500000000000000 ) ;
#685 = ORIENTED_EDGE ( 'NONE', *, *, #998, .F. ) ;
#686 = CARTESIAN_POINT ( 'NONE',  ( -13.76315182559580563, 9.100859949784901204, 0.000000000000000000 ) ) ;
#687 = AXIS2_PLACEMENT_3D ( 'NONE', #1247, #1273, #919 ) ;
#688 = AXIS2_PLACEMENT_3D ( 'NONE', #516, #1033, #2036 ) ;
#689 = CIRCLE ( 'NONE', #1261, 1.000000000000000888 ) ;
#690 = CIRCLE ( 'NONE', #454, 15.50000000000000000 ) ;
#691 = ORIENTED_EDGE ( 'NONE', *, *, #550, .T. ) ;
#692 = CARTESIAN_POINT ( 'NONE',  ( -17.29884389200629258, -9.987492177718930719, 4.000000000000000000 ) ) ;
#693 = DIRECTION ( 'NONE',  ( -0.000000000000000000, -0.000000000000000000, 1.000000000000000000 ) ) ;
#694 = AXIS2_PLACEMENT_3D ( 'NONE', #570, #1420, #1930 ) ;
#695 = CARTESIAN_POINT ( 'NONE',  ( 1.495000000000000107, 0.000000000000000000, 1.000000000000000000 ) ) ;
#696 = ORIENTED_EDGE ( 'NONE', *, *, #1481, .F. ) ;
#697 = CARTESIAN_POINT ( 'NONE',  ( 0.000000000000000000, 0.000000000000000000, -16.00000000000000000 ) ) ;
#698 = ORIENTED_EDGE ( 'NONE', *, *, #638, .F. ) ;
#699 = LINE ( 'NONE', #468, #658 ) ;
#700 = PRODUCT_RELATED_PRODUCT_CATEGORY ( 'part', '', ( #1844 ) ) ;
#701 = EDGE_CURVE ( 'NONE', #1230, #1666, #1734, .T. ) ;
#702 = EDGE_CURVE ( 'NONE', #157, #1702, #1035, .T. ) ;
#703 = ORIENTED_EDGE ( 'NONE', *, *, #2093, .T. ) ;
#704 = DIRECTION ( 'NONE',  ( 0.4999999999999887312, -0.8660254037844450359, 0.000000000000000000 ) ) ;
#705 = DIRECTION ( 'NONE',  ( -0.000000000000000000, -0.000000000000000000, -1.000000000000000000 ) ) ;
#706 = ORIENTED_EDGE ( 'NONE', *, *, #1159, .F. ) ;
#707 = DIRECTION ( 'NONE',  ( 1.000000000000000000, 0.000000000000000000, 0.000000000000000000 ) ) ;
#708 = VERTEX_POINT ( 'NONE', #1569 ) ;
#709 = DIRECTION ( 'NONE',  ( -0.000000000000000000, -0.000000000000000000, 1.000000000000000000 ) ) ;
#710 = DIRECTION ( 'NONE',  ( -0.000000000000000000, -0.000000000000000000, -1.000000000000000000 ) ) ;
#711 = EDGE_LOOP ( 'NONE', ( #1535, #1004, #2075, #1601 ) ) ;
#712 = FACE_OUTER_BOUND ( 'NONE', #806, .T. ) ;
#713 = CYLINDRICAL_SURFACE ( 'NONE', #163, 0.9999999999999991118 ) ;
#714 = ORIENTED_EDGE ( 'NONE', *, *, #451, .F. ) ;
#715 = DIRECTION ( 'NONE',  ( 1.000000000000000000, 0.000000000000000000, 0.000000000000000000 ) ) ;
#716 = ORIENTED_EDGE ( 'NONE', *, *, #1538, .T. ) ;
#717 = FACE_BOUND ( 'NONE', #432, .T. ) ;
#718 = DIRECTION ( 'NONE',  ( 0.000000000000000000, 0.000000000000000000, -1.000000000000000000 ) ) ;
#719 =( GEOMETRIC_REPRESENTATION_CONTEXT ( 3 ) GLOBAL_UNCERTAINTY_ASSIGNED_CONTEXT ( ( #2016 ) ) GLOBAL_UNIT_ASSIGNED_CONTEXT ( ( #1936, #756, #459 ) ) REPRESENTATION_CONTEXT ( 'NONE', 'WORKASPACE' ) );
#720 = VECTOR ( 'NONE', #169, 1000.000000000000000 ) ;
#721 = VERTEX_POINT ( 'NONE', #54 ) ;
#722 = FACE_OUTER_BOUND ( 'NONE', #1436, .T. ) ;
#723 = CYLINDRICAL_SURFACE ( 'NONE', #161, 2.504999999999999893 ) ;
#724 = ADVANCED_FACE ( 'NONE', ( #1068 ), #878, .F. ) ;
#725 = AXIS2_PLACEMENT_3D ( 'NONE', #236, #1530, #704 ) ;
#726 = CARTESIAN_POINT ( 'NONE',  ( -9.100859949784563696, 13.76315182559602768, 4.000000000000000000 ) ) ;
#727 = AXIS2_PLACEMENT_3D ( 'NONE', #84, #1089, #1587 ) ;
#728 = VERTEX_POINT ( 'NONE', #897 ) ;
#729 = DIRECTION ( 'NONE',  ( -0.8660254037844329345, 0.5000000000000101030, 0.000000000000000000 ) ) ;
#730 = LINE ( 'NONE', #212, #486 ) ;
#731 = CARTESIAN_POINT ( 'NONE',  ( 0.000000000000000000, 0.000000000000000000, -8.500000000000000000 ) ) ;
#732 = ORIENTED_EDGE ( 'NONE', *, *, #372, .T. ) ;
#733 =( GEOMETRIC_REPRESENTATION_CONTEXT ( 3 ) GLOBAL_UNCERTAINTY_ASSIGNED_CONTEXT ( ( #173 ) ) GLOBAL_UNIT_ASSIGNED_CONTEXT ( ( #323, #999, #1975 ) ) REPRESENTATION_CONTEXT ( 'NONE', 'WORKASPACE' ) );
#734 = CARTESIAN_POINT ( 'NONE',  ( 0.000000000000000000, 0.000000000000000000, -20.99999999999999289 ) ) ;
#735 = DIRECTION ( 'NONE',  ( -0.000000000000000000, -0.000000000000000000, 1.000000000000000000 ) ) ;
#736 = CARTESIAN_POINT ( 'NONE',  ( -5.000000000000000000, 6.123233995736766282E-16, -17.99999999999999645 ) ) ;
#737 = EDGE_LOOP ( 'NONE', ( #1701, #1685, #2158, #661 ) ) ;
#738 = DIRECTION ( 'NONE',  ( -0.000000000000000000, -0.000000000000000000, -1.000000000000000000 ) ) ;
#739 = EDGE_CURVE ( 'NONE', #364, #442, #72, .T. ) ;
#740 = DIRECTION ( 'NONE',  ( -1.000000000000000000, 0.000000000000000000, 0.000000000000000000 ) ) ;
#741 = DIRECTION ( 'NONE',  ( 1.000000000000000000, 0.000000000000000000, 0.000000000000000000 ) ) ;
#742 = ORIENTED_EDGE ( 'NONE', *, *, #920, .T. ) ;
#743 = CARTESIAN_POINT ( 'NONE',  ( 0.000000000000000000, 0.000000000000000000, -8.500000000000000000 ) ) ;
#744 = CARTESIAN_POINT ( 'NONE',  ( 16.79884389200622152, 10.85351758150349077, 0.000000000000000000 ) ) ;
#745 = EDGE_CURVE ( 'NONE', #380, #333, #1381, .T. ) ;
#746 = CARTESIAN_POINT ( 'NONE',  ( 17.29884389200622152, 9.987492177719049735, 4.000000000000000000 ) ) ;
#747 = EDGE_LOOP ( 'NONE', ( #1480, #1000, #1682, #1664, #1591, #1390, #2114, #1289, #1471 ) ) ;
#748 = DIRECTION ( 'NONE',  ( -0.000000000000000000, -0.000000000000000000, 1.000000000000000000 ) ) ;
#749 = EDGE_CURVE ( 'NONE', #1689, #1137, #657, .T. ) ;
#750 = CARTESIAN_POINT ( 'NONE',  ( 5.990000000000000213, 7.335634326892646971E-16, -16.00000000000000000 ) ) ;
#751 = AXIS2_PLACEMENT_3D ( 'NONE', #2131, #1118, #298 ) ;
#752 = CARTESIAN_POINT ( 'NONE',  ( -22.87500000000000000, 2.801379553049570458E-15, -2.000000000000000000 ) ) ;
#753 = EDGE_LOOP ( 'NONE', ( #946, #1376, #503, #1717 ) ) ;
#754 = DIRECTION ( 'NONE',  ( -0.000000000000000000, -0.000000000000000000, 1.000000000000000000 ) ) ;
#755 = AXIS2_PLACEMENT_3D ( 'NONE', #575, #1710, #557 ) ;
#756 =( NAMED_UNIT ( * ) PLANE_ANGLE_UNIT ( ) SI_UNIT ( $, .RADIAN. ) );
#757 = VERTEX_POINT ( 'NONE', #692 ) ;
#758 = CARTESIAN_POINT ( 'NONE',  ( 4.000000000000000000, 0.000000000000000000, -17.99999999999999645 ) ) ;
#759 = EDGE_CURVE ( 'NONE', #605, #1107, #1371, .T. ) ;
#760 = CIRCLE ( 'NONE', #864, 15.50000000000000000 ) ;
#761 = VECTOR ( 'NONE', #1797, 1000.000000000000000 ) ;
#762 = CIRCLE ( 'NONE', #559, 1.495000000000000107 ) ;
#763 = ORIENTED_EDGE ( 'NONE', *, *, #318, .T. ) ;
#764 = DIRECTION ( 'NONE',  ( -0.000000000000000000, -0.000000000000000000, -1.000000000000000000 ) ) ;
#765 = VECTOR ( 'NONE', #1286, 1000.000000000000000 ) ;
#766 = DIRECTION ( 'NONE',  ( -0.000000000000000000, -0.000000000000000000, 1.000000000000000000 ) ) ;
#767 = EDGE_CURVE ( 'NONE', #287, #1666, #1719, .T. ) ;
#768 = EDGE_LOOP ( 'NONE', ( #1956, #2001 ) ) ;
#769 = FACE_OUTER_BOUND ( 'NONE', #1898, .T. ) ;
#770 = DIRECTION ( 'NONE',  ( 1.000000000000000000, -1.734723475976805517E-15, 0.000000000000000000 ) ) ;
#771 = EDGE_CURVE ( 'NONE', #1072, #776, #945, .T. ) ;
#772 = DIRECTION ( 'NONE',  ( 1.000000000000000000, 0.000000000000000000, 0.000000000000000000 ) ) ;
#773 = ORIENTED_EDGE ( 'NONE', *, *, #636, .T. ) ;
#774 = CARTESIAN_POINT ( 'NONE',  ( 7.750000000000015987, 13.42339375865878992, -21.00000000000000000 ) ) ;
#775 = VERTEX_POINT ( 'NONE', #599 ) ;
#776 = VERTEX_POINT ( 'NONE', #409 ) ;
#777 = CARTESIAN_POINT ( 'NONE',  ( 8.234834546000119104, -14.26315182559601880, 4.000000000000000000 ) ) ;
#778 = SURFACE_STYLE_USAGE ( .BOTH. , #630 ) ;
#779 = ORIENTED_EDGE ( 'NONE', *, *, #2113, .T. ) ;
#780 = LINE ( 'NONE', #1449, #854 ) ;
#781 = VERTEX_POINT ( 'NONE', #922 ) ;
#782 = DIRECTION ( 'NONE',  ( 0.000000000000000000, 0.000000000000000000, 1.000000000000000000 ) ) ;
#783 = ORIENTED_EDGE ( 'NONE', *, *, #1011, .T. ) ;
#784 = ORIENTED_EDGE ( 'NONE', *, *, #1368, .T. ) ;
#785 = FACE_OUTER_BOUND ( 'NONE', #188, .T. ) ;
#786 = DIRECTION ( 'NONE',  ( 0.000000000000000000, 0.000000000000000000, 1.000000000000000000 ) ) ;
#787 = CIRCLE ( 'NONE', #2022, 13.50500000000000078 ) ;
#788 = CARTESIAN_POINT ( 'NONE',  ( -8.100859949784565472, 13.76315182559602768, -21.00000000000000000 ) ) ;
#789 = CIRCLE ( 'NONE', #1076, 0.9999999999999991118 ) ;
#790 = AXIS2_PLACEMENT_3D ( 'NONE', #532, #1867, #359 ) ;
#791 = ORIENTED_EDGE ( 'NONE', *, *, #208, .T. ) ;
#792 = CARTESIAN_POINT ( 'NONE',  ( 12.92902141192345233, 8.549292680100785802, 0.000000000000000000 ) ) ;
#793 = VECTOR ( 'NONE', #804, 1000.000000000000000 ) ;
#794 = ORIENTED_EDGE ( 'NONE', *, *, #1159, .T. ) ;
#795 = AXIS2_PLACEMENT_3D ( 'NONE', #140, #1623, #450 ) ;
#796 = AXIS2_PLACEMENT_3D ( 'NONE', #1997, #1161, #1703 ) ;
#797 = DIRECTION ( 'NONE',  ( 0.000000000000000000, 0.000000000000000000, 1.000000000000000000 ) ) ;
#798 = DIRECTION ( 'NONE',  ( 1.000000000000000000, 0.000000000000000000, 0.000000000000000000 ) ) ;
#799 = CARTESIAN_POINT ( 'NONE',  ( 11.39619346057872740, 17.63878608660649761, -21.00000000000000000 ) ) ;
#800 = ORIENTED_EDGE ( 'NONE', *, *, #1629, .F. ) ;
#801 = DIRECTION ( 'NONE',  ( -0.000000000000000000, -0.000000000000000000, 1.000000000000000000 ) ) ;
#802 = DIRECTION ( 'NONE',  ( 1.000000000000000000, 0.000000000000000000, 0.000000000000000000 ) ) ;
#803 = ORIENTED_EDGE ( 'NONE', *, *, #85, .T. ) ;
#804 = DIRECTION ( 'NONE',  ( 0.000000000000000000, 0.000000000000000000, -1.000000000000000000 ) ) ;
#805 = DIRECTION ( 'NONE',  ( -0.000000000000000000, -0.000000000000000000, 1.000000000000000000 ) ) ;
#806 = EDGE_LOOP ( 'NONE', ( #1281, #1124, #1325, #1929 ) ) ;
#807 = DIRECTION ( 'NONE',  ( -1.000000000000000000, 0.000000000000000000, -0.000000000000000000 ) ) ;
#808 = EDGE_CURVE ( 'NONE', #1839, #1285, #1543, .T. ) ;
#809 = CARTESIAN_POINT ( 'NONE',  ( 10.85351758150331491, -16.79884389200633876, 0.000000000000000000 ) ) ;
#810 = ORIENTED_EDGE ( 'NONE', *, *, #57, .F. ) ;
#811 = DIRECTION ( 'NONE',  ( 0.000000000000000000, 0.000000000000000000, 1.000000000000000000 ) ) ;
#812 = VERTEX_POINT ( 'NONE', #1094 ) ;
#813 = EDGE_CURVE ( 'NONE', #666, #1230, #762, .T. ) ;
#814 = CARTESIAN_POINT ( 'NONE',  ( 8.234834546000119104, -14.26315182559601880, 4.000000000000000000 ) ) ;
#815 = DIRECTION ( 'NONE',  ( 0.000000000000000000, 0.000000000000000000, -1.000000000000000000 ) ) ;
#816 = CARTESIAN_POINT ( 'NONE',  ( -2.253471898105728785E-15, 1.301042606982623267E-15, 0.000000000000000000 ) ) ;
#817 = PLANE ( 'NONE',  #944 ) ;
#818 = DIRECTION ( 'NONE',  ( 1.000000000000000000, 0.000000000000000000, 0.000000000000000000 ) ) ;
#819 = EDGE_CURVE ( 'NONE', #1262, #1626, #424, .T. ) ;
#820 = ORIENTED_EDGE ( 'NONE', *, *, #819, .T. ) ;
#821 = FACE_OUTER_BOUND ( 'NONE', #1824, .T. ) ;
#822 = CIRCLE ( 'NONE', #20, 1.000000000000000888 ) ;
#823 = ORIENTED_EDGE ( 'NONE', *, *, #902, .F. ) ;
#824 = AXIS2_PLACEMENT_3D ( 'NONE', #1942, #1771, #1580 ) ;
#825 = AXIS2_PLACEMENT_3D ( 'NONE', #936, #1925, #1249 ) ;
#826 = DIRECTION ( 'NONE',  ( 1.000000000000000000, 0.000000000000000000, -0.000000000000000000 ) ) ;
#827 = AXIS2_PLACEMENT_3D ( 'NONE', #1142, #1693, #846 ) ;
#828 = EDGE_CURVE ( 'NONE', #1851, #565, #416, .T. ) ;
#829 = ORIENTED_EDGE ( 'NONE', *, *, #1311, .T. ) ;
#830 = FACE_BOUND ( 'NONE', #1452, .T. ) ;
#831 = ADVANCED_FACE ( 'NONE', ( #122 ), #92, .F. ) ;
#832 = DIRECTION ( 'NONE',  ( 0.000000000000000000, 0.000000000000000000, -1.000000000000000000 ) ) ;
#833 = ORIENTED_EDGE ( 'NONE', *, *, #89, .F. ) ;
#834 = DIRECTION ( 'NONE',  ( -1.000000000000000000, 0.000000000000000000, 0.000000000000000000 ) ) ;
#835 = AXIS2_PLACEMENT_3D ( 'NONE', #1321, #1493, #826 ) ;
#836 = ORIENTED_EDGE ( 'NONE', *, *, #2058, .T. ) ;
#837 = CARTESIAN_POINT ( 'NONE',  ( 9.987492177718870323, -17.29884389200632810, 0.000000000000000000 ) ) ;
#838 = ORIENTED_EDGE ( 'NONE', *, *, #1853, .F. ) ;
#839 = EDGE_CURVE ( 'NONE', #1193, #1278, #1082, .T. ) ;
#840 = DIRECTION ( 'NONE',  ( 1.047444401652940164E-14, -1.000000000000000000, 0.000000000000000000 ) ) ;
#841 = DIRECTION ( 'NONE',  ( 1.000000000000000000, 0.000000000000000000, 0.000000000000000000 ) ) ;
#842 = ORIENTED_EDGE ( 'NONE', *, *, #1630, .F. ) ;
#843 = EDGE_LOOP ( 'NONE', ( #2085, #1474 ) ) ;
#844 = DIRECTION ( 'NONE',  ( -0.000000000000000000, -0.000000000000000000, 1.000000000000000000 ) ) ;
#845 = ORIENTED_EDGE ( 'NONE', *, *, #1222, .T. ) ;
#846 = DIRECTION ( 'NONE',  ( 1.047444401652940007E-14, -1.000000000000000000, 0.000000000000000000 ) ) ;
#847 = CARTESIAN_POINT ( 'NONE',  ( -14.26315182559582340, 8.234834546000470823, 0.000000000000000000 ) ) ;
#848 = CYLINDRICAL_SURFACE ( 'NONE', #1958, 5.000000000000000000 ) ;
#849 = CARTESIAN_POINT ( 'NONE',  ( -13.76315182559599926, -9.100859949784615210, -21.00000000000000000 ) ) ;
#850 = DIRECTION ( 'NONE',  ( 1.000000000000000000, 0.000000000000000000, 0.000000000000000000 ) ) ;
#851 = VERTEX_POINT ( 'NONE', #777 ) ;
#852 = ORIENTED_EDGE ( 'NONE', *, *, #1222, .F. ) ;
#853 = CARTESIAN_POINT ( 'NONE',  ( 22.45000000000000284, 0.000000000000000000, -2.000000000000000000 ) ) ;
#854 = VECTOR ( 'NONE', #1136, 1000.000000000000000 ) ;
#855 = ADVANCED_FACE ( 'NONE', ( #285 ), #574, .F. ) ;
#856 = DIRECTION ( 'NONE',  ( 0.000000000000000000, 0.000000000000000000, 1.000000000000000000 ) ) ;
#857 = ADVANCED_FACE ( 'NONE', ( #769 ), #1637, .T. ) ;
#858 = AXIS2_PLACEMENT_3D ( 'NONE', #1083, #362, #73 ) ;
#859 = ORIENTED_EDGE ( 'NONE', *, *, #318, .F. ) ;
#860 = CARTESIAN_POINT ( 'NONE',  ( -7.749999999999827693, 13.42339375865889828, 4.000000000000000000 ) ) ;
#861 = DIRECTION ( 'NONE',  ( 1.000000000000000000, 0.000000000000000000, 0.000000000000000000 ) ) ;
#862 = VECTOR ( 'NONE', #510, 1000.000000000000114 ) ;
#863 = EDGE_CURVE ( 'NONE', #1047, #1210, #2086, .T. ) ;
#864 = AXIS2_PLACEMENT_3D ( 'NONE', #1740, #1366, #1378 ) ;
#865 = AXIS2_PLACEMENT_3D ( 'NONE', #726, #228, #1038 ) ;
#866 = AXIS2_PLACEMENT_3D ( 'NONE', #1985, #474, #1155 ) ;
#867 = ORIENTED_EDGE ( 'NONE', *, *, #1077, .T. ) ;
#868 = DIRECTION ( 'NONE',  ( 1.000000000000000000, 0.000000000000000000, 0.000000000000000000 ) ) ;
#869 = DIRECTION ( 'NONE',  ( 1.000000000000000000, 0.000000000000000000, 0.000000000000000000 ) ) ;
#870 = AXIS2_PLACEMENT_3D ( 'NONE', #1271, #738, #211 ) ;
#871 = VERTEX_POINT ( 'NONE', #1454 ) ;
#872 = DIRECTION ( 'NONE',  ( 0.5000000000000101030, 0.8660254037844329345, 0.000000000000000000 ) ) ;
#873 = ORIENTED_EDGE ( 'NONE', *, *, #69, .T. ) ;
#874 = FACE_OUTER_BOUND ( 'NONE', #1252, .T. ) ;
#875 = DIRECTION ( 'NONE',  ( 1.000000000000000000, 0.000000000000000000, 0.000000000000000000 ) ) ;
#876 = CARTESIAN_POINT ( 'NONE',  ( -13.42339375865886986, -7.749999999999873879, 4.000000000000000000 ) ) ;
#877 = VERTEX_POINT ( 'NONE', #1912 ) ;
#878 = PLANE ( 'NONE',  #725 ) ;
#879 = DIRECTION ( 'NONE',  ( 1.000000000000000000, -3.469446951953617344E-15, 0.000000000000000000 ) ) ;
#880 = ORIENTED_EDGE ( 'NONE', *, *, #1409, .F. ) ;
#881 = CYLINDRICAL_SURFACE ( 'NONE', #973, 5.990000000000000213 ) ;
#882 = ADVANCED_FACE ( 'NONE', ( #262 ), #1437, .T. ) ;
#883 = EDGE_LOOP ( 'NONE', ( #1034, #108, #2104, #307 ) ) ;
#884 = LINE ( 'NONE', #2105, #209 ) ;
#885 = FACE_OUTER_BOUND ( 'NONE', #113, .T. ) ;
#886 = ORIENTED_EDGE ( 'NONE', *, *, #673, .T. ) ;
#887 = DIRECTION ( 'NONE',  ( -0.000000000000000000, -0.000000000000000000, 1.000000000000000000 ) ) ;
#888 = DIRECTION ( 'NONE',  ( 0.000000000000000000, -0.000000000000000000, 1.000000000000000000 ) ) ;
#889 = CARTESIAN_POINT ( 'NONE',  ( 0.000000000000000000, 0.000000000000000000, -2.000000000000000000 ) ) ;
#890 = VERTEX_POINT ( 'NONE', #294 ) ;
#891 = FACE_OUTER_BOUND ( 'NONE', #2126, .T. ) ;
#892 = DIRECTION ( 'NONE',  ( 1.000000000000000000, 0.000000000000000000, 0.000000000000000000 ) ) ;
#893 = CIRCLE ( 'NONE', #1291, 7.000000000000000000 ) ;
#894 = CYLINDRICAL_SURFACE ( 'NONE', #166, 13.50500000000000078 ) ;
#895 = CIRCLE ( 'NONE', #588, 0.9999999999999991118 ) ;
#896 = ORIENTED_EDGE ( 'NONE', *, *, #2039, .F. ) ;
#897 = CARTESIAN_POINT ( 'NONE',  ( 12.92902141192333332, -8.549292680100968767, 4.000000000000000000 ) ) ;
#898 = CARTESIAN_POINT ( 'NONE',  ( -11.39619346057847871, 17.63878608660665392, 0.000000000000000000 ) ) ;
#899 = CIRCLE ( 'NONE', #1619, 1.000000000000000888 ) ;
#900 = AXIS2_PLACEMENT_3D ( 'NONE', #1918, #1073, #1430 ) ;
#901 = DIRECTION ( 'NONE',  ( 1.000000000000000000, 0.000000000000000000, 0.000000000000000000 ) ) ;
#902 = EDGE_CURVE ( 'NONE', #1729, #1768, #106, .T. ) ;
#903 = AXIS2_PLACEMENT_3D ( 'NONE', #496, #1830, #328 ) ;
#904 = ORIENTED_EDGE ( 'NONE', *, *, #407, .T. ) ;
#905 = DIRECTION ( 'NONE',  ( -0.5000000000000101030, -0.8660254037844329345, 0.000000000000000000 ) ) ;
#906 = CARTESIAN_POINT ( 'NONE',  ( 0.000000000000000000, 0.000000000000000000, -20.19999999999999574 ) ) ;
#907 = EDGE_CURVE ( 'NONE', #1729, #397, #1750, .T. ) ;
#908 = DIRECTION ( 'NONE',  ( 0.000000000000000000, 0.000000000000000000, -1.000000000000000000 ) ) ;
#909 = ORIENTED_EDGE ( 'NONE', *, *, #1302, .F. ) ;
#910 = DIRECTION ( 'NONE',  ( 1.000000000000000000, 0.000000000000000000, 0.000000000000000000 ) ) ;
#911 = DIRECTION ( 'NONE',  ( -0.000000000000000000, -0.000000000000000000, 1.000000000000000000 ) ) ;
#912 = ADVANCED_FACE ( 'NONE', ( #1126 ), #960, .F. ) ;
#913 = EDGE_CURVE ( 'NONE', #293, #2090, #690, .T. ) ;
#914 = DIRECTION ( 'NONE',  ( -0.000000000000000000, -0.000000000000000000, 1.000000000000000000 ) ) ;
#915 = VERTEX_POINT ( 'NONE', #32 ) ;
#916 = FACE_OUTER_BOUND ( 'NONE', #1943, .T. ) ;
#917 = DIRECTION ( 'NONE',  ( 0.000000000000000000, 0.000000000000000000, 1.000000000000000000 ) ) ;
#918 = DIRECTION ( 'NONE',  ( -1.000000000000000000, 0.000000000000000000, 0.000000000000000000 ) ) ;
#919 = DIRECTION ( 'NONE',  ( 1.000000000000000000, 0.000000000000000000, 0.000000000000000000 ) ) ;
#920 = EDGE_CURVE ( 'NONE', #1817, #1626, #61, .T. ) ;
#921 = VERTEX_POINT ( 'NONE', #2160 ) ;
#922 = CARTESIAN_POINT ( 'NONE',  ( 22.87500000000000000, 0.000000000000000000, 0.000000000000000000 ) ) ;
#923 = CYLINDRICAL_SURFACE ( 'NONE', #1177, 22.45000000000000284 ) ;
#924 = EDGE_LOOP ( 'NONE', ( #505, #2181, #270, #1764 ) ) ;
#925 = CARTESIAN_POINT ( 'NONE',  ( 12.25000000000000000, 0.000000000000000000, 1.500000000000000000 ) ) ;
#926 = ORIENTED_EDGE ( 'NONE', *, *, #749, .T. ) ;
#927 = DIRECTION ( 'NONE',  ( 0.000000000000000000, 0.000000000000000000, -1.000000000000000000 ) ) ;
#928 = EDGE_CURVE ( 'NONE', #2090, #565, #1526, .T. ) ;
#929 = DIRECTION ( 'NONE',  ( 1.000000000000000000, 0.000000000000000000, 0.000000000000000000 ) ) ;
#930 = EDGE_CURVE ( 'NONE', #1285, #1839, #132, .T. ) ;
#931 = ADVANCED_FACE ( 'NONE', ( #1475 ), #1304, .F. ) ;
#932 = DIRECTION ( 'NONE',  ( -0.000000000000000000, -0.000000000000000000, 1.000000000000000000 ) ) ;
#933 = CIRCLE ( 'NONE', #94, 0.9999999999999991118 ) ;
#934 = FACE_OUTER_BOUND ( 'NONE', #2014, .T. ) ;
#935 = ORIENTED_EDGE ( 'NONE', *, *, #475, .T. ) ;
#936 = CARTESIAN_POINT ( 'NONE',  ( 0.000000000000000000, 0.000000000000000000, -20.19999999999999574 ) ) ;
#937 = CIRCLE ( 'NONE', #585, 7.000000000000000000 ) ;
#938 = DIRECTION ( 'NONE',  ( 1.000000000000000000, 0.000000000000000000, 0.000000000000000000 ) ) ;
#939 = CARTESIAN_POINT ( 'NONE',  ( 16.79884389200606876, -10.85351758150372525, 0.000000000000000000 ) ) ;
#940 = CIRCLE ( 'NONE', #1612, 21.00000000000000355 ) ;
#941 = LINE ( 'NONE', #109, #1615 ) ;
#942 = AXIS2_PLACEMENT_3D ( 'NONE', #104, #766, #1444 ) ;
#943 = APPLICATION_CONTEXT ( 'automotive_design' ) ;
#944 = AXIS2_PLACEMENT_3D ( 'NONE', #167, #1818, #1677 ) ;
#945 = CIRCLE ( 'NONE', #1046, 21.00000000000000355 ) ;
#946 = ORIENTED_EDGE ( 'NONE', *, *, #2132, .F. ) ;
#947 = LINE ( 'NONE', #964, #1723 ) ;
#948 = AXIS2_PLACEMENT_3D ( 'NONE', #1760, #905, #1253 ) ;
#949 = ORIENTED_EDGE ( 'NONE', *, *, #2113, .F. ) ;
#950 = EDGE_CURVE ( 'NONE', #1512, #1270, #978, .T. ) ;
#951 = VERTEX_POINT ( 'NONE', #1803 ) ;
#952 = DIRECTION ( 'NONE',  ( 1.000000000000000000, 0.000000000000000000, 0.000000000000000000 ) ) ;
#953 = DIRECTION ( 'NONE',  ( 1.000000000000000000, 0.000000000000000000, 0.000000000000000000 ) ) ;
#954 = DIRECTION ( 'NONE',  ( -0.000000000000000000, -0.000000000000000000, 1.000000000000000000 ) ) ;
#955 = ORIENTED_EDGE ( 'NONE', *, *, #930, .T. ) ;
#956 = LINE ( 'NONE', #613, #283 ) ;
#957 = CARTESIAN_POINT ( 'NONE',  ( 0.000000000000000000, 0.000000000000000000, 4.000000000000000000 ) ) ;
#958 = ORIENTED_EDGE ( 'NONE', *, *, #702, .F. ) ;
#959 = ORIENTED_EDGE ( 'NONE', *, *, #1629, .T. ) ;
#960 = CYLINDRICAL_SURFACE ( 'NONE', #1012, 0.9999999999999991118 ) ;
#961 = LINE ( 'NONE', #988, #128 ) ;
#962 = DIRECTION ( 'NONE',  ( -0.000000000000000000, -0.000000000000000000, -1.000000000000000000 ) ) ;
#963 = ORIENTED_EDGE ( 'NONE', *, *, #839, .T. ) ;
#964 = CARTESIAN_POINT ( 'NONE',  ( 17.79884389200607231, -10.85351758150372525, -21.00000000000000000 ) ) ;
#965 = ORIENTED_EDGE ( 'NONE', *, *, #110, .T. ) ;
#966 = ORIENTED_EDGE ( 'NONE', *, *, #979, .F. ) ;
#967 = CARTESIAN_POINT ( 'NONE',  ( -13.76315182559580563, 9.100859949784901204, -21.00000000000000000 ) ) ;
#968 = AXIS2_PLACEMENT_3D ( 'NONE', #227, #399, #202 ) ;
#969 = DIRECTION ( 'NONE',  ( -0.000000000000000000, -0.000000000000000000, 1.000000000000000000 ) ) ;
#970 = ADVANCED_FACE ( 'NONE', ( #785 ), #304, .F. ) ;
#971 = AXIS2_PLACEMENT_3D ( 'NONE', #906, #1721, #740 ) ;
#972 = VERTEX_POINT ( 'NONE', #1967 ) ;
#973 = AXIS2_PLACEMENT_3D ( 'NONE', #1744, #1205, #1563 ) ;
#974 = DIRECTION ( 'NONE',  ( 0.000000000000000000, 0.000000000000000000, -1.000000000000000000 ) ) ;
#975 = ORIENTED_EDGE ( 'NONE', *, *, #226, .F. ) ;
#976 = AXIS2_PLACEMENT_3D ( 'NONE', #2148, #764, #100 ) ;
#977 = VECTOR ( 'NONE', #2015, 1000.000000000000000 ) ;
#978 = LINE ( 'NONE', #1659, #1819 ) ;
#979 = EDGE_CURVE ( 'NONE', #1548, #2133, #1974, .T. ) ;
#980 = CARTESIAN_POINT ( 'NONE',  ( 0.000000000000000000, 0.000000000000000000, 0.000000000000000000 ) ) ;
#981 = ORIENTED_EDGE ( 'NONE', *, *, #1840, .F. ) ;
#982 = CARTESIAN_POINT ( 'NONE',  ( 0.000000000000000000, 0.000000000000000000, 1.000000000000000000 ) ) ;
#983 = DIRECTION ( 'NONE',  ( -0.000000000000000000, -0.000000000000000000, -1.000000000000000000 ) ) ;
#984 = ADVANCED_FACE ( 'NONE', ( #1464, #531 ), #17, .T. ) ;
#985 = EDGE_LOOP ( 'NONE', ( #1632, #975, #2128, #2053 ) ) ;
#986 = CARTESIAN_POINT ( 'NONE',  ( -12.92902141192351095, -8.549292680100698760, 4.000000000000000000 ) ) ;
#987 = VERTEX_POINT ( 'NONE', #1825 ) ;
#988 = CARTESIAN_POINT ( 'NONE',  ( 3.004629197474317274E-15, -1.734723475976810250E-15, 0.000000000000000000 ) ) ;
#989 = ADVANCED_FACE ( 'NONE', ( #1134 ), #1705, .T. ) ;
#990 = ORIENTED_EDGE ( 'NONE', *, *, #1322, .T. ) ;
#991 = CARTESIAN_POINT ( 'NONE',  ( -9.987492177718870323, 17.29884389200632810, 0.000000000000000000 ) ) ;
#992 = CARTESIAN_POINT ( 'NONE',  ( 9.100859949784755543, 13.76315182559589978, -21.00000000000000000 ) ) ;
#993 = ORIENTED_EDGE ( 'NONE', *, *, #1558, .F. ) ;
#994 = CARTESIAN_POINT ( 'NONE',  ( -5.990000000000000213, 0.000000000000000000, -3.099999999999998757 ) ) ;
#995 = EDGE_CURVE ( 'NONE', #397, #1399, #699, .T. ) ;
#996 = ADVANCED_FACE ( 'NONE', ( #1646 ), #193, .F. ) ;
#997 = DIRECTION ( 'NONE',  ( -0.000000000000000000, -0.000000000000000000, -1.000000000000000000 ) ) ;
#998 = EDGE_CURVE ( 'NONE', #1582, #1817, #368, .T. ) ;
#999 =( NAMED_UNIT ( * ) PLANE_ANGLE_UNIT ( ) SI_UNIT ( $, .RADIAN. ) );
#1000 = ORIENTED_EDGE ( 'NONE', *, *, #1312, .T. ) ;
#1001 = CARTESIAN_POINT ( 'NONE',  ( 0.000000000000000000, 0.000000000000000000, -2.000000000000000000 ) ) ;
#1002 = DIRECTION ( 'NONE',  ( 0.000000000000000000, 0.000000000000000000, 1.000000000000000000 ) ) ;
#1003 = VECTOR ( 'NONE', #911, 1000.000000000000000 ) ;
#1004 = ORIENTED_EDGE ( 'NONE', *, *, #1409, .T. ) ;
#1005 = EDGE_LOOP ( 'NONE', ( #615, #1218, #935, #1182 ) ) ;
#1006 = LINE ( 'NONE', #2182, #1655 ) ;
#1007 = VECTOR ( 'NONE', #1517, 1000.000000000000000 ) ;
#1008 = ORIENTED_EDGE ( 'NONE', *, *, #603, .T. ) ;
#1009 = AXIS2_PLACEMENT_3D ( 'NONE', #1022, #1696, #185 ) ;
#1010 = DIRECTION ( 'NONE',  ( 0.000000000000000000, 0.000000000000000000, 1.000000000000000000 ) ) ;
#1011 = EDGE_CURVE ( 'NONE', #442, #1873, #1581, .T. ) ;
#1012 = AXIS2_PLACEMENT_3D ( 'NONE', #1282, #1787, #458 ) ;
#1013 = CIRCLE ( 'NONE', #170, 5.990000000000000213 ) ;
#1014 = ORIENTED_EDGE ( 'NONE', *, *, #1766, .F. ) ;
#1015 = CARTESIAN_POINT ( 'NONE',  ( 13.50500000000000078, 0.000000000000000000, 4.000000000000000000 ) ) ;
#1016 = CARTESIAN_POINT ( 'NONE',  ( 0.000000000000000000, 0.000000000000000000, 0.000000000000000000 ) ) ;
#1017 = ORIENTED_EDGE ( 'NONE', *, *, #2112, .F. ) ;
#1018 = DIRECTION ( 'NONE',  ( 1.000000000000000000, 0.000000000000000000, 0.000000000000000000 ) ) ;
#1019 = ORIENTED_EDGE ( 'NONE', *, *, #1630, .T. ) ;
#1020 = DIRECTION ( 'NONE',  ( -0.000000000000000000, -0.000000000000000000, 1.000000000000000000 ) ) ;
#1021 = ORIENTED_EDGE ( 'NONE', *, *, #1722, .T. ) ;
#1022 = CARTESIAN_POINT ( 'NONE',  ( 0.000000000000000000, 0.000000000000000000, 0.000000000000000000 ) ) ;
#1023 = CARTESIAN_POINT ( 'NONE',  ( 16.79884389200622152, 10.85351758150349077, 0.000000000000000000 ) ) ;
#1024 = EDGE_CURVE ( 'NONE', #333, #1851, #1085, .T. ) ;
#1025 = CARTESIAN_POINT ( 'NONE',  ( 17.79884389200607231, -10.85351758150372525, 0.000000000000000000 ) ) ;
#1026 = ORIENTED_EDGE ( 'NONE', *, *, #1976, .F. ) ;
#1027 = DIRECTION ( 'NONE',  ( -0.000000000000000000, -0.000000000000000000, 1.000000000000000000 ) ) ;
#1028 = EDGE_CURVE ( 'NONE', #1107, #1386, #357, .T. ) ;
#1029 = ORIENTED_EDGE ( 'NONE', *, *, #1826, .F. ) ;
#1030 = EDGE_LOOP ( 'NONE', ( #1133, #634, #149, #462, #1902, #643, #763, #1394, #83 ) ) ;
#1031 = DIRECTION ( 'NONE',  ( -1.000000000000000000, 0.000000000000000000, -0.000000000000000000 ) ) ;
#1032 = FACE_BOUND ( 'NONE', #332, .T. ) ;
#1033 = DIRECTION ( 'NONE',  ( 0.000000000000000000, -0.000000000000000000, 1.000000000000000000 ) ) ;
#1034 = ORIENTED_EDGE ( 'NONE', *, *, #2005, .F. ) ;
#1035 = LINE ( 'NONE', #1903, #1891 ) ;
#1036 = CARTESIAN_POINT ( 'NONE',  ( 5.000000000000000000, 0.000000000000000000, -20.99999999999999645 ) ) ;
#1037 = VERTEX_POINT ( 'NONE', #1377 ) ;
#1038 = DIRECTION ( 'NONE',  ( 1.000000000000000000, 0.000000000000000000, 0.000000000000000000 ) ) ;
#1039 = AXIS2_PLACEMENT_3D ( 'NONE', #93, #1593, #2116 ) ;
#1040 = ORIENTED_EDGE ( 'NONE', *, *, #1234, .T. ) ;
#1041 = DIRECTION ( 'NONE',  ( 1.000000000000000000, 0.000000000000000000, 0.000000000000000000 ) ) ;
#1042 = CARTESIAN_POINT ( 'NONE',  ( -10.85351758150331491, 16.79884389200633876, 4.000000000000000000 ) ) ;
#1043 = AXIS2_PLACEMENT_3D ( 'NONE', #957, #2136, #1300 ) ;
#1044 = CIRCLE ( 'NONE', #377, 12.25000000000000000 ) ;
#1045 = AXIS2_PLACEMENT_3D ( 'NONE', #1096, #288, #1969 ) ;
#1046 = AXIS2_PLACEMENT_3D ( 'NONE', #1774, #271, #1416 ) ;
#1047 = VERTEX_POINT ( 'NONE', #1061 ) ;
#1048 = CARTESIAN_POINT ( 'NONE',  ( -8.234834546000417532, -14.26315182559584471, 4.000000000000000000 ) ) ;
#1049 = FACE_OUTER_BOUND ( 'NONE', #6, .T. ) ;
#1050 = AXIS2_PLACEMENT_3D ( 'NONE', #2134, #927, #1298 ) ;
#1051 = ORIENTED_EDGE ( 'NONE', *, *, #1229, .T. ) ;
#1052 = CARTESIAN_POINT ( 'NONE',  ( -2.504999999999999893, 0.000000000000000000, -20.19999999999999574 ) ) ;
#1053 = ORIENTED_EDGE ( 'NONE', *, *, #1235, .T. ) ;
#1054 = CARTESIAN_POINT ( 'NONE',  ( 4.336808689942104511E-16, 7.511572993685745852E-16, 0.000000000000000000 ) ) ;
#1055 = DIRECTION ( 'NONE',  ( 0.000000000000000000, 0.000000000000000000, 1.000000000000000000 ) ) ;
#1056 = ORIENTED_EDGE ( 'NONE', *, *, #673, .F. ) ;
#1057 = FACE_OUTER_BOUND ( 'NONE', #678, .T. ) ;
#1058 = CYLINDRICAL_SURFACE ( 'NONE', #2102, 2.504999999999999893 ) ;
#1059 = DIRECTION ( 'NONE',  ( -0.000000000000000000, -0.000000000000000000, 1.000000000000000000 ) ) ;
#1060 = VERTEX_POINT ( 'NONE', #231 ) ;
#1061 = CARTESIAN_POINT ( 'NONE',  ( -9.987492177719236253, -17.29884389200612205, 0.000000000000000000 ) ) ;
#1062 = DIRECTION ( 'NONE',  ( 0.000000000000000000, -0.000000000000000000, 1.000000000000000000 ) ) ;
#1063 = EDGE_CURVE ( 'NONE', #812, #1741, #1565, .T. ) ;
#1064 = DIRECTION ( 'NONE',  ( -0.000000000000000000, -0.000000000000000000, 1.000000000000000000 ) ) ;
#1065 = EDGE_CURVE ( 'NONE', #1107, #721, #1335, .T. ) ;
#1066 = ADVANCED_FACE ( 'NONE', ( #891 ), #593, .F. ) ;
#1067 = ORIENTED_EDGE ( 'NONE', *, *, #305, .F. ) ;
#1068 = FACE_OUTER_BOUND ( 'NONE', #250, .T. ) ;
#1069 = DIRECTION ( 'NONE',  ( 0.000000000000000000, 0.000000000000000000, -1.000000000000000000 ) ) ;
#1070 = CYLINDRICAL_SURFACE ( 'NONE', #1431, 0.9999999999999991118 ) ;
#1071 = ADVANCED_FACE ( 'NONE', ( #916 ), #385, .F. ) ;
#1072 = VERTEX_POINT ( 'NONE', #77 ) ;
#1073 = DIRECTION ( 'NONE',  ( -0.000000000000000000, -0.000000000000000000, -1.000000000000000000 ) ) ;
#1074 = CARTESIAN_POINT ( 'NONE',  ( -14.26315182559581629, 8.234834546000469047, 4.000000000000000000 ) ) ;
#1075 = STYLED_ITEM ( 'NONE', ( #2143 ), #2038 ) ;
#1076 = AXIS2_PLACEMENT_3D ( 'NONE', #1909, #249, #741 ) ;
#1077 = EDGE_CURVE ( 'NONE', #812, #1695, #1738, .T. ) ;
#1078 = DIRECTION ( 'NONE',  ( -0.000000000000000000, -0.000000000000000000, 1.000000000000000000 ) ) ;
#1079 = CIRCLE ( 'NONE', #1539, 22.45000000000000284 ) ;
#1080 = CIRCLE ( 'NONE', #1362, 22.87500000000000000 ) ;
#1081 = EDGE_LOOP ( 'NONE', ( #555, #50, #1165, #1490 ) ) ;
#1082 = LINE ( 'NONE', #1592, #1503 ) ;
#1083 = CARTESIAN_POINT ( 'NONE',  ( 0.000000000000000000, 0.000000000000000000, -20.99999999999999289 ) ) ;
#1084 = VECTOR ( 'NONE', #1290, 1000.000000000000000 ) ;
#1085 = CIRCLE ( 'NONE', #1651, 1.000000000000000888 ) ;
#1086 = CARTESIAN_POINT ( 'NONE',  ( 5.990000000000000213, 7.335634326892646971E-16, -3.099999999999998757 ) ) ;
#1087 = AXIS2_PLACEMENT_3D ( 'NONE', #182, #844, #2007 ) ;
#1088 = EDGE_LOOP ( 'NONE', ( #527, #1029, #981, #471 ) ) ;
#1089 = DIRECTION ( 'NONE',  ( 0.000000000000000000, 0.000000000000000000, -1.000000000000000000 ) ) ;
#1090 = FACE_OUTER_BOUND ( 'NONE', #1996, .T. ) ;
#1091 = DIRECTION ( 'NONE',  ( -0.000000000000000000, -0.000000000000000000, 1.000000000000000000 ) ) ;
#1092 = CARTESIAN_POINT ( 'NONE',  ( 8.549292680100650799, -12.92902141192354115, -21.00000000000000000 ) ) ;
#1093 = ORIENTED_EDGE ( 'NONE', *, *, #1063, .T. ) ;
#1094 = CARTESIAN_POINT ( 'NONE',  ( 17.29884389200609007, -9.987492177719294872, 0.000000000000000000 ) ) ;
#1095 = CARTESIAN_POINT ( 'NONE',  ( 0.000000000000000000, 0.000000000000000000, 0.000000000000000000 ) ) ;
#1096 = CARTESIAN_POINT ( 'NONE',  ( -7.750000000000110134, -13.42339375865873663, -21.00000000000000000 ) ) ;
#1097 = EDGE_CURVE ( 'NONE', #757, #219, #884, .T. ) ;
#1098 = ORIENTED_EDGE ( 'NONE', *, *, #1657, .F. ) ;
#1099 = EDGE_CURVE ( 'NONE', #972, #1552, #1470, .T. ) ;
#1100 = DIRECTION ( 'NONE',  ( 1.000000000000000000, 0.000000000000000000, 0.000000000000000000 ) ) ;
#1101 = CARTESIAN_POINT ( 'NONE',  ( 16.79884389200606876, -10.85351758150372525, -21.00000000000000000 ) ) ;
#1102 = DIRECTION ( 'NONE',  ( -0.000000000000000000, 0.000000000000000000, -1.000000000000000000 ) ) ;
#1103 = ORIENTED_EDGE ( 'NONE', *, *, #517, .T. ) ;
#1104 = CARTESIAN_POINT ( 'NONE',  ( 0.000000000000000000, 0.000000000000000000, 1.000000000000000000 ) ) ;
#1105 = DIRECTION ( 'NONE',  ( -0.000000000000000000, -0.000000000000000000, 1.000000000000000000 ) ) ;
#1106 = PLANE ( 'NONE',  #1045 ) ;
#1107 = VERTEX_POINT ( 'NONE', #1412 ) ;
#1108 = DIRECTION ( 'NONE',  ( -0.8660254037844433705, -0.4999999999999917843, 0.000000000000000000 ) ) ;
#1109 = VERTEX_POINT ( 'NONE', #2080 ) ;
#1110 = VECTOR ( 'NONE', #1960, 999.9999999999998863 ) ;
#1111 = FACE_BOUND ( 'NONE', #2009, .T. ) ;
#1112 = ORIENTED_EDGE ( 'NONE', *, *, #297, .F. ) ;
#1113 = DIRECTION ( 'NONE',  ( 0.000000000000000000, -0.000000000000000000, 1.000000000000000000 ) ) ;
#1114 = CIRCLE ( 'NONE', #651, 1.000000000000000888 ) ;
#1115 = CARTESIAN_POINT ( 'NONE',  ( -16.79884389200606876, 10.85351758150372525, 4.000000000000000000 ) ) ;
#1116 = CIRCLE ( 'NONE', #1845, 1.000000000000000888 ) ;
#1117 = ORIENTED_EDGE ( 'NONE', *, *, #1379, .F. ) ;
#1118 = DIRECTION ( 'NONE',  ( -0.000000000000000000, -0.000000000000000000, 1.000000000000000000 ) ) ;
#1119 = CIRCLE ( 'NONE', #1955, 1.495000000000000107 ) ;
#1120 = AXIS2_PLACEMENT_3D ( 'NONE', #1617, #1426, #251 ) ;
#1121 = ORIENTED_EDGE ( 'NONE', *, *, #2081, .T. ) ;
#1122 = LINE ( 'NONE', #1962, #1995 ) ;
#1123 = CIRCLE ( 'NONE', #1854, 1.000000000000000888 ) ;
#1124 = ORIENTED_EDGE ( 'NONE', *, *, #1781, .F. ) ;
#1125 = EDGE_LOOP ( 'NONE', ( #1934, #1040, #158, #2055 ) ) ;
#1126 = FACE_OUTER_BOUND ( 'NONE', #1088, .T. ) ;
#1127 = DIRECTION ( 'NONE',  ( 1.000000000000000000, 0.000000000000000000, 0.000000000000000000 ) ) ;
#1128 = DIRECTION ( 'NONE',  ( -0.000000000000000000, -0.000000000000000000, 1.000000000000000000 ) ) ;
#1129 = ORIENTED_EDGE ( 'NONE', *, *, #451, .T. ) ;
#1130 = CARTESIAN_POINT ( 'NONE',  ( 17.29884389200622152, 9.987492177719047959, 0.000000000000000000 ) ) ;
#1131 = DIRECTION ( 'NONE',  ( -0.000000000000000000, -0.000000000000000000, 1.000000000000000000 ) ) ;
#1132 = ORIENTED_EDGE ( 'NONE', *, *, #2088, .T. ) ;
#1133 = ORIENTED_EDGE ( 'NONE', *, *, #2040, .T. ) ;
#1134 = FACE_OUTER_BOUND ( 'NONE', #1889, .T. ) ;
#1135 = EDGE_CURVE ( 'NONE', #1745, #1961, #135, .T. ) ;
#1136 = DIRECTION ( 'NONE',  ( 0.000000000000000000, 0.000000000000000000, -1.000000000000000000 ) ) ;
#1137 = VERTEX_POINT ( 'NONE', #428 ) ;
#1138 = CARTESIAN_POINT ( 'NONE',  ( 13.76315182559580563, -9.100859949784901204, 4.000000000000000000 ) ) ;
#1139 = FACE_OUTER_BOUND ( 'NONE', #1125, .T. ) ;
#1140 = EDGE_CURVE ( 'NONE', #530, #1653, #1013, .T. ) ;
#1141 = EDGE_LOOP ( 'NONE', ( #714, #53 ) ) ;
#1142 = CARTESIAN_POINT ( 'NONE',  ( 0.000000000000000000, 0.000000000000000000, 4.000000000000000000 ) ) ;
#1143 = VECTOR ( 'NONE', #1440, 1000.000000000000000 ) ;
#1144 = EDGE_CURVE ( 'NONE', #1626, #1817, #246, .T. ) ;
#1145 = VECTOR ( 'NONE', #1069, 1000.000000000000000 ) ;
#1146 = ORIENTED_EDGE ( 'NONE', *, *, #1938, .T. ) ;
#1147 = DIRECTION ( 'NONE',  ( -0.000000000000000000, -0.000000000000000000, 1.000000000000000000 ) ) ;
#1148 = DIRECTION ( 'NONE',  ( 1.000000000000000000, 0.000000000000000000, 0.000000000000000000 ) ) ;
#1149 = AXIS2_PLACEMENT_3D ( 'NONE', #194, #997, #861 ) ;
#1150 = EDGE_LOOP ( 'NONE', ( #1586, #154, #1973, #2097 ) ) ;
#1151 = DIRECTION ( 'NONE',  ( -0.000000000000000000, -0.000000000000000000, 1.000000000000000000 ) ) ;
#1152 = ORIENTED_EDGE ( 'NONE', *, *, #995, .T. ) ;
#1153 = CIRCLE ( 'NONE', #1050, 22.45000000000000284 ) ;
#1154 = ADVANCED_FACE ( 'NONE', ( #1907 ), #1387, .F. ) ;
#1155 = DIRECTION ( 'NONE',  ( 1.000000000000000000, 0.000000000000000000, 0.000000000000000000 ) ) ;
#1156 = CARTESIAN_POINT ( 'NONE',  ( 0.000000000000000000, 0.000000000000000000, -21.00000000000000000 ) ) ;
#1157 = CARTESIAN_POINT ( 'NONE',  ( -17.29884389200608297, 9.987492177719293096, 4.000000000000000000 ) ) ;
#1158 = LINE ( 'NONE', #1828, #862 ) ;
#1159 = EDGE_CURVE ( 'NONE', #1204, #333, #2091, .T. ) ;
#1160 = ORIENTED_EDGE ( 'NONE', *, *, #239, .T. ) ;
#1161 = DIRECTION ( 'NONE',  ( 0.4999999999999978351, -0.8660254037844399289, 0.000000000000000000 ) ) ;
#1162 = EDGE_CURVE ( 'NONE', #397, #1729, #2180, .T. ) ;
#1163 = CARTESIAN_POINT ( 'NONE',  ( 5.990000000000000213, 7.335634326892646971E-16, -3.099999999999998757 ) ) ;
#1164 = DIRECTION ( 'NONE',  ( -0.5000000000000008882, -0.8660254037844381525, 0.000000000000000000 ) ) ;
#1165 = ORIENTED_EDGE ( 'NONE', *, *, #2164, .T. ) ;
#1166 = DIRECTION ( 'NONE',  ( 0.000000000000000000, 0.000000000000000000, 1.000000000000000000 ) ) ;
#1167 = CARTESIAN_POINT ( 'NONE',  ( 0.000000000000000000, 0.000000000000000000, -20.10000000000000142 ) ) ;
#1168 = ORIENTED_EDGE ( 'NONE', *, *, #152, .T. ) ;
#1169 = ORIENTED_EDGE ( 'NONE', *, *, #533, .F. ) ;
#1170 = FACE_BOUND ( 'NONE', #1518, .T. ) ;
#1171 = EDGE_LOOP ( 'NONE', ( #1380, #437 ) ) ;
#1172 = ADVANCED_FACE ( 'NONE', ( #874 ), #402, .T. ) ;
#1173 = FACE_BOUND ( 'NONE', #514, .T. ) ;
#1174 = ORIENTED_EDGE ( 'NONE', *, *, #1234, .F. ) ;
#1175 = DIRECTION ( 'NONE',  ( 0.000000000000000000, 0.000000000000000000, 1.000000000000000000 ) ) ;
#1176 = CARTESIAN_POINT ( 'NONE',  ( 9.987492177719110131, 17.29884389200618600, 4.000000000000000000 ) ) ;
#1177 = AXIS2_PLACEMENT_3D ( 'NONE', #1276, #1105, #938 ) ;
#1178 = ORIENTED_EDGE ( 'NONE', *, *, #928, .T. ) ;
#1179 = CARTESIAN_POINT ( 'NONE',  ( 0.000000000000000000, 0.000000000000000000, -17.99999999999999645 ) ) ;
#1180 = AXIS2_PLACEMENT_3D ( 'NONE', #731, #1280, #70 ) ;
#1181 = VECTOR ( 'NONE', #1209, 999.9999999999998863 ) ;
#1182 = ORIENTED_EDGE ( 'NONE', *, *, #1097, .T. ) ;
#1183 = VECTOR ( 'NONE', #369, 1000.000000000000000 ) ;
#1184 = FACE_OUTER_BOUND ( 'NONE', #883, .T. ) ;
#1185 = LINE ( 'NONE', #816, #1181 ) ;
#1186 = EDGE_CURVE ( 'NONE', #1704, #681, #343, .T. ) ;
#1187 = VECTOR ( 'NONE', #1108, 1000.000000000000114 ) ;
#1188 = AXIS2_PLACEMENT_3D ( 'NONE', #190, #1360, #148 ) ;
#1189 = ORIENTED_EDGE ( 'NONE', *, *, #1144, .T. ) ;
#1190 = FACE_OUTER_BOUND ( 'NONE', #2046, .T. ) ;
#1191 = CARTESIAN_POINT ( 'NONE',  ( 17.79884389200622508, 10.85351758150349077, 4.000000000000000000 ) ) ;
#1192 = CARTESIAN_POINT ( 'NONE',  ( 0.000000000000000000, 0.000000000000000000, 4.000000000000000000 ) ) ;
#1193 = VERTEX_POINT ( 'NONE', #552 ) ;
#1194 = ORIENTED_EDGE ( 'NONE', *, *, #839, .F. ) ;
#1195 = DIRECTION ( 'NONE',  ( -0.000000000000000000, -0.000000000000000000, 1.000000000000000000 ) ) ;
#1196 = ORIENTED_EDGE ( 'NONE', *, *, #461, .F. ) ;
#1197 = DIRECTION ( 'NONE',  ( 1.000000000000000000, 0.000000000000000000, 0.000000000000000000 ) ) ;
#1198 = FACE_BOUND ( 'NONE', #121, .T. ) ;
#1199 = CARTESIAN_POINT ( 'NONE',  ( 0.000000000000000000, 0.000000000000000000, -8.500000000000000000 ) ) ;
#1200 = EDGE_LOOP ( 'NONE', ( #1103, #192 ) ) ;
#1201 = DIRECTION ( 'NONE',  ( 1.000000000000000000, 0.000000000000000000, 0.000000000000000000 ) ) ;
#1202 = CARTESIAN_POINT ( 'NONE',  ( 7.000000000000000000, 0.000000000000000000, 0.000000000000000000 ) ) ;
#1203 = ORIENTED_EDGE ( 'NONE', *, *, #321, .T. ) ;
#1204 = VERTEX_POINT ( 'NONE', #51 ) ;
#1205 = DIRECTION ( 'NONE',  ( -0.000000000000000000, -0.000000000000000000, -1.000000000000000000 ) ) ;
#1206 = ORIENTED_EDGE ( 'NONE', *, *, #150, .F. ) ;
#1207 = CARTESIAN_POINT ( 'NONE',  ( 0.000000000000000000, 0.000000000000000000, -2.000000000000000000 ) ) ;
#1208 = CARTESIAN_POINT ( 'NONE',  ( -1.301042606982599799E-15, 2.253471898105742195E-15, 0.000000000000000000 ) ) ;
#1209 = DIRECTION ( 'NONE',  ( 0.5000000000000068834, 0.8660254037844347108, 0.000000000000000000 ) ) ;
#1210 = VERTEX_POINT ( 'NONE', #1400 ) ;
#1211 = DIRECTION ( 'NONE',  ( -0.000000000000000000, -0.000000000000000000, -1.000000000000000000 ) ) ;
#1212 = DIRECTION ( 'NONE',  ( -1.000000000000000000, 0.000000000000000000, 0.000000000000000000 ) ) ;
#1213 = ADVANCED_FACE ( 'NONE', ( #717, #2069 ), #642, .F. ) ;
#1214 = EDGE_LOOP ( 'NONE', ( #62, #417, #1330, #958 ) ) ;
#1215 = LINE ( 'NONE', #1052, #480 ) ;
#1216 = AXIS2_PLACEMENT_3D ( 'NONE', #1686, #1977, #807 ) ;
#1217 = VECTOR ( 'NONE', #586, 1000.000000000000000 ) ;
#1218 = ORIENTED_EDGE ( 'NONE', *, *, #1379, .T. ) ;
#1219 = CARTESIAN_POINT ( 'NONE',  ( 0.000000000000000000, 0.000000000000000000, -20.99999999999999289 ) ) ;
#1220 = LINE ( 'NONE', #876, #1466 ) ;
#1221 = DIRECTION ( 'NONE',  ( -1.000000000000000000, 0.000000000000000000, 0.000000000000000000 ) ) ;
#1222 = EDGE_CURVE ( 'NONE', #1345, #1653, #1479, .T. ) ;
#1223 = AXIS2_PLACEMENT_3D ( 'NONE', #595, #1272, #1739 ) ;
#1224 = ORIENTED_EDGE ( 'NONE', *, *, #1342, .F. ) ;
#1225 = CARTESIAN_POINT ( 'NONE',  ( -22.87500000000000000, 2.801379553049570458E-15, 0.000000000000000000 ) ) ;
#1226 = DIRECTION ( 'NONE',  ( 1.000000000000000000, -5.204170427930416550E-15, 0.000000000000000000 ) ) ;
#1227 = AXIS2_PLACEMENT_3D ( 'NONE', #1769, #1318, #1949 ) ;
#1228 = DIRECTION ( 'NONE',  ( -1.000000000000000000, 0.000000000000000000, 0.000000000000000000 ) ) ;
#1229 = EDGE_CURVE ( 'NONE', #728, #1691, #456, .T. ) ;
#1230 = VERTEX_POINT ( 'NONE', #1279 ) ;
#1231 = DIRECTION ( 'NONE',  ( 0.000000000000000000, 0.000000000000000000, -1.000000000000000000 ) ) ;
#1232 = DIRECTION ( 'NONE',  ( 1.000000000000000000, 6.938893903907222067E-15, 0.000000000000000000 ) ) ;
#1233 = CARTESIAN_POINT ( 'NONE',  ( 0.000000000000000000, 0.000000000000000000, -21.00000000000000000 ) ) ;
#1234 = EDGE_CURVE ( 'NONE', #139, #1425, #947, .T. ) ;
#1235 = EDGE_CURVE ( 'NONE', #1873, #1307, #956, .T. ) ;
#1236 = LINE ( 'NONE', #396, #1848 ) ;
#1237 = EDGE_LOOP ( 'NONE', ( #467, #1026, #1317, #880 ) ) ;
#1238 = PLANE ( 'NONE',  #282 ) ;
#1239 = CARTESIAN_POINT ( 'NONE',  ( 0.000000000000000000, 0.000000000000000000, -16.00000000000000000 ) ) ;
#1240 = EDGE_CURVE ( 'NONE', #1501, #1704, #279, .T. ) ;
#1241 = DIRECTION ( 'NONE',  ( 1.000000000000000000, 0.000000000000000000, 0.000000000000000000 ) ) ;
#1242 = ORIENTED_EDGE ( 'NONE', *, *, #1697, .T. ) ;
#1243 = CARTESIAN_POINT ( 'NONE',  ( 0.000000000000000000, 0.000000000000000000, 4.000000000000000000 ) ) ;
#1244 = ADVANCED_FACE ( 'NONE', ( #300 ), #1791, .F. ) ;
#1245 = LINE ( 'NONE', #814, #243 ) ;
#1246 = CARTESIAN_POINT ( 'NONE',  ( 0.000000000000000000, 0.000000000000000000, 1.000000000000000000 ) ) ;
#1247 = CARTESIAN_POINT ( 'NONE',  ( -10.85351758150366663, -16.79884389200610784, 4.000000000000000000 ) ) ;
#1248 = VERTEX_POINT ( 'NONE', #1654 ) ;
#1249 = DIRECTION ( 'NONE',  ( -1.000000000000000000, 0.000000000000000000, -0.000000000000000000 ) ) ;
#1250 = CYLINDRICAL_SURFACE ( 'NONE', #755, 7.000000000000000000 ) ;
#1251 = DIRECTION ( 'NONE',  ( 0.8660254037844329345, -0.5000000000000101030, -0.000000000000000000 ) ) ;
#1252 = EDGE_LOOP ( 'NONE', ( #1924, #641, #1906, #852 ) ) ;
#1253 = DIRECTION ( 'NONE',  ( 0.8660254037844328234, -0.5000000000000099920, 0.000000000000000000 ) ) ;
#1254 = CARTESIAN_POINT ( 'NONE',  ( 0.000000000000000000, 0.000000000000000000, -2.000000000000000000 ) ) ;
#1255 = CARTESIAN_POINT ( 'NONE',  ( 0.000000000000000000, 0.000000000000000000, 4.000000000000000000 ) ) ;
#1256 = AXIS2_PLACEMENT_3D ( 'NONE', #1350, #342, #1663 ) ;
#1257 = CARTESIAN_POINT ( 'NONE',  ( 14.26315182559593531, 8.234834546000268318, 0.000000000000000000 ) ) ;
#1258 = PRODUCT_DEFINITION ( 'æœ', '', #1589, #1514 ) ;
#1259 = ADVANCED_FACE ( 'NONE', ( #290 ), #463, .F. ) ;
#1260 = CIRCLE ( 'NONE', #1329, 2.504999999999999893 ) ;
#1261 = AXIS2_PLACEMENT_3D ( 'NONE', #1268, #460, #1284 ) ;
#1262 = VERTEX_POINT ( 'NONE', #2127 ) ;
#1263 = DIRECTION ( 'NONE',  ( 0.000000000000000000, 0.000000000000000000, 1.000000000000000000 ) ) ;
#1264 = CARTESIAN_POINT ( 'NONE',  ( -1.502314598737170667E-15, -8.673617379883841215E-16, 0.000000000000000000 ) ) ;
#1265 = VECTOR ( 'NONE', #637, 1000.000000000000000 ) ;
#1266 = EDGE_CURVE ( 'NONE', #1338, #1869, #1122, .T. ) ;
#1267 = AXIS2_PLACEMENT_3D ( 'NONE', #1443, #602, #2120 ) ;
#1268 = CARTESIAN_POINT ( 'NONE',  ( -13.76315182559580563, 9.100859949784901204, 4.000000000000000000 ) ) ;
#1269 = VECTOR ( 'NONE', #650, 1000.000000000000000 ) ;
#1270 = VERTEX_POINT ( 'NONE', #1130 ) ;
#1271 = CARTESIAN_POINT ( 'NONE',  ( -9.100859949784563696, 13.76315182559602768, 4.000000000000000000 ) ) ;
#1272 = DIRECTION ( 'NONE',  ( -0.000000000000000000, -0.000000000000000000, 1.000000000000000000 ) ) ;
#1273 = DIRECTION ( 'NONE',  ( -0.000000000000000000, -0.000000000000000000, -1.000000000000000000 ) ) ;
#1274 = ORIENTED_EDGE ( 'NONE', *, *, #110, .F. ) ;
#1275 = DIRECTION ( 'NONE',  ( 0.000000000000000000, 0.000000000000000000, 1.000000000000000000 ) ) ;
#1276 = CARTESIAN_POINT ( 'NONE',  ( 0.000000000000000000, 0.000000000000000000, -2.000000000000000000 ) ) ;
#1277 = CARTESIAN_POINT ( 'NONE',  ( -8.100859949784853242, -13.76315182559583761, 4.000000000000000000 ) ) ;
#1278 = VERTEX_POINT ( 'NONE', #438 ) ;
#1279 = CARTESIAN_POINT ( 'NONE',  ( -1.495000000000000107, 1.830846964725293058E-16, -8.500000000000000000 ) ) ;
#1280 = DIRECTION ( 'NONE',  ( -0.000000000000000000, -0.000000000000000000, 1.000000000000000000 ) ) ;
#1281 = ORIENTED_EDGE ( 'NONE', *, *, #1135, .F. ) ;
#1282 = CARTESIAN_POINT ( 'NONE',  ( -9.100859949784853242, -13.76315182559583761, -21.00000000000000000 ) ) ;
#1283 = DIRECTION ( 'NONE',  ( -0.000000000000000000, -0.000000000000000000, -1.000000000000000000 ) ) ;
#1284 = DIRECTION ( 'NONE',  ( 1.000000000000000000, 1.734723475976805517E-15, 0.000000000000000000 ) ) ;
#1285 = VERTEX_POINT ( 'NONE', #119 ) ;
#1286 = DIRECTION ( 'NONE',  ( 0.000000000000000000, -0.000000000000000000, 1.000000000000000000 ) ) ;
#1287 = ORIENTED_EDGE ( 'NONE', *, *, #1312, .F. ) ;
#1288 = CIRCLE ( 'NONE', #1843, 1.000000000000000888 ) ;
#1289 = ORIENTED_EDGE ( 'NONE', *, *, #1932, .F. ) ;
#1290 = DIRECTION ( 'NONE',  ( -0.000000000000000000, -0.000000000000000000, 1.000000000000000000 ) ) ;
#1291 = AXIS2_PLACEMENT_3D ( 'NONE', #1533, #2084, #1414 ) ;
#1292 = CARTESIAN_POINT ( 'NONE',  ( 14.26315182559593353, 8.234834546000268318, 4.000000000000000000 ) ) ;
#1293 = CIRCLE ( 'NONE', #379, 0.9999999999999991118 ) ;
#1294 = DIRECTION ( 'NONE',  ( -0.000000000000000000, -0.000000000000000000, -1.000000000000000000 ) ) ;
#1295 = CIRCLE ( 'NONE', #2110, 7.000000000000000000 ) ;
#1296 = CIRCLE ( 'NONE', #1367, 1.000000000000000888 ) ;
#1297 = ORIENTED_EDGE ( 'NONE', *, *, #1342, .T. ) ;
#1298 = DIRECTION ( 'NONE',  ( -1.000000000000000000, 0.000000000000000000, 0.000000000000000000 ) ) ;
#1299 = VECTOR ( 'NONE', #729, 999.9999999999998863 ) ;
#1300 = DIRECTION ( 'NONE',  ( -3.491481338843133355E-15, 1.000000000000000000, 0.000000000000000000 ) ) ;
#1301 = VERTEX_POINT ( 'NONE', #623 ) ;
#1302 = EDGE_CURVE ( 'NONE', #310, #1310, #1296, .T. ) ;
#1303 = ORIENTED_EDGE ( 'NONE', *, *, #208, .F. ) ;
#1304 = CYLINDRICAL_SURFACE ( 'NONE', #590, 1.000000000000000888 ) ;
#1305 = DIRECTION ( 'NONE',  ( -0.4999999999999887312, 0.8660254037844450359, 0.000000000000000000 ) ) ;
#1306 = CARTESIAN_POINT ( 'NONE',  ( -9.987492177718870323, 17.29884389200632810, 0.000000000000000000 ) ) ;
#1307 = VERTEX_POINT ( 'NONE', #792 ) ;
#1308 = DIRECTION ( 'NONE',  ( 1.000000000000000000, 3.469446951953611033E-15, 0.000000000000000000 ) ) ;
#1309 = DIRECTION ( 'NONE',  ( 0.000000000000000000, 0.000000000000000000, 1.000000000000000000 ) ) ;
#1310 = VERTEX_POINT ( 'NONE', #1460 ) ;
#1311 = EDGE_CURVE ( 'NONE', #1485, #1453, #1153, .T. ) ;
#1312 = EDGE_CURVE ( 'NONE', #442, #1911, #419, .T. ) ;
#1313 = CARTESIAN_POINT ( 'NONE',  ( 13.50500000000000078, 0.000000000000000000, 1.500000000000000000 ) ) ;
#1314 = DIRECTION ( 'NONE',  ( -1.000000000000000000, 0.000000000000000000, 0.000000000000000000 ) ) ;
#1315 = LINE ( 'NONE', #2178, #720 ) ;
#1316 = EDGE_CURVE ( 'NONE', #364, #1307, #1505, .T. ) ;
#1317 = ORIENTED_EDGE ( 'NONE', *, *, #1229, .F. ) ;
#1318 = DIRECTION ( 'NONE',  ( 0.000000000000000000, 0.000000000000000000, 1.000000000000000000 ) ) ;
#1319 = EDGE_LOOP ( 'NONE', ( #1242, #1829, #2185, #1737 ) ) ;
#1320 = CARTESIAN_POINT ( 'NONE',  ( 0.000000000000000000, 0.000000000000000000, -3.099999999999998757 ) ) ;
#1321 = CARTESIAN_POINT ( 'NONE',  ( 0.000000000000000000, 0.000000000000000000, 4.000000000000000000 ) ) ;
#1322 = EDGE_CURVE ( 'NONE', #877, #1606, #314, .T. ) ;
#1323 = EDGE_CURVE ( 'NONE', #1310, #219, #633, .T. ) ;
#1324 = VECTOR ( 'NONE', #286, 1000.000000000000000 ) ;
#1325 = ORIENTED_EDGE ( 'NONE', *, *, #612, .F. ) ;
#1326 = DIRECTION ( 'NONE',  ( 0.000000000000000000, 0.000000000000000000, 1.000000000000000000 ) ) ;
#1327 = EDGE_CURVE ( 'NONE', #776, #139, #341, .T. ) ;
#1328 = DIRECTION ( 'NONE',  ( -1.000000000000000000, 0.000000000000000000, 0.000000000000000000 ) ) ;
#1329 = AXIS2_PLACEMENT_3D ( 'NONE', #1588, #247, #420 ) ;
#1330 = ORIENTED_EDGE ( 'NONE', *, *, #2039, .T. ) ;
#1331 = CIRCLE ( 'NONE', #865, 0.9999999999999991118 ) ;
#1332 = CYLINDRICAL_SURFACE ( 'NONE', #1547, 0.9999999999999991118 ) ;
#1333 = CIRCLE ( 'NONE', #1468, 22.45000000000000284 ) ;
#1334 = ORIENTED_EDGE ( 'NONE', *, *, #819, .F. ) ;
#1335 = CIRCLE ( 'NONE', #870, 0.9999999999999991118 ) ;
#1336 = CARTESIAN_POINT ( 'NONE',  ( 1.495000000000000107, 0.000000000000000000, -8.500000000000000000 ) ) ;
#1337 = PRODUCT_CONTEXT ( 'NONE', #943, 'mechanical' ) ;
#1338 = VERTEX_POINT ( 'NONE', #1779 ) ;
#1339 = CARTESIAN_POINT ( 'NONE',  ( 0.000000000000000000, 0.000000000000000000, -3.099999999999998757 ) ) ;
#1340 = DIRECTION ( 'NONE',  ( -3.491481338843133355E-15, 1.000000000000000000, 0.000000000000000000 ) ) ;
#1341 = ORIENTED_EDGE ( 'NONE', *, *, #534, .F. ) ;
#1342 = EDGE_CURVE ( 'NONE', #1461, #871, #1546, .T. ) ;
#1343 = ORIENTED_EDGE ( 'NONE', *, *, #907, .T. ) ;
#1344 = LINE ( 'NONE', #1513, #1269 ) ;
#1345 = VERTEX_POINT ( 'NONE', #994 ) ;
#1346 = DIRECTION ( 'NONE',  ( 1.000000000000000000, 0.000000000000000000, 0.000000000000000000 ) ) ;
#1347 = FACE_OUTER_BOUND ( 'NONE', #1979, .T. ) ;
#1348 = ORIENTED_EDGE ( 'NONE', *, *, #1266, .T. ) ;
#1349 = LINE ( 'NONE', #1486, #1608 ) ;
#1350 = CARTESIAN_POINT ( 'NONE',  ( 9.100859949784563696, -13.76315182559602768, 4.000000000000000000 ) ) ;
#1351 = EDGE_LOOP ( 'NONE', ( #319, #608, #1363, #1564 ) ) ;
#1352 = CARTESIAN_POINT ( 'NONE',  ( -7.750000000000110134, -13.42339375865873663, 4.000000000000000000 ) ) ;
#1353 = ORIENTED_EDGE ( 'NONE', *, *, #1422, .T. ) ;
#1354 = DIRECTION ( 'NONE',  ( -0.000000000000000000, -0.000000000000000000, -1.000000000000000000 ) ) ;
#1355 = ORIENTED_EDGE ( 'NONE', *, *, #767, .T. ) ;
#1356 = CARTESIAN_POINT ( 'NONE',  ( -9.100859949784563696, 13.76315182559602768, -21.00000000000000000 ) ) ;
#1357 = DIRECTION ( 'NONE',  ( 1.000000000000000000, 0.000000000000000000, 0.000000000000000000 ) ) ;
#1358 = VECTOR ( 'NONE', #1382, 1000.000000000000000 ) ;
#1359 = ORIENTED_EDGE ( 'NONE', *, *, #1302, .T. ) ;
#1360 = DIRECTION ( 'NONE',  ( -0.000000000000000000, -0.000000000000000000, 1.000000000000000000 ) ) ;
#1361 = AXIS2_PLACEMENT_3D ( 'NONE', #1432, #718, #2071 ) ;
#1362 = AXIS2_PLACEMENT_3D ( 'NONE', #1605, #1294, #600 ) ;
#1363 = ORIENTED_EDGE ( 'NONE', *, *, #255, .F. ) ;
#1364 = DIRECTION ( 'NONE',  ( 1.000000000000000000, 0.000000000000000000, 0.000000000000000000 ) ) ;
#1365 = AXIS2_PLACEMENT_3D ( 'NONE', #1207, #313, #1482 ) ;
#1366 = DIRECTION ( 'NONE',  ( 0.000000000000000000, 0.000000000000000000, -1.000000000000000000 ) ) ;
#1367 = AXIS2_PLACEMENT_3D ( 'NONE', #482, #782, #267 ) ;
#1368 = EDGE_CURVE ( 'NONE', #219, #511, #1123, .T. ) ;
#1369 = AXIS2_PLACEMENT_3D ( 'NONE', #1502, #811, #320 ) ;
#1370 = EDGE_LOOP ( 'NONE', ( #2041, #393, #1724, #1112 ) ) ;
#1371 = LINE ( 'NONE', #2042, #2029 ) ;
#1372 = DIRECTION ( 'NONE',  ( 0.8660254037844399289, 0.4999999999999978351, 0.000000000000000000 ) ) ;
#1373 = ORIENTED_EDGE ( 'NONE', *, *, #624, .T. ) ;
#1374 = DIRECTION ( 'NONE',  ( -0.000000000000000000, -0.000000000000000000, 1.000000000000000000 ) ) ;
#1375 = EDGE_CURVE ( 'NONE', #1501, #1193, #1408, .T. ) ;
#1376 = ORIENTED_EDGE ( 'NONE', *, *, #125, .F. ) ;
#1377 = CARTESIAN_POINT ( 'NONE',  ( 8.234834546000120881, -14.26315182559601880, 0.000000000000000000 ) ) ;
#1378 = DIRECTION ( 'NONE',  ( -1.000000000000000000, 0.000000000000000000, 0.000000000000000000 ) ) ;
#1379 = EDGE_CURVE ( 'NONE', #1310, #339, #1344, .T. ) ;
#1380 = ORIENTED_EDGE ( 'NONE', *, *, #1807, .F. ) ;
#1381 = LINE ( 'NONE', #1858, #205 ) ;
#1382 = DIRECTION ( 'NONE',  ( -0.000000000000000000, -0.000000000000000000, 1.000000000000000000 ) ) ;
#1383 = ORIENTED_EDGE ( 'NONE', *, *, #198, .T. ) ;
#1384 = CARTESIAN_POINT ( 'NONE',  ( 9.987492177718872099, -17.29884389200632810, 4.000000000000000000 ) ) ;
#1385 = ADVANCED_FACE ( 'NONE', ( #821 ), #528, .T. ) ;
#1386 = VERTEX_POINT ( 'NONE', #512 ) ;
#1387 = CYLINDRICAL_SURFACE ( 'NONE', #2032, 1.495000000000000107 ) ;
#1388 = DIRECTION ( 'NONE',  ( 0.000000000000000000, -0.000000000000000000, 1.000000000000000000 ) ) ;
#1389 = DIRECTION ( 'NONE',  ( -0.000000000000000000, -0.000000000000000000, -1.000000000000000000 ) ) ;
#1390 = ORIENTED_EDGE ( 'NONE', *, *, #529, .T. ) ;
#1391 = CARTESIAN_POINT ( 'NONE',  ( 0.000000000000000000, 0.000000000000000000, -2.000000000000000000 ) ) ;
#1392 = CARTESIAN_POINT ( 'NONE',  ( -7.000000000000000000, 8.572527594031473190E-16, -3.099999999999998757 ) ) ;
#1393 = ADVANCED_FACE ( 'NONE', ( #159 ), #1332, .F. ) ;
#1394 = ORIENTED_EDGE ( 'NONE', *, *, #2083, .T. ) ;
#1395 = LINE ( 'NONE', #2065, #1816 ) ;
#1396 = ADVANCED_FACE ( 'NONE', ( #1690 ), #1862, .F. ) ;
#1397 = EDGE_CURVE ( 'NONE', #354, #1345, #1473, .T. ) ;
#1398 = AXIS2_PLACEMENT_3D ( 'NONE', #1239, #1532, #1212 ) ;
#1399 = VERTEX_POINT ( 'NONE', #2045 ) ;
#1400 = CARTESIAN_POINT ( 'NONE',  ( -9.987492177719232700, -17.29884389200611849, 4.000000000000000000 ) ) ;
#1401 = CARTESIAN_POINT ( 'NONE',  ( 8.234834546000318056, 14.26315182559589978, 0.000000000000000000 ) ) ;
#1402 = VECTOR ( 'NONE', #3, 1000.000000000000000 ) ;
#1403 = CIRCLE ( 'NONE', #790, 24.50000000000000000 ) ;
#1404 = LINE ( 'NONE', #2074, #2107 ) ;
#1405 = VERTEX_POINT ( 'NONE', #986 ) ;
#1406 = CARTESIAN_POINT ( 'NONE',  ( 0.000000000000000000, 0.000000000000000000, -17.99999999999999645 ) ) ;
#1407 = FACE_OUTER_BOUND ( 'NONE', #244, .T. ) ;
#1408 = CIRCLE ( 'NONE', #1369, 0.9999999999999991118 ) ;
#1409 = EDGE_CURVE ( 'NONE', #1616, #728, #1006, .T. ) ;
#1410 = CARTESIAN_POINT ( 'NONE',  ( -13.42339375865870998, 7.750000000000157208, 4.000000000000000000 ) ) ;
#1411 = ORIENTED_EDGE ( 'NONE', *, *, #1766, .T. ) ;
#1412 = CARTESIAN_POINT ( 'NONE',  ( -8.234834546000119104, 14.26315182559601880, 4.000000000000000000 ) ) ;
#1413 = CYLINDRICAL_SURFACE ( 'NONE', #1785, 0.9999999999999991118 ) ;
#1414 = DIRECTION ( 'NONE',  ( -1.000000000000000000, 0.000000000000000000, 0.000000000000000000 ) ) ;
#1415 = ORIENTED_EDGE ( 'NONE', *, *, #229, .T. ) ;
#1416 = DIRECTION ( 'NONE',  ( 1.000000000000000000, 0.000000000000000000, 0.000000000000000000 ) ) ;
#1417 = DIRECTION ( 'NONE',  ( 0.000000000000000000, -0.000000000000000000, 1.000000000000000000 ) ) ;
#1418 = DIRECTION ( 'NONE',  ( -0.000000000000000000, -0.000000000000000000, 1.000000000000000000 ) ) ;
#1419 = ORIENTED_EDGE ( 'NONE', *, *, #1457, .T. ) ;
#1420 = DIRECTION ( 'NONE',  ( 0.000000000000000000, 0.000000000000000000, 1.000000000000000000 ) ) ;
#1421 = CARTESIAN_POINT ( 'NONE',  ( 8.549292680100650799, -12.92902141192354115, 4.000000000000000000 ) ) ;
#1422 = EDGE_CURVE ( 'NONE', #708, #890, #421, .T. ) ;
#1423 = EDGE_CURVE ( 'NONE', #2033, #921, #1756, .T. ) ;
#1424 = FACE_OUTER_BOUND ( 'NONE', #374, .T. ) ;
#1425 = VERTEX_POINT ( 'NONE', #172 ) ;
#1426 = DIRECTION ( 'NONE',  ( -0.000000000000000000, -0.000000000000000000, 1.000000000000000000 ) ) ;
#1427 = CARTESIAN_POINT ( 'NONE',  ( 7.749999999999827693, -13.42339375865889828, 4.000000000000000000 ) ) ;
#1428 = FACE_OUTER_BOUND ( 'NONE', #1541, .T. ) ;
#1429 = ORIENTED_EDGE ( 'NONE', *, *, #1024, .F. ) ;
#1430 = DIRECTION ( 'NONE',  ( -1.000000000000000000, 0.000000000000000000, 0.000000000000000000 ) ) ;
#1431 = AXIS2_PLACEMENT_3D ( 'NONE', #539, #1418, #707 ) ;
#1432 = CARTESIAN_POINT ( 'NONE',  ( 0.000000000000000000, 0.000000000000000000, -17.99999999999999645 ) ) ;
#1433 = CLOSED_SHELL ( 'NONE', ( #2037, #430, #1154, #1396, #831, #40, #435, #253, #257, #2117, #1857, #597, #1951, #1172, #292, #680, #1557, #134, #582, #2172, #1213, #216, #383, #1528, #363, #1066, #1459, #1385, #1071, #60, #1244, #996, #19, #1793, #672, #882, #1259, #1706, #1441, #2177, #1625, #1669, #724, #540, #1652, #387, #1784, #912, #2010, #2008, #931, #855, #970, #1762, #49, #191, #1524, #1393, #1609, #349, #1872, #984, #223, #989, #1804, #652, #1922, #683, #1981, #857 ) ) ;
#1434 = DIRECTION ( 'NONE',  ( -0.000000000000000000, -0.000000000000000000, 1.000000000000000000 ) ) ;
#1435 = CIRCLE ( 'NONE', #1990, 1.000000000000000888 ) ;
#1436 = EDGE_LOOP ( 'NONE', ( #1953, #649 ) ) ;
#1437 = CYLINDRICAL_SURFACE ( 'NONE', #1120, 15.50000000000000000 ) ;
#1438 = CIRCLE ( 'NONE', #103, 1.000000000000000888 ) ;
#1439 = VECTOR ( 'NONE', #63, 1000.000000000000000 ) ;
#1440 = DIRECTION ( 'NONE',  ( -0.000000000000000000, -0.000000000000000000, 1.000000000000000000 ) ) ;
#1441 = ADVANCED_FACE ( 'NONE', ( #29 ), #504, .F. ) ;
#1442 = EDGE_LOOP ( 'NONE', ( #1822, #291, #783, #1053 ) ) ;
#1443 = CARTESIAN_POINT ( 'NONE',  ( 16.79884389200606876, -10.85351758150372525, 0.000000000000000000 ) ) ;
#1444 = DIRECTION ( 'NONE',  ( 1.000000000000000000, 0.000000000000000000, 0.000000000000000000 ) ) ;
#1445 = ORIENTED_EDGE ( 'NONE', *, *, #1235, .F. ) ;
#1446 = CARTESIAN_POINT ( 'NONE',  ( 4.000000000000000000, 0.000000000000000000, -20.99999999999999289 ) ) ;
#1447 = CARTESIAN_POINT ( 'NONE',  ( 24.50000000000000000, 3.000384657911015469E-15, 4.000000000000000000 ) ) ;
#1448 = EDGE_LOOP ( 'NONE', ( #180, #1152, #614, #823 ) ) ;
#1449 = CARTESIAN_POINT ( 'NONE',  ( 17.63878608660637326, -11.39619346057891214, -21.00000000000000000 ) ) ;
#1450 = VERTEX_POINT ( 'NONE', #682 ) ;
#1451 = DIRECTION ( 'NONE',  ( -0.5000000000000008882, -0.8660254037844381525, 0.000000000000000000 ) ) ;
#1452 = EDGE_LOOP ( 'NONE', ( #2028, #213 ) ) ;
#1453 = VERTEX_POINT ( 'NONE', #853 ) ;
#1454 = CARTESIAN_POINT ( 'NONE',  ( 22.45000000000000284, 0.000000000000000000, 0.000000000000000000 ) ) ;
#1455 = SURFACE_STYLE_FILL_AREA ( #107 ) ;
#1456 = DIRECTION ( 'NONE',  ( 0.000000000000000000, 0.000000000000000000, 1.000000000000000000 ) ) ;
#1457 = EDGE_CURVE ( 'NONE', #1653, #530, #1927, .T. ) ;
#1458 = ORIENTED_EDGE ( 'NONE', *, *, #610, .T. ) ;
#1459 = ADVANCED_FACE ( 'NONE', ( #1170, #1673 ), #1823, .T. ) ;
#1460 = CARTESIAN_POINT ( 'NONE',  ( -14.26315182559599393, -8.234834546000172395, 0.000000000000000000 ) ) ;
#1461 = VERTEX_POINT ( 'NONE', #1838 ) ;
#1462 = VECTOR ( 'NONE', #735, 1000.000000000000000 ) ;
#1463 = EDGE_LOOP ( 'NONE', ( #535, #1445, #1504, #1017 ) ) ;
#1464 = FACE_BOUND ( 'NONE', #1171, .T. ) ;
#1465 = LINE ( 'NONE', #1638, #1217 ) ;
#1466 = VECTOR ( 'NONE', #2082, 1000.000000000000114 ) ;
#1467 = CARTESIAN_POINT ( 'NONE',  ( 24.50000000000000000, 3.000384657911015469E-15, 0.000000000000000000 ) ) ;
#1468 = AXIS2_PLACEMENT_3D ( 'NONE', #1391, #2060, #1708 ) ;
#1469 = EDGE_CURVE ( 'NONE', #1210, #681, #5, .T. ) ;
#1470 = CIRCLE ( 'NONE', #727, 5.000000000000000000 ) ;
#1471 = ORIENTED_EDGE ( 'NONE', *, *, #1999, .T. ) ;
#1472 = DIRECTION ( 'NONE',  ( -0.000000000000000000, -0.000000000000000000, -1.000000000000000000 ) ) ;
#1473 = CIRCLE ( 'NONE', #627, 5.990000000000000213 ) ;
#1474 = ORIENTED_EDGE ( 'NONE', *, *, #749, .F. ) ;
#1475 = FACE_OUTER_BOUND ( 'NONE', #1643, .T. ) ;
#1476 = CARTESIAN_POINT ( 'NONE',  ( 0.000000000000000000, 0.000000000000000000, 4.000000000000000000 ) ) ;
#1477 = CYLINDRICAL_SURFACE ( 'NONE', #653, 0.9999999999999991118 ) ;
#1478 = ORIENTED_EDGE ( 'NONE', *, *, #2092, .F. ) ;
#1479 = LINE ( 'NONE', #1980, #1752 ) ;
#1480 = ORIENTED_EDGE ( 'NONE', *, *, #1011, .F. ) ;
#1481 = EDGE_CURVE ( 'NONE', #1552, #972, #248, .T. ) ;
#1482 = DIRECTION ( 'NONE',  ( -1.000000000000000000, 0.000000000000000000, 0.000000000000000000 ) ) ;
#1483 = EDGE_CURVE ( 'NONE', #2122, #1037, #136, .T. ) ;
#1484 = CARTESIAN_POINT ( 'NONE',  ( 0.000000000000000000, 0.000000000000000000, 0.000000000000000000 ) ) ;
#1485 = VERTEX_POINT ( 'NONE', #1914 ) ;
#1486 = CARTESIAN_POINT ( 'NONE',  ( -8.234834546000417532, -14.26315182559584471, 0.000000000000000000 ) ) ;
#1487 = FACE_OUTER_BOUND ( 'NONE', #401, .T. ) ;
#1488 = ORIENTED_EDGE ( 'NONE', *, *, #1, .F. ) ;
#1489 = DIRECTION ( 'NONE',  ( 0.000000000000000000, 0.000000000000000000, -1.000000000000000000 ) ) ;
#1490 = ORIENTED_EDGE ( 'NONE', *, *, #1714, .F. ) ;
#1491 = CYLINDRICAL_SURFACE ( 'NONE', #1614, 12.25000000000000000 ) ;
#1492 = CARTESIAN_POINT ( 'NONE',  ( -8.549292680100650799, 12.92902141192354115, 0.000000000000000000 ) ) ;
#1493 = DIRECTION ( 'NONE',  ( 0.000000000000000000, 0.000000000000000000, 1.000000000000000000 ) ) ;
#1494 = AXIS2_PLACEMENT_3D ( 'NONE', #1023, #1326, #646 ) ;
#1495 = VECTOR ( 'NONE', #1305, 1000.000000000000114 ) ;
#1496 = DIRECTION ( 'NONE',  ( 1.000000000000000000, 0.000000000000000000, 0.000000000000000000 ) ) ;
#1497 = AXIS2_PLACEMENT_3D ( 'NONE', #2155, #647, #1510 ) ;
#1498 = DIRECTION ( 'NONE',  ( 1.000000000000000000, 0.000000000000000000, 0.000000000000000000 ) ) ;
#1499 = ORIENTED_EDGE ( 'NONE', *, *, #2112, .T. ) ;
#1500 = CIRCLE ( 'NONE', #558, 1.000000000000000888 ) ;
#1501 = VERTEX_POINT ( 'NONE', #1553 ) ;
#1502 = CARTESIAN_POINT ( 'NONE',  ( -9.100859949784853242, -13.76315182559583761, 0.000000000000000000 ) ) ;
#1503 = VECTOR ( 'NONE', #1113, 1000.000000000000000 ) ;
#1504 = ORIENTED_EDGE ( 'NONE', *, *, #1999, .F. ) ;
#1505 = CIRCLE ( 'NONE', #976, 15.50000000000000000 ) ;
#1506 = CARTESIAN_POINT ( 'NONE',  ( 0.000000000000000000, 0.000000000000000000, 1.000000000000000000 ) ) ;
#1507 = PLANE ( 'NONE',  #835 ) ;
#1508 = VERTEX_POINT ( 'NONE', #400 ) ;
#1509 = FACE_OUTER_BOUND ( 'NONE', #737, .T. ) ;
#1510 = DIRECTION ( 'NONE',  ( 1.000000000000000000, 0.000000000000000000, 0.000000000000000000 ) ) ;
#1511 = ORIENTED_EDGE ( 'NONE', *, *, #57, .T. ) ;
#1512 = VERTEX_POINT ( 'NONE', #746 ) ;
#1513 = CARTESIAN_POINT ( 'NONE',  ( -14.26315182559599215, -8.234834546000170619, 4.000000000000000000 ) ) ;
#1514 = PRODUCT_DEFINITION_CONTEXT ( 'detailed design', #1832, 'design' ) ;
#1515 = ORIENTED_EDGE ( 'NONE', *, *, #1657, .T. ) ;
#1516 = ORIENTED_EDGE ( 'NONE', *, *, #930, .F. ) ;
#1517 = DIRECTION ( 'NONE',  ( 0.000000000000000000, 0.000000000000000000, -1.000000000000000000 ) ) ;
#1518 = EDGE_LOOP ( 'NONE', ( #670, #896 ) ) ;
#1519 = CARTESIAN_POINT ( 'NONE',  ( -13.42339375865886986, -7.749999999999873879, -21.00000000000000000 ) ) ;
#1520 = CARTESIAN_POINT ( 'NONE',  ( 8.234834546000318056, 14.26315182559589978, 0.000000000000000000 ) ) ;
#1521 = EDGE_LOOP ( 'NONE', ( #1810, #1515, #993, #779, #1790, #264, #256, #1786, #716 ) ) ;
#1522 = EDGE_LOOP ( 'NONE', ( #2079, #1051, #1529, #1146, #1864, #95, #990, #278, #1946 ) ) ;
#1523 = CARTESIAN_POINT ( 'NONE',  ( 0.000000000000000000, 0.000000000000000000, -3.099999999999998757 ) ) ;
#1524 = ADVANCED_FACE ( 'NONE', ( #218 ), #1070, .F. ) ;
#1525 = ORIENTED_EDGE ( 'NONE', *, *, #1714, .T. ) ;
#1526 = LINE ( 'NONE', #1718, #793 ) ;
#1527 = DIRECTION ( 'NONE',  ( 0.8660254037844398178, 0.4999999999999977796, -0.000000000000000000 ) ) ;
#1528 = ADVANCED_FACE ( 'NONE', ( #75 ), #59, .F. ) ;
#1529 = ORIENTED_EDGE ( 'NONE', *, *, #466, .F. ) ;
#1530 = DIRECTION ( 'NONE',  ( -0.8660254037844451469, -0.4999999999999887867, 0.000000000000000000 ) ) ;
#1531 = AXIS2_PLACEMENT_3D ( 'NONE', #1001, #1147, #2153 ) ;
#1532 = DIRECTION ( 'NONE',  ( -0.000000000000000000, -0.000000000000000000, 1.000000000000000000 ) ) ;
#1533 = CARTESIAN_POINT ( 'NONE',  ( 0.000000000000000000, 0.000000000000000000, -3.099999999999998757 ) ) ;
#1534 = VECTOR ( 'NONE', #1372, 999.9999999999998863 ) ;
#1535 = ORIENTED_EDGE ( 'NONE', *, *, #69, .F. ) ;
#1536 = DIRECTION ( 'NONE',  ( -1.000000000000000000, 0.000000000000000000, 0.000000000000000000 ) ) ;
#1537 = CIRCLE ( 'NONE', #1043, 15.50000000000000000 ) ;
#1538 = EDGE_CURVE ( 'NONE', #721, #2090, #1331, .T. ) ;
#1539 = AXIS2_PLACEMENT_3D ( 'NONE', #151, #815, #497 ) ;
#1540 = AXIS2_PLACEMENT_3D ( 'NONE', #254, #914, #715 ) ;
#1541 = EDGE_LOOP ( 'NONE', ( #663, #573, #845, #1419 ) ) ;
#1542 = DIRECTION ( 'NONE',  ( -0.4999999999999887312, 0.8660254037844451469, 0.000000000000000000 ) ) ;
#1543 = CIRCLE ( 'NONE', #520, 22.87500000000000000 ) ;
#1544 = FACE_BOUND ( 'NONE', #1917, .T. ) ;
#1545 = FACE_OUTER_BOUND ( 'NONE', #1753, .T. ) ;
#1546 = CIRCLE ( 'NONE', #1821, 22.45000000000000284 ) ;
#1547 = AXIS2_PLACEMENT_3D ( 'NONE', #355, #1195, #1018 ) ;
#1548 = VERTEX_POINT ( 'NONE', #560 ) ;
#1549 = DIRECTION ( 'NONE',  ( -1.000000000000000000, 0.000000000000000000, -0.000000000000000000 ) ) ;
#1550 = CARTESIAN_POINT ( 'NONE',  ( 14.26315182559581629, -8.234834546000469047, 0.000000000000000000 ) ) ;
#1551 = EDGE_CURVE ( 'NONE', #230, #1508, #413, .T. ) ;
#1552 = VERTEX_POINT ( 'NONE', #736 ) ;
#1553 = CARTESIAN_POINT ( 'NONE',  ( -8.100859949784853242, -13.76315182559583761, 0.000000000000000000 ) ) ;
#1554 = ORIENTED_EDGE ( 'NONE', *, *, #1988, .T. ) ;
#1555 = CARTESIAN_POINT ( 'NONE',  ( -9.100859949784853242, -13.76315182559583761, 4.000000000000000000 ) ) ;
#1556 = CARTESIAN_POINT ( 'NONE',  ( -8.100859949784565472, 13.76315182559602768, 0.000000000000000000 ) ) ;
#1557 = ADVANCED_FACE ( 'NONE', ( #1428 ), #881, .T. ) ;
#1558 = EDGE_CURVE ( 'NONE', #1109, #380, #241, .T. ) ;
#1559 = ORIENTED_EDGE ( 'NONE', *, *, #296, .F. ) ;
#1560 = DIRECTION ( 'NONE',  ( -0.000000000000000000, -0.000000000000000000, 1.000000000000000000 ) ) ;
#1561 = CYLINDRICAL_SURFACE ( 'NONE', #309, 4.000000000000000000 ) ;
#1562 = EDGE_LOOP ( 'NONE', ( #481, #1415, #1635, #206 ) ) ;
#1563 = DIRECTION ( 'NONE',  ( -1.000000000000000000, 0.000000000000000000, 0.000000000000000000 ) ) ;
#1564 = ORIENTED_EDGE ( 'NONE', *, *, #863, .F. ) ;
#1565 = LINE ( 'NONE', #1899, #1439 ) ;
#1566 = CYLINDRICAL_SURFACE ( 'NONE', #2026, 21.00000000000000355 ) ;
#1567 = LINE ( 'NONE', #2108, #1954 ) ;
#1568 = ORIENTED_EDGE ( 'NONE', *, *, #273, .T. ) ;
#1569 = CARTESIAN_POINT ( 'NONE',  ( 5.000000000000000000, 0.000000000000000000, -16.00000000000000000 ) ) ;
#1570 = DIRECTION ( 'NONE',  ( -0.000000000000000000, -0.000000000000000000, -1.000000000000000000 ) ) ;
#1571 = DIRECTION ( 'NONE',  ( -0.000000000000000000, 0.000000000000000000, -1.000000000000000000 ) ) ;
#1572 = PRESENTATION_LAYER_ASSIGNMENT (  '', '', ( #1075 ) ) ;
#1573 = CIRCLE ( 'NONE', #1986, 0.9999999999999991118 ) ;
#1574 = EDGE_LOOP ( 'NONE', ( #1658, #2147, #336, #965 ) ) ;
#1575 = DIRECTION ( 'NONE',  ( -0.000000000000000000, -0.000000000000000000, 1.000000000000000000 ) ) ;
#1576 = DIRECTION ( 'NONE',  ( 0.000000000000000000, 0.000000000000000000, 1.000000000000000000 ) ) ;
#1577 = DIRECTION ( 'NONE',  ( 0.000000000000000000, 0.000000000000000000, -1.000000000000000000 ) ) ;
#1578 = AXIS2_PLACEMENT_3D ( 'NONE', #1255, #67, #918 ) ;
#1579 = AXIS2_PLACEMENT_3D ( 'NONE', #1865, #489, #1041 ) ;
#1580 = DIRECTION ( 'NONE',  ( 1.000000000000000000, -8.673617379884043361E-15, 0.000000000000000000 ) ) ;
#1581 = CIRCLE ( 'NONE', #827, 15.50000000000000000 ) ;
#1582 = VERTEX_POINT ( 'NONE', #48 ) ;
#1583 = CYLINDRICAL_SURFACE ( 'NONE', #312, 1.000000000000000888 ) ;
#1584 = LINE ( 'NONE', #546, #1534 ) ;
#1585 = CYLINDRICAL_SURFACE ( 'NONE', #1540, 1.000000000000000888 ) ;
#1586 = ORIENTED_EDGE ( 'NONE', *, *, #1469, .T. ) ;
#1587 = DIRECTION ( 'NONE',  ( -1.000000000000000000, 0.000000000000000000, 0.000000000000000000 ) ) ;
#1588 = CARTESIAN_POINT ( 'NONE',  ( 0.000000000000000000, 0.000000000000000000, -20.99999999999999289 ) ) ;
#1589 = PRODUCT_DEFINITION_FORMATION_WITH_SPECIFIED_SOURCE ( 'ä»', '', #1844, .NOT_KNOWN. ) ;
#1590 = CARTESIAN_POINT ( 'NONE',  ( 0.000000000000000000, 0.000000000000000000, -2.000000000000000000 ) ) ;
#1591 = ORIENTED_EDGE ( 'NONE', *, *, #1910, .F. ) ;
#1592 = CARTESIAN_POINT ( 'NONE',  ( -8.549292680100922581, -12.92902141192336174, -21.00000000000000000 ) ) ;
#1593 = DIRECTION ( 'NONE',  ( 0.000000000000000000, 0.000000000000000000, 1.000000000000000000 ) ) ;
#1594 = CARTESIAN_POINT ( 'NONE',  ( 12.92902141192333332, -8.549292680100968767, 0.000000000000000000 ) ) ;
#1595 = ORIENTED_EDGE ( 'NONE', *, *, #1024, .T. ) ;
#1596 = CARTESIAN_POINT ( 'NONE',  ( -4.336808689942104511E-16, -7.511572993685745852E-16, 0.000000000000000000 ) ) ;
#1597 = EDGE_CURVE ( 'NONE', #1137, #1689, #2109, .T. ) ;
#1598 = CYLINDRICAL_SURFACE ( 'NONE', #1223, 4.000000000000000000 ) ;
#1599 = CYLINDRICAL_SURFACE ( 'NONE', #337, 24.50000000000000000 ) ;
#1600 = CARTESIAN_POINT ( 'NONE',  ( -17.29884389200629613, -9.987492177718932496, 0.000000000000000000 ) ) ;
#1601 = ORIENTED_EDGE ( 'NONE', *, *, #226, .T. ) ;
#1602 = DIRECTION ( 'NONE',  ( -1.000000000000000000, 0.000000000000000000, 0.000000000000000000 ) ) ;
#1603 = EDGE_CURVE ( 'NONE', #354, #530, #366, .T. ) ;
#1604 = ORIENTED_EDGE ( 'NONE', *, *, #455, .F. ) ;
#1605 = CARTESIAN_POINT ( 'NONE',  ( 0.000000000000000000, 0.000000000000000000, 0.000000000000000000 ) ) ;
#1606 = VERTEX_POINT ( 'NONE', #1384 ) ;
#1607 = DIRECTION ( 'NONE',  ( 1.000000000000000000, 1.734723475976808672E-15, 0.000000000000000000 ) ) ;
#1608 = VECTOR ( 'NONE', #477, 1000.000000000000000 ) ;
#1609 = ADVANCED_FACE ( 'NONE', ( #1736 ), #1585, .F. ) ;
#1610 = FACE_OUTER_BOUND ( 'NONE', #1370, .T. ) ;
#1611 = AXIS2_PLACEMENT_3D ( 'NONE', #340, #178, #840 ) ;
#1612 = AXIS2_PLACEMENT_3D ( 'NONE', #331, #1002, #841 ) ;
#1613 = CYLINDRICAL_SURFACE ( 'NONE', #942, 5.000000000000000000 ) ;
#1614 = AXIS2_PLACEMENT_3D ( 'NONE', #1506, #18, #8 ) ;
#1615 = VECTOR ( 'NONE', #969, 1000.000000000000000 ) ;
#1616 = VERTEX_POINT ( 'NONE', #1594 ) ;
#1617 = CARTESIAN_POINT ( 'NONE',  ( 0.000000000000000000, 0.000000000000000000, -21.00000000000000000 ) ) ;
#1618 = LINE ( 'NONE', #1264, #1495 ) ;
#1619 = AXIS2_PLACEMENT_3D ( 'NONE', #939, #545, #868 ) ;
#1620 = FACE_OUTER_BOUND ( 'NONE', #1150, .T. ) ;
#1621 = EDGE_CURVE ( 'NONE', #284, #1301, #589, .T. ) ;
#1622 = ORIENTED_EDGE ( 'NONE', *, *, #913, .T. ) ;
#1623 = DIRECTION ( 'NONE',  ( 0.8660254037844451469, 0.4999999999999887867, 0.000000000000000000 ) ) ;
#1624 = ORIENTED_EDGE ( 'NONE', *, *, #920, .F. ) ;
#1625 = ADVANCED_FACE ( 'NONE', ( #1712 ), #207, .F. ) ;
#1626 = VERTEX_POINT ( 'NONE', #1897 ) ;
#1627 = DIRECTION ( 'NONE',  ( 0.000000000000000000, 0.000000000000000000, -1.000000000000000000 ) ) ;
#1628 = CARTESIAN_POINT ( 'NONE',  ( -8.234834546000419309, -14.26315182559585004, 0.000000000000000000 ) ) ;
#1629 = EDGE_CURVE ( 'NONE', #1301, #38, #1215, .T. ) ;
#1630 = EDGE_CURVE ( 'NONE', #1851, #293, #1395, .T. ) ;
#1631 = DIRECTION ( 'NONE',  ( 0.000000000000000000, 0.000000000000000000, 1.000000000000000000 ) ) ;
#1632 = ORIENTED_EDGE ( 'NONE', *, *, #1483, .F. ) ;
#1633 = DIRECTION ( 'NONE',  ( -0.000000000000000000, -0.000000000000000000, 1.000000000000000000 ) ) ;
#1634 = EDGE_CURVE ( 'NONE', #1582, #1262, #1709, .T. ) ;
#1635 = ORIENTED_EDGE ( 'NONE', *, *, #358, .F. ) ;
#1636 = EDGE_LOOP ( 'NONE', ( #1429, #2156, #1098, #842 ) ) ;
#1637 = PLANE ( 'NONE',  #825 ) ;
#1638 = CARTESIAN_POINT ( 'NONE',  ( 17.63878608660653313, 11.39619346057866700, -21.00000000000000000 ) ) ;
#1639 = EDGE_CURVE ( 'NONE', #565, #521, #933, .T. ) ;
#1640 = DIRECTION ( 'NONE',  ( 1.000000000000000000, 0.000000000000000000, 0.000000000000000000 ) ) ;
#1641 = ORIENTED_EDGE ( 'NONE', *, *, #745, .T. ) ;
#1642 = DIRECTION ( 'NONE',  ( -0.000000000000000000, -0.000000000000000000, -1.000000000000000000 ) ) ;
#1643 = EDGE_LOOP ( 'NONE', ( #76, #2023, #1773, #592 ) ) ;
#1644 = CIRCLE ( 'NONE', #968, 0.9999999999999991118 ) ;
#1645 = ORIENTED_EDGE ( 'NONE', *, *, #1841, .T. ) ;
#1646 = FACE_OUTER_BOUND ( 'NONE', #1636, .T. ) ;
#1647 = AXIS2_PLACEMENT_3D ( 'NONE', #234, #1078, #850 ) ;
#1648 = VECTOR ( 'NONE', #186, 1000.000000000000000 ) ;
#1649 = DIRECTION ( 'NONE',  ( 1.000000000000000000, 0.000000000000000000, 0.000000000000000000 ) ) ;
#1650 = AXIS2_PLACEMENT_3D ( 'NONE', #2123, #1627, #606 ) ;
#1651 = AXIS2_PLACEMENT_3D ( 'NONE', #686, #2034, #1197 ) ;
#1652 = ADVANCED_FACE ( 'NONE', ( #1620 ), #1106, .F. ) ;
#1653 = VERTEX_POINT ( 'NONE', #2101 ) ;
#1654 = CARTESIAN_POINT ( 'NONE',  ( 11.39619346057872740, 17.63878608660649761, 0.000000000000000000 ) ) ;
#1655 = VECTOR ( 'NONE', #1027, 1000.000000000000000 ) ;
#1656 = CYLINDRICAL_SURFACE ( 'NONE', #98, 1.000000000000000888 ) ;
#1657 = EDGE_CURVE ( 'NONE', #293, #380, #689, .T. ) ;
#1658 = ORIENTED_EDGE ( 'NONE', *, *, #995, .F. ) ;
#1659 = CARTESIAN_POINT ( 'NONE',  ( 17.29884389200622152, 9.987492177719049735, 0.000000000000000000 ) ) ;
#1660 = LINE ( 'NONE', #1987, #410 ) ;
#1661 = AXIS2_PLACEMENT_3D ( 'NONE', #1484, #165, #519 ) ;
#1662 = DIRECTION ( 'NONE',  ( 0.000000000000000000, 0.000000000000000000, 1.000000000000000000 ) ) ;
#1663 = DIRECTION ( 'NONE',  ( 1.000000000000000000, -1.734723475976808672E-15, 0.000000000000000000 ) ) ;
#1664 = ORIENTED_EDGE ( 'NONE', *, *, #2019, .T. ) ;
#1665 = DIRECTION ( 'NONE',  ( 1.000000000000000000, 0.000000000000000000, 0.000000000000000000 ) ) ;
#1666 = VERTEX_POINT ( 'NONE', #609 ) ;
#1667 = ORIENTED_EDGE ( 'NONE', *, *, #1915, .T. ) ;
#1668 = LINE ( 'NONE', #991, #1648 ) ;
#1669 = ADVANCED_FACE ( 'NONE', ( #587 ), #137, .F. ) ;
#1670 = DIRECTION ( 'NONE',  ( 0.000000000000000000, 0.000000000000000000, 1.000000000000000000 ) ) ;
#1671 = ORIENTED_EDGE ( 'NONE', *, *, #1634, .T. ) ;
#1672 = ORIENTED_EDGE ( 'NONE', *, *, #771, .F. ) ;
#1673 = FACE_OUTER_BOUND ( 'NONE', #453, .T. ) ;
#1674 = FACE_OUTER_BOUND ( 'NONE', #171, .T. ) ;
#1675 = AXIS2_PLACEMENT_3D ( 'NONE', #1590, #908, #596 ) ;
#1676 = ORIENTED_EDGE ( 'NONE', *, *, #498, .T. ) ;
#1677 = DIRECTION ( 'NONE',  ( 1.000000000000000000, 0.000000000000000000, -0.000000000000000000 ) ) ;
#1678 = AXIS2_PLACEMENT_3D ( 'NONE', #1167, #1835, #818 ) ;
#1679 = CARTESIAN_POINT ( 'NONE',  ( -16.79884389200606876, 10.85351758150372525, 0.000000000000000000 ) ) ;
#1680 = ORIENTED_EDGE ( 'NONE', *, *, #2058, .F. ) ;
#1681 = DIRECTION ( 'NONE',  ( -1.000000000000000000, 0.000000000000000000, 0.000000000000000000 ) ) ;
#1682 = ORIENTED_EDGE ( 'NONE', *, *, #1697, .F. ) ;
#1683 = VECTOR ( 'NONE', #1542, 1000.000000000000227 ) ;
#1684 = CARTESIAN_POINT ( 'NONE',  ( 8.549292680100831987, 12.92902141192342391, 0.000000000000000000 ) ) ;
#1685 = ORIENTED_EDGE ( 'NONE', *, *, #1639, .F. ) ;
#1686 = CARTESIAN_POINT ( 'NONE',  ( 0.000000000000000000, 0.000000000000000000, -16.00000000000000000 ) ) ;
#1687 = EDGE_CURVE ( 'NONE', #521, #721, #124, .T. ) ;
#1688 = DIRECTION ( 'NONE',  ( -0.000000000000000000, -0.000000000000000000, -1.000000000000000000 ) ) ;
#1689 = VERTEX_POINT ( 'NONE', #1467 ) ;
#1690 = FACE_OUTER_BOUND ( 'NONE', #1214, .T. ) ;
#1691 = VERTEX_POINT ( 'NONE', #446 ) ;
#1692 = ORIENTED_EDGE ( 'NONE', *, *, #1162, .T. ) ;
#1693 = DIRECTION ( 'NONE',  ( -0.000000000000000000, 0.000000000000000000, -1.000000000000000000 ) ) ;
#1694 = DIRECTION ( 'NONE',  ( 1.000000000000000000, 0.000000000000000000, 0.000000000000000000 ) ) ;
#1695 = VERTEX_POINT ( 'NONE', #426 ) ;
#1696 = DIRECTION ( 'NONE',  ( 0.000000000000000000, 0.000000000000000000, 1.000000000000000000 ) ) ;
#1697 = EDGE_CURVE ( 'NONE', #131, #1911, #1776, .T. ) ;
#1698 = FACE_OUTER_BOUND ( 'NONE', #1081, .T. ) ;
#1699 = EDGE_CURVE ( 'NONE', #2033, #915, #1767, .T. ) ;
#1700 = FACE_OUTER_BOUND ( 'NONE', #548, .T. ) ;
#1701 = ORIENTED_EDGE ( 'NONE', *, *, #1687, .F. ) ;
#1702 = VERTEX_POINT ( 'NONE', #925 ) ;
#1703 = DIRECTION ( 'NONE',  ( 0.8660254037844398178, 0.4999999999999977796, 0.000000000000000000 ) ) ;
#1704 = VERTEX_POINT ( 'NONE', #1277 ) ;
#1705 = PLANE ( 'NONE',  #1959 ) ;
#1706 = ADVANCED_FACE ( 'NONE', ( #470 ), #1937, .F. ) ;
#1707 = ORIENTED_EDGE ( 'NONE', *, *, #701, .F. ) ;
#1708 = DIRECTION ( 'NONE',  ( -1.000000000000000000, 0.000000000000000000, 0.000000000000000000 ) ) ;
#1709 = CIRCLE ( 'NONE', #25, 13.50500000000000078 ) ;
#1710 = DIRECTION ( 'NONE',  ( -0.000000000000000000, -0.000000000000000000, 1.000000000000000000 ) ) ;
#1711 = ORIENTED_EDGE ( 'NONE', *, *, #1621, .F. ) ;
#1712 = FACE_OUTER_BOUND ( 'NONE', #449, .T. ) ;
#1713 = CIRCLE ( 'NONE', #199, 4.000000000000000000 ) ;
#1714 = EDGE_CURVE ( 'NONE', #1285, #781, #941, .T. ) ;
#1715 = CIRCLE ( 'NONE', #2173, 1.000000000000000888 ) ;
#1716 = CIRCLE ( 'NONE', #102, 5.990000000000000213 ) ;
#1717 = ORIENTED_EDGE ( 'NONE', *, *, #2159, .F. ) ;
#1718 = CARTESIAN_POINT ( 'NONE',  ( -8.549292680100650799, 12.92902141192354115, -21.00000000000000000 ) ) ;
#1719 = CIRCLE ( 'NONE', #168, 1.495000000000000107 ) ;
#1720 = DIRECTION ( 'NONE',  ( -0.000000000000000000, -0.000000000000000000, -1.000000000000000000 ) ) ;
#1721 = DIRECTION ( 'NONE',  ( 0.000000000000000000, 0.000000000000000000, -1.000000000000000000 ) ) ;
#1722 = EDGE_CURVE ( 'NONE', #781, #654, #1080, .T. ) ;
#1723 = VECTOR ( 'NONE', #1633, 1000.000000000000000 ) ;
#1724 = ORIENTED_EDGE ( 'NONE', *, *, #1322, .F. ) ;
#1725 = DIRECTION ( 'NONE',  ( 0.000000000000000000, 0.000000000000000000, -1.000000000000000000 ) ) ;
#1726 = DIRECTION ( 'NONE',  ( -0.000000000000000000, -0.000000000000000000, -1.000000000000000000 ) ) ;
#1727 = ORIENTED_EDGE ( 'NONE', *, *, #1099, .F. ) ;
#1728 = DIRECTION ( 'NONE',  ( -0.000000000000000000, -0.000000000000000000, -1.000000000000000000 ) ) ;
#1729 = VERTEX_POINT ( 'NONE', #1789 ) ;
#1730 = DIRECTION ( 'NONE',  ( -1.000000000000000000, 0.000000000000000000, 0.000000000000000000 ) ) ;
#1731 = LINE ( 'NONE', #403, #1183 ) ;
#1732 = CYLINDRICAL_SURFACE ( 'NONE', #203, 22.87500000000000000 ) ;
#1733 = ORIENTED_EDGE ( 'NONE', *, *, #550, .F. ) ;
#1734 = LINE ( 'NONE', #22, #2140 ) ;
#1735 = CARTESIAN_POINT ( 'NONE',  ( 0.000000000000000000, 0.000000000000000000, -20.19999999999999574 ) ) ;
#1736 = FACE_OUTER_BOUND ( 'NONE', #1837, .T. ) ;
#1737 = ORIENTED_EDGE ( 'NONE', *, *, #2159, .T. ) ;
#1738 = LINE ( 'NONE', #1596, #1299 ) ;
#1739 = DIRECTION ( 'NONE',  ( 1.000000000000000000, 0.000000000000000000, 0.000000000000000000 ) ) ;
#1740 = CARTESIAN_POINT ( 'NONE',  ( 0.000000000000000000, 0.000000000000000000, 4.000000000000000000 ) ) ;
#1741 = VERTEX_POINT ( 'NONE', #117 ) ;
#1742 = PLANE ( 'NONE',  #338 ) ;
#1743 = CARTESIAN_POINT ( 'NONE',  ( 16.79884389200606876, -10.85351758150372525, 4.000000000000000000 ) ) ;
#1744 = CARTESIAN_POINT ( 'NONE',  ( 0.000000000000000000, 0.000000000000000000, -3.099999999999998757 ) ) ;
#1745 = VERTEX_POINT ( 'NONE', #1306 ) ;
#1746 = DIRECTION ( 'NONE',  ( -0.000000000000000000, -0.000000000000000000, -1.000000000000000000 ) ) ;
#1747 = CARTESIAN_POINT ( 'NONE',  ( -8.234834546000120881, 14.26315182559601880, 0.000000000000000000 ) ) ;
#1748 = FACE_OUTER_BOUND ( 'NONE', #189, .T. ) ;
#1749 = CIRCLE ( 'NONE', #971, 2.504999999999999893 ) ;
#1750 = CIRCLE ( 'NONE', #1650, 4.000000000000000000 ) ;
#1751 = PLANE ( 'NONE',  #1675 ) ;
#1752 = VECTOR ( 'NONE', #112, 1000.000000000000000 ) ;
#1753 = EDGE_LOOP ( 'NONE', ( #303, #963, #266, #1160 ) ) ;
#1754 = DIRECTION ( 'NONE',  ( -0.000000000000000000, -0.000000000000000000, 1.000000000000000000 ) ) ;
#1755 = DIRECTION ( 'NONE',  ( 1.000000000000000000, 0.000000000000000000, 0.000000000000000000 ) ) ;
#1756 = CIRCLE ( 'NONE', #1856, 7.000000000000000000 ) ;
#1757 = DIRECTION ( 'NONE',  ( 1.000000000000000000, 0.000000000000000000, 0.000000000000000000 ) ) ;
#1758 = EDGE_CURVE ( 'NONE', #1869, #1512, #1435, .T. ) ;
#1759 = ORIENTED_EDGE ( 'NONE', *, *, #2017, .T. ) ;
#1760 = CARTESIAN_POINT ( 'NONE',  ( -13.42339375865870998, 7.750000000000157208, -21.00000000000000000 ) ) ;
#1761 = DIRECTION ( 'NONE',  ( -0.8660254037844329345, 0.5000000000000101030, 0.000000000000000000 ) ) ;
#1762 = ADVANCED_FACE ( 'NONE', ( #2146 ), #275, .F. ) ;
#1763 = DIRECTION ( 'NONE',  ( 0.000000000000000000, 0.000000000000000000, -1.000000000000000000 ) ) ;
#1764 = ORIENTED_EDGE ( 'NONE', *, *, #2092, .T. ) ;
#1765 = DIRECTION ( 'NONE',  ( -0.000000000000000000, -0.000000000000000000, 1.000000000000000000 ) ) ;
#1766 = EDGE_CURVE ( 'NONE', #987, #776, #780, .T. ) ;
#1767 = LINE ( 'NONE', #619, #761 ) ;
#1768 = VERTEX_POINT ( 'NONE', #758 ) ;
#1769 = CARTESIAN_POINT ( 'NONE',  ( 0.000000000000000000, 0.000000000000000000, 0.000000000000000000 ) ) ;
#1770 = DIRECTION ( 'NONE',  ( -0.000000000000000000, -0.000000000000000000, 1.000000000000000000 ) ) ;
#1771 = DIRECTION ( 'NONE',  ( -0.000000000000000000, -0.000000000000000000, -1.000000000000000000 ) ) ;
#1772 = EDGE_CURVE ( 'NONE', #1702, #775, #415, .T. ) ;
#1773 = ORIENTED_EDGE ( 'NONE', *, *, #352, .F. ) ;
#1774 = CARTESIAN_POINT ( 'NONE',  ( 0.000000000000000000, 0.000000000000000000, 0.000000000000000000 ) ) ;
#1775 = CARTESIAN_POINT ( 'NONE',  ( 8.549292680100650799, -12.92902141192354115, 0.000000000000000000 ) ) ;
#1776 = LINE ( 'NONE', #306, #1110 ) ;
#1777 = CYLINDRICAL_SURFACE ( 'NONE', #164, 1.000000000000000888 ) ;
#1778 = ORIENTED_EDGE ( 'NONE', *, *, #407, .F. ) ;
#1779 = CARTESIAN_POINT ( 'NONE',  ( 17.79884389200622508, 10.85351758150349077, 0.000000000000000000 ) ) ;
#1780 = AXIS2_PLACEMENT_3D ( 'NONE', #2054, #872, #549 ) ;
#1781 = EDGE_CURVE ( 'NONE', #1386, #1745, #1668, .T. ) ;
#1782 = CIRCLE ( 'NONE', #1611, 21.00000000000000355 ) ;
#1783 = ORIENTED_EDGE ( 'NONE', *, *, #759, .F. ) ;
#1784 = ADVANCED_FACE ( 'NONE', ( #2 ), #501, .F. ) ;
#1785 = AXIS2_PLACEMENT_3D ( 'NONE', #1919, #1388, #2057 ) ;
#1786 = ORIENTED_EDGE ( 'NONE', *, *, #1065, .T. ) ;
#1787 = DIRECTION ( 'NONE',  ( 0.000000000000000000, -0.000000000000000000, 1.000000000000000000 ) ) ;
#1788 = AXIS2_PLACEMENT_3D ( 'NONE', #967, #347, #542 ) ;
#1789 = CARTESIAN_POINT ( 'NONE',  ( 4.000000000000000000, 0.000000000000000000, -20.99999999999999289 ) ) ;
#1790 = ORIENTED_EDGE ( 'NONE', *, *, #1841, .F. ) ;
#1791 = PLANE ( 'NONE',  #795 ) ;
#1792 = ORIENTED_EDGE ( 'NONE', *, *, #1423, .T. ) ;
#1793 = ADVANCED_FACE ( 'NONE', ( #1509 ), #509, .F. ) ;
#1794 = ORIENTED_EDGE ( 'NONE', *, *, #1940, .F. ) ;
#1795 = CARTESIAN_POINT ( 'NONE',  ( 13.76315182559580563, -9.100859949784901204, -21.00000000000000000 ) ) ;
#1796 = DIRECTION ( 'NONE',  ( 0.000000000000000000, 0.000000000000000000, 1.000000000000000000 ) ) ;
#1797 = DIRECTION ( 'NONE',  ( -0.000000000000000000, -0.000000000000000000, 1.000000000000000000 ) ) ;
#1798 = ORIENTED_EDGE ( 'NONE', *, *, #229, .F. ) ;
#1799 = CARTESIAN_POINT ( 'NONE',  ( 9.100859949784755543, 13.76315182559589978, 4.000000000000000000 ) ) ;
#1800 = DIRECTION ( 'NONE',  ( 1.000000000000000000, 0.000000000000000000, 0.000000000000000000 ) ) ;
#1801 = ORIENTED_EDGE ( 'NONE', *, *, #87, .T. ) ;
#1802 = ORIENTED_EDGE ( 'NONE', *, *, #138, .T. ) ;
#1803 = CARTESIAN_POINT ( 'NONE',  ( -17.63878608660661129, -11.39619346057854266, 4.000000000000000000 ) ) ;
#1804 = ADVANCED_FACE ( 'NONE', ( #2162, #659 ), #523, .T. ) ;
#1805 = EDGE_CURVE ( 'NONE', #877, #987, #274, .T. ) ;
#1806 = DIRECTION ( 'NONE',  ( 1.000000000000000000, 0.000000000000000000, 0.000000000000000000 ) ) ;
#1807 = EDGE_CURVE ( 'NONE', #1345, #354, #1716, .T. ) ;
#1808 = EDGE_LOOP ( 'NONE', ( #1341, #12, #34, #1067 ) ) ;
#1809 = DIRECTION ( 'NONE',  ( 1.000000000000000000, -3.469446951953611033E-15, 0.000000000000000000 ) ) ;
#1810 = ORIENTED_EDGE ( 'NONE', *, *, #913, .F. ) ;
#1811 = CIRCLE ( 'NONE', #378, 0.9999999999999991118 ) ;
#1812 = CIRCLE ( 'NONE', #858, 2.504999999999999893 ) ;
#1813 = CARTESIAN_POINT ( 'NONE',  ( -16.79884389200629968, -10.85351758150337531, -21.00000000000000000 ) ) ;
#1814 = AXIS2_PLACEMENT_3D ( 'NONE', #1679, #146, #2013 ) ;
#1815 = VECTOR ( 'NONE', #1577, 1000.000000000000000 ) ;
#1816 = VECTOR ( 'NONE', #1059, 1000.000000000000000 ) ;
#1817 = VERTEX_POINT ( 'NONE', #1015 ) ;
#1818 = DIRECTION ( 'NONE',  ( 0.000000000000000000, 0.000000000000000000, 1.000000000000000000 ) ) ;
#1819 = VECTOR ( 'NONE', #1878, 1000.000000000000000 ) ;
#1820 = CARTESIAN_POINT ( 'NONE',  ( 13.76315182559580563, -9.100859949784901204, 0.000000000000000000 ) ) ;
#1821 = AXIS2_PLACEMENT_3D ( 'NONE', #472, #2031, #671 ) ;
#1822 = ORIENTED_EDGE ( 'NONE', *, *, #1316, .F. ) ;
#1823 = PLANE ( 'NONE',  #903 ) ;
#1824 = EDGE_LOOP ( 'NONE', ( #1846, #1019, #1622, #1178 ) ) ;
#1825 = CARTESIAN_POINT ( 'NONE',  ( 17.63878608660637326, -11.39619346057891214, 4.000000000000000000 ) ) ;
#1826 = EDGE_CURVE ( 'NONE', #2138, #1501, #1811, .T. ) ;
#1827 = DIRECTION ( 'NONE',  ( -0.000000000000000000, -0.000000000000000000, 1.000000000000000000 ) ) ;
#1828 = CARTESIAN_POINT ( 'NONE',  ( 1.502314598737170667E-15, 8.673617379883841215E-16, 0.000000000000000000 ) ) ;
#1829 = ORIENTED_EDGE ( 'NONE', *, *, #441, .T. ) ;
#1830 = DIRECTION ( 'NONE',  ( 0.000000000000000000, 0.000000000000000000, 1.000000000000000000 ) ) ;
#1831 = FACE_BOUND ( 'NONE', #747, .T. ) ;
#1832 = APPLICATION_CONTEXT ( 'automotive_design' ) ;
#1833 = ORIENTED_EDGE ( 'NONE', *, *, #950, .F. ) ;
#1834 = FACE_OUTER_BOUND ( 'NONE', #1200, .T. ) ;
#1835 = DIRECTION ( 'NONE',  ( -0.000000000000000000, -0.000000000000000000, 1.000000000000000000 ) ) ;
#1836 = ORIENTED_EDGE ( 'NONE', *, *, #759, .T. ) ;
#1837 = EDGE_LOOP ( 'NONE', ( #4, #1991, #1833, #541 ) ) ;
#1838 = CARTESIAN_POINT ( 'NONE',  ( -22.45000000000000284, 2.749332064085808099E-15, 0.000000000000000000 ) ) ;
#1839 = VERTEX_POINT ( 'NONE', #145 ) ;
#1840 = EDGE_CURVE ( 'NONE', #681, #2138, #1349, .T. ) ;
#1841 = EDGE_CURVE ( 'NONE', #583, #1548, #648, .T. ) ;
#1842 = DIRECTION ( 'NONE',  ( -0.000000000000000000, -0.000000000000000000, -1.000000000000000000 ) ) ;
#1843 = AXIS2_PLACEMENT_3D ( 'NONE', #1115, #1283, #770 ) ;
#1844 = PRODUCT ( '\X2\7535673a8f9351fa76d8\X0\v1.0', '\X2\7535673a8f9351fa76d8\X0\v1.0', '', ( #1337 ) ) ;
#1845 = AXIS2_PLACEMENT_3D ( 'NONE', #809, #1670, #156 ) ;
#1846 = ORIENTED_EDGE ( 'NONE', *, *, #828, .F. ) ;
#1847 = DIRECTION ( 'NONE',  ( 1.000000000000000000, 0.000000000000000000, 0.000000000000000000 ) ) ;
#1848 = VECTOR ( 'NONE', #1064, 1000.000000000000000 ) ;
#1849 = CARTESIAN_POINT ( 'NONE',  ( 12.25000000000000000, 0.000000000000000000, 1.000000000000000000 ) ) ;
#1850 = AXIS2_PLACEMENT_3D ( 'NONE', #1944, #1765, #952 ) ;
#1851 = VERTEX_POINT ( 'NONE', #11 ) ;
#1852 = CARTESIAN_POINT ( 'NONE',  ( -16.79884389200629968, -10.85351758150337531, 0.000000000000000000 ) ) ;
#1853 = EDGE_CURVE ( 'NONE', #1338, #1060, #1888, .T. ) ;
#1854 = AXIS2_PLACEMENT_3D ( 'NONE', #1852, #662, #1665 ) ;
#1855 = ORIENTED_EDGE ( 'NONE', *, *, #828, .T. ) ;
#1856 = AXIS2_PLACEMENT_3D ( 'NONE', #1523, #14, #834 ) ;
#1857 = ADVANCED_FACE ( 'NONE', ( #1698 ), #679, .T. ) ;
#1858 = CARTESIAN_POINT ( 'NONE',  ( -14.26315182559581629, 8.234834546000469047, 0.000000000000000000 ) ) ;
#1859 = DIRECTION ( 'NONE',  ( 1.000000000000000000, 0.000000000000000000, 0.000000000000000000 ) ) ;
#1860 = DIRECTION ( 'NONE',  ( -0.000000000000000000, -0.000000000000000000, 1.000000000000000000 ) ) ;
#1861 = EDGE_LOOP ( 'NONE', ( #1798, #829, #632, #1224 ) ) ;
#1862 = CYLINDRICAL_SURFACE ( 'NONE', #1188, 12.25000000000000000 ) ;
#1863 = EDGE_LOOP ( 'NONE', ( #859, #1499, #41, #388 ) ) ;
#1864 = ORIENTED_EDGE ( 'NONE', *, *, #89, .T. ) ;
#1865 = CARTESIAN_POINT ( 'NONE',  ( 0.000000000000000000, 0.000000000000000000, 4.000000000000000000 ) ) ;
#1866 = FACE_BOUND ( 'NONE', #1030, .T. ) ;
#1867 = DIRECTION ( 'NONE',  ( 0.000000000000000000, 0.000000000000000000, 1.000000000000000000 ) ) ;
#1868 = ADVANCED_BREP_SHAPE_REPRESENTATION ( '\X2\7535673a8f9351fa76d8\X0\v1.0', ( #2038, #1661 ), #733 ) ;
#1869 = VERTEX_POINT ( 'NONE', #1191 ) ;
#1870 = CARTESIAN_POINT ( 'NONE',  ( 0.000000000000000000, 0.000000000000000000, -20.99999999999999645 ) ) ;
#1871 = CARTESIAN_POINT ( 'NONE',  ( 0.000000000000000000, 0.000000000000000000, -20.19999999999999574 ) ) ;
#1872 = ADVANCED_FACE ( 'NONE', ( #830, #1834 ), #817, .T. ) ;
#1873 = VERTEX_POINT ( 'NONE', #2012 ) ;
#1874 = ORIENTED_EDGE ( 'NONE', *, *, #1311, .F. ) ;
#1875 = DIRECTION ( 'NONE',  ( 0.000000000000000000, 0.000000000000000000, -1.000000000000000000 ) ) ;
#1876 = EDGE_CURVE ( 'NONE', #1666, #287, #580, .T. ) ;
#1877 = ORIENTED_EDGE ( 'NONE', *, *, #2164, .F. ) ;
#1878 = DIRECTION ( 'NONE',  ( 0.000000000000000000, 0.000000000000000000, -1.000000000000000000 ) ) ;
#1879 = VERTEX_POINT ( 'NONE', #324 ) ;
#1880 = CARTESIAN_POINT ( 'NONE',  ( 11.39619346057872740, 17.63878608660649761, 4.000000000000000000 ) ) ;
#1881 = AXIS2_PLACEMENT_3D ( 'NONE', #1476, #1175, #1496 ) ;
#1882 = CARTESIAN_POINT ( 'NONE',  ( 0.000000000000000000, 0.000000000000000000, -20.99999999999999289 ) ) ;
#1883 = CIRCLE ( 'NONE', #2063, 12.25000000000000000 ) ;
#1884 = ORIENTED_EDGE ( 'NONE', *, *, #739, .F. ) ;
#1885 = DIRECTION ( 'NONE',  ( 0.000000000000000000, 0.000000000000000000, 1.000000000000000000 ) ) ;
#1886 = AXIS2_PLACEMENT_3D ( 'NONE', #1192, #2003, #1340 ) ;
#1887 = VECTOR ( 'NONE', #579, 1000.000000000000000 ) ;
#1888 = CIRCLE ( 'NONE', #1494, 1.000000000000000888 ) ;
#1889 = EDGE_LOOP ( 'NONE', ( #326, #611 ) ) ;
#1890 = DIRECTION ( 'NONE',  ( 1.000000000000000000, 0.000000000000000000, 0.000000000000000000 ) ) ;
#1891 = VECTOR ( 'NONE', #201, 1000.000000000000000 ) ;
#1892 = DIRECTION ( 'NONE',  ( 0.000000000000000000, 0.000000000000000000, 1.000000000000000000 ) ) ;
#1893 = VECTOR ( 'NONE', #1020, 1000.000000000000000 ) ;
#1894 = ORIENTED_EDGE ( 'NONE', *, *, #529, .F. ) ;
#1895 = CARTESIAN_POINT ( 'NONE',  ( -11.39619346057848048, 17.63878608660665748, -21.00000000000000000 ) ) ;
#1896 = FACE_OUTER_BOUND ( 'NONE', #2161, .T. ) ;
#1897 = CARTESIAN_POINT ( 'NONE',  ( -13.50500000000000078, 1.653885502248500653E-15, 4.000000000000000000 ) ) ;
#1898 = EDGE_LOOP ( 'NONE', ( #200, #322 ) ) ;
#1899 = CARTESIAN_POINT ( 'NONE',  ( 17.29884389200608297, -9.987492177719293096, 4.000000000000000000 ) ) ;
#1900 = LINE ( 'NONE', #2094, #1887 ) ;
#1901 = LINE ( 'NONE', #440, #130 ) ;
#1902 = ORIENTED_EDGE ( 'NONE', *, *, #1316, .T. ) ;
#1903 = CARTESIAN_POINT ( 'NONE',  ( 12.25000000000000000, 0.000000000000000000, 1.000000000000000000 ) ) ;
#1904 = CARTESIAN_POINT ( 'NONE',  ( 0.000000000000000000, 0.000000000000000000, 1.500000000000000000 ) ) ;
#1905 = CARTESIAN_POINT ( 'NONE',  ( 0.000000000000000000, 0.000000000000000000, 0.000000000000000000 ) ) ;
#1906 = ORIENTED_EDGE ( 'NONE', *, *, #1140, .T. ) ;
#1907 = FACE_OUTER_BOUND ( 'NONE', #1808, .T. ) ;
#1908 = DIRECTION ( 'NONE',  ( -0.000000000000000000, -0.000000000000000000, 1.000000000000000000 ) ) ;
#1909 = CARTESIAN_POINT ( 'NONE',  ( 13.76315182559593531, 9.100859949784709357, 0.000000000000000000 ) ) ;
#1910 = EDGE_CURVE ( 'NONE', #1450, #674, #1782, .T. ) ;
#1911 = VERTEX_POINT ( 'NONE', #1992 ) ;
#1912 = CARTESIAN_POINT ( 'NONE',  ( 11.39619346057847871, -17.63878608660665392, 4.000000000000000000 ) ) ;
#1913 = CARTESIAN_POINT ( 'NONE',  ( -12.25000000000000000, 1.500192328955507734E-15, 1.000000000000000000 ) ) ;
#1914 = CARTESIAN_POINT ( 'NONE',  ( -22.45000000000000284, 2.749332064085808099E-15, -2.000000000000000000 ) ) ;
#1915 = EDGE_CURVE ( 'NONE', #1204, #1109, #493, .T. ) ;
#1916 = CIRCLE ( 'NONE', #1256, 0.9999999999999991118 ) ;
#1917 = EDGE_LOOP ( 'NONE', ( #2011, #2165, #773, #867, #2044, #873, #2059, #1168, #1383 ) ) ;
#1918 = CARTESIAN_POINT ( 'NONE',  ( 0.000000000000000000, 0.000000000000000000, -3.099999999999998757 ) ) ;
#1919 = CARTESIAN_POINT ( 'NONE',  ( -9.100859949784853242, -13.76315182559583761, -21.00000000000000000 ) ) ;
#1920 = AXIS2_PLACEMENT_3D ( 'NONE', #1356, #639, #1859 ) ;
#1921 = LINE ( 'NONE', #1092, #2137 ) ;
#1922 = ADVANCED_FACE ( 'NONE', ( #2062 ), #1561, .T. ) ;
#1923 = AXIS2_PLACEMENT_3D ( 'NONE', #1219, #220, #578 ) ;
#1924 = ORIENTED_EDGE ( 'NONE', *, *, #1807, .T. ) ;
#1925 = DIRECTION ( 'NONE',  ( 0.000000000000000000, 0.000000000000000000, -1.000000000000000000 ) ) ;
#1926 = CARTESIAN_POINT ( 'NONE',  ( 24.50000000000000000, 3.000384657911015469E-15, 4.000000000000000000 ) ) ;
#1927 = CIRCLE ( 'NONE', #2145, 5.990000000000000213 ) ;
#1928 = DIRECTION ( 'NONE',  ( 1.000000000000000000, 0.000000000000000000, 0.000000000000000000 ) ) ;
#1929 = ORIENTED_EDGE ( 'NONE', *, *, #669, .F. ) ;
#1930 = DIRECTION ( 'NONE',  ( 1.000000000000000000, 0.000000000000000000, 0.000000000000000000 ) ) ;
#1931 = LINE ( 'NONE', #1401, #1815 ) ;
#1932 = EDGE_CURVE ( 'NONE', #622, #1512, #1584, .T. ) ;
#1933 = CARTESIAN_POINT ( 'NONE',  ( 0.000000000000000000, 0.000000000000000000, 1.500000000000000000 ) ) ;
#1934 = ORIENTED_EDGE ( 'NONE', *, *, #636, .F. ) ;
#1935 = DIRECTION ( 'NONE',  ( 1.000000000000000000, 0.000000000000000000, 0.000000000000000000 ) ) ;
#1936 =( LENGTH_UNIT ( ) NAMED_UNIT ( * ) SI_UNIT ( .MILLI., .METRE. ) );
#1937 = CYLINDRICAL_SURFACE ( 'NONE', #751, 21.00000000000000355 ) ;
#1938 = EDGE_CURVE ( 'NONE', #1741, #1425, #554, .T. ) ;
#1939 = EDGE_LOOP ( 'NONE', ( #1274, #365 ) ) ;
#1940 = EDGE_CURVE ( 'NONE', #972, #708, #238, .T. ) ;
#1941 = DIRECTION ( 'NONE',  ( -0.000000000000000000, -0.000000000000000000, -1.000000000000000000 ) ) ;
#1942 = CARTESIAN_POINT ( 'NONE',  ( -9.100859949784853242, -13.76315182559583761, 4.000000000000000000 ) ) ;
#1943 = EDGE_LOOP ( 'NONE', ( #44, #1641, #706, #1667 ) ) ;
#1944 = CARTESIAN_POINT ( 'NONE',  ( 16.79884389200622152, 10.85351758150349077, -21.00000000000000000 ) ) ;
#1945 = DIRECTION ( 'NONE',  ( 0.000000000000000000, 0.000000000000000000, 1.000000000000000000 ) ) ;
#1946 = ORIENTED_EDGE ( 'NONE', *, *, #144, .T. ) ;
#1947 = CARTESIAN_POINT ( 'NONE',  ( 0.000000000000000000, 0.000000000000000000, -21.00000000000000000 ) ) ;
#1948 = ORIENTED_EDGE ( 'NONE', *, *, #1327, .F. ) ;
#1949 = DIRECTION ( 'NONE',  ( 1.000000000000000000, 0.000000000000000000, -0.000000000000000000 ) ) ;
#1950 = AXIS2_PLACEMENT_3D ( 'NONE', #1095, #786, #1127 ) ;
#1951 = ADVANCED_FACE ( 'NONE', ( #2043 ), #1250, .T. ) ;
#1952 = VECTOR ( 'NONE', #422, 1000.000000000000000 ) ;
#1953 = ORIENTED_EDGE ( 'NONE', *, *, #1099, .T. ) ;
#1954 = VECTOR ( 'NONE', #1091, 1000.000000000000000 ) ;
#1955 = AXIS2_PLACEMENT_3D ( 'NONE', #1199, #676, #1694 ) ;
#1956 = ORIENTED_EDGE ( 'NONE', *, *, #1457, .F. ) ;
#1957 = CARTESIAN_POINT ( 'NONE',  ( 0.000000000000000000, 0.000000000000000000, -2.000000000000000000 ) ) ;
#1958 = AXIS2_PLACEMENT_3D ( 'NONE', #1870, #375, #566 ) ;
#1959 = AXIS2_PLACEMENT_3D ( 'NONE', #2047, #797, #142 ) ;
#1960 = DIRECTION ( 'NONE',  ( -0.5000000000000009992, -0.8660254037844381525, 0.000000000000000000 ) ) ;
#1961 = VERTEX_POINT ( 'NONE', #898 ) ;
#1962 = CARTESIAN_POINT ( 'NONE',  ( 17.79884389200622508, 10.85351758150349077, -21.00000000000000000 ) ) ;
#1963 = CARTESIAN_POINT ( 'NONE',  ( -24.50000000000000000, 0.000000000000000000, 4.000000000000000000 ) ) ;
#1964 = EDGE_LOOP ( 'NONE', ( #1206, #966, #949, #569 ) ) ;
#1965 = EDGE_CURVE ( 'NONE', #915, #2004, #937, .T. ) ;
#1966 = ORIENTED_EDGE ( 'NONE', *, *, #150, .T. ) ;
#1967 = CARTESIAN_POINT ( 'NONE',  ( 5.000000000000000000, 0.000000000000000000, -17.99999999999999645 ) ) ;
#1968 = DIRECTION ( 'NONE',  ( 0.000000000000000000, 0.000000000000000000, 1.000000000000000000 ) ) ;
#1969 = DIRECTION ( 'NONE',  ( 0.5000000000000068834, 0.8660254037844345998, 0.000000000000000000 ) ) ;
#1970 = ORIENTED_EDGE ( 'NONE', *, *, #15, .F. ) ;
#1971 = CARTESIAN_POINT ( 'NONE',  ( 8.673617379883891505E-16, -1.502314598737167314E-15, 0.000000000000000000 ) ) ;
#1972 = CARTESIAN_POINT ( 'NONE',  ( -2.504999999999999893, 0.000000000000000000, -20.99999999999999289 ) ) ;
#1973 = ORIENTED_EDGE ( 'NONE', *, *, #547, .F. ) ;
#1974 = LINE ( 'NONE', #644, #1265 ) ;
#1975 =( NAMED_UNIT ( * ) SI_UNIT ( $, .STERADIAN. ) SOLID_ANGLE_UNIT ( ) );
#1976 = EDGE_CURVE ( 'NONE', #1691, #1695, #537, .T. ) ;
#1977 = DIRECTION ( 'NONE',  ( 0.000000000000000000, 0.000000000000000000, -1.000000000000000000 ) ) ;
#1978 = DIRECTION ( 'NONE',  ( 1.000000000000000000, 0.000000000000000000, 0.000000000000000000 ) ) ;
#1979 = EDGE_LOOP ( 'NONE', ( #904, #691 ) ) ;
#1980 = CARTESIAN_POINT ( 'NONE',  ( -5.990000000000000213, 0.000000000000000000, -3.099999999999998757 ) ) ;
#1981 = ADVANCED_FACE ( 'NONE', ( #1049 ), #723, .F. ) ;
#1982 = ORIENTED_EDGE ( 'NONE', *, *, #808, .T. ) ;
#1983 = AXIS2_PLACEMENT_3D ( 'NONE', #96, #954, #772 ) ;
#1984 = COLOUR_RGB ( '',0.7921568627450980005, 0.8196078431372548767, 0.9333333333333333481 ) ;
#1985 = CARTESIAN_POINT ( 'NONE',  ( 16.79884389200606876, -10.85351758150372525, -21.00000000000000000 ) ) ;
#1986 = AXIS2_PLACEMENT_3D ( 'NONE', #439, #1309, #802 ) ;
#1987 = CARTESIAN_POINT ( 'NONE',  ( 9.987492177719110131, 17.29884389200618600, 4.000000000000000000 ) ) ;
#1988 = EDGE_CURVE ( 'NONE', #126, #38, #1812, .T. ) ;
#1989 = AXIS2_PLACEMENT_3D ( 'NONE', #571, #1892, #553 ) ;
#1990 = AXIS2_PLACEMENT_3D ( 'NONE', #436, #962, #1649 ) ;
#1991 = ORIENTED_EDGE ( 'NONE', *, *, #2083, .F. ) ;
#1992 = CARTESIAN_POINT ( 'NONE',  ( 8.234834546000318056, 14.26315182559589978, 4.000000000000000000 ) ) ;
#1993 = AXIS2_PLACEMENT_3D ( 'NONE', #616, #2130, #910 ) ;
#1994 = CARTESIAN_POINT ( 'NONE',  ( -17.63878608660661484, -11.39619346057854443, -21.00000000000000000 ) ) ;
#1995 = VECTOR ( 'NONE', #801, 1000.000000000000000 ) ;
#1996 = EDGE_LOOP ( 'NONE', ( #1511, #13, #544, #1801 ) ) ;
#1997 = CARTESIAN_POINT ( 'NONE',  ( 13.42339375865881657, 7.749999999999968026, -21.00000000000000000 ) ) ;
#1998 = ORIENTED_EDGE ( 'NONE', *, *, #669, .T. ) ;
#1999 = EDGE_CURVE ( 'NONE', #622, #1873, #1644, .T. ) ;
#2000 = FACE_BOUND ( 'NONE', #1522, .T. ) ;
#2001 = ORIENTED_EDGE ( 'NONE', *, *, #1140, .F. ) ;
#2002 = DIRECTION ( 'NONE',  ( 0.000000000000000000, 0.000000000000000000, -1.000000000000000000 ) ) ;
#2003 = DIRECTION ( 'NONE',  ( 0.000000000000000000, 0.000000000000000000, 1.000000000000000000 ) ) ;
#2004 = VERTEX_POINT ( 'NONE', #1202 ) ;
#2005 = EDGE_CURVE ( 'NONE', #210, #775, #36, .T. ) ;
#2006 = ORIENTED_EDGE ( 'NONE', *, *, #1065, .F. ) ;
#2007 = DIRECTION ( 'NONE',  ( -1.000000000000000000, 0.000000000000000000, 0.000000000000000000 ) ) ;
#2008 = ADVANCED_FACE ( 'NONE', ( #1407 ), #2052, .F. ) ;
#2009 = EDGE_LOOP ( 'NONE', ( #698, #1874 ) ) ;
#2010 = ADVANCED_FACE ( 'NONE', ( #2077 ), #713, .F. ) ;
#2011 = ORIENTED_EDGE ( 'NONE', *, *, #771, .T. ) ;
#2012 = CARTESIAN_POINT ( 'NONE',  ( 12.92902141192345233, 8.549292680100785802, 4.000000000000000000 ) ) ;
#2013 = DIRECTION ( 'NONE',  ( 1.000000000000000000, 0.000000000000000000, 0.000000000000000000 ) ) ;
#2014 = EDGE_LOOP ( 'NONE', ( #696, #1458, #344, #1794 ) ) ;
#2015 = DIRECTION ( 'NONE',  ( 0.5000000000000069944, 0.8660254037844345998, 0.000000000000000000 ) ) ;
#2016 = UNCERTAINTY_MEASURE_WITH_UNIT (LENGTH_MEASURE( 1.000000000000000082E-05 ), #1936, 'distance_accuracy_value', 'NONE');
#2017 = EDGE_CURVE ( 'NONE', #890, #708, #618, .T. ) ;
#2018 = ORIENTED_EDGE ( 'NONE', *, *, #1965, .T. ) ;
#2019 = EDGE_CURVE ( 'NONE', #131, #674, #55, .T. ) ;
#2020 = CARTESIAN_POINT ( 'NONE',  ( 0.000000000000000000, 0.000000000000000000, 0.000000000000000000 ) ) ;
#2021 = CYLINDRICAL_SURFACE ( 'NONE', #688, 15.50000000000000000 ) ;
#2022 = AXIS2_PLACEMENT_3D ( 'NONE', #116, #1796, #295 ) ;
#2023 = ORIENTED_EDGE ( 'NONE', *, *, #1097, .F. ) ;
#2024 = FACE_BOUND ( 'NONE', #1939, .T. ) ;
#2025 = DIRECTION ( 'NONE',  ( 0.000000000000000000, 0.000000000000000000, 1.000000000000000000 ) ) ;
#2026 = AXIS2_PLACEMENT_3D ( 'NONE', #1233, #1062, #892 ) ;
#2027 = DIRECTION ( 'NONE',  ( 1.000000000000000000, 0.000000000000000000, 0.000000000000000000 ) ) ;
#2028 = ORIENTED_EDGE ( 'NONE', *, *, #767, .F. ) ;
#2029 = VECTOR ( 'NONE', #536, 1000.000000000000000 ) ;
#2030 = ORIENTED_EDGE ( 'NONE', *, *, #1597, .T. ) ;
#2031 = DIRECTION ( 'NONE',  ( 0.000000000000000000, 0.000000000000000000, -1.000000000000000000 ) ) ;
#2032 = AXIS2_PLACEMENT_3D ( 'NONE', #258, #748, #1100 ) ;
#2033 = VERTEX_POINT ( 'NONE', #1392 ) ;
#2034 = DIRECTION ( 'NONE',  ( 0.000000000000000000, 0.000000000000000000, 1.000000000000000000 ) ) ;
#2035 = AXIS2_PLACEMENT_3D ( 'NONE', #1179, #2089, #568 ) ;
#2036 = DIRECTION ( 'NONE',  ( 1.000000000000000000, 0.000000000000000000, 0.000000000000000000 ) ) ;
#2037 = ADVANCED_FACE ( 'NONE', ( #1896 ), #1058, .F. ) ;
#2038 = MANIFOLD_SOLID_BREP ( '\X2\52079664\X0\-\X2\62c94f38\X0\10', #1433 ) ;
#2039 = EDGE_CURVE ( 'NONE', #775, #1702, #1883, .T. ) ;
#2040 = EDGE_CURVE ( 'NONE', #1060, #1248, #483, .T. ) ;
#2041 = ORIENTED_EDGE ( 'NONE', *, *, #198, .F. ) ;
#2042 = CARTESIAN_POINT ( 'NONE',  ( -8.234834546000119104, 14.26315182559601880, 4.000000000000000000 ) ) ;
#2043 = FACE_OUTER_BOUND ( 'NONE', #473, .T. ) ;
#2044 = ORIENTED_EDGE ( 'NONE', *, *, #74, .T. ) ;
#2045 = CARTESIAN_POINT ( 'NONE',  ( -4.000000000000000000, 4.898587196589412829E-16, -17.99999999999999645 ) ) ;
#2046 = EDGE_LOOP ( 'NONE', ( #485, #1727, #47, #299 ) ) ;
#2047 = CARTESIAN_POINT ( 'NONE',  ( 0.000000000000000000, 0.000000000000000000, -8.500000000000000000 ) ) ;
#2048 = CARTESIAN_POINT ( 'NONE',  ( -10.85351758150366663, -16.79884389200610784, 0.000000000000000000 ) ) ;
#2049 = LINE ( 'NONE', #1336, #101 ) ;
#2050 = ORIENTED_EDGE ( 'NONE', *, *, #1144, .F. ) ;
#2051 = CARTESIAN_POINT ( 'NONE',  ( -10.85351758150331491, 16.79884389200633876, -21.00000000000000000 ) ) ;
#2052 = CYLINDRICAL_SURFACE ( 'NONE', #2135, 1.000000000000000888 ) ;
#2053 = ORIENTED_EDGE ( 'NONE', *, *, #624, .F. ) ;
#2054 = CARTESIAN_POINT ( 'NONE',  ( 13.42339375865870998, -7.750000000000157208, -21.00000000000000000 ) ) ;
#2055 = ORIENTED_EDGE ( 'NONE', *, *, #1063, .F. ) ;
#2056 = DIRECTION ( 'NONE',  ( 1.000000000000000000, 0.000000000000000000, 0.000000000000000000 ) ) ;
#2057 = DIRECTION ( 'NONE',  ( 1.000000000000000000, 0.000000000000000000, 0.000000000000000000 ) ) ;
#2058 = EDGE_CURVE ( 'NONE', #605, #1745, #1618, .T. ) ;
#2059 = ORIENTED_EDGE ( 'NONE', *, *, #1483, .T. ) ;
#2060 = DIRECTION ( 'NONE',  ( 0.000000000000000000, 0.000000000000000000, -1.000000000000000000 ) ) ;
#2061 = VECTOR ( 'NONE', #39, 1000.000000000000000 ) ;
#2062 = FACE_OUTER_BOUND ( 'NONE', #1574, .T. ) ;
#2063 = AXIS2_PLACEMENT_3D ( 'NONE', #1904, #252, #953 ) ;
#2064 = ORIENTED_EDGE ( 'NONE', *, *, #2081, .F. ) ;
#2065 = CARTESIAN_POINT ( 'NONE',  ( -12.92902141192333509, 8.549292680100968767, -21.00000000000000000 ) ) ;
#2066 = CIRCLE ( 'NONE', #620, 1.000000000000000888 ) ;
#2067 = CIRCLE ( 'NONE', #1149, 15.50000000000000000 ) ;
#2068 = ORIENTED_EDGE ( 'NONE', *, *, #1323, .T. ) ;
#2069 = FACE_OUTER_BOUND ( 'NONE', #843, .T. ) ;
#2070 = AXIS2_PLACEMENT_3D ( 'NONE', #1795, #754, #2115 ) ;
#2071 = DIRECTION ( 'NONE',  ( -1.000000000000000000, 0.000000000000000000, 0.000000000000000000 ) ) ;
#2072 = FACE_OUTER_BOUND ( 'NONE', #141, .T. ) ;
#2073 = AXIS2_PLACEMENT_3D ( 'NONE', #774, #308, #1451 ) ;
#2074 = CARTESIAN_POINT ( 'NONE',  ( 2.504999999999999893, 3.067740231864119524E-16, -20.19999999999999574 ) ) ;
#2075 = ORIENTED_EDGE ( 'NONE', *, *, #301, .T. ) ;
#2076 = LINE ( 'NONE', #1895, #64 ) ;
#2077 = FACE_OUTER_BOUND ( 'NONE', #1351, .T. ) ;
#2078 = CARTESIAN_POINT ( 'NONE',  ( 9.100859949784563696, -13.76315182559602768, 0.000000000000000000 ) ) ;
#2079 = ORIENTED_EDGE ( 'NONE', *, *, #301, .F. ) ;
#2080 = CARTESIAN_POINT ( 'NONE',  ( -17.29884389200608297, 9.987492177719294872, 4.000000000000000000 ) ) ;
#2081 = EDGE_CURVE ( 'NONE', #2141, #1689, #617, .T. ) ;
#2082 = DIRECTION ( 'NONE',  ( -0.8660254037844433705, -0.4999999999999917843, 0.000000000000000000 ) ) ;
#2083 = EDGE_CURVE ( 'NONE', #1270, #1338, #1114, .T. ) ;
#2084 = DIRECTION ( 'NONE',  ( 0.000000000000000000, 0.000000000000000000, -1.000000000000000000 ) ) ;
#2085 = ORIENTED_EDGE ( 'NONE', *, *, #1597, .F. ) ;
#2086 = LINE ( 'NONE', #81, #27 ) ;
#2087 = DIRECTION ( 'NONE',  ( 1.000000000000000000, 0.000000000000000000, 0.000000000000000000 ) ) ;
#2088 = EDGE_CURVE ( 'NONE', #851, #1606, #123, .T. ) ;
#2089 = DIRECTION ( 'NONE',  ( 0.000000000000000000, 0.000000000000000000, -1.000000000000000000 ) ) ;
#2090 = VERTEX_POINT ( 'NONE', #425 ) ;
#2091 = LINE ( 'NONE', #1054, #524 ) ;
#2092 = EDGE_CURVE ( 'NONE', #1060, #1450, #1465, .T. ) ;
#2093 = EDGE_CURVE ( 'NONE', #511, #1508, #445, .T. ) ;
#2094 = CARTESIAN_POINT ( 'NONE',  ( 7.000000000000000000, 0.000000000000000000, -20.10000000000000142 ) ) ;
#2095 = CARTESIAN_POINT ( 'NONE',  ( 0.000000000000000000, 0.000000000000000000, 4.000000000000000000 ) ) ;
#2096 = FACE_OUTER_BOUND ( 'NONE', #427, .T. ) ;
#2097 = ORIENTED_EDGE ( 'NONE', *, *, #863, .T. ) ;
#2098 = DIRECTION ( 'NONE',  ( -0.000000000000000000, -0.000000000000000000, 1.000000000000000000 ) ) ;
#2099 = DIRECTION ( 'NONE',  ( 0.4999999999999887312, -0.8660254037844451469, 0.000000000000000000 ) ) ;
#2100 = VECTOR ( 'NONE', #1571, 1000.000000000000000 ) ;
#2101 = CARTESIAN_POINT ( 'NONE',  ( -5.990000000000000213, 0.000000000000000000, -16.00000000000000000 ) ) ;
#2102 = AXIS2_PLACEMENT_3D ( 'NONE', #1735, #1570, #567 ) ;
#2103 = CIRCLE ( 'NONE', #58, 15.50000000000000000 ) ;
#2104 = ORIENTED_EDGE ( 'NONE', *, *, #702, .T. ) ;
#2105 = CARTESIAN_POINT ( 'NONE',  ( -17.29884389200629258, -9.987492177718930719, 0.000000000000000000 ) ) ;
#2106 = CARTESIAN_POINT ( 'NONE',  ( -9.100859949784563696, 13.76315182559602768, 0.000000000000000000 ) ) ;
#2107 = VECTOR ( 'NONE', #564, 1000.000000000000000 ) ;
#2108 = CARTESIAN_POINT ( 'NONE',  ( 22.45000000000000284, 0.000000000000000000, -2.000000000000000000 ) ) ;
#2109 = CIRCLE ( 'NONE', #196, 24.50000000000000000 ) ;
#2110 = AXIS2_PLACEMENT_3D ( 'NONE', #390, #1211, #361 ) ;
#2111 = LINE ( 'NONE', #572, #240 ) ;
#2112 = EDGE_CURVE ( 'NONE', #217, #622, #469, .T. ) ;
#2113 = EDGE_CURVE ( 'NONE', #1109, #1548, #1288, .T. ) ;
#2114 = ORIENTED_EDGE ( 'NONE', *, *, #1758, .T. ) ;
#2115 = DIRECTION ( 'NONE',  ( 1.000000000000000000, 0.000000000000000000, 0.000000000000000000 ) ) ;
#2116 = DIRECTION ( 'NONE',  ( 1.000000000000000000, 0.000000000000000000, 0.000000000000000000 ) ) ;
#2117 = ADVANCED_FACE ( 'NONE', ( #263 ), #923, .F. ) ;
#2118 = DIRECTION ( 'NONE',  ( 0.000000000000000000, 0.000000000000000000, 1.000000000000000000 ) ) ;
#2119 = ORIENTED_EDGE ( 'NONE', *, *, #979, .T. ) ;
#2120 = DIRECTION ( 'NONE',  ( 1.000000000000000000, 0.000000000000000000, 0.000000000000000000 ) ) ;
#2121 = CARTESIAN_POINT ( 'NONE',  ( -12.92902141192333332, 8.549292680100968767, 4.000000000000000000 ) ) ;
#2122 = VERTEX_POINT ( 'NONE', #1775 ) ;
#2123 = CARTESIAN_POINT ( 'NONE',  ( 0.000000000000000000, 0.000000000000000000, -20.99999999999999289 ) ) ;
#2124 = FILL_AREA_STYLE_COLOUR ( '', #1984 ) ;
#2125 = CARTESIAN_POINT ( 'NONE',  ( 0.000000000000000000, 0.000000000000000000, 1.500000000000000000 ) ) ;
#2126 = EDGE_LOOP ( 'NONE', ( #1334, #111, #174, #742 ) ) ;
#2127 = CARTESIAN_POINT ( 'NONE',  ( -13.50500000000000078, 1.653885502248500653E-15, 1.500000000000000000 ) ) ;
#2128 = ORIENTED_EDGE ( 'NONE', *, *, #144, .F. ) ;
#2129 = ORIENTED_EDGE ( 'NONE', *, *, #138, .F. ) ;
#2130 = DIRECTION ( 'NONE',  ( -0.000000000000000000, -0.000000000000000000, -1.000000000000000000 ) ) ;
#2131 = CARTESIAN_POINT ( 'NONE',  ( 0.000000000000000000, 0.000000000000000000, -21.00000000000000000 ) ) ;
#2132 = EDGE_CURVE ( 'NONE', #1248, #1879, #237, .T. ) ;
#2133 = VERTEX_POINT ( 'NONE', #444 ) ;
#2134 = CARTESIAN_POINT ( 'NONE',  ( 0.000000000000000000, 0.000000000000000000, -2.000000000000000000 ) ) ;
#2135 = AXIS2_PLACEMENT_3D ( 'NONE', #849, #1417, #2087 ) ;
#2136 = DIRECTION ( 'NONE',  ( 0.000000000000000000, 0.000000000000000000, -1.000000000000000000 ) ) ;
#2137 = VECTOR ( 'NONE', #1763, 1000.000000000000000 ) ;
#2138 = VERTEX_POINT ( 'NONE', #1628 ) ;
#2139 = CIRCLE ( 'NONE', #414, 12.25000000000000000 ) ;
#2140 = VECTOR ( 'NONE', #225, 1000.000000000000000 ) ;
#2141 = VERTEX_POINT ( 'NONE', #1447 ) ;
#2142 = DIRECTION ( 'NONE',  ( -0.000000000000000000, -0.000000000000000000, -1.000000000000000000 ) ) ;
#2143 = PRESENTATION_STYLE_ASSIGNMENT (( #778 ) ) ;
#2144 = AXIS2_PLACEMENT_3D ( 'NONE', #127, #1472, #1308 ) ;
#2145 = AXIS2_PLACEMENT_3D ( 'NONE', #697, #1374, #1681 ) ;
#2146 = FACE_OUTER_BOUND ( 'NONE', #985, .T. ) ;
#2147 = ORIENTED_EDGE ( 'NONE', *, *, #907, .F. ) ;
#2148 = CARTESIAN_POINT ( 'NONE',  ( 0.000000000000000000, 0.000000000000000000, 0.000000000000000000 ) ) ;
#2149 = ORIENTED_EDGE ( 'NONE', *, *, #85, .F. ) ;
#2150 = EDGE_CURVE ( 'NONE', #1262, #1582, #787, .T. ) ;
#2151 = DIRECTION ( 'NONE',  ( 1.000000000000000000, 0.000000000000000000, 0.000000000000000000 ) ) ;
#2152 = FACE_BOUND ( 'NONE', #423, .T. ) ;
#2153 = DIRECTION ( 'NONE',  ( 1.000000000000000000, 0.000000000000000000, 0.000000000000000000 ) ) ;
#2154 = EDGE_CURVE ( 'NONE', #1879, #160, #961, .T. ) ;
#2155 = CARTESIAN_POINT ( 'NONE',  ( 0.000000000000000000, 0.000000000000000000, -21.00000000000000000 ) ) ;
#2156 = ORIENTED_EDGE ( 'NONE', *, *, #745, .F. ) ;
#2157 = CARTESIAN_POINT ( 'NONE',  ( -8.100859949784853242, -13.76315182559583761, -21.00000000000000000 ) ) ;
#2158 = ORIENTED_EDGE ( 'NONE', *, *, #928, .F. ) ;
#2159 = EDGE_CURVE ( 'NONE', #1879, #131, #1660, .T. ) ;
#2160 = CARTESIAN_POINT ( 'NONE',  ( 7.000000000000000000, 0.000000000000000000, -3.099999999999998757 ) ) ;
#2161 = EDGE_LOOP ( 'NONE', ( #1711, #162, #1554, #800 ) ) ;
#2162 = FACE_BOUND ( 'NONE', #356, .T. ) ;
#2163 = CYLINDRICAL_SURFACE ( 'NONE', #1497, 21.00000000000000355 ) ;
#2164 = EDGE_CURVE ( 'NONE', #654, #781, #684, .T. ) ;
#2165 = ORIENTED_EDGE ( 'NONE', *, *, #1327, .T. ) ;
#2166 = CARTESIAN_POINT ( 'NONE',  ( 0.000000000000000000, 0.000000000000000000, -21.00000000000000000 ) ) ;
#2167 = ORIENTED_EDGE ( 'NONE', *, *, #547, .T. ) ;
#2168 = VECTOR ( 'NONE', #1251, 999.9999999999998863 ) ;
#2169 = DIRECTION ( 'NONE',  ( -0.000000000000000000, -0.000000000000000000, 1.000000000000000000 ) ) ;
#2170 = VECTOR ( 'NONE', #2099, 1000.000000000000227 ) ;
#2171 = AXIS2_PLACEMENT_3D ( 'NONE', #464, #1131, #1800 ) ;
#2172 = ADVANCED_FACE ( 'NONE', ( #2152, #2000, #1831, #143, #329, #1347 ), #1507, .T. ) ;
#2173 = AXIS2_PLACEMENT_3D ( 'NONE', #370, #1354, #675 ) ;
#2174 = AXIS2_PLACEMENT_3D ( 'NONE', #889, #576, #1757 ) ;
#2175 = DIRECTION ( 'NONE',  ( -1.000000000000000000, 0.000000000000000000, 0.000000000000000000 ) ) ;
#2176 = VECTOR ( 'NONE', #2098, 1000.000000000000000 ) ;
#2177 = ADVANCED_FACE ( 'NONE', ( #665 ), #9, .T. ) ;
#2178 = CARTESIAN_POINT ( 'NONE',  ( -24.50000000000000000, 0.000000000000000000, 4.000000000000000000 ) ) ;
#2179 = ORIENTED_EDGE ( 'NONE', *, *, #1375, .F. ) ;
#2180 = CIRCLE ( 'NONE', #1923, 4.000000000000000000 ) ;
#2181 = ORIENTED_EDGE ( 'NONE', *, *, #125, .T. ) ;
#2182 = CARTESIAN_POINT ( 'NONE',  ( 12.92902141192333509, -8.549292680100968767, -21.00000000000000000 ) ) ;
#2183 = ORIENTED_EDGE ( 'NONE', *, *, #1699, .F. ) ;
#2184 = PLANE ( 'NONE',  #24 ) ;
#2185 = ORIENTED_EDGE ( 'NONE', *, *, #2154, .F. ) ;
ENDSEC;
END-ISO-10303-21;
