ISO-10303-21;
HEADER;
FILE_DESCRIPTION (( 'STEP AP214' ),
    '1' );
FILE_NAME ('行星保持架upperbase4.0轴承公差版本.STEP',
    '2026-07-28T15:11:36',
    ( '' ),
    ( '' ),
    'SwSTEP 2.0',
    'SolidWorks 2022',
    '' );
FILE_SCHEMA (( 'AUTOMOTIVE_DESIGN' ));
ENDSEC;

DATA;
#1 = ORIENTED_EDGE ( 'NONE', *, *, #3187, .T. ) ;
#2 = CIRCLE ( 'NONE', #2711, 1.250000000001643796 ) ;
#3 = CARTESIAN_POINT ( 'NONE',  ( 11.43094197279008384, -6.000000000000009770, -10.89303690906425537 ) ) ;
#4 = ORIENTED_EDGE ( 'NONE', *, *, #2347, .T. ) ;
#5 = CIRCLE ( 'NONE', #2375, 0.8000000000005363932 ) ;
#6 = CARTESIAN_POINT ( 'NONE',  ( 10.39230484541402788, -6.999999999999999112, 5.999999999999557687 ) ) ;
#7 = EDGE_LOOP ( 'NONE', ( #1917, #2304 ) ) ;
#8 = EDGE_CURVE ( 'NONE', #598, #2852, #3200, .T. ) ;
#9 = CARTESIAN_POINT ( 'NONE',  ( 7.743281890740514761, -6.999999999999999112, 11.05855259790241085 ) ) ;
#10 = VERTEX_POINT ( 'NONE', #2856 ) ;
#11 = DIRECTION ( 'NONE',  ( 0.000000000000000000, 1.000000000000000000, 0.000000000000000000 ) ) ;
#12 = LINE ( 'NONE', #2851, #1532 ) ;
#13 = EDGE_CURVE ( 'NONE', #1054, #740, #875, .T. ) ;
#14 = VERTEX_POINT ( 'NONE', #2029 ) ;
#15 = DIRECTION ( 'NONE',  ( 0.000000000000000000, 0.000000000000000000, -1.000000000000000000 ) ) ;
#16 = VERTEX_POINT ( 'NONE', #2607 ) ;
#17 = CYLINDRICAL_SURFACE ( 'NONE', #790, 2.000000000000000000 ) ;
#18 = FACE_OUTER_BOUND ( 'NONE', #1298, .T. ) ;
#19 = ADVANCED_FACE ( 'NONE', ( #1764 ), #1278, .F. ) ;
#20 = FACE_OUTER_BOUND ( 'NONE', #1199, .T. ) ;
#21 = ORIENTED_EDGE ( 'NONE', *, *, #1490, .F. ) ;
#22 = DIRECTION ( 'NONE',  ( 0.000000000000000000, 0.000000000000000000, -1.000000000000000000 ) ) ;
#23 = ORIENTED_EDGE ( 'NONE', *, *, #1114, .T. ) ;
#24 = DIRECTION ( 'NONE',  ( 0.000000000000000000, 0.000000000000000000, 1.000000000000000000 ) ) ;
#25 = VERTEX_POINT ( 'NONE', #1030 ) ;
#26 = DIRECTION ( 'NONE',  ( -0.6123724356952023884, -0.7071067811865487940, -0.3535533905942967459 ) ) ;
#27 = ORIENTED_EDGE ( 'NONE', *, *, #2456, .F. ) ;
#28 = DIRECTION ( 'NONE',  ( 0.6123724356952046088, -0.7071067811865463515, 0.3535533905942980226 ) ) ;
#29 = AXIS2_PLACEMENT_3D ( 'NONE', #941, #1993, #1501 ) ;
#30 = CARTESIAN_POINT ( 'NONE',  ( 0.000000000000000000, -3.549999999999999822, 0.000000000000000000 ) ) ;
#31 = ORIENTED_EDGE ( 'NONE', *, *, #1647, .F. ) ;
#32 = DIRECTION ( 'NONE',  ( -0.000000000000000000, -1.000000000000000000, -0.000000000000000000 ) ) ;
#33 = UNCERTAINTY_MEASURE_WITH_UNIT (LENGTH_MEASURE( 1.000000000000000082E-05 ), #2555, 'distance_accuracy_value', 'NONE');
#34 = CIRCLE ( 'NONE', #2949, 1.250000000001643796 ) ;
#35 = AXIS2_PLACEMENT_3D ( 'NONE', #634, #911, #1198 ) ;
#36 = EDGE_CURVE ( 'NONE', #2460, #3060, #2083, .T. ) ;
#37 = AXIS2_PLACEMENT_3D ( 'NONE', #1619, #82, #2977 ) ;
#38 = VECTOR ( 'NONE', #1927, 1000.000000000000000 ) ;
#39 = ORIENTED_EDGE ( 'NONE', *, *, #1001, .F. ) ;
#40 = DIRECTION ( 'NONE',  ( 0.000000000000000000, 0.000000000000000000, 1.000000000000000000 ) ) ;
#41 = AXIS2_PLACEMENT_3D ( 'NONE', #3273, #1880, #2901 ) ;
#42 = AXIS2_PLACEMENT_3D ( 'NONE', #3293, #705, #1169 ) ;
#43 = ORIENTED_EDGE ( 'NONE', *, *, #2716, .F. ) ;
#44 = FACE_BOUND ( 'NONE', #2325, .T. ) ;
#45 = EDGE_LOOP ( 'NONE', ( #1332, #520, #2945, #1679 ) ) ;
#46 = EDGE_CURVE ( 'NONE', #547, #25, #339, .T. ) ;
#47 = CARTESIAN_POINT ( 'NONE',  ( 0.000000000000000000, -3.549999999999999822, -18.50000000000000000 ) ) ;
#48 = VERTEX_POINT ( 'NONE', #2877 ) ;
#49 = LINE ( 'NONE', #945, #856 ) ;
#50 = ORIENTED_EDGE ( 'NONE', *, *, #2503, .F. ) ;
#51 = CARTESIAN_POINT ( 'NONE',  ( -5.196152422706249219, 8.000000000000000000, 3.000000000000222933 ) ) ;
#52 = DIRECTION ( 'NONE',  ( 0.000000000000000000, 0.000000000000000000, 1.000000000000000000 ) ) ;
#53 = ORIENTED_EDGE ( 'NONE', *, *, #342, .T. ) ;
#54 = CARTESIAN_POINT ( 'NONE',  ( 5.705346533500335937, -6.999999999999999112, -12.23515512499498747 ) ) ;
#55 = DIRECTION ( 'NONE',  ( 0.000000000000000000, -1.000000000000000000, 0.000000000000000000 ) ) ;
#56 = ADVANCED_FACE ( 'NONE', ( #259, #3385, #2552, #192, #2296, #208, #713, #3350, #457, #1502, #1481, #3345, #3082, #2803 ), #1710, .T. ) ;
#57 = CARTESIAN_POINT ( 'NONE',  ( -15.08816891815672356, 2.000000000000000000, -2.857171422655322424 ) ) ;
#58 = AXIS2_PLACEMENT_3D ( 'NONE', #1477, #3027, #703 ) ;
#59 = EDGE_LOOP ( 'NONE', ( #1474, #2833 ) ) ;
#60 = FACE_BOUND ( 'NONE', #3209, .T. ) ;
#61 = DIRECTION ( 'NONE',  ( 0.000000000000000000, 1.000000000000000000, 0.000000000000000000 ) ) ;
#62 = VERTEX_POINT ( 'NONE', #3270 ) ;
#63 = EDGE_CURVE ( 'NONE', #2638, #443, #1969, .T. ) ;
#64 = CYLINDRICAL_SURFACE ( 'NONE', #139, 4.525000000000000355 ) ;
#65 = VECTOR ( 'NONE', #1494, 1000.000000000000000 ) ;
#66 = ORIENTED_EDGE ( 'NONE', *, *, #1062, .T. ) ;
#67 = DIRECTION ( 'NONE',  ( 0.000000000000000000, 0.000000000000000000, 1.000000000000000000 ) ) ;
#68 = AXIS2_PLACEMENT_3D ( 'NONE', #1022, #796, #2109 ) ;
#69 = CARTESIAN_POINT ( 'NONE',  ( 11.42615592730280660, -2.600000000000000089, -8.127091392226633459 ) ) ;
#70 = AXIS2_PLACEMENT_3D ( 'NONE', #182, #2748, #1737 ) ;
#71 = ADVANCED_FACE ( 'NONE', ( #938 ), #438, .T. ) ;
#72 = VERTEX_POINT ( 'NONE', #952 ) ;
#73 = DIRECTION ( 'NONE',  ( -0.4999999999985524357, 0.000000000000000000, -0.8660254037852743725 ) ) ;
#74 = DIRECTION ( 'NONE',  ( 0.000000000000000000, 0.000000000000000000, 1.000000000000000000 ) ) ;
#75 = EDGE_CURVE ( 'NONE', #1909, #2973, #3313, .T. ) ;
#76 = CARTESIAN_POINT ( 'NONE',  ( -11.01781587252592765, 8.000000000000000000, -11.60205729166666799 ) ) ;
#77 = DIRECTION ( 'NONE',  ( 0.000000000000000000, 0.000000000000000000, -1.000000000000000000 ) ) ;
#78 = EDGE_LOOP ( 'NONE', ( #2179, #1620, #1852, #3253 ) ) ;
#79 = EDGE_CURVE ( 'NONE', #1673, #2542, #1988, .T. ) ;
#80 = CYLINDRICAL_SURFACE ( 'NONE', #2395, 10.02499999999999858 ) ;
#81 = ORIENTED_EDGE ( 'NONE', *, *, #1816, .T. ) ;
#82 = DIRECTION ( 'NONE',  ( 0.000000000000000000, 1.000000000000000000, 0.000000000000000000 ) ) ;
#83 = ORIENTED_EDGE ( 'NONE', *, *, #2870, .F. ) ;
#84 = DIRECTION ( 'NONE',  ( -0.6123724356952050529, -0.7071067811865456854, -0.3535533905942983002 ) ) ;
#85 = CYLINDRICAL_SURFACE ( 'NONE', #3194, 0.8000000000011174839 ) ;
#86 = ORIENTED_EDGE ( 'NONE', *, *, #2896, .F. ) ;
#87 = EDGE_CURVE ( 'NONE', #1909, #2391, #1447, .T. ) ;
#88 = DIRECTION ( 'NONE',  ( 0.000000000000000000, 0.000000000000000000, 1.000000000000000000 ) ) ;
#89 = VECTOR ( 'NONE', #2074, 1000.000000000000227 ) ;
#90 = AXIS2_PLACEMENT_3D ( 'NONE', #1616, #2717, #348 ) ;
#91 = ORIENTED_EDGE ( 'NONE', *, *, #2830, .T. ) ;
#92 = DIRECTION ( 'NONE',  ( -0.000000000000000000, -1.000000000000000000, -0.000000000000000000 ) ) ;
#93 = ORIENTED_EDGE ( 'NONE', *, *, #183, .T. ) ;
#94 = ORIENTED_EDGE ( 'NONE', *, *, #3277, .T. ) ;
#95 = VECTOR ( 'NONE', #1858, 1000.000000000000000 ) ;
#96 = CARTESIAN_POINT ( 'NONE',  ( -15.55658428700901474, 8.000000000000000000, -3.740679793992554902 ) ) ;
#97 = FACE_BOUND ( 'NONE', #2189, .T. ) ;
#98 = EDGE_CURVE ( 'NONE', #2519, #209, #402, .T. ) ;
#99 = CARTESIAN_POINT ( 'NONE',  ( 0.000000000000000000, -3.549999999999997602, 17.47500000000000142 ) ) ;
#100 = CARTESIAN_POINT ( 'NONE',  ( -10.39230484541249844, 2.000000000000000000, 6.000000000000445866 ) ) ;
#101 = ORIENTED_EDGE ( 'NONE', *, *, #2219, .T. ) ;
#102 = CARTESIAN_POINT ( 'NONE',  ( 10.39230484541402788, 8.000000000000000000, 5.999999999999557687 ) ) ;
#103 = EDGE_LOOP ( 'NONE', ( #1088, #1487, #1136, #2039 ) ) ;
#104 = EDGE_CURVE ( 'NONE', #3060, #3150, #1046, .T. ) ;
#105 = CARTESIAN_POINT ( 'NONE',  ( -5.069701424090069963, 8.000000000000000000, 14.49532329104280315 ) ) ;
#106 = ORIENTED_EDGE ( 'NONE', *, *, #948, .T. ) ;
#107 = CIRCLE ( 'NONE', #2146, 2.000000000000000000 ) ;
#108 = DIRECTION ( 'NONE',  ( 0.000000000000000000, 1.000000000000000000, 0.000000000000000000 ) ) ;
#109 = ORIENTED_EDGE ( 'NONE', *, *, #2306, .F. ) ;
#110 = CARTESIAN_POINT ( 'NONE',  ( 5.541526766141773934E-16, 8.673617379884035472E-16, 4.525000000000000355 ) ) ;
#111 = CARTESIAN_POINT ( 'NONE',  ( 13.16299278036064280, -2.600000000000000089, -9.893036909061367012 ) ) ;
#112 = ADVANCED_FACE ( 'NONE', ( #205 ), #2007, .F. ) ;
#113 = FACE_OUTER_BOUND ( 'NONE', #2017, .T. ) ;
#114 = AXIS2_PLACEMENT_3D ( 'NONE', #3068, #187, #1191 ) ;
#115 = ORIENTED_EDGE ( 'NONE', *, *, #849, .T. ) ;
#116 = AXIS2_PLACEMENT_3D ( 'NONE', #1363, #1933, #1138 ) ;
#117 = EDGE_CURVE ( 'NONE', #2872, #3318, #2534, .T. ) ;
#118 = CARTESIAN_POINT ( 'NONE',  ( -11.39427085702105380, -6.000000000000012434, -8.914208987615426238 ) ) ;
#119 = FACE_BOUND ( 'NONE', #59, .T. ) ;
#120 = CARTESIAN_POINT ( 'NONE',  ( 2.018009963923362626, 8.000000000000000000, 14.35888699675918900 ) ) ;
#121 = EDGE_CURVE ( 'NONE', #2128, #1803, #1590, .T. ) ;
#122 = PLANE ( 'NONE',  #1780 ) ;
#123 = ORIENTED_EDGE ( 'NONE', *, *, #1081, .F. ) ;
#124 = CARTESIAN_POINT ( 'NONE',  ( 11.42615592730280660, 8.000000000000000000, -8.127091392226633459 ) ) ;
#125 = CARTESIAN_POINT ( 'NONE',  ( 4.538768414483849156, 2.000000000000000000, 15.34273708565990368 ) ) ;
#126 = CARTESIAN_POINT ( 'NONE',  ( -4.538768414481848090, 8.000000000000000000, 15.34273708566049343 ) ) ;
#127 = ORIENTED_EDGE ( 'NONE', *, *, #2604, .F. ) ;
#128 = CARTESIAN_POINT ( 'NONE',  ( 11.01781587252592942, 2.000000000000000000, -11.60205729166666799 ) ) ;
#129 = CARTESIAN_POINT ( 'NONE',  ( 10.39230484541402788, 2.500000000000000000, 8.499999999999557687 ) ) ;
#130 = FACE_BOUND ( 'NONE', #2269, .T. ) ;
#131 = CIRCLE ( 'NONE', #2773, 0.8000000000011174839 ) ;
#132 = EDGE_CURVE ( 'NONE', #1177, #884, #1925, .T. ) ;
#133 = VERTEX_POINT ( 'NONE', #707 ) ;
#134 = DIRECTION ( 'NONE',  ( 0.000000000000000000, 0.000000000000000000, 1.000000000000000000 ) ) ;
#135 = VERTEX_POINT ( 'NONE', #1953 ) ;
#136 = VECTOR ( 'NONE', #165, 1000.000000000000000 ) ;
#137 = AXIS2_PLACEMENT_3D ( 'NONE', #3143, #771, #458 ) ;
#138 = CARTESIAN_POINT ( 'NONE',  ( -2.018009963919514149, -2.600000000000000089, 14.35888699675244062 ) ) ;
#139 = AXIS2_PLACEMENT_3D ( 'NONE', #1103, #2404, #847 ) ;
#140 = EDGE_LOOP ( 'NONE', ( #1080, #1, #1478, #1962 ) ) ;
#141 = VECTOR ( 'NONE', #922, 1000.000000000000000 ) ;
#142 = ORIENTED_EDGE ( 'NONE', *, *, #1960, .T. ) ;
#143 = CARTESIAN_POINT ( 'NONE',  ( 15.55658428700854579, 2.000000000000000000, -3.740679793994502234 ) ) ;
#144 = EDGE_LOOP ( 'NONE', ( #262, #2914, #1528, #718 ) ) ;
#145 = CARTESIAN_POINT ( 'NONE',  ( -16.52887080494708272, 8.000000000000000000, -3.974472281117090056 ) ) ;
#146 = ADVANCED_FACE ( 'NONE', ( #898 ), #3016, .F. ) ;
#147 = AXIS2_PLACEMENT_3D ( 'NONE', #802, #1331, #2853 ) ;
#148 = DIRECTION ( 'NONE',  ( 0.000000000000000000, 0.000000000000000000, -1.000000000000000000 ) ) ;
#149 = VECTOR ( 'NONE', #2410, 1000.000000000000000 ) ;
#150 = ORIENTED_EDGE ( 'NONE', *, *, #295, .T. ) ;
#151 = DIRECTION ( 'NONE',  ( 1.000000000000000000, 0.000000000000000000, 1.671102966580887991E-12 ) ) ;
#152 = CARTESIAN_POINT ( 'NONE',  ( -13.44862842423849081, 16.00000000000000000, 2.426602527094225525 ) ) ;
#153 = ORIENTED_EDGE ( 'NONE', *, *, #2608, .T. ) ;
#154 = CARTESIAN_POINT ( 'NONE',  ( 0.000000000000000000, 2.000000000000001776, 0.000000000000000000 ) ) ;
#155 = ADVANCED_FACE ( 'NONE', ( #691 ), #169, .F. ) ;
#156 = ORIENTED_EDGE ( 'NONE', *, *, #1033, .F. ) ;
#157 = FACE_OUTER_BOUND ( 'NONE', #45, .T. ) ;
#158 = ORIENTED_EDGE ( 'NONE', *, *, #3386, .F. ) ;
#159 = EDGE_CURVE ( 'NONE', #2244, #1740, #2235, .T. ) ;
#160 = DIRECTION ( 'NONE',  ( -0.000000000000000000, -1.000000000000000000, -0.000000000000000000 ) ) ;
#161 = VERTEX_POINT ( 'NONE', #3327 ) ;
#162 = DIRECTION ( 'NONE',  ( 0.000000000000000000, 0.000000000000000000, 1.000000000000000000 ) ) ;
#163 = DIRECTION ( 'NONE',  ( 0.000000000000000000, 1.000000000000000000, 0.000000000000000000 ) ) ;
#164 = CARTESIAN_POINT ( 'NONE',  ( 0.000000000000000000, 8.673617379884035472E-16, 0.000000000000000000 ) ) ;
#165 = DIRECTION ( 'NONE',  ( 0.000000000000000000, 1.000000000000000000, 0.000000000000000000 ) ) ;
#166 = VERTEX_POINT ( 'NONE', #3032 ) ;
#167 = AXIS2_PLACEMENT_3D ( 'NONE', #3417, #2183, #3203 ) ;
#168 = DIRECTION ( 'NONE',  ( 0.000000000000000000, 0.000000000000000000, -1.000000000000000000 ) ) ;
#169 = PLANE ( 'NONE',  #1700 ) ;
#170 = EDGE_CURVE ( 'NONE', #48, #2759, #2476, .T. ) ;
#171 = ORIENTED_EDGE ( 'NONE', *, *, #2728, .T. ) ;
#172 = ORIENTED_EDGE ( 'NONE', *, *, #2547, .T. ) ;
#173 = DIRECTION ( 'NONE',  ( -0.000000000000000000, -1.000000000000000000, -0.000000000000000000 ) ) ;
#174 = VECTOR ( 'NONE', #2786, 1000.000000000000000 ) ;
#175 = CIRCLE ( 'NONE', #1595, 17.00000000000000355 ) ;
#176 = LINE ( 'NONE', #1194, #413 ) ;
#177 = ORIENTED_EDGE ( 'NONE', *, *, #1647, .T. ) ;
#178 = CARTESIAN_POINT ( 'NONE',  ( -11.39427085702105380, -6.999999999999999112, -8.914208987615426238 ) ) ;
#179 = ORIENTED_EDGE ( 'NONE', *, *, #1312, .F. ) ;
#180 = DIRECTION ( 'NONE',  ( 0.000000000000000000, 0.000000000000000000, -1.000000000000000000 ) ) ;
#181 = ORIENTED_EDGE ( 'NONE', *, *, #2096, .F. ) ;
#182 = CARTESIAN_POINT ( 'NONE',  ( -11.42615592729774399, 8.000000000000000000, -8.927091392221690569 ) ) ;
#183 = EDGE_CURVE ( 'NONE', #880, #1789, #2755, .T. ) ;
#184 = FACE_OUTER_BOUND ( 'NONE', #2686, .T. ) ;
#185 = EDGE_LOOP ( 'NONE', ( #1571, #1859, #2025, #2669 ) ) ;
#186 = CARTESIAN_POINT ( 'NONE',  ( -5.705346533498579120, 16.00000000000000000, -12.23515512499426272 ) ) ;
#187 = DIRECTION ( 'NONE',  ( 0.000000000000000000, 1.000000000000000000, 0.000000000000000000 ) ) ;
#188 = ORIENTED_EDGE ( 'NONE', *, *, #1795, .F. ) ;
#189 = CARTESIAN_POINT ( 'NONE',  ( -10.39230484541249844, 2.000000000000000000, 6.000000000000445866 ) ) ;
#190 = EDGE_CURVE ( 'NONE', #2826, #1579, #933, .T. ) ;
#191 = DIRECTION ( 'NONE',  ( 0.000000000000000000, -1.000000000000000000, 0.000000000000000000 ) ) ;
#192 = FACE_BOUND ( 'NONE', #2163, .T. ) ;
#193 = CIRCLE ( 'NONE', #1446, 1.999999999999999112 ) ;
#194 = DIRECTION ( 'NONE',  ( -0.000000000000000000, 1.000000000000000000, -0.000000000000000000 ) ) ;
#195 = ORIENTED_EDGE ( 'NONE', *, *, #1643, .F. ) ;
#196 = AXIS2_PLACEMENT_3D ( 'NONE', #2369, #230, #777 ) ;
#197 = CARTESIAN_POINT ( 'NONE',  ( -9.662220049453852155, -2.600000000000000089, -7.914208987612532553 ) ) ;
#198 = CIRCLE ( 'NONE', #2012, 0.8000000000005641487 ) ;
#199 = AXIS2_PLACEMENT_3D ( 'NONE', #889, #1471, #2209 ) ;
#200 = DIRECTION ( 'NONE',  ( -0.000000000000000000, 1.000000000000000000, -0.000000000000000000 ) ) ;
#201 = ADVANCED_FACE ( 'NONE', ( #1258 ), #2837, .F. ) ;
#202 = ORIENTED_EDGE ( 'NONE', *, *, #1624, .F. ) ;
#203 = FACE_OUTER_BOUND ( 'NONE', #1513, .T. ) ;
#204 = VECTOR ( 'NONE', #2586, 999.9999999999998863 ) ;
#205 = FACE_OUTER_BOUND ( 'NONE', #2240, .T. ) ;
#206 = VECTOR ( 'NONE', #2639, 1000.000000000000000 ) ;
#207 = EDGE_CURVE ( 'NONE', #740, #1054, #2921, .T. ) ;
#208 = FACE_BOUND ( 'NONE', #2356, .T. ) ;
#209 = VERTEX_POINT ( 'NONE', #2654 ) ;
#210 = LINE ( 'NONE', #2862, #2182 ) ;
#211 = DIRECTION ( 'NONE',  ( -0.000000000000000000, -1.000000000000000000, -0.000000000000000000 ) ) ;
#212 = CARTESIAN_POINT ( 'NONE',  ( 10.39230484541402788, 2.500000000000000000, 8.499999999999557687 ) ) ;
#213 = VERTEX_POINT ( 'NONE', #2636 ) ;
#214 = CARTESIAN_POINT ( 'NONE',  ( -2.018009963919514149, -2.600000000000000089, 15.15888699675300444 ) ) ;
#215 = EDGE_CURVE ( 'NONE', #1743, #1315, #2618, .T. ) ;
#216 = DIRECTION ( 'NONE',  ( 0.000000000000000000, 0.000000000000000000, -1.000000000000000000 ) ) ;
#217 = CIRCLE ( 'NONE', #702, 10.02499999999999858 ) ;
#218 = EDGE_LOOP ( 'NONE', ( #803, #3394, #394, #3329 ) ) ;
#219 = AXIS2_PLACEMENT_3D ( 'NONE', #1809, #2320, #3374 ) ;
#220 = EDGE_CURVE ( 'NONE', #399, #2467, #1257, .T. ) ;
#221 = CARTESIAN_POINT ( 'NONE',  ( -11.01781587252592765, 2.000000000000000000, -11.60205729166666799 ) ) ;
#222 = AXIS2_PLACEMENT_3D ( 'NONE', #2358, #2907, #2094 ) ;
#223 = DIRECTION ( 'NONE',  ( 0.000000000000000000, 0.000000000000000000, -1.000000000000000000 ) ) ;
#224 =( GEOMETRIC_REPRESENTATION_CONTEXT ( 3 ) GLOBAL_UNCERTAINTY_ASSIGNED_CONTEXT ( ( #2443 ) ) GLOBAL_UNIT_ASSIGNED_CONTEXT ( ( #1752, #448, #2828 ) ) REPRESENTATION_CONTEXT ( 'NONE', 'WORKASPACE' ) );
#225 = CARTESIAN_POINT ( 'NONE',  ( 16.52887080494658534, 2.000000000000000000, -3.974472281119160844 ) ) ;
#226 = VERTEX_POINT ( 'NONE', #743 ) ;
#227 = DIRECTION ( 'NONE',  ( -0.000000000000000000, -1.000000000000000000, -0.000000000000000000 ) ) ;
#228 = ADVANCED_FACE ( 'NONE', ( #2584 ), #1273, .T. ) ;
#229 = CARTESIAN_POINT ( 'NONE',  ( 13.44416589121839856, -2.600000000000000089, -6.231795604533310495 ) ) ;
#230 = DIRECTION ( 'NONE',  ( 0.000000000000000000, 1.000000000000000000, 0.000000000000000000 ) ) ;
#231 = ORIENTED_EDGE ( 'NONE', *, *, #2988, .T. ) ;
#232 = DIRECTION ( 'NONE',  ( 0.000000000000000000, 1.000000000000000000, 0.000000000000000000 ) ) ;
#233 = DIRECTION ( 'NONE',  ( 0.000000000000000000, -1.000000000000000000, 0.000000000000000000 ) ) ;
#234 = ORIENTED_EDGE ( 'NONE', *, *, #783, .T. ) ;
#235 = DIRECTION ( 'NONE',  ( -0.000000000000000000, 1.000000000000000000, -0.000000000000000000 ) ) ;
#236 = EDGE_LOOP ( 'NONE', ( #2108, #2403, #101, #3142, #1970 ) ) ;
#237 = DIRECTION ( 'NONE',  ( 0.000000000000000000, 0.000000000000000000, -1.000000000000000000 ) ) ;
#238 = EDGE_CURVE ( 'NONE', #1192, #1036, #2594, .T. ) ;
#239 = CARTESIAN_POINT ( 'NONE',  ( 0.000000000000000000, 2.000000000000001776, 0.000000000000000000 ) ) ;
#240 = CARTESIAN_POINT ( 'NONE',  ( -10.39230484541249844, 2.500000000000000444, 4.475000000000445510 ) ) ;
#241 = ORIENTED_EDGE ( 'NONE', *, *, #694, .F. ) ;
#242 = LINE ( 'NONE', #1544, #2066 ) ;
#243 = VERTEX_POINT ( 'NONE', #2324 ) ;
#244 = CIRCLE ( 'NONE', #2617, 1.250000000001643796 ) ;
#245 = CARTESIAN_POINT ( 'NONE',  ( -10.39230484541249844, 8.000000000000000000, 6.000000000000445866 ) ) ;
#246 = ADVANCED_FACE ( 'NONE', ( #780 ), #1856, .F. ) ;
#247 = CARTESIAN_POINT ( 'NONE',  ( -16.01035703229913665, -6.999999999999999112, -6.918913199930958768 ) ) ;
#248 = ORIENTED_EDGE ( 'NONE', *, *, #711, .F. ) ;
#249 = DIRECTION ( 'NONE',  ( 0.000000000000000000, -1.000000000000000000, 0.000000000000000000 ) ) ;
#250 = AXIS2_PLACEMENT_3D ( 'NONE', #118, #2740, #1645 ) ;
#251 = AXIS2_PLACEMENT_3D ( 'NONE', #652, #1701, #2497 ) ;
#252 = LINE ( 'NONE', #2042, #2087 ) ;
#253 = CIRCLE ( 'NONE', #2683, 2.000000000000000000 ) ;
#254 = ORIENTED_EDGE ( 'NONE', *, *, #540, .F. ) ;
#255 = LINE ( 'NONE', #2603, #1505 ) ;
#256 = VECTOR ( 'NONE', #2139, 1000.000000000000000 ) ;
#257 = VERTEX_POINT ( 'NONE', #1587 ) ;
#258 = PLANE ( 'NONE',  #3222 ) ;
#259 = FACE_BOUND ( 'NONE', #1021, .T. ) ;
#260 = EDGE_CURVE ( 'NONE', #1579, #2826, #3034, .T. ) ;
#261 = DIRECTION ( 'NONE',  ( 0.000000000000000000, 1.000000000000000000, 0.000000000000000000 ) ) ;
#262 = ORIENTED_EDGE ( 'NONE', *, *, #1695, .F. ) ;
#263 = LINE ( 'NONE', #2332, #1731 ) ;
#264 = EDGE_CURVE ( 'NONE', #1456, #2577, #12, .T. ) ;
#265 = DIRECTION ( 'NONE',  ( 0.000000000000000000, -0.000000000000000000, -1.000000000000000000 ) ) ;
#266 = CARTESIAN_POINT ( 'NONE',  ( -11.68023001338113609, -2.600000000000000089, -4.418913199923730772 ) ) ;
#267 = EDGE_LOOP ( 'NONE', ( #3334, #2322 ) ) ;
#268 = DIRECTION ( 'NONE',  ( 0.000000000000000000, 0.000000000000000000, -1.000000000000000000 ) ) ;
#269 = DIRECTION ( 'NONE',  ( 0.000000000000000000, -0.7071067811865460184, -0.7071067811865490160 ) ) ;
#270 = VERTEX_POINT ( 'NONE', #3399 ) ;
#271 = CARTESIAN_POINT ( 'NONE',  ( 10.39230484541402788, 2.500000000000000444, 4.474999999999557332 ) ) ;
#272 = EDGE_CURVE ( 'NONE', #16, #1740, #2811, .T. ) ;
#273 = AXIS2_PLACEMENT_3D ( 'NONE', #1947, #3010, #1222 ) ;
#274 = VERTEX_POINT ( 'NONE', #2110 ) ;
#275 = AXIS2_PLACEMENT_3D ( 'NONE', #1760, #1227, #2565 ) ;
#276 = VECTOR ( 'NONE', #754, 1000.000000000000114 ) ;
#277 = DIRECTION ( 'NONE',  ( 0.000000000000000000, 0.000000000000000000, -1.000000000000000000 ) ) ;
#278 = DIRECTION ( 'NONE',  ( -0.8660254037852742615, 0.000000000000000000, 0.4999999999985527133 ) ) ;
#279 = ORIENTED_EDGE ( 'NONE', *, *, #3243, .T. ) ;
#280 = VECTOR ( 'NONE', #84, 1000.000000000000114 ) ;
#281 = DIRECTION ( 'NONE',  ( 0.000000000000000000, 0.000000000000000000, 1.000000000000000000 ) ) ;
#282 = SURFACE_SIDE_STYLE ('',( #1267 ) ) ;
#283 = CIRCLE ( 'NONE', #1537, 2.500000000000000444 ) ;
#284 = FACE_OUTER_BOUND ( 'NONE', #3051, .T. ) ;
#285 = EDGE_LOOP ( 'NONE', ( #845, #3246, #942, #573 ) ) ;
#286 = DIRECTION ( 'NONE',  ( 0.000000000000000000, 0.000000000000000000, 1.000000000000000000 ) ) ;
#287 = ORIENTED_EDGE ( 'NONE', *, *, #1401, .F. ) ;
#288 = EDGE_CURVE ( 'NONE', #324, #1821, #2307, .T. ) ;
#289 = CYLINDRICAL_SURFACE ( 'NONE', #877, 3.250000000000000444 ) ;
#290 = CARTESIAN_POINT ( 'NONE',  ( 10.39230484541402788, 2.500000000000000000, 5.999999999999557687 ) ) ;
#291 = EDGE_LOOP ( 'NONE', ( #1837, #2894 ) ) ;
#292 = CARTESIAN_POINT ( 'NONE',  ( 8.031228112810644859, 2.000000000000000000, -6.000000000000003553 ) ) ;
#293 = ORIENTED_EDGE ( 'NONE', *, *, #1095, .F. ) ;
#294 = CARTESIAN_POINT ( 'NONE',  ( -11.70642936455880090, 8.000000000000000000, -12.32718587239583563 ) ) ;
#295 = EDGE_CURVE ( 'NONE', #594, #1618, #2925, .T. ) ;
#296 = LINE ( 'NONE', #1082, #3056 ) ;
#297 = ORIENTED_EDGE ( 'NONE', *, *, #2627, .F. ) ;
#298 = PLANE ( 'NONE',  #584 ) ;
#299 = ORIENTED_EDGE ( 'NONE', *, *, #1681, .T. ) ;
#300 = DIRECTION ( 'NONE',  ( 0.000000000000000000, 0.000000000000000000, -1.000000000000000000 ) ) ;
#301 = ORIENTED_EDGE ( 'NONE', *, *, #2006, .T. ) ;
#302 = CARTESIAN_POINT ( 'NONE',  ( 13.16299278036064280, -6.000000000000009770, -9.893036909061367012 ) ) ;
#303 = EDGE_LOOP ( 'NONE', ( #23, #3396 ) ) ;
#304 = DIRECTION ( 'NONE',  ( 0.000000000000000000, 1.000000000000000000, 0.000000000000000000 ) ) ;
#305 = CIRCLE ( 'NONE', #2001, 2.000000000000000000 ) ;
#306 = EDGE_CURVE ( 'NONE', #2640, #1250, #252, .T. ) ;
#307 = DIRECTION ( 'NONE',  ( 0.000000000000000000, 1.000000000000000000, 0.000000000000000000 ) ) ;
#308 = ORIENTED_EDGE ( 'NONE', *, *, #783, .F. ) ;
#309 = DIRECTION ( 'NONE',  ( 0.000000000000000000, 0.000000000000000000, 1.000000000000000000 ) ) ;
#310 = AXIS2_PLACEMENT_3D ( 'NONE', #2021, #2249, #3268 ) ;
#311 = VECTOR ( 'NONE', #620, 1000.000000000000000 ) ;
#312 = AXIS2_PLACEMENT_3D ( 'NONE', #1236, #2316, #3094 ) ;
#313 = AXIS2_PLACEMENT_3D ( 'NONE', #1939, #331, #631 ) ;
#314 = EDGE_LOOP ( 'NONE', ( #1060, #1282 ) ) ;
#315 = AXIS2_PLACEMENT_3D ( 'NONE', #3085, #709, #2822 ) ;
#316 = FACE_OUTER_BOUND ( 'NONE', #689, .T. ) ;
#317 = CONICAL_SURFACE ( 'NONE', #744, 1.999999999999999112, 0.7853981633974518317 ) ;
#318 = ORIENTED_EDGE ( 'NONE', *, *, #433, .T. ) ;
#319 = CARTESIAN_POINT ( 'NONE',  ( -8.796194645670258438, -6.999999999999999112, -7.414208987611085711 ) ) ;
#320 = ORIENTED_EDGE ( 'NONE', *, *, #1712, .T. ) ;
#321 = DIRECTION ( 'NONE',  ( 0.000000000000000000, 1.000000000000000000, 0.000000000000000000 ) ) ;
#322 = EDGE_LOOP ( 'NONE', ( #150, #1717, #980, #1989 ) ) ;
#323 = CARTESIAN_POINT ( 'NONE',  ( -2.018009963919514149, -5.569848480986660633, 14.35888699675244062 ) ) ;
#324 = VERTEX_POINT ( 'NONE', #723 ) ;
#325 = DIRECTION ( 'NONE',  ( 0.000000000000000000, 0.000000000000000000, -1.000000000000000000 ) ) ;
#326 = FACE_BOUND ( 'NONE', #303, .T. ) ;
#327 = VERTEX_POINT ( 'NONE', #1292 ) ;
#328 = EDGE_CURVE ( 'NONE', #3084, #2420, #1870, .T. ) ;
#329 = DIRECTION ( 'NONE',  ( -0.000000000000000000, 1.000000000000000000, -0.000000000000000000 ) ) ;
#330 = ADVANCED_FACE ( 'NONE', ( #1639 ), #2708, .T. ) ;
#331 = DIRECTION ( 'NONE',  ( 1.181648239730297552E-12, -0.7071067811865502373, -0.7071067811865447972 ) ) ;
#332 = VECTOR ( 'NONE', #638, 1000.000000000000000 ) ;
#333 = VERTEX_POINT ( 'NONE', #866 ) ;
#334 = ORIENTED_EDGE ( 'NONE', *, *, #1249, .T. ) ;
#335 = DIRECTION ( 'NONE',  ( 0.000000000000000000, 0.000000000000000000, 1.000000000000000000 ) ) ;
#336 = VERTEX_POINT ( 'NONE', #1888 ) ;
#337 = APPLICATION_CONTEXT ( 'automotive_design' ) ;
#338 = CARTESIAN_POINT ( 'NONE',  ( -7.743281890738405338, 2.000000000000000000, 11.05855259790189216 ) ) ;
#339 = CIRCLE ( 'NONE', #1313, 1.525000000000000355 ) ;
#340 = ORIENTED_EDGE ( 'NONE', *, *, #2380, .F. ) ;
#341 = CARTESIAN_POINT ( 'NONE',  ( -13.12632166458826255, -2.600000000000000089, -9.914208987618323476 ) ) ;
#342 = EDGE_CURVE ( 'NONE', #333, #1050, #435, .T. ) ;
#343 = DIRECTION ( 'NONE',  ( 0.000000000000000000, 0.000000000000000000, -1.000000000000000000 ) ) ;
#344 = ORIENTED_EDGE ( 'NONE', *, *, #2615, .T. ) ;
#345 = ADVANCED_FACE ( 'NONE', ( #814 ), #85, .F. ) ;
#346 = CYLINDRICAL_SURFACE ( 'NONE', #3110, 10.02499999999999858 ) ;
#347 = ORIENTED_EDGE ( 'NONE', *, *, #2896, .T. ) ;
#348 = DIRECTION ( 'NONE',  ( 0.000000000000000000, 0.000000000000000000, -1.000000000000000000 ) ) ;
#349 = CARTESIAN_POINT ( 'NONE',  ( 13.44862842423934346, 2.000000000000000000, 2.426602527095694128 ) ) ;
#350 = PLANE ( 'NONE',  #2206 ) ;
#351 = CARTESIAN_POINT ( 'NONE',  ( -10.01846749406552739, 2.000000000000000000, -11.63815186838624349 ) ) ;
#352 = ADVANCED_FACE ( 'NONE', ( #2390 ), #2980, .T. ) ;
#353 = ORIENTED_EDGE ( 'NONE', *, *, #3026, .T. ) ;
#354 = DIRECTION ( 'NONE',  ( 0.000000000000000000, 1.000000000000000000, 0.000000000000000000 ) ) ;
#355 = AXIS2_PLACEMENT_3D ( 'NONE', #3086, #1452, #2791 ) ;
#356 = AXIS2_PLACEMENT_3D ( 'NONE', #3357, #720, #1566 ) ;
#357 = CARTESIAN_POINT ( 'NONE',  ( 13.44862842423934346, -6.999999999999999112, -0.07339747290766225618 ) ) ;
#358 = CIRCLE ( 'NONE', #2730, 0.8000000000005363932 ) ;
#359 = AXIS2_PLACEMENT_3D ( 'NONE', #996, #2609, #2553 ) ;
#360 = LINE ( 'NONE', #2190, #38 ) ;
#361 = ORIENTED_EDGE ( 'NONE', *, *, #2180, .F. ) ;
#362 = EDGE_CURVE ( 'NONE', #775, #1848, #603, .T. ) ;
#363 = VECTOR ( 'NONE', #1042, 1000.000000000000000 ) ;
#364 = CARTESIAN_POINT ( 'NONE',  ( 10.39230484541402788, 2.500000000000000000, 5.999999999999557687 ) ) ;
#365 = ORIENTED_EDGE ( 'NONE', *, *, #2798, .T. ) ;
#366 = ORIENTED_EDGE ( 'NONE', *, *, #2912, .T. ) ;
#367 = LINE ( 'NONE', #3059, #1622 ) ;
#368 = CARTESIAN_POINT ( 'NONE',  ( 1.180538366302217756, 8.000000000000000000, 9.955247569281661768 ) ) ;
#369 = EDGE_CURVE ( 'NONE', #775, #1342, #3238, .T. ) ;
#370 = DIRECTION ( 'NONE',  ( 0.000000000000000000, 1.000000000000000000, 0.000000000000000000 ) ) ;
#371 = EDGE_LOOP ( 'NONE', ( #365, #1098, #301, #1240, #2387, #53, #530, #1423 ) ) ;
#372 = DIRECTION ( 'NONE',  ( 0.000000000000000000, 0.000000000000000000, -1.000000000000000000 ) ) ;
#373 = ORIENTED_EDGE ( 'NONE', *, *, #994, .T. ) ;
#374 = FACE_OUTER_BOUND ( 'NONE', #683, .T. ) ;
#375 = EDGE_CURVE ( 'NONE', #213, #594, #217, .T. ) ;
#376 = CARTESIAN_POINT ( 'NONE',  ( 13.44416589121839856, 8.000000000000000000, -5.431795604532193344 ) ) ;
#377 = CYLINDRICAL_SURFACE ( 'NONE', #2780, 10.02499999999999858 ) ;
#378 = ORIENTED_EDGE ( 'NONE', *, *, #272, .T. ) ;
#379 = VERTEX_POINT ( 'NONE', #2439 ) ;
#380 = DIRECTION ( 'NONE',  ( 0.000000000000000000, 0.000000000000000000, -1.000000000000000000 ) ) ;
#381 = CARTESIAN_POINT ( 'NONE',  ( -10.39230484541249844, 2.500000000000000000, 6.000000000000445866 ) ) ;
#382 = DIRECTION ( 'NONE',  ( -0.000000000000000000, -1.000000000000000000, -0.000000000000000000 ) ) ;
#383 = AXIS2_PLACEMENT_3D ( 'NONE', #644, #2490, #1742 ) ;
#384 = ADVANCED_FACE ( 'NONE', ( #2147, #2408, #326 ), #2131, .T. ) ;
#385 = ORIENTED_EDGE ( 'NONE', *, *, #837, .F. ) ;
#386 = AXIS2_PLACEMENT_3D ( 'NONE', #2994, #2213, #2421 ) ;
#387 = FACE_OUTER_BOUND ( 'NONE', #2507, .T. ) ;
#388 = DIRECTION ( 'NONE',  ( -0.000000000000000000, -1.000000000000000000, -0.000000000000000000 ) ) ;
#389 = CARTESIAN_POINT ( 'NONE',  ( 0.000000000000000000, -6.999999999999999112, 0.000000000000000000 ) ) ;
#390 = ADVANCED_FACE ( 'NONE', ( #2721, #2996, #2671 ), #1347, .T. ) ;
#391 = CARTESIAN_POINT ( 'NONE',  ( -5.705346533498579120, 16.00000000000000000, -12.23515512499426272 ) ) ;
#392 = EDGE_LOOP ( 'NONE', ( #1365, #340, #2111, #3163 ) ) ;
#393 = CARTESIAN_POINT ( 'NONE',  ( 15.18100274427624363, -2.600000000000000089, -6.397741121365816852 ) ) ;
#394 = ORIENTED_EDGE ( 'NONE', *, *, #2203, .F. ) ;
#395 = ORIENTED_EDGE ( 'NONE', *, *, #1511, .T. ) ;
#396 = DIRECTION ( 'NONE',  ( -1.000000000000000000, 0.000000000000000000, -1.671102966580887991E-12 ) ) ;
#397 = FACE_OUTER_BOUND ( 'NONE', #1577, .T. ) ;
#398 = LINE ( 'NONE', #2280, #1416 ) ;
#399 = VERTEX_POINT ( 'NONE', #576 ) ;
#400 = FACE_OUTER_BOUND ( 'NONE', #2817, .T. ) ;
#401 = EDGE_CURVE ( 'NONE', #2973, #1909, #1040, .T. ) ;
#402 = LINE ( 'NONE', #453, #65 ) ;
#403 = VERTEX_POINT ( 'NONE', #351 ) ;
#404 = DIRECTION ( 'NONE',  ( -0.000000000000000000, -1.000000000000000000, -0.000000000000000000 ) ) ;
#405 = AXIS2_PLACEMENT_3D ( 'NONE', #2661, #1111, #277 ) ;
#406 = AXIS2_PLACEMENT_3D ( 'NONE', #2064, #1839, #3384 ) ;
#407 = CARTESIAN_POINT ( 'NONE',  ( 5.705346533500335937, 2.000000000000000000, -13.48515512499614921 ) ) ;
#408 = EDGE_LOOP ( 'NONE', ( #1462, #3070, #725, #1798 ) ) ;
#409 = CIRCLE ( 'NONE', #1396, 1.525000000000000355 ) ;
#410 = CIRCLE ( 'NONE', #3116, 1.000000000000000000 ) ;
#411 = DIRECTION ( 'NONE',  ( 0.000000000000000000, 0.000000000000000000, 1.000000000000000000 ) ) ;
#412 = CIRCLE ( 'NONE', #37, 17.00000000000000000 ) ;
#413 = VECTOR ( 'NONE', #2517, 1000.000000000000000 ) ;
#414 = LINE ( 'NONE', #1457, #2785 ) ;
#415 = DIRECTION ( 'NONE',  ( 0.000000000000000000, 0.000000000000000000, -1.000000000000000000 ) ) ;
#416 = CIRCLE ( 'NONE', #2186, 0.9999999999999991118 ) ;
#417 = LINE ( 'NONE', #893, #1525 ) ;
#418 = AXIS2_PLACEMENT_3D ( 'NONE', #1311, #2377, #15 ) ;
#419 = VERTEX_POINT ( 'NONE', #69 ) ;
#420 = DIRECTION ( 'NONE',  ( 0.000000000000000000, 0.000000000000000000, -1.000000000000000000 ) ) ;
#421 = CARTESIAN_POINT ( 'NONE',  ( 2.018009963918880878, -6.999999999999999112, 17.35888699675865610 ) ) ;
#422 = EDGE_CURVE ( 'NONE', #2161, #1567, #3250, .T. ) ;
#423 = DIRECTION ( 'NONE',  ( -0.000000000000000000, -1.000000000000000000, -0.000000000000000000 ) ) ;
#424 = CARTESIAN_POINT ( 'NONE',  ( -11.39427085702105380, -6.000000000000012434, -8.914208987615426238 ) ) ;
#425 = EDGE_CURVE ( 'NONE', #1740, #16, #2751, .T. ) ;
#426 = ORIENTED_EDGE ( 'NONE', *, *, #3159, .F. ) ;
#427 = FACE_OUTER_BOUND ( 'NONE', #1614, .T. ) ;
#428 = ORIENTED_EDGE ( 'NONE', *, *, #2903, .F. ) ;
#429 = DIRECTION ( 'NONE',  ( -0.4999999999985526578, 0.000000000000000000, -0.8660254037852742615 ) ) ;
#430 = EDGE_LOOP ( 'NONE', ( #2376, #2099, #2750, #558 ) ) ;
#431 = CYLINDRICAL_SURFACE ( 'NONE', #497, 1.000000000000000000 ) ;
#432 = CARTESIAN_POINT ( 'NONE',  ( -2.018009963918992344, -6.000000000000009770, 14.35888699675190949 ) ) ;
#433 = EDGE_CURVE ( 'NONE', #1036, #3355, #852, .T. ) ;
#434 = EDGE_LOOP ( 'NONE', ( #4, #2359, #2270, #2737, #1026 ) ) ;
#435 = CIRCLE ( 'NONE', #818, 10.02499999999999858 ) ;
#436 = DIRECTION ( 'NONE',  ( -0.000000000000000000, -1.000000000000000000, -0.000000000000000000 ) ) ;
#437 = AXIS2_PLACEMENT_3D ( 'NONE', #1797, #1776, #486 ) ;
#438 = CYLINDRICAL_SURFACE ( 'NONE', #1094, 2.500000000000000444 ) ;
#439 = AXIS2_PLACEMENT_3D ( 'NONE', #1207, #2267, #3326 ) ;
#440 = ORIENTED_EDGE ( 'NONE', *, *, #3011, .T. ) ;
#441 = LINE ( 'NONE', #973, #3069 ) ;
#442 = CARTESIAN_POINT ( 'NONE',  ( 15.55658428700854579, 8.000000000000000000, -2.740679793994502234 ) ) ;
#443 = VERTEX_POINT ( 'NONE', #1328 ) ;
#444 = EDGE_CURVE ( 'NONE', #1627, #2048, #1907, .T. ) ;
#445 = CYLINDRICAL_SURFACE ( 'NONE', #359, 2.500000000000000444 ) ;
#446 = ORIENTED_EDGE ( 'NONE', *, *, #2188, .T. ) ;
#447 = CARTESIAN_POINT ( 'NONE',  ( 10.39230484541402788, 2.500000000000000000, 5.999999999999557687 ) ) ;
#448 =( NAMED_UNIT ( * ) PLANE_ANGLE_UNIT ( ) SI_UNIT ( $, .RADIAN. ) );
#449 = CARTESIAN_POINT ( 'NONE',  ( 0.000000000000000000, 8.000000000000000000, 0.000000000000000000 ) ) ;
#450 = ORIENTED_EDGE ( 'NONE', *, *, #2503, .T. ) ;
#451 = DIRECTION ( 'NONE',  ( -0.000000000000000000, -1.000000000000000000, -0.000000000000000000 ) ) ;
#452 = ADVANCED_FACE ( 'NONE', ( #113 ), #1252, .F. ) ;
#453 = CARTESIAN_POINT ( 'NONE',  ( -10.39230484541249844, 2.500000000000000000, 8.500000000000445866 ) ) ;
#454 = ORIENTED_EDGE ( 'NONE', *, *, #2227, .F. ) ;
#455 = DIRECTION ( 'NONE',  ( 0.000000000000000000, -1.000000000000000000, 0.000000000000000000 ) ) ;
#456 = CYLINDRICAL_SURFACE ( 'NONE', #29, 2.500000000000000444 ) ;
#457 = FACE_BOUND ( 'NONE', #1349, .T. ) ;
#458 = DIRECTION ( 'NONE',  ( 0.000000000000000000, 0.000000000000000000, -1.000000000000000000 ) ) ;
#459 = ORIENTED_EDGE ( 'NONE', *, *, #1140, .T. ) ;
#460 = VECTOR ( 'NONE', #2231, 1000.000000000000000 ) ;
#461 = CARTESIAN_POINT ( 'NONE',  ( 0.000000000000000000, -6.999999999999999112, 0.000000000000000000 ) ) ;
#462 = CIRCLE ( 'NONE', #90, 0.8000000000000012657 ) ;
#463 = EDGE_CURVE ( 'NONE', #209, #161, #1469, .T. ) ;
#464 = AXIS2_PLACEMENT_3D ( 'NONE', #447, #479, #2827 ) ;
#465 = DIRECTION ( 'NONE',  ( 0.000000000000000000, 0.000000000000000000, 1.000000000000000000 ) ) ;
#466 = LINE ( 'NONE', #1851, #3170 ) ;
#467 = ORIENTED_EDGE ( 'NONE', *, *, #2738, .F. ) ;
#468 = EDGE_CURVE ( 'NONE', #3073, #1275, #3423, .T. ) ;
#469 = CYLINDRICAL_SURFACE ( 'NONE', #708, 1.525000000000000355 ) ;
#470 = CONICAL_SURFACE ( 'NONE', #3231, 2.000000000000000000, 0.7853981633974526089 ) ;
#471 = DIRECTION ( 'NONE',  ( 0.000000000000000000, 0.000000000000000000, -1.000000000000000000 ) ) ;
#472 = AXIS2_PLACEMENT_3D ( 'NONE', #2818, #690, #2233 ) ;
#473 = ORIENTED_EDGE ( 'NONE', *, *, #1968, .T. ) ;
#474 = DIRECTION ( 'NONE',  ( 0.000000000000000000, 0.000000000000000000, -1.000000000000000000 ) ) ;
#475 = DIRECTION ( 'NONE',  ( 0.000000000000000000, 0.000000000000000000, -1.000000000000000000 ) ) ;
#476 = EDGE_CURVE ( 'NONE', #327, #516, #107, .T. ) ;
#477 = DIRECTION ( 'NONE',  ( 0.000000000000000000, 0.000000000000000000, 1.000000000000000000 ) ) ;
#478 = ORIENTED_EDGE ( 'NONE', *, *, #772, .F. ) ;
#479 = DIRECTION ( 'NONE',  ( -0.000000000000000000, -1.000000000000000000, -0.000000000000000000 ) ) ;
#480 = SURFACE_STYLE_USAGE ( .BOTH. , #282 ) ;
#481 = CARTESIAN_POINT ( 'NONE',  ( 11.71690112913514348, -6.000000000000009770, -4.397741121371607775 ) ) ;
#482 = LINE ( 'NONE', #1035, #1068 ) ;
#483 = ORIENTED_EDGE ( 'NONE', *, *, #701, .T. ) ;
#484 = DIRECTION ( 'NONE',  ( 0.000000000000000000, 0.000000000000000000, -1.000000000000000000 ) ) ;
#485 = ADVANCED_FACE ( 'NONE', ( #2020 ), #1748, .F. ) ;
#486 = DIRECTION ( 'NONE',  ( 0.000000000000000000, 0.000000000000000000, -1.000000000000000000 ) ) ;
#487 = AXIS2_PLACEMENT_3D ( 'NONE', #3356, #1034, #1546 ) ;
#488 = EDGE_LOOP ( 'NONE', ( #2849, #3247, #1161, #3382 ) ) ;
#489 = CYLINDRICAL_SURFACE ( 'NONE', #2401, 0.8000000000011036061 ) ;
#490 = AXIS2_PLACEMENT_3D ( 'NONE', #517, #3111, #3162 ) ;
#491 = ORIENTED_EDGE ( 'NONE', *, *, #401, .T. ) ;
#492 = DIRECTION ( 'NONE',  ( 0.000000000000000000, -0.000000000000000000, -1.000000000000000000 ) ) ;
#493 = VECTOR ( 'NONE', #729, 1000.000000000000114 ) ;
#494 = VERTEX_POINT ( 'NONE', #2248 ) ;
#495 = VECTOR ( 'NONE', #1814, 1000.000000000000000 ) ;
#496 = EDGE_CURVE ( 'NONE', #161, #209, #651, .T. ) ;
#497 = AXIS2_PLACEMENT_3D ( 'NONE', #2523, #1685, #3044 ) ;
#498 = CARTESIAN_POINT ( 'NONE',  ( -5.705346533498579120, 2.000000000000000000, -10.98515512499303171 ) ) ;
#499 = ORIENTED_EDGE ( 'NONE', *, *, #956, .F. ) ;
#500 = CARTESIAN_POINT ( 'NONE',  ( -2.018009963915649685, -2.600000000000000089, 12.35888699675191482 ) ) ;
#501 = FACE_OUTER_BOUND ( 'NONE', #2540, .T. ) ;
#502 = CARTESIAN_POINT ( 'NONE',  ( 0.000000000000000000, -57.64576289833876643, 0.000000000000000000 ) ) ;
#503 = ORIENTED_EDGE ( 'NONE', *, *, #577, .T. ) ;
#504 = CARTESIAN_POINT ( 'NONE',  ( 2.140070281509999712E-15, -57.64576289833876643, -17.47500000000000142 ) ) ;
#505 = DIRECTION ( 'NONE',  ( 0.000000000000000000, 0.000000000000000000, 1.000000000000000000 ) ) ;
#506 = ORIENTED_EDGE ( 'NONE', *, *, #1802, .T. ) ;
#507 = CARTESIAN_POINT ( 'NONE',  ( -2.018009963918992344, -6.999999999999999112, 14.35888699675190949 ) ) ;
#508 = EDGE_CURVE ( 'NONE', #1119, #166, #2589, .T. ) ;
#509 = VERTEX_POINT ( 'NONE', #2781 ) ;
#510 = CARTESIAN_POINT ( 'NONE',  ( 13.44416589121839856, 8.000000000000000000, -6.231795604533310495 ) ) ;
#511 = EDGE_LOOP ( 'NONE', ( #27, #1641, #2426, #861 ) ) ;
#512 = EDGE_CURVE ( 'NONE', #1050, #1618, #2214, .T. ) ;
#513 = CARTESIAN_POINT ( 'NONE',  ( 10.01846749406552917, 8.000000000000000000, -11.63815186838624349 ) ) ;
#514 = EDGE_LOOP ( 'NONE', ( #1862, #2350 ) ) ;
#515 = DIRECTION ( 'NONE',  ( 0.000000000000000000, 0.000000000000000000, 1.000000000000000000 ) ) ;
#516 = VERTEX_POINT ( 'NONE', #3288 ) ;
#517 = CARTESIAN_POINT ( 'NONE',  ( 0.000000000000000000, 2.500000000000000000, -12.00000000000000178 ) ) ;
#518 = AXIS2_PLACEMENT_3D ( 'NONE', #739, #2107, #519 ) ;
#519 = DIRECTION ( 'NONE',  ( 0.000000000000000000, 0.000000000000000000, -1.000000000000000000 ) ) ;
#520 = ORIENTED_EDGE ( 'NONE', *, *, #87, .T. ) ;
#521 = DIRECTION ( 'NONE',  ( -0.000000000000000000, -1.000000000000000000, -0.000000000000000000 ) ) ;
#522 = ADVANCED_FACE ( 'NONE', ( #1965 ), #3267, .F. ) ;
#523 = AXIS2_PLACEMENT_3D ( 'NONE', #1110, #2462, #2970 ) ;
#524 = CIRCLE ( 'NONE', #2893, 2.999999999999992450 ) ;
#525 = CARTESIAN_POINT ( 'NONE',  ( 13.44862842423934346, -6.999999999999999112, 1.176602527094015915 ) ) ;
#526 =( GEOMETRIC_REPRESENTATION_CONTEXT ( 3 ) GLOBAL_UNCERTAINTY_ASSIGNED_CONTEXT ( ( #33 ) ) GLOBAL_UNIT_ASSIGNED_CONTEXT ( ( #2555, #2815, #2611 ) ) REPRESENTATION_CONTEXT ( 'NONE', 'WORKASPACE' ) );
#527 = ORIENTED_EDGE ( 'NONE', *, *, #1107, .F. ) ;
#528 = FACE_OUTER_BOUND ( 'NONE', #619, .T. ) ;
#529 = AXIS2_PLACEMENT_3D ( 'NONE', #154, #2271, #693 ) ;
#530 = ORIENTED_EDGE ( 'NONE', *, *, #1351, .T. ) ;
#531 = EDGE_CURVE ( 'NONE', #1310, #1794, #3029, .T. ) ;
#532 = ORIENTED_EDGE ( 'NONE', *, *, #3243, .F. ) ;
#533 = PLANE ( 'NONE',  #41 ) ;
#534 = CARTESIAN_POINT ( 'NONE',  ( 11.70642936455880267, 2.000000000000000000, -12.32718587239583563 ) ) ;
#535 = VERTEX_POINT ( 'NONE', #2000 ) ;
#536 = DIRECTION ( 'NONE',  ( -0.000000000000000000, -1.000000000000000000, -0.000000000000000000 ) ) ;
#537 = ORIENTED_EDGE ( 'NONE', *, *, #1225, .T. ) ;
#538 = DIRECTION ( 'NONE',  ( 0.000000000000000000, 0.000000000000000000, -1.000000000000000000 ) ) ;
#539 = DIRECTION ( 'NONE',  ( 0.000000000000000000, 1.000000000000000000, 0.000000000000000000 ) ) ;
#540 = EDGE_CURVE ( 'NONE', #621, #2063, #417, .T. ) ;
#541 = ORIENTED_EDGE ( 'NONE', *, *, #869, .F. ) ;
#542 = CARTESIAN_POINT ( 'NONE',  ( -13.44862842423849081, 2.000000000000000000, 2.426602527094225525 ) ) ;
#543 = CIRCLE ( 'NONE', #487, 1.249999999999999334 ) ;
#544 = ORIENTED_EDGE ( 'NONE', *, *, #2624, .T. ) ;
#545 = CARTESIAN_POINT ( 'NONE',  ( 2.018009963923883543, -6.000000000000009770, 14.35888699675865787 ) ) ;
#546 = AXIS2_PLACEMENT_3D ( 'NONE', #1170, #661, #1464 ) ;
#547 = VERTEX_POINT ( 'NONE', #3063 ) ;
#548 = CARTESIAN_POINT ( 'NONE',  ( -13.44416589122502792, 8.000000000000000000, -5.431795604532898558 ) ) ;
#549 = ORIENTED_EDGE ( 'NONE', *, *, #1913, .F. ) ;
#550 = EDGE_CURVE ( 'NONE', #1582, #2990, #1460, .T. ) ;
#551 =( GEOMETRIC_REPRESENTATION_CONTEXT ( 3 ) GLOBAL_UNCERTAINTY_ASSIGNED_CONTEXT ( ( #642 ) ) GLOBAL_UNIT_ASSIGNED_CONTEXT ( ( #2881, #1770, #1301 ) ) REPRESENTATION_CONTEXT ( 'NONE', 'WORKASPACE' ) );
#552 = CARTESIAN_POINT ( 'NONE',  ( 10.39230484541402788, 8.000000000000000000, 5.999999999999557687 ) ) ;
#553 = ORIENTED_EDGE ( 'NONE', *, *, #2180, .T. ) ;
#554 = DIRECTION ( 'NONE',  ( 0.000000000000000000, 0.000000000000000000, 1.000000000000000000 ) ) ;
#555 = ORIENTED_EDGE ( 'NONE', *, *, #1659, .T. ) ;
#556 = FACE_OUTER_BOUND ( 'NONE', #285, .T. ) ;
#557 = CARTESIAN_POINT ( 'NONE',  ( 0.000000000000000000, 2.000000000000000000, 0.000000000000000000 ) ) ;
#558 = ORIENTED_EDGE ( 'NONE', *, *, #791, .F. ) ;
#559 = CARTESIAN_POINT ( 'NONE',  ( -15.55658428700901474, 8.000000000000000000, -2.740679793992554902 ) ) ;
#560 = ORIENTED_EDGE ( 'NONE', *, *, #2681, .F. ) ;
#561 = FACE_OUTER_BOUND ( 'NONE', #2284, .T. ) ;
#562 = EDGE_CURVE ( 'NONE', #535, #1456, #2423, .T. ) ;
#563 = CARTESIAN_POINT ( 'NONE',  ( -13.44862842423849081, 2.000000000000000000, 1.176602527094225970 ) ) ;
#564 = FACE_OUTER_BOUND ( 'NONE', #1108, .T. ) ;
#565 = ORIENTED_EDGE ( 'NONE', *, *, #3021, .T. ) ;
#566 = DIRECTION ( 'NONE',  ( -0.000000000000000000, -1.000000000000000000, -0.000000000000000000 ) ) ;
#567 = ORIENTED_EDGE ( 'NONE', *, *, #2371, .F. ) ;
#568 = DIRECTION ( 'NONE',  ( 0.000000000000000000, 1.000000000000000000, 0.000000000000000000 ) ) ;
#569 = ORIENTED_EDGE ( 'NONE', *, *, #170, .F. ) ;
#570 = ADVANCED_FACE ( 'NONE', ( #184 ), #2765, .F. ) ;
#571 = AXIS2_PLACEMENT_3D ( 'NONE', #1370, #1112, #77 ) ;
#572 = DIRECTION ( 'NONE',  ( -0.000000000000000000, -1.000000000000000000, -0.000000000000000000 ) ) ;
#573 = ORIENTED_EDGE ( 'NONE', *, *, #626, .F. ) ;
#574 = LINE ( 'NONE', #1151, #2430 ) ;
#575 = CONICAL_SURFACE ( 'NONE', #250, 2.000000000000000000, 0.7853981633974504994 ) ;
#576 = CARTESIAN_POINT ( 'NONE',  ( -2.018009963919514149, 8.000000000000000000, 15.15888699675300444 ) ) ;
#577 = EDGE_CURVE ( 'NONE', #2983, #884, #398, .T. ) ;
#578 = VERTEX_POINT ( 'NONE', #2749 ) ;
#579 = DIRECTION ( 'NONE',  ( -0.000000000000000000, -1.000000000000000000, -0.000000000000000000 ) ) ;
#580 = CIRCLE ( 'NONE', #2504, 1.249999999999999334 ) ;
#581 = CIRCLE ( 'NONE', #3398, 1.250000000001678435 ) ;
#582 = AXIS2_PLACEMENT_3D ( 'NONE', #2762, #636, #180 ) ;
#583 = CIRCLE ( 'NONE', #3402, 2.000000000000000000 ) ;
#584 = AXIS2_PLACEMENT_3D ( 'NONE', #2399, #842, #1356 ) ;
#585 = AXIS2_PLACEMENT_3D ( 'NONE', #54, #2150, #2984 ) ;
#586 = EDGE_CURVE ( 'NONE', #1618, #403, #872, .T. ) ;
#587 = FACE_OUTER_BOUND ( 'NONE', #2032, .T. ) ;
#588 = ORIENTED_EDGE ( 'NONE', *, *, #1011, .F. ) ;
#589 = CARTESIAN_POINT ( 'NONE',  ( 16.04702814806151068, -6.999999999999999112, -6.897741121364365569 ) ) ;
#590 = VERTEX_POINT ( 'NONE', #2506 ) ;
#591 = DIRECTION ( 'NONE',  ( -1.181555906896214785E-12, 0.7071067811865441310, 0.7071067811865507924 ) ) ;
#592 = ORIENTED_EDGE ( 'NONE', *, *, #3351, .T. ) ;
#593 = CARTESIAN_POINT ( 'NONE',  ( -13.44862842423849081, 2.000000000000000000, 1.176602527094225970 ) ) ;
#594 = VERTEX_POINT ( 'NONE', #2485 ) ;
#595 = CARTESIAN_POINT ( 'NONE',  ( 4.538768414483849156, 2.000000000000000000, 15.34273708565990368 ) ) ;
#596 = CARTESIAN_POINT ( 'NONE',  ( 14.02901818414591339, -6.999999999999999112, -10.39303690905991928 ) ) ;
#597 = CARTESIAN_POINT ( 'NONE',  ( 2.018009963927235084, -6.000000000000009770, 12.35888699675865965 ) ) ;
#598 = VERTEX_POINT ( 'NONE', #1165 ) ;
#599 = CARTESIAN_POINT ( 'NONE',  ( 0.000000000000000000, 8.673617379884035472E-16, 0.000000000000000000 ) ) ;
#600 = EDGE_CURVE ( 'NONE', #257, #243, #2806, .T. ) ;
#601 = DIRECTION ( 'NONE',  ( 0.000000000000000000, 1.000000000000000000, 0.000000000000000000 ) ) ;
#602 = DIRECTION ( 'NONE',  ( -0.000000000000000000, -1.000000000000000000, -0.000000000000000000 ) ) ;
#603 = CIRCLE ( 'NONE', #2202, 18.50000000000000000 ) ;
#604 = VERTEX_POINT ( 'NONE', #2883 ) ;
#605 = ADVANCED_FACE ( 'NONE', ( #1756, #2831, #1239 ), #2596, .T. ) ;
#606 = AXIS2_PLACEMENT_3D ( 'NONE', #2372, #1272, #1514 ) ;
#607 = DIRECTION ( 'NONE',  ( 0.000000000000000000, -0.7071067811865460184, -0.7071067811865489050 ) ) ;
#608 = EDGE_LOOP ( 'NONE', ( #2602, #1104, #2075, #1702 ) ) ;
#609 = DIRECTION ( 'NONE',  ( 0.000000000000000000, 1.000000000000000000, 0.000000000000000000 ) ) ;
#610 = FACE_OUTER_BOUND ( 'NONE', #2336, .T. ) ;
#611 = CIRCLE ( 'NONE', #1317, 1.525000000000000355 ) ;
#612 = DIRECTION ( 'NONE',  ( 0.000000000000000000, -1.000000000000000000, 0.000000000000000000 ) ) ;
#613 = DIRECTION ( 'NONE',  ( 0.000000000000000000, 0.000000000000000000, 1.000000000000000000 ) ) ;
#614 = ORIENTED_EDGE ( 'NONE', *, *, #2931, .F. ) ;
#615 = LINE ( 'NONE', #1663, #2963 ) ;
#616 = EDGE_CURVE ( 'NONE', #3099, #3241, #543, .T. ) ;
#617 = DIRECTION ( 'NONE',  ( 0.000000000000000000, 0.000000000000000000, -1.000000000000000000 ) ) ;
#618 = EDGE_CURVE ( 'NONE', #3205, #1744, #982, .T. ) ;
#619 = EDGE_LOOP ( 'NONE', ( #3332, #1003, #3168, #954 ) ) ;
#620 = DIRECTION ( 'NONE',  ( -0.000000000000000000, -1.000000000000000000, -0.000000000000000000 ) ) ;
#621 = VERTEX_POINT ( 'NONE', #738 ) ;
#622 = ORIENTED_EDGE ( 'NONE', *, *, #2440, .T. ) ;
#623 = FACE_BOUND ( 'NONE', #909, .T. ) ;
#624 = DIRECTION ( 'NONE',  ( 0.000000000000000000, 1.000000000000000000, 0.000000000000000000 ) ) ;
#625 = DIRECTION ( 'NONE',  ( 0.000000000000000000, 0.000000000000000000, 1.000000000000000000 ) ) ;
#626 = EDGE_CURVE ( 'NONE', #516, #1124, #1510, .T. ) ;
#627 = EDGE_LOOP ( 'NONE', ( #1994, #2132, #503, #592 ) ) ;
#628 = LINE ( 'NONE', #854, #2407 ) ;
#629 = AXIS2_PLACEMENT_3D ( 'NONE', #2904, #2053, #1527 ) ;
#630 = CIRCLE ( 'NONE', #960, 1.525000000000000355 ) ;
#631 = DIRECTION ( 'NONE',  ( 1.000000000000000000, 0.000000000000000000, 1.671102966580887587E-12 ) ) ;
#632 = CIRCLE ( 'NONE', #2236, 4.525000000000000355 ) ;
#633 = EDGE_CURVE ( 'NONE', #1270, #1579, #2579, .T. ) ;
#634 = CARTESIAN_POINT ( 'NONE',  ( 11.42615592730280660, 8.000000000000000000, -8.927091392227735511 ) ) ;
#635 = ORIENTED_EDGE ( 'NONE', *, *, #747, .F. ) ;
#636 = DIRECTION ( 'NONE',  ( 0.000000000000000000, -1.000000000000000000, 0.000000000000000000 ) ) ;
#637 = FACE_OUTER_BOUND ( 'NONE', #1064, .T. ) ;
#638 = DIRECTION ( 'NONE',  ( -0.6123724356963868853, 0.7071067811865452413, 0.3535533905922523257 ) ) ;
#639 = LINE ( 'NONE', #3064, #2890 ) ;
#640 = EDGE_LOOP ( 'NONE', ( #2441, #1360, #2256, #2991, #972, #2487 ) ) ;
#641 = CARTESIAN_POINT ( 'NONE',  ( -13.44416589122502792, 8.000000000000000000, -5.431795604532898558 ) ) ;
#642 = UNCERTAINTY_MEASURE_WITH_UNIT (LENGTH_MEASURE( 1.000000000000000082E-05 ), #2881, 'distance_accuracy_value', 'NONE');
#643 = EDGE_CURVE ( 'NONE', #1844, #1582, #1646, .T. ) ;
#644 = CARTESIAN_POINT ( 'NONE',  ( 10.39230484541402788, 2.500000000000000000, 5.999999999999557687 ) ) ;
#645 = ORIENTED_EDGE ( 'NONE', *, *, #1196, .F. ) ;
#646 = CARTESIAN_POINT ( 'NONE',  ( 0.000000000000000000, 2.500000000000000000, -12.00000000000000178 ) ) ;
#647 = CARTESIAN_POINT ( 'NONE',  ( 0.000000000000000000, 8.000000000000000000, -12.00000000000000178 ) ) ;
#648 = ORIENTED_EDGE ( 'NONE', *, *, #207, .F. ) ;
#649 = FACE_OUTER_BOUND ( 'NONE', #2313, .T. ) ;
#650 = EDGE_LOOP ( 'NONE', ( #308, #1955, #1831, #1553 ) ) ;
#651 = CIRCLE ( 'NONE', #2857, 2.500000000000000444 ) ;
#652 = CARTESIAN_POINT ( 'NONE',  ( 10.39230484541402788, 2.000000000000000000, 5.999999999999557687 ) ) ;
#653 = VERTEX_POINT ( 'NONE', #3131 ) ;
#654 = CARTESIAN_POINT ( 'NONE',  ( 9.698891165219546195, -6.000000000000009770, -7.893036909067157048 ) ) ;
#655 = ORIENTED_EDGE ( 'NONE', *, *, #3386, .T. ) ;
#656 = ADVANCED_FACE ( 'NONE', ( #2052, #1526 ), #2302, .T. ) ;
#657 = DIRECTION ( 'NONE',  ( 0.000000000000000000, 0.000000000000000000, -1.000000000000000000 ) ) ;
#658 = DIRECTION ( 'NONE',  ( 0.000000000000000000, 0.000000000000000000, 1.000000000000000000 ) ) ;
#659 = ORIENTED_EDGE ( 'NONE', *, *, #3026, .F. ) ;
#660 = CARTESIAN_POINT ( 'NONE',  ( 8.832865761434275598, -6.999999999999999112, -7.393036909068609219 ) ) ;
#661 = DIRECTION ( 'NONE',  ( 0.000000000000000000, 1.000000000000000000, 0.000000000000000000 ) ) ;
#662 = DIRECTION ( 'NONE',  ( 0.000000000000000000, 0.000000000000000000, 1.000000000000000000 ) ) ;
#663 = ORIENTED_EDGE ( 'NONE', *, *, #643, .T. ) ;
#664 = LINE ( 'NONE', #1716, #1500 ) ;
#665 = VERTEX_POINT ( 'NONE', #776 ) ;
#666 = CARTESIAN_POINT ( 'NONE',  ( 7.743281890740514761, 16.00000000000000000, 11.05855259790241085 ) ) ;
#667 = CARTESIAN_POINT ( 'NONE',  ( 10.39230484541402788, 2.000000000000000000, 5.999999999999557687 ) ) ;
#668 = ADVANCED_FACE ( 'NONE', ( #1792 ), #983, .F. ) ;
#669 = CARTESIAN_POINT ( 'NONE',  ( 10.39230484541402788, 2.000000000000000000, 5.999999999999557687 ) ) ;
#670 = DIRECTION ( 'NONE',  ( -0.000000000000000000, -1.000000000000000000, -0.000000000000000000 ) ) ;
#671 = ORIENTED_EDGE ( 'NONE', *, *, #2974, .T. ) ;
#672 = CARTESIAN_POINT ( 'NONE',  ( 5.705346533500335937, 16.00000000000000000, -12.23515512499498747 ) ) ;
#673 = EDGE_CURVE ( 'NONE', #3150, #1651, #1253, .T. ) ;
#674 = CARTESIAN_POINT ( 'NONE',  ( 0.000000000000000000, 2.500000000000000000, -12.00000000000000178 ) ) ;
#675 = CARTESIAN_POINT ( 'NONE',  ( -13.12632166458826255, -6.000000000000012434, -9.914208987618323476 ) ) ;
#676 = VECTOR ( 'NONE', #3315, 1000.000000000000000 ) ;
#677 = DIRECTION ( 'NONE',  ( 0.000000000000000000, 0.000000000000000000, -1.000000000000000000 ) ) ;
#678 = ORIENTED_EDGE ( 'NONE', *, *, #2089, .T. ) ;
#679 = AXIS2_PLACEMENT_3D ( 'NONE', #2444, #1353, #88 ) ;
#680 = CIRCLE ( 'NONE', #35, 0.8000000000011036061 ) ;
#681 = EDGE_CURVE ( 'NONE', #2772, #1834, #1419, .T. ) ;
#682 = FACE_OUTER_BOUND ( 'NONE', #1374, .T. ) ;
#683 = EDGE_LOOP ( 'NONE', ( #2875, #778 ) ) ;
#684 = DIRECTION ( 'NONE',  ( -0.000000000000000000, 1.000000000000000000, -0.000000000000000000 ) ) ;
#685 = DIRECTION ( 'NONE',  ( -0.000000000000000000, -1.000000000000000000, -0.000000000000000000 ) ) ;
#686 = VECTOR ( 'NONE', #1158, 1000.000000000000000 ) ;
#687 = DIRECTION ( 'NONE',  ( 0.5000000000014476198, 0.000000000000000000, -0.8660254037836028207 ) ) ;
#688 = AXIS2_PLACEMENT_3D ( 'NONE', #3100, #2285, #168 ) ;
#689 = EDGE_LOOP ( 'NONE', ( #1584, #1950, #2054, #1942 ) ) ;
#690 = DIRECTION ( 'NONE',  ( 0.000000000000000000, -1.000000000000000000, 0.000000000000000000 ) ) ;
#691 = FACE_OUTER_BOUND ( 'NONE', #1154, .T. ) ;
#692 = ORIENTED_EDGE ( 'NONE', *, *, #2431, .T. ) ;
#693 = DIRECTION ( 'NONE',  ( 0.000000000000000000, 0.000000000000000000, 1.000000000000000000 ) ) ;
#694 = EDGE_CURVE ( 'NONE', #2804, #958, #3366, .T. ) ;
#695 = FACE_OUTER_BOUND ( 'NONE', #514, .T. ) ;
#696 = VERTEX_POINT ( 'NONE', #229 ) ;
#697 = DIRECTION ( 'NONE',  ( 0.000000000000000000, 0.000000000000000000, 1.000000000000000000 ) ) ;
#698 = EDGE_LOOP ( 'NONE', ( #1889, #2630, #2211, #373 ) ) ;
#699 = CARTESIAN_POINT ( 'NONE',  ( 14.02901818414591517, -6.999999999999999112, -10.39303690905991751 ) ) ;
#700 = CARTESIAN_POINT ( 'NONE',  ( 10.39230484541402788, 18.00000000000000355, 5.999999999999557687 ) ) ;
#701 = EDGE_CURVE ( 'NONE', #3150, #2172, #1268, .T. ) ;
#702 = AXIS2_PLACEMENT_3D ( 'NONE', #100, #1139, #1380 ) ;
#703 = DIRECTION ( 'NONE',  ( 0.000000000000000000, 0.000000000000000000, -1.000000000000000000 ) ) ;
#704 = VERTEX_POINT ( 'NONE', #3413 ) ;
#705 = DIRECTION ( 'NONE',  ( 0.000000000000000000, -1.000000000000000000, 0.000000000000000000 ) ) ;
#706 = AXIS2_PLACEMENT_3D ( 'NONE', #1005, #1515, #3117 ) ;
#707 = CARTESIAN_POINT ( 'NONE',  ( 0.000000000000000000, -6.999999999999999112, -5.525000000000016342 ) ) ;
#708 = AXIS2_PLACEMENT_3D ( 'NONE', #3378, #2076, #2850 ) ;
#709 = DIRECTION ( 'NONE',  ( -0.000000000000000000, -1.000000000000000000, -0.000000000000000000 ) ) ;
#710 = CIRCLE ( 'NONE', #2538, 10.02499999999999858 ) ;
#711 = EDGE_CURVE ( 'NONE', #2172, #2938, #3392, .T. ) ;
#712 = PLANE ( 'NONE',  #1623 ) ;
#713 = FACE_BOUND ( 'NONE', #2610, .T. ) ;
#714 = ADVANCED_FACE ( 'NONE', ( #501 ), #1303, .F. ) ;
#715 = LINE ( 'NONE', #1031, #1617 ) ;
#716 = ORIENTED_EDGE ( 'NONE', *, *, #3053, .F. ) ;
#717 = DIRECTION ( 'NONE',  ( -0.5000000000014479529, 0.000000000000000000, 0.8660254037836027097 ) ) ;
#718 = ORIENTED_EDGE ( 'NONE', *, *, #1729, .F. ) ;
#719 = DIRECTION ( 'NONE',  ( -0.6123724356963869964, -0.7071067811865453523, 0.3535533905922517706 ) ) ;
#720 = DIRECTION ( 'NONE',  ( 0.000000000000000000, 1.000000000000000000, 0.000000000000000000 ) ) ;
#721 = VERTEX_POINT ( 'NONE', #1829 ) ;
#722 = DIRECTION ( 'NONE',  ( -0.000000000000000000, -1.000000000000000000, -0.000000000000000000 ) ) ;
#723 = CARTESIAN_POINT ( 'NONE',  ( 13.44416589121839856, -2.600000000000000089, -4.631795604531075305 ) ) ;
#724 = EDGE_CURVE ( 'NONE', #1567, #2161, #1754, .T. ) ;
#725 = ORIENTED_EDGE ( 'NONE', *, *, #1757, .F. ) ;
#726 = CARTESIAN_POINT ( 'NONE',  ( -13.99234706837185804, -6.999999999999999112, -10.41420898761976410 ) ) ;
#727 = AXIS2_PLACEMENT_3D ( 'NONE', #221, #1745, #2028 ) ;
#728 = CARTESIAN_POINT ( 'NONE',  ( 7.743281890740514761, 2.000000000000000000, 11.05855259790241085 ) ) ;
#729 = DIRECTION ( 'NONE',  ( -0.6123724356963879956, 0.7071067811865450192, 0.3535533905922509379 ) ) ;
#730 = CIRCLE ( 'NONE', #2342, 2.500000000000000444 ) ;
#731 = CARTESIAN_POINT ( 'NONE',  ( -5.705346533498579120, 2.000000000000000000, -12.23515512499426272 ) ) ;
#732 = ORIENTED_EDGE ( 'NONE', *, *, #425, .T. ) ;
#733 = CIRCLE ( 'NONE', #2343, 1.000000000000000000 ) ;
#734 = DIRECTION ( 'NONE',  ( 0.000000000000000000, 0.000000000000000000, -1.000000000000000000 ) ) ;
#735 = ADVANCED_FACE ( 'NONE', ( #284 ), #2174, .T. ) ;
#736 = AXIS2_PLACEMENT_3D ( 'NONE', #2049, #1507, #2576 ) ;
#737 = AXIS2_PLACEMENT_3D ( 'NONE', #2364, #839, #2101 ) ;
#738 = CARTESIAN_POINT ( 'NONE',  ( 7.743281890740514761, 2.000000000000000000, 12.30855259790405398 ) ) ;
#739 = CARTESIAN_POINT ( 'NONE',  ( 0.000000000000000000, 8.000000000000000000, 0.000000000000000000 ) ) ;
#740 = VERTEX_POINT ( 'NONE', #808 ) ;
#741 = CARTESIAN_POINT ( 'NONE',  ( 15.18100274427624363, -6.000000000000009770, -6.397741121365816852 ) ) ;
#742 = VECTOR ( 'NONE', #1321, 1000.000000000000114 ) ;
#743 = CARTESIAN_POINT ( 'NONE',  ( 5.705346533500335937, -6.999999999999999112, -10.98515512499382574 ) ) ;
#744 = AXIS2_PLACEMENT_3D ( 'NONE', #1741, #2305, #986 ) ;
#745 = ORIENTED_EDGE ( 'NONE', *, *, #2830, .F. ) ;
#746 = FACE_OUTER_BOUND ( 'NONE', #627, .T. ) ;
#747 = EDGE_CURVE ( 'NONE', #1821, #1559, #1369, .T. ) ;
#748 = EDGE_LOOP ( 'NONE', ( #2245, #1376, #3105, #454 ) ) ;
#749 = DIRECTION ( 'NONE',  ( 0.000000000000000000, 1.000000000000000000, 0.000000000000000000 ) ) ;
#750 = EDGE_LOOP ( 'NONE', ( #2662, #3403, #781, #2527 ) ) ;
#751 = DIRECTION ( 'NONE',  ( -0.000000000000000000, -1.000000000000000000, -0.000000000000000000 ) ) ;
#752 = ORIENTED_EDGE ( 'NONE', *, *, #2113, .F. ) ;
#753 = FILL_AREA_STYLE ('',( #2646 ) ) ;
#754 = DIRECTION ( 'NONE',  ( 0.5000000000014479529, -0.000000000000000000, -0.8660254037836027097 ) ) ;
#755 = EDGE_LOOP ( 'NONE', ( #467, #3102, #334, #950 ) ) ;
#756 = EDGE_CURVE ( 'NONE', #1275, #3073, #3425, .T. ) ;
#757 = DIRECTION ( 'NONE',  ( -0.000000000000000000, -1.000000000000000000, -0.000000000000000000 ) ) ;
#758 = EDGE_LOOP ( 'NONE', ( #2535, #1448 ) ) ;
#759 = FACE_OUTER_BOUND ( 'NONE', #392, .T. ) ;
#760 = CARTESIAN_POINT ( 'NONE',  ( 0.000000000000000000, 2.000000000000000000, 0.000000000000000000 ) ) ;
#761 = AXIS2_PLACEMENT_3D ( 'NONE', #432, #1411, #3078 ) ;
#762 = EDGE_CURVE ( 'NONE', #3388, #2649, #2152, .T. ) ;
#763 = ORIENTED_EDGE ( 'NONE', *, *, #2411, .T. ) ;
#764 = DIRECTION ( 'NONE',  ( 0.000000000000000000, 1.000000000000000000, 0.000000000000000000 ) ) ;
#765 = ORIENTED_EDGE ( 'NONE', *, *, #2758, .T. ) ;
#766 = CARTESIAN_POINT ( 'NONE',  ( 13.44416589121839856, -2.600000000000000089, -5.431795604532193344 ) ) ;
#767 = AXIS2_PLACEMENT_3D ( 'NONE', #1024, #1817, #2871 ) ;
#768 = CARTESIAN_POINT ( 'NONE',  ( -10.39230484541249844, 2.500000000000000444, 6.000000000000445866 ) ) ;
#769 = AXIS2_PLACEMENT_3D ( 'NONE', #2488, #936, #1987 ) ;
#770 = EDGE_CURVE ( 'NONE', #2097, #704, #1591, .T. ) ;
#771 = DIRECTION ( 'NONE',  ( -0.000000000000000000, 1.000000000000000000, -0.000000000000000000 ) ) ;
#772 = EDGE_CURVE ( 'NONE', #2119, #2244, #2985, .T. ) ;
#773 = ORIENTED_EDGE ( 'NONE', *, *, #1948, .F. ) ;
#774 = CYLINDRICAL_SURFACE ( 'NONE', #312, 2.000000000000000000 ) ;
#775 = VERTEX_POINT ( 'NONE', #47 ) ;
#776 = CARTESIAN_POINT ( 'NONE',  ( -16.52887080494708272, 2.000000000000000000, -3.974472281117090056 ) ) ;
#777 = DIRECTION ( 'NONE',  ( 0.000000000000000000, 0.000000000000000000, 1.000000000000000000 ) ) ;
#778 = ORIENTED_EDGE ( 'NONE', *, *, #2318, .T. ) ;
#779 = DIRECTION ( 'NONE',  ( -0.000000000000000000, -1.000000000000000000, -0.000000000000000000 ) ) ;
#780 = FACE_OUTER_BOUND ( 'NONE', #1606, .T. ) ;
#781 = ORIENTED_EDGE ( 'NONE', *, *, #1686, .T. ) ;
#782 = DIRECTION ( 'NONE',  ( 0.000000000000000000, 0.000000000000000000, -1.000000000000000000 ) ) ;
#783 = EDGE_CURVE ( 'NONE', #3157, #1245, #1101, .T. ) ;
#784 = ORIENTED_EDGE ( 'NONE', *, *, #948, .F. ) ;
#785 = DIRECTION ( 'NONE',  ( 0.000000000000000000, 0.000000000000000000, -1.000000000000000000 ) ) ;
#786 = CARTESIAN_POINT ( 'NONE',  ( -9.662220049453850379, -6.000000000000012434, -7.914208987612529000 ) ) ;
#787 = EDGE_LOOP ( 'NONE', ( #1437, #1597 ) ) ;
#788 = SURFACE_STYLE_FILL_AREA ( #2366 ) ;
#789 = ORIENTED_EDGE ( 'NONE', *, *, #1575, .F. ) ;
#790 = AXIS2_PLACEMENT_3D ( 'NONE', #2876, #1061, #2100 ) ;
#791 = EDGE_CURVE ( 'NONE', #3318, #1371, #3232, .T. ) ;
#792 = DIRECTION ( 'NONE',  ( 0.000000000000000000, 1.000000000000000000, 0.000000000000000000 ) ) ;
#793 = AXIS2_PLACEMENT_3D ( 'NONE', #502, #2613, #1288 ) ;
#794 = DIRECTION ( 'NONE',  ( -0.000000000000000000, -1.000000000000000000, -0.000000000000000000 ) ) ;
#795 = ORIENTED_EDGE ( 'NONE', *, *, #2768, .T. ) ;
#796 = DIRECTION ( 'NONE',  ( 0.000000000000000000, 1.000000000000000000, 0.000000000000000000 ) ) ;
#797 = VECTOR ( 'NONE', #3265, 1000.000000000000114 ) ;
#798 = CIRCLE ( 'NONE', #1074, 2.999999999999992450 ) ;
#799 = CARTESIAN_POINT ( 'NONE',  ( -11.39427085702105380, -6.000000000000012434, -10.91420898761542624 ) ) ;
#800 = CIRCLE ( 'NONE', #2841, 5.525000000000016342 ) ;
#801 = ORIENTED_EDGE ( 'NONE', *, *, #2514, .F. ) ;
#802 = CARTESIAN_POINT ( 'NONE',  ( 0.000000000000000000, 2.000000000000000000, 0.000000000000000000 ) ) ;
#803 = ORIENTED_EDGE ( 'NONE', *, *, #215, .F. ) ;
#804 = DIRECTION ( 'NONE',  ( 0.000000000000000000, 0.000000000000000000, 1.000000000000000000 ) ) ;
#805 = EDGE_CURVE ( 'NONE', #2472, #133, #2402, .T. ) ;
#806 = ORIENTED_EDGE ( 'NONE', *, *, #711, .T. ) ;
#807 = CARTESIAN_POINT ( 'NONE',  ( 0.000000000000000000, -2.499999999999999556, 0.000000000000000000 ) ) ;
#808 = CARTESIAN_POINT ( 'NONE',  ( -10.39230484541249844, 2.500000000000000444, 7.525000000000446221 ) ) ;
#809 = EDGE_LOOP ( 'NONE', ( #440, #2138 ) ) ;
#810 = ADVANCED_FACE ( 'NONE', ( #2665 ), #80, .F. ) ;
#811 = CARTESIAN_POINT ( 'NONE',  ( 10.39230484541402788, 2.500000000000000000, 3.499999999999557243 ) ) ;
#812 = ORIENTED_EDGE ( 'NONE', *, *, #3171, .F. ) ;
#813 = LINE ( 'NONE', #3135, #2536 ) ;
#814 = FACE_OUTER_BOUND ( 'NONE', #1211, .T. ) ;
#815 = EDGE_CURVE ( 'NONE', #3233, #62, #1655, .T. ) ;
#816 = VERTEX_POINT ( 'NONE', #2192 ) ;
#817 = LINE ( 'NONE', #3404, #2069 ) ;
#818 = AXIS2_PLACEMENT_3D ( 'NONE', #1920, #3188, #834 ) ;
#819 = ORIENTED_EDGE ( 'NONE', *, *, #2431, .F. ) ;
#820 = DIRECTION ( 'NONE',  ( 0.000000000000000000, 1.000000000000000000, 0.000000000000000000 ) ) ;
#821 = VECTOR ( 'NONE', #211, 1000.000000000000000 ) ;
#822 = EDGE_CURVE ( 'NONE', #2640, #327, #1359, .T. ) ;
#823 = AXIS2_PLACEMENT_3D ( 'NONE', #2529, #1691, #3050 ) ;
#824 = FACE_OUTER_BOUND ( 'NONE', #144, .T. ) ;
#825 = ORIENTED_EDGE ( 'NONE', *, *, #2774, .T. ) ;
#826 = CIRCLE ( 'NONE', #116, 10.02499999999999858 ) ;
#827 = DIRECTION ( 'NONE',  ( -0.000000000000000000, -1.000000000000000000, -0.000000000000000000 ) ) ;
#828 = EDGE_CURVE ( 'NONE', #653, #2983, #2289, .T. ) ;
#829 = DIRECTION ( 'NONE',  ( 0.000000000000000000, -1.000000000000000000, 0.000000000000000000 ) ) ;
#830 = ORIENTED_EDGE ( 'NONE', *, *, #1011, .T. ) ;
#831 = DIRECTION ( 'NONE',  ( 0.000000000000000000, 1.000000000000000000, 0.000000000000000000 ) ) ;
#832 = VERTEX_POINT ( 'NONE', #3197 ) ;
#833 = CARTESIAN_POINT ( 'NONE',  ( -5.705346533498579120, 16.00000000000000000, -13.48515512499549374 ) ) ;
#834 = DIRECTION ( 'NONE',  ( 0.000000000000000000, 0.000000000000000000, 1.000000000000000000 ) ) ;
#835 = ORIENTED_EDGE ( 'NONE', *, *, #1081, .T. ) ;
#836 = DIRECTION ( 'NONE',  ( -0.000000000000000000, -1.000000000000000000, -0.000000000000000000 ) ) ;
#837 = EDGE_CURVE ( 'NONE', #25, #547, #630, .T. ) ;
#838 = DIRECTION ( 'NONE',  ( 0.000000000000000000, 0.000000000000000000, 1.000000000000000000 ) ) ;
#839 = DIRECTION ( 'NONE',  ( -0.000000000000000000, -1.000000000000000000, -0.000000000000000000 ) ) ;
#840 = DIRECTION ( 'NONE',  ( -0.000000000000000000, -1.000000000000000000, -0.000000000000000000 ) ) ;
#841 = ORIENTED_EDGE ( 'NONE', *, *, #104, .F. ) ;
#842 = DIRECTION ( 'NONE',  ( -1.671102966580887587E-12, 0.000000000000000000, 1.000000000000000000 ) ) ;
#843 = ORIENTED_EDGE ( 'NONE', *, *, #600, .T. ) ;
#844 = LINE ( 'NONE', #1897, #1341 ) ;
#845 = ORIENTED_EDGE ( 'NONE', *, *, #1855, .T. ) ;
#846 = VECTOR ( 'NONE', #602, 1000.000000000000000 ) ;
#847 = DIRECTION ( 'NONE',  ( 0.000000000000000000, 0.000000000000000000, -1.000000000000000000 ) ) ;
#848 = ORIENTED_EDGE ( 'NONE', *, *, #3351, .F. ) ;
#849 = EDGE_CURVE ( 'NONE', #2420, #1834, #2939, .T. ) ;
#850 = CARTESIAN_POINT ( 'NONE',  ( 11.42615592730280660, -2.600000000000000089, -9.727091392228839339 ) ) ;
#851 = CIRCLE ( 'NONE', #1338, 18.50000000000000000 ) ;
#852 = LINE ( 'NONE', #3251, #2367 ) ;
#853 = ORIENTED_EDGE ( 'NONE', *, *, #3309, .T. ) ;
#854 = CARTESIAN_POINT ( 'NONE',  ( 5.705346533500335937, 16.00000000000000000, -10.98515512499382574 ) ) ;
#855 = CIRCLE ( 'NONE', #3339, 10.02499999999999858 ) ;
#856 = VECTOR ( 'NONE', #2225, 1000.000000000000000 ) ;
#857 = CARTESIAN_POINT ( 'NONE',  ( 11.42615592730280660, -5.569848480986660633, -8.127091392226633459 ) ) ;
#858 = EDGE_CURVE ( 'NONE', #1036, #1192, #462, .T. ) ;
#859 = VECTOR ( 'NONE', #1266, 1000.000000000000000 ) ;
#860 = DIRECTION ( 'NONE',  ( 0.000000000000000000, 1.000000000000000000, 0.000000000000000000 ) ) ;
#861 = ORIENTED_EDGE ( 'NONE', *, *, #1470, .F. ) ;
#862 = CARTESIAN_POINT ( 'NONE',  ( 15.18100274427624363, -2.600000000000000089, -6.397741121365816852 ) ) ;
#863 = DIRECTION ( 'NONE',  ( 0.000000000000000000, 1.000000000000000000, 0.000000000000000000 ) ) ;
#864 = LINE ( 'NONE', #2923, #280 ) ;
#865 = EDGE_CURVE ( 'NONE', #72, #1472, #1634, .T. ) ;
#866 = CARTESIAN_POINT ( 'NONE',  ( -9.211766479112096562, 8.000000000000000000, -3.955247569281433062 ) ) ;
#867 = ORIENTED_EDGE ( 'NONE', *, *, #1001, .T. ) ;
#868 = DIRECTION ( 'NONE',  ( 0.000000000000000000, 0.000000000000000000, -1.000000000000000000 ) ) ;
#869 = EDGE_CURVE ( 'NONE', #696, #1559, #844, .T. ) ;
#870 = CARTESIAN_POINT ( 'NONE',  ( 13.44895193670569356, -6.999999999999999112, -5.397741121368710537 ) ) ;
#871 = CARTESIAN_POINT ( 'NONE',  ( 0.000000000000000000, 8.000000000000000000, -12.00000000000000178 ) ) ;
#872 = CIRCLE ( 'NONE', #1808, 10.02499999999999858 ) ;
#873 = ORIENTED_EDGE ( 'NONE', *, *, #3141, .F. ) ;
#874 = EDGE_LOOP ( 'NONE', ( #1231, #3216, #2315, #2409 ) ) ;
#875 = CIRCLE ( 'NONE', #3146, 1.525000000000000355 ) ;
#876 = EDGE_CURVE ( 'NONE', #2309, #3241, #2744, .T. ) ;
#877 = AXIS2_PLACEMENT_3D ( 'NONE', #1327, #521, #268 ) ;
#878 = CARTESIAN_POINT ( 'NONE',  ( 13.44862842423934346, 16.00000000000000000, 2.426602527095694128 ) ) ;
#879 = ORIENTED_EDGE ( 'NONE', *, *, #701, .F. ) ;
#880 = VERTEX_POINT ( 'NONE', #1160 ) ;
#881 = DIRECTION ( 'NONE',  ( -0.000000000000000000, -1.000000000000000000, -0.000000000000000000 ) ) ;
#882 = CYLINDRICAL_SURFACE ( 'NONE', #3090, 1.000000000000000000 ) ;
#883 = DIRECTION ( 'NONE',  ( 0.000000000000000000, 1.000000000000000000, 0.000000000000000000 ) ) ;
#884 = VERTEX_POINT ( 'NONE', #3041 ) ;
#885 = CARTESIAN_POINT ( 'NONE',  ( -2.018009963919514149, -5.569848480986660633, 15.15888699675300444 ) ) ;
#886 = ORIENTED_EDGE ( 'NONE', *, *, #2047, .F. ) ;
#887 = EDGE_CURVE ( 'NONE', #2232, #2414, #1899, .T. ) ;
#888 = FACE_OUTER_BOUND ( 'NONE', #2437, .T. ) ;
#889 = CARTESIAN_POINT ( 'NONE',  ( 0.000000000000000000, 2.000000000000000000, 0.000000000000000000 ) ) ;
#890 = FACE_OUTER_BOUND ( 'NONE', #2910, .T. ) ;
#891 = CARTESIAN_POINT ( 'NONE',  ( -7.743281890738405338, 2.000000000000000000, 11.05855259790189216 ) ) ;
#892 = ADVANCED_FACE ( 'NONE', ( #1182 ), #2729, .T. ) ;
#893 = CARTESIAN_POINT ( 'NONE',  ( 7.743281890740514761, 16.00000000000000000, 12.30855259790405398 ) ) ;
#894 = AXIS2_PLACEMENT_3D ( 'NONE', #3367, #1214, #2273 ) ;
#895 = DIRECTION ( 'NONE',  ( 0.000000000000000000, 0.000000000000000000, 1.000000000000000000 ) ) ;
#896 = ORIENTED_EDGE ( 'NONE', *, *, #508, .T. ) ;
#897 = FACE_OUTER_BOUND ( 'NONE', #103, .T. ) ;
#898 = FACE_OUTER_BOUND ( 'NONE', #608, .T. ) ;
#899 = CIRCLE ( 'NONE', #2835, 1.250000000001231015 ) ;
#900 = DIRECTION ( 'NONE',  ( 1.156482317317872711E-15, 0.000000000000000000, -1.000000000000000000 ) ) ;
#901 = VECTOR ( 'NONE', #2384, 1000.000000000000000 ) ;
#902 = LINE ( 'NONE', #1099, #256 ) ;
#903 = CIRCLE ( 'NONE', #1952, 1.000000000000000000 ) ;
#904 = CIRCLE ( 'NONE', #1443, 10.02499999999999858 ) ;
#905 = EDGE_CURVE ( 'NONE', #1124, #509, #664, .T. ) ;
#906 = CARTESIAN_POINT ( 'NONE',  ( 10.39230484541402788, 2.000000000000000000, 5.999999999999557687 ) ) ;
#907 = ORIENTED_EDGE ( 'NONE', *, *, #2449, .T. ) ;
#908 = CIRCLE ( 'NONE', #1180, 10.02499999999999858 ) ;
#909 = EDGE_LOOP ( 'NONE', ( #635, #2447 ) ) ;
#910 = VECTOR ( 'NONE', #436, 1000.000000000000000 ) ;
#911 = DIRECTION ( 'NONE',  ( 0.000000000000000000, 1.000000000000000000, 0.000000000000000000 ) ) ;
#912 = ORIENTED_EDGE ( 'NONE', *, *, #1882, .T. ) ;
#913 = CARTESIAN_POINT ( 'NONE',  ( -15.55658428700901474, 2.000000000000000000, -3.740679793992554902 ) ) ;
#914 = DIRECTION ( 'NONE',  ( -0.000000000000000000, -1.000000000000000000, -0.000000000000000000 ) ) ;
#915 = CARTESIAN_POINT ( 'NONE',  ( -8.031228112810637754, 8.000000000000000000, -6.000000000000006217 ) ) ;
#916 = LINE ( 'NONE', #1254, #89 ) ;
#917 = EDGE_LOOP ( 'NONE', ( #671, #3264, #2699, #2046 ) ) ;
#918 = LINE ( 'NONE', #3066, #1509 ) ;
#919 = EDGE_CURVE ( 'NONE', #2128, #135, #2760, .T. ) ;
#920 = DIRECTION ( 'NONE',  ( -0.000000000000000000, -1.000000000000000000, -0.000000000000000000 ) ) ;
#921 = CARTESIAN_POINT ( 'NONE',  ( -7.743281890738405338, 16.00000000000000000, 9.808552597901892156 ) ) ;
#922 = DIRECTION ( 'NONE',  ( -0.000000000000000000, -1.000000000000000000, -0.000000000000000000 ) ) ;
#923 = ORIENTED_EDGE ( 'NONE', *, *, #2590, .T. ) ;
#924 = ADVANCED_FACE ( 'NONE', ( #2793, #682 ), #122, .T. ) ;
#925 = AXIS2_PLACEMENT_3D ( 'NONE', #1739, #2799, #658 ) ;
#926 = DIRECTION ( 'NONE',  ( -0.000000000000000000, 1.000000000000000000, -0.000000000000000000 ) ) ;
#927 = ORIENTED_EDGE ( 'NONE', *, *, #2712, .F. ) ;
#928 = ORIENTED_EDGE ( 'NONE', *, *, #2334, .T. ) ;
#929 = DIRECTION ( 'NONE',  ( 0.000000000000000000, 1.000000000000000000, 0.000000000000000000 ) ) ;
#930 = DIRECTION ( 'NONE',  ( 0.000000000000000000, -1.000000000000000000, 0.000000000000000000 ) ) ;
#931 = ADVANCED_FACE ( 'NONE', ( #1734 ), #377, .F. ) ;
#932 = DIRECTION ( 'NONE',  ( 0.000000000000000000, 0.000000000000000000, -1.000000000000000000 ) ) ;
#933 = CIRCLE ( 'NONE', #706, 1.250000000001231015 ) ;
#934 = VERTEX_POINT ( 'NONE', #943 ) ;
#935 = AXIS2_PLACEMENT_3D ( 'NONE', #1832, #2616, #538 ) ;
#936 = DIRECTION ( 'NONE',  ( -0.000000000000000000, -1.000000000000000000, -0.000000000000000000 ) ) ;
#937 = CIRCLE ( 'NONE', #2095, 18.50000000000000000 ) ;
#938 = FACE_OUTER_BOUND ( 'NONE', #1689, .T. ) ;
#939 = CARTESIAN_POINT ( 'NONE',  ( 9.211766479111812345, 2.000000000000000000, -3.955247569282106301 ) ) ;
#940 = EDGE_CURVE ( 'NONE', #1371, #3060, #1405, .T. ) ;
#941 = CARTESIAN_POINT ( 'NONE',  ( 10.39230484541402788, 2.500000000000000000, 5.999999999999557687 ) ) ;
#942 = ORIENTED_EDGE ( 'NONE', *, *, #905, .F. ) ;
#943 = CARTESIAN_POINT ( 'NONE',  ( 11.71690112913514348, -2.600000000000000089, -4.397741121371607775 ) ) ;
#944 = ORIENTED_EDGE ( 'NONE', *, *, #586, .F. ) ;
#945 = CARTESIAN_POINT ( 'NONE',  ( 8.031228112810644859, 8.000000000000000000, -6.000000000000003553 ) ) ;
#946 = DIRECTION ( 'NONE',  ( 0.000000000000000000, 1.000000000000000000, 0.000000000000000000 ) ) ;
#947 = DIRECTION ( 'NONE',  ( 0.000000000000000000, 0.000000000000000000, 1.000000000000000000 ) ) ;
#948 = EDGE_CURVE ( 'NONE', #2990, #1315, #524, .T. ) ;
#949 = DIRECTION ( 'NONE',  ( 0.000000000000000000, 0.000000000000000000, 1.000000000000000000 ) ) ;
#950 = ORIENTED_EDGE ( 'NONE', *, *, #770, .T. ) ;
#951 = CARTESIAN_POINT ( 'NONE',  ( 11.43094197279008384, -6.000000000000009770, -8.893036909064255369 ) ) ;
#952 = CARTESIAN_POINT ( 'NONE',  ( 15.55658428700854579, 2.000000000000000000, -2.740679793994502234 ) ) ;
#953 = ORIENTED_EDGE ( 'NONE', *, *, #444, .T. ) ;
#954 = ORIENTED_EDGE ( 'NONE', *, *, #805, .F. ) ;
#955 = VECTOR ( 'NONE', #3047, 1000.000000000000000 ) ;
#956 = EDGE_CURVE ( 'NONE', #2414, #2232, #680, .T. ) ;
#957 = CARTESIAN_POINT ( 'NONE',  ( -10.39230484541249844, 8.000000000000000000, -4.024999999999553602 ) ) ;
#958 = VERTEX_POINT ( 'NONE', #1930 ) ;
#959 = AXIS2_PLACEMENT_3D ( 'NONE', #3076, #2246, #162 ) ;
#960 = AXIS2_PLACEMENT_3D ( 'NONE', #1339, #1883, #3213 ) ;
#961 = CIRCLE ( 'NONE', #2398, 18.50000000000000000 ) ;
#962 = ORIENTED_EDGE ( 'NONE', *, *, #8, .F. ) ;
#963 = CYLINDRICAL_SURFACE ( 'NONE', #2897, 1.250000000001678213 ) ;
#964 = ORIENTED_EDGE ( 'NONE', *, *, #1824, .F. ) ;
#965 = FACE_OUTER_BOUND ( 'NONE', #1296, .T. ) ;
#966 = CIRCLE ( 'NONE', #2957, 0.8000000000000012657 ) ;
#967 = DIRECTION ( 'NONE',  ( 0.000000000000000000, -1.000000000000000000, 0.000000000000000000 ) ) ;
#968 = ORIENTED_EDGE ( 'NONE', *, *, #2820, .F. ) ;
#969 = DIRECTION ( 'NONE',  ( 0.000000000000000000, -1.000000000000000000, 0.000000000000000000 ) ) ;
#970 = ADVANCED_FACE ( 'NONE', ( #427 ), #1216, .T. ) ;
#971 = DIRECTION ( 'NONE',  ( 0.000000000000000000, -0.000000000000000000, 1.000000000000000000 ) ) ;
#972 = ORIENTED_EDGE ( 'NONE', *, *, #3212, .T. ) ;
#973 = CARTESIAN_POINT ( 'NONE',  ( 10.39230484541402788, 8.000000000000000000, -4.025000000000441780 ) ) ;
#974 = EDGE_CURVE ( 'NONE', #1217, #213, #855, .T. ) ;
#975 = FACE_BOUND ( 'NONE', #2900, .T. ) ;
#976 = EDGE_LOOP ( 'NONE', ( #1337, #1972 ) ) ;
#977 = CARTESIAN_POINT ( 'NONE',  ( 1.867586368699712834E-16, 2.500000000000000444, -10.47500000000000142 ) ) ;
#978 = ORIENTED_EDGE ( 'NONE', *, *, #1840, .T. ) ;
#979 = CARTESIAN_POINT ( 'NONE',  ( 13.44895193670569356, -2.600000000000000089, -5.397741121368710537 ) ) ;
#980 = ORIENTED_EDGE ( 'NONE', *, *, #342, .F. ) ;
#981 = EDGE_CURVE ( 'NONE', #2119, #16, #1995, .T. ) ;
#982 = CIRCLE ( 'NONE', #1043, 17.47500000000000142 ) ;
#983 = CYLINDRICAL_SURFACE ( 'NONE', #3031, 10.02499999999999858 ) ;
#984 = DIRECTION ( 'NONE',  ( 0.000000000000000000, -1.000000000000000000, 0.000000000000000000 ) ) ;
#985 = ORIENTED_EDGE ( 'NONE', *, *, #1511, .F. ) ;
#986 = DIRECTION ( 'NONE',  ( 0.000000000000000000, 0.000000000000000000, -1.000000000000000000 ) ) ;
#987 = DIRECTION ( 'NONE',  ( 0.000000000000000000, 0.000000000000000000, 1.000000000000000000 ) ) ;
#988 = CIRCLE ( 'NONE', #2036, 0.8000000000005363932 ) ;
#989 = VERTEX_POINT ( 'NONE', #2520 ) ;
#990 = CARTESIAN_POINT ( 'NONE',  ( 2.018009963918881322, -6.999999999999999112, 17.35888699675865610 ) ) ;
#991 = AXIS2_PLACEMENT_3D ( 'NONE', #525, #233, #2077 ) ;
#992 = PRODUCT_DEFINITION_FORMATION_WITH_SPECIFIED_SOURCE ( '任何', '', #2891, .NOT_KNOWN. ) ;
#993 = DIRECTION ( 'NONE',  ( 0.000000000000000000, 0.000000000000000000, -1.000000000000000000 ) ) ;
#994 = EDGE_CURVE ( 'NONE', #1212, #3144, #3262, .T. ) ;
#995 = VERTEX_POINT ( 'NONE', #3022 ) ;
#996 = CARTESIAN_POINT ( 'NONE',  ( -10.39230484541249844, 2.500000000000000000, 6.000000000000445866 ) ) ;
#997 = ORIENTED_EDGE ( 'NONE', *, *, #815, .F. ) ;
#998 = SURFACE_STYLE_USAGE ( .BOTH. , #1768 ) ;
#999 = ORIENTED_EDGE ( 'NONE', *, *, #3383, .T. ) ;
#1000 = CARTESIAN_POINT ( 'NONE',  ( -5.705346533498579120, 16.00000000000000000, -10.98515512499303171 ) ) ;
#1001 = EDGE_CURVE ( 'NONE', #274, #2391, #3226, .T. ) ;
#1002 = CARTESIAN_POINT ( 'NONE',  ( -9.211766479112096562, 8.000000000000000000, -3.955247569281433062 ) ) ;
#1003 = ORIENTED_EDGE ( 'NONE', *, *, #2647, .T. ) ;
#1004 = CARTESIAN_POINT ( 'NONE',  ( 5.541526766141773934E-16, -5.999999999999987566, 4.525000000000000355 ) ) ;
#1005 = CARTESIAN_POINT ( 'NONE',  ( -5.705346533498579120, -6.999999999999999112, -12.23515512499426272 ) ) ;
#1006 = CARTESIAN_POINT ( 'NONE',  ( 7.743281890740514761, 16.00000000000000000, 11.05855259790241085 ) ) ;
#1007 = EDGE_LOOP ( 'NONE', ( #297, #1086, #2739, #2573 ) ) ;
#1008 = AXIS2_PLACEMENT_3D ( 'NONE', #1576, #2641, #1842 ) ;
#1009 = ORIENTED_EDGE ( 'NONE', *, *, #375, .F. ) ;
#1010 = AXIS2_PLACEMENT_3D ( 'NONE', #2911, #820, #3407 ) ;
#1011 = EDGE_CURVE ( 'NONE', #3080, #590, #2176, .T. ) ;
#1012 = CARTESIAN_POINT ( 'NONE',  ( 2.018009963920551986, -6.000000000000009770, 16.35888699675865610 ) ) ;
#1013 = EDGE_LOOP ( 'NONE', ( #555, #1894 ) ) ;
#1014 = CIRCLE ( 'NONE', #1126, 10.02499999999999858 ) ;
#1015 = FACE_OUTER_BOUND ( 'NONE', #2530, .T. ) ;
#1016 = CIRCLE ( 'NONE', #2344, 1.250000000001231015 ) ;
#1017 = ORIENTED_EDGE ( 'NONE', *, *, #2637, .F. ) ;
#1018 = AXIS2_PLACEMENT_3D ( 'NONE', #1843, #278, #2381 ) ;
#1019 = CARTESIAN_POINT ( 'NONE',  ( 9.698891165219546195, -6.000000000000009770, -7.893036909067157048 ) ) ;
#1020 = DIRECTION ( 'NONE',  ( -0.000000000000000000, -1.000000000000000000, -0.000000000000000000 ) ) ;
#1021 = EDGE_LOOP ( 'NONE', ( #2952, #1143 ) ) ;
#1022 = CARTESIAN_POINT ( 'NONE',  ( 0.000000000000000000, 2.000000000000000000, 0.000000000000000000 ) ) ;
#1023 = CIRCLE ( 'NONE', #3009, 3.250000000000000444 ) ;
#1024 = CARTESIAN_POINT ( 'NONE',  ( -2.018009963918992344, -2.600000000000000089, 14.35888699675190949 ) ) ;
#1025 = CIRCLE ( 'NONE', #1911, 10.02499999999999858 ) ;
#1026 = ORIENTED_EDGE ( 'NONE', *, *, #2239, .T. ) ;
#1027 = CARTESIAN_POINT ( 'NONE',  ( 0.000000000000000000, -5.999999999999987566, 0.000000000000000000 ) ) ;
#1028 = ORIENTED_EDGE ( 'NONE', *, *, #2353, .T. ) ;
#1029 = CARTESIAN_POINT ( 'NONE',  ( -10.81420460959754237, -6.999999999999999112, -3.918913199922287482 ) ) ;
#1030 = CARTESIAN_POINT ( 'NONE',  ( 1.867586368699712834E-16, -6.999999999999999112, -10.47500000000000142 ) ) ;
#1031 = CARTESIAN_POINT ( 'NONE',  ( 11.43094197279008384, -2.600000000000000089, -10.89303690906425537 ) ) ;
#1032 = EDGE_LOOP ( 'NONE', ( #2796, #873 ) ) ;
#1033 = EDGE_CURVE ( 'NONE', #721, #3084, #1804, .T. ) ;
#1034 = DIRECTION ( 'NONE',  ( 0.000000000000000000, -1.000000000000000000, 0.000000000000000000 ) ) ;
#1035 = CARTESIAN_POINT ( 'NONE',  ( -4.822441440386964651, 2.000000000000000000, 16.30165815351427838 ) ) ;
#1036 = VERTEX_POINT ( 'NONE', #2859 ) ;
#1037 = EDGE_CURVE ( 'NONE', #1789, #1392, #1558, .T. ) ;
#1038 = CARTESIAN_POINT ( 'NONE',  ( -7.743281890738405338, -6.999999999999999112, 9.808552597901892156 ) ) ;
#1039 = DIRECTION ( 'NONE',  ( -0.000000000000000000, -1.000000000000000000, -0.000000000000000000 ) ) ;
#1040 = CIRCLE ( 'NONE', #2979, 2.500000000000000444 ) ;
#1041 = ORIENTED_EDGE ( 'NONE', *, *, #425, .F. ) ;
#1042 = DIRECTION ( 'NONE',  ( -0.000000000000000000, -1.000000000000000000, -0.000000000000000000 ) ) ;
#1043 = AXIS2_PLACEMENT_3D ( 'NONE', #1052, #2816, #1491 ) ;
#1044 = ORIENTED_EDGE ( 'NONE', *, *, #2449, .F. ) ;
#1045 = DIRECTION ( 'NONE',  ( 0.000000000000000000, 0.000000000000000000, -1.000000000000000000 ) ) ;
#1046 = CIRCLE ( 'NONE', #275, 1.999999999999999112 ) ;
#1047 = AXIS2_PLACEMENT_3D ( 'NONE', #1322, #2125, #1375 ) ;
#1048 = ADVANCED_FACE ( 'NONE', ( #1825 ), #445, .T. ) ;
#1049 = PLANE ( 'NONE',  #1018 ) ;
#1050 = VERTEX_POINT ( 'NONE', #1486 ) ;
#1051 = PRESENTATION_STYLE_ASSIGNMENT (( #998 ) ) ;
#1052 = CARTESIAN_POINT ( 'NONE',  ( 0.000000000000000000, -3.549999999999997602, 0.000000000000000000 ) ) ;
#1053 = LINE ( 'NONE', #2321, #2008 ) ;
#1054 = VERTEX_POINT ( 'NONE', #240 ) ;
#1055 = DIRECTION ( 'NONE',  ( 0.000000000000000000, -1.000000000000000000, 0.000000000000000000 ) ) ;
#1056 = EDGE_CURVE ( 'NONE', #1315, #2568, #798, .T. ) ;
#1057 = CARTESIAN_POINT ( 'NONE',  ( 0.000000000000000000, 8.000000000000000000, 0.000000000000000000 ) ) ;
#1058 = ORIENTED_EDGE ( 'NONE', *, *, #2870, .T. ) ;
#1059 = DIRECTION ( 'NONE',  ( 0.000000000000000000, 1.000000000000000000, 0.000000000000000000 ) ) ;
#1060 = ORIENTED_EDGE ( 'NONE', *, *, #3224, .T. ) ;
#1061 = DIRECTION ( 'NONE',  ( -0.000000000000000000, -1.000000000000000000, -0.000000000000000000 ) ) ;
#1062 = EDGE_CURVE ( 'NONE', #621, #2416, #1233, .T. ) ;
#1063 = CYLINDRICAL_SURFACE ( 'NONE', #1891, 1.525000000000000355 ) ;
#1064 = EDGE_LOOP ( 'NONE', ( #2919, #1726, #843, #127 ) ) ;
#1065 = CARTESIAN_POINT ( 'NONE',  ( -11.70642936455880090, 2.000000000000000000, -12.32718587239583563 ) ) ;
#1066 = CIRCLE ( 'NONE', #2676, 0.8000000000011174839 ) ;
#1067 = DIRECTION ( 'NONE',  ( 0.000000000000000000, 1.000000000000000000, 0.000000000000000000 ) ) ;
#1068 = VECTOR ( 'NONE', #536, 1000.000000000000000 ) ;
#1069 = EDGE_LOOP ( 'NONE', ( #1996, #91 ) ) ;
#1070 = FACE_OUTER_BOUND ( 'NONE', #78, .T. ) ;
#1071 = ORIENTED_EDGE ( 'NONE', *, *, #1940, .F. ) ;
#1072 = DIRECTION ( 'NONE',  ( 0.000000000000000000, 1.000000000000000000, 0.000000000000000000 ) ) ;
#1073 = VECTOR ( 'NONE', #881, 1000.000000000000000 ) ;
#1074 = AXIS2_PLACEMENT_3D ( 'NONE', #2016, #194, #2031 ) ;
#1075 = DIRECTION ( 'NONE',  ( 0.000000000000000000, -1.000000000000000000, 0.000000000000000000 ) ) ;
#1076 = AXIS2_PLACEMENT_3D ( 'NONE', #2788, #2326, #2531 ) ;
#1077 = EDGE_LOOP ( 'NONE', ( #1389, #2888, #3020, #2144 ) ) ;
#1078 = DIRECTION ( 'NONE',  ( -0.000000000000000000, -1.000000000000000000, -0.000000000000000000 ) ) ;
#1079 = EDGE_CURVE ( 'NONE', #2244, #2119, #581, .T. ) ;
#1080 = ORIENTED_EDGE ( 'NONE', *, *, #13, .T. ) ;
#1081 = EDGE_CURVE ( 'NONE', #2852, #1195, #2348, .T. ) ;
#1082 = CARTESIAN_POINT ( 'NONE',  ( -2.018009963922333672, -6.000000000000009770, 16.35888699675191305 ) ) ;
#1083 = ORIENTED_EDGE ( 'NONE', *, *, #2988, .F. ) ;
#1084 = DIRECTION ( 'NONE',  ( 0.000000000000000000, 0.000000000000000000, 1.000000000000000000 ) ) ;
#1085 = CARTESIAN_POINT ( 'NONE',  ( 13.44862842423934346, 2.000000000000000000, 1.176602527094015915 ) ) ;
#1086 = ORIENTED_EDGE ( 'NONE', *, *, #3067, .T. ) ;
#1087 = FACE_OUTER_BOUND ( 'NONE', #2022, .T. ) ;
#1088 = ORIENTED_EDGE ( 'NONE', *, *, #756, .F. ) ;
#1089 = DIRECTION ( 'NONE',  ( 0.000000000000000000, -0.000000000000000000, 1.000000000000000000 ) ) ;
#1090 = ADVANCED_FACE ( 'NONE', ( #3410 ), #2813, .F. ) ;
#1091 = CARTESIAN_POINT ( 'NONE',  ( 0.000000000000000000, 2.500000000000000000, -12.00000000000000178 ) ) ;
#1092 = EDGE_LOOP ( 'NONE', ( #3120, #177, #907, #172, #1141, #506, #3183, #299 ) ) ;
#1093 = FACE_OUTER_BOUND ( 'NONE', #2656, .T. ) ;
#1094 = AXIS2_PLACEMENT_3D ( 'NONE', #674, #2769, #1725 ) ;
#1095 = EDGE_CURVE ( 'NONE', #2498, #1472, #410, .T. ) ;
#1096 = CYLINDRICAL_SURFACE ( 'NONE', #1166, 1.525000000000000355 ) ;
#1097 = CARTESIAN_POINT ( 'NONE',  ( 0.000000000000000000, 8.673617379884035472E-16, 0.000000000000000000 ) ) ;
#1098 = ORIENTED_EDGE ( 'NONE', *, *, #762, .T. ) ;
#1099 = CARTESIAN_POINT ( 'NONE',  ( 0.000000000000000000, 2.500000000000000000, -14.50000000000000178 ) ) ;
#1100 = VERTEX_POINT ( 'NONE', #977 ) ;
#1101 = LINE ( 'NONE', #3182, #1946 ) ;
#1102 = ORIENTED_EDGE ( 'NONE', *, *, #1438, .F. ) ;
#1103 = CARTESIAN_POINT ( 'NONE',  ( 0.000000000000000000, 8.673617379884035472E-16, 0.000000000000000000 ) ) ;
#1104 = ORIENTED_EDGE ( 'NONE', *, *, #63, .T. ) ;
#1105 = CARTESIAN_POINT ( 'NONE',  ( -10.01846749406552739, 8.000000000000000000, -11.63815186838624349 ) ) ;
#1106 = CARTESIAN_POINT ( 'NONE',  ( 13.44416589121839856, -5.569848480986660633, -5.431795604532193344 ) ) ;
#1107 = EDGE_CURVE ( 'NONE', #2872, #2370, #715, .T. ) ;
#1108 = EDGE_LOOP ( 'NONE', ( #3324, #483, #2838, #3406 ) ) ;
#1109 = FACE_OUTER_BOUND ( 'NONE', #3418, .T. ) ;
#1110 = CARTESIAN_POINT ( 'NONE',  ( 11.42615592730280660, -2.600000000000000089, -8.927091392227735511 ) ) ;
#1111 = DIRECTION ( 'NONE',  ( 0.000000000000000000, -1.000000000000000000, 0.000000000000000000 ) ) ;
#1112 = DIRECTION ( 'NONE',  ( -0.000000000000000000, -1.000000000000000000, -0.000000000000000000 ) ) ;
#1113 = ORIENTED_EDGE ( 'NONE', *, *, #1538, .T. ) ;
#1114 = EDGE_CURVE ( 'NONE', #419, #3229, #3062, .T. ) ;
#1115 = DIRECTION ( 'NONE',  ( 0.000000000000000000, 0.000000000000000000, -1.000000000000000000 ) ) ;
#1116 = ORIENTED_EDGE ( 'NONE', *, *, #626, .T. ) ;
#1117 = AXIS2_PLACEMENT_3D ( 'NONE', #563, #2155, #1297 ) ;
#1118 = FACE_OUTER_BOUND ( 'NONE', #2491, .T. ) ;
#1119 = VERTEX_POINT ( 'NONE', #2330 ) ;
#1120 = LINE ( 'NONE', #833, #2093 ) ;
#1121 = EDGE_CURVE ( 'NONE', #1456, #535, #3173, .T. ) ;
#1122 = AXIS2_PLACEMENT_3D ( 'NONE', #1937, #2999, #2987 ) ;
#1123 = DIRECTION ( 'NONE',  ( -0.000000000000000000, -1.000000000000000000, -0.000000000000000000 ) ) ;
#1124 = VERTEX_POINT ( 'NONE', #3107 ) ;
#1125 = CYLINDRICAL_SURFACE ( 'NONE', #2571, 10.02499999999999858 ) ;
#1126 = AXIS2_PLACEMENT_3D ( 'NONE', #2283, #670, #895 ) ;
#1127 = AXIS2_PLACEMENT_3D ( 'NONE', #913, #2212, #1980 ) ;
#1128 = AXIS2_PLACEMENT_3D ( 'NONE', #1991, #3052, #3330 ) ;
#1129 = EDGE_CURVE ( 'NONE', #1732, #1270, #1016, .T. ) ;
#1130 = ORIENTED_EDGE ( 'NONE', *, *, #1545, .F. ) ;
#1131 = DIRECTION ( 'NONE',  ( -0.000000000000000000, -1.000000000000000000, -0.000000000000000000 ) ) ;
#1132 = ORIENTED_EDGE ( 'NONE', *, *, #295, .F. ) ;
#1133 = VERTEX_POINT ( 'NONE', #225 ) ;
#1134 = DIRECTION ( 'NONE',  ( 0.000000000000000000, 1.000000000000000000, 0.000000000000000000 ) ) ;
#1135 = ORIENTED_EDGE ( 'NONE', *, *, #919, .F. ) ;
#1136 = ORIENTED_EDGE ( 'NONE', *, *, #2561, .T. ) ;
#1137 = DIRECTION ( 'NONE',  ( 0.000000000000000000, -1.000000000000000000, 0.000000000000000000 ) ) ;
#1138 = DIRECTION ( 'NONE',  ( 0.000000000000000000, 0.000000000000000000, 1.000000000000000000 ) ) ;
#1139 = DIRECTION ( 'NONE',  ( -0.000000000000000000, -1.000000000000000000, -0.000000000000000000 ) ) ;
#1140 = EDGE_CURVE ( 'NONE', #3233, #2542, #3387, .T. ) ;
#1141 = ORIENTED_EDGE ( 'NONE', *, *, #2154, .T. ) ;
#1142 = CARTESIAN_POINT ( 'NONE',  ( 14.02901818414591339, -6.999999999999999112, -10.39303690905991928 ) ) ;
#1143 = ORIENTED_EDGE ( 'NONE', *, *, #463, .F. ) ;
#1144 = ADVANCED_FACE ( 'NONE', ( #3127 ), #1096, .F. ) ;
#1145 = CARTESIAN_POINT ( 'NONE',  ( -11.39427085702105380, -6.999999999999999112, -11.91420898761541913 ) ) ;
#1146 = VECTOR ( 'NONE', #388, 1000.000000000000000 ) ;
#1147 = AXIS2_PLACEMENT_3D ( 'NONE', #741, #1549, #2092 ) ;
#1148 = DIRECTION ( 'NONE',  ( 1.734723475976811433E-15, 0.000000000000000000, -1.000000000000000000 ) ) ;
#1149 = ORIENTED_EDGE ( 'NONE', *, *, #362, .F. ) ;
#1150 = DIRECTION ( 'NONE',  ( -0.000000000000000000, -1.000000000000000000, -0.000000000000000000 ) ) ;
#1151 = CARTESIAN_POINT ( 'NONE',  ( -11.68023001338113609, -6.000000000000012434, -4.418913199923731661 ) ) ;
#1152 = STYLED_ITEM ( 'NONE', ( #1828 ), #1388 ) ;
#1153 = DIRECTION ( 'NONE',  ( 0.000000000000000000, 1.000000000000000000, 0.000000000000000000 ) ) ;
#1154 = EDGE_LOOP ( 'NONE', ( #3195, #347, #819, #567 ) ) ;
#1155 = CYLINDRICAL_SURFACE ( 'NONE', #3408, 4.525000000000000355 ) ;
#1156 = ADVANCED_FACE ( 'NONE', ( #824 ), #1630, .F. ) ;
#1157 = CARTESIAN_POINT ( 'NONE',  ( -2.018009963924004335, -6.999999999999999112, 17.35888699675190949 ) ) ;
#1158 = DIRECTION ( 'NONE',  ( -0.000000000000000000, -1.000000000000000000, -0.000000000000000000 ) ) ;
#1159 = DIRECTION ( 'NONE',  ( 0.000000000000000000, 1.000000000000000000, 0.000000000000000000 ) ) ;
#1160 = CARTESIAN_POINT ( 'NONE',  ( -2.018009963922333672, -2.600000000000000089, 16.35888699675191305 ) ) ;
#1161 = ORIENTED_EDGE ( 'NONE', *, *, #2812, .T. ) ;
#1162 = VERTEX_POINT ( 'NONE', #1596 ) ;
#1163 = DIRECTION ( 'NONE',  ( 0.000000000000000000, 1.000000000000000000, 0.000000000000000000 ) ) ;
#1164 = FACE_OUTER_BOUND ( 'NONE', #408, .T. ) ;
#1165 = CARTESIAN_POINT ( 'NONE',  ( -4.822441440386965539, 2.000000000000000000, 16.30165815351428193 ) ) ;
#1166 = AXIS2_PLACEMENT_3D ( 'NONE', #2971, #1318, #1861 ) ;
#1167 = CARTESIAN_POINT ( 'NONE',  ( -15.08816891815672356, 8.000000000000000000, -2.857171422655322424 ) ) ;
#1168 = EDGE_LOOP ( 'NONE', ( #2184, #287 ) ) ;
#1169 = DIRECTION ( 'NONE',  ( 0.000000000000000000, 0.000000000000000000, -1.000000000000000000 ) ) ;
#1170 = CARTESIAN_POINT ( 'NONE',  ( 0.000000000000000000, 2.500000000000000000, -12.00000000000000178 ) ) ;
#1171 = CIRCLE ( 'NONE', #629, 2.000000000000000000 ) ;
#1172 = AXIS2_PLACEMENT_3D ( 'NONE', #2591, #1264, #3092 ) ;
#1173 = ADVANCED_FACE ( 'NONE', ( #18 ), #1063, .F. ) ;
#1174 = FACE_BOUND ( 'NONE', #1077, .T. ) ;
#1175 = CIRCLE ( 'NONE', #582, 2.000000000000000000 ) ;
#1176 = AXIS2_PLACEMENT_3D ( 'NONE', #2171, #860, #2989 ) ;
#1177 = VERTEX_POINT ( 'NONE', #2432 ) ;
#1178 = FACE_OUTER_BOUND ( 'NONE', #1516, .T. ) ;
#1179 = EDGE_CURVE ( 'NONE', #3284, #1600, #2947, .T. ) ;
#1180 = AXIS2_PLACEMENT_3D ( 'NONE', #647, #2218, #2663 ) ;
#1181 = ORIENTED_EDGE ( 'NONE', *, *, #3097, .T. ) ;
#1182 = FACE_OUTER_BOUND ( 'NONE', #2081, .T. ) ;
#1183 = ORIENTED_EDGE ( 'NONE', *, *, #2219, .F. ) ;
#1184 = EDGE_LOOP ( 'NONE', ( #361, #1352, #318, #825 ) ) ;
#1185 = DIRECTION ( 'NONE',  ( -0.000000000000000000, -1.000000000000000000, -0.000000000000000000 ) ) ;
#1186 = DIRECTION ( 'NONE',  ( 0.000000000000000000, 0.000000000000000000, -1.000000000000000000 ) ) ;
#1187 = DIRECTION ( 'NONE',  ( 0.000000000000000000, -1.000000000000000000, 0.000000000000000000 ) ) ;
#1188 = EDGE_CURVE ( 'NONE', #2703, #1506, #1346, .T. ) ;
#1189 = ORIENTED_EDGE ( 'NONE', *, *, #2203, .T. ) ;
#1190 = LINE ( 'NONE', #3342, #910 ) ;
#1191 = DIRECTION ( 'NONE',  ( 0.000000000000000000, 0.000000000000000000, 1.000000000000000000 ) ) ;
#1192 = VERTEX_POINT ( 'NONE', #2117 ) ;
#1193 = CARTESIAN_POINT ( 'NONE',  ( 10.39230484541402788, 18.00000000000000355, 4.474999999999557332 ) ) ;
#1194 = CARTESIAN_POINT ( 'NONE',  ( -10.39230484541249844, 18.00000000000000355, 4.475000000000445510 ) ) ;
#1195 = VERTEX_POINT ( 'NONE', #3160 ) ;
#1196 = EDGE_CURVE ( 'NONE', #995, #2638, #3006, .T. ) ;
#1197 = VECTOR ( 'NONE', #612, 1000.000000000000000 ) ;
#1198 = DIRECTION ( 'NONE',  ( 0.000000000000000000, 0.000000000000000000, 1.000000000000000000 ) ) ;
#1199 = EDGE_LOOP ( 'NONE', ( #2861, #2801 ) ) ;
#1200 = DIRECTION ( 'NONE',  ( -0.000000000000000000, 1.000000000000000000, -0.000000000000000000 ) ) ;
#1201 = CARTESIAN_POINT ( 'NONE',  ( 0.000000000000000000, -6.999999999999999112, 0.000000000000000000 ) ) ;
#1202 = APPLICATION_CONTEXT ( 'automotive_design' ) ;
#1203 = DIRECTION ( 'NONE',  ( 0.000000000000000000, 0.000000000000000000, 1.000000000000000000 ) ) ;
#1204 = DIRECTION ( 'NONE',  ( -0.000000000000000000, -1.000000000000000000, -0.000000000000000000 ) ) ;
#1205 = ORIENTED_EDGE ( 'NONE', *, *, #2142, .F. ) ;
#1206 = VECTOR ( 'NONE', #779, 1000.000000000000000 ) ;
#1207 = CARTESIAN_POINT ( 'NONE',  ( -11.42615592729774399, -2.600000000000000089, -8.927091392221690569 ) ) ;
#1208 = EDGE_CURVE ( 'NONE', #1747, #816, #904, .T. ) ;
#1209 = CIRCLE ( 'NONE', #2040, 0.9999999999999991118 ) ;
#1210 = CARTESIAN_POINT ( 'NONE',  ( -2.018009963915649685, -2.600000000000000089, 12.35888699675191482 ) ) ;
#1211 = EDGE_LOOP ( 'NONE', ( #745, #2643, #2149, #2776 ) ) ;
#1212 = VERTEX_POINT ( 'NONE', #2898 ) ;
#1213 = CARTESIAN_POINT ( 'NONE',  ( 5.705346533500335937, -6.999999999999999112, -13.48515512499614921 ) ) ;
#1214 = DIRECTION ( 'NONE',  ( 0.6123724356963838877, -0.7071067811865493491, -0.3535533905922494946 ) ) ;
#1215 = EDGE_LOOP ( 'NONE', ( #2290, #2645, #2731, #2619 ) ) ;
#1216 = CYLINDRICAL_SURFACE ( 'NONE', #199, 17.00000000000000000 ) ;
#1217 = VERTEX_POINT ( 'NONE', #57 ) ;
#1218 = CARTESIAN_POINT ( 'NONE',  ( -5.069701424090069963, 2.000000000000000000, 14.49532329104280315 ) ) ;
#1219 = ORIENTED_EDGE ( 'NONE', *, *, #1079, .T. ) ;
#1220 = ADVANCED_FACE ( 'NONE', ( #2137 ), #2913, .F. ) ;
#1221 = DIRECTION ( 'NONE',  ( 1.734723475976808672E-15, 0.000000000000000000, 1.000000000000000000 ) ) ;
#1222 = DIRECTION ( 'NONE',  ( 0.000000000000000000, 0.000000000000000000, 1.000000000000000000 ) ) ;
#1223 = CARTESIAN_POINT ( 'NONE',  ( -15.08816891815672356, 8.000000000000000000, -2.857171422655322424 ) ) ;
#1224 = ORIENTED_EDGE ( 'NONE', *, *, #577, .F. ) ;
#1225 = EDGE_CURVE ( 'NONE', #62, #1673, #296, .T. ) ;
#1226 = CARTESIAN_POINT ( 'NONE',  ( 7.743281890740514761, 16.00000000000000000, 9.808552597900767722 ) ) ;
#1227 = DIRECTION ( 'NONE',  ( 0.000000000000000000, -1.000000000000000000, 0.000000000000000000 ) ) ;
#1228 = DIRECTION ( 'NONE',  ( 0.000000000000000000, -1.000000000000000000, 0.000000000000000000 ) ) ;
#1229 = CARTESIAN_POINT ( 'NONE',  ( -16.52887080494708272, 2.000000000000000000, -3.974472281117090056 ) ) ;
#1230 = EDGE_CURVE ( 'NONE', #2700, #1392, #2934, .T. ) ;
#1231 = ORIENTED_EDGE ( 'NONE', *, *, #2681, .T. ) ;
#1232 = COLOUR_RGB ( '',1.000000000000000000, 1.000000000000000000, 1.000000000000000000 ) ;
#1233 = CIRCLE ( 'NONE', #2229, 1.250000000001643796 ) ;
#1234 = CARTESIAN_POINT ( 'NONE',  ( 15.55658428700854579, 8.000000000000000000, -3.740679793994502234 ) ) ;
#1235 = ORIENTED_EDGE ( 'NONE', *, *, #238, .T. ) ;
#1236 = CARTESIAN_POINT ( 'NONE',  ( 11.43094197279008384, -2.600000000000000089, -8.893036909064255369 ) ) ;
#1237 = FACE_OUTER_BOUND ( 'NONE', #2365, .T. ) ;
#1238 = AXIS2_PLACEMENT_3D ( 'NONE', #641, #354, #3206 ) ;
#1239 = FACE_BOUND ( 'NONE', #2792, .T. ) ;
#1240 = ORIENTED_EDGE ( 'NONE', *, *, #1208, .T. ) ;
#1241 = LINE ( 'NONE', #3359, #1314 ) ;
#1242 = ADVANCED_FACE ( 'NONE', ( #316 ), #1354, .T. ) ;
#1243 = DIRECTION ( 'NONE',  ( 0.000000000000000000, 1.000000000000000000, 0.000000000000000000 ) ) ;
#1244 = CARTESIAN_POINT ( 'NONE',  ( 2.140070281509999712E-15, -3.549999999999997602, -17.47500000000000142 ) ) ;
#1245 = VERTEX_POINT ( 'NONE', #597 ) ;
#1246 = LINE ( 'NONE', #675, #204 ) ;
#1247 = DIRECTION ( 'NONE',  ( 0.000000000000000000, 1.000000000000000000, 0.000000000000000000 ) ) ;
#1248 = VERTEX_POINT ( 'NONE', #1640 ) ;
#1249 = EDGE_CURVE ( 'NONE', #336, #2097, #1661, .T. ) ;
#1250 = VERTEX_POINT ( 'NONE', #786 ) ;
#1251 = DIRECTION ( 'NONE',  ( 0.000000000000000000, 0.000000000000000000, 1.000000000000000000 ) ) ;
#1252 = CONICAL_SURFACE ( 'NONE', #761, 2.000000000000000000, 0.7853981633974518317 ) ;
#1253 = LINE ( 'NONE', #481, #1698 ) ;
#1254 = CARTESIAN_POINT ( 'NONE',  ( 10.85087572534987643, -6.999999999999999112, -3.897741121373059503 ) ) ;
#1255 = ORIENTED_EDGE ( 'NONE', *, *, #1765, .T. ) ;
#1256 = CARTESIAN_POINT ( 'NONE',  ( 10.01846749406552739, 2.000000000000000000, -11.63815186838624349 ) ) ;
#1257 = CIRCLE ( 'NONE', #222, 0.8000000000005641487 ) ;
#1258 = FACE_OUTER_BOUND ( 'NONE', #874, .T. ) ;
#1259 = ORIENTED_EDGE ( 'NONE', *, *, #215, .T. ) ;
#1260 = CARTESIAN_POINT ( 'NONE',  ( -13.44416589122502792, -5.569848480986660633, -5.431795604532898558 ) ) ;
#1261 = ADVANCED_FACE ( 'NONE', ( #564 ), #1049, .F. ) ;
#1262 = CARTESIAN_POINT ( 'NONE',  ( 0.000000000000000000, 2.000000000000000000, 0.000000000000000000 ) ) ;
#1263 = DIRECTION ( 'NONE',  ( 0.000000000000000000, 1.000000000000000000, 0.000000000000000000 ) ) ;
#1264 = DIRECTION ( 'NONE',  ( -0.000000000000000000, -1.000000000000000000, -0.000000000000000000 ) ) ;
#1265 = EDGE_LOOP ( 'NONE', ( #1758, #1593, #1800, #732 ) ) ;
#1266 = DIRECTION ( 'NONE',  ( 1.000000000000000000, 0.000000000000000000, 1.671102966580887991E-12 ) ) ;
#1267 = SURFACE_STYLE_FILL_AREA ( #753 ) ;
#1268 = LINE ( 'NONE', #2865, #1476 ) ;
#1269 = CARTESIAN_POINT ( 'NONE',  ( -15.14433162851554826, -2.600000000000000089, -6.418913199929520808 ) ) ;
#1270 = VERTEX_POINT ( 'NONE', #498 ) ;
#1271 = ADVANCED_FACE ( 'NONE', ( #1319, #20 ), #2860, .T. ) ;
#1272 = DIRECTION ( 'NONE',  ( 0.000000000000000000, -1.000000000000000000, 0.000000000000000000 ) ) ;
#1273 = PLANE ( 'NONE',  #2151 ) ;
#1274 = DIRECTION ( 'NONE',  ( -0.000000000000000000, -1.000000000000000000, -0.000000000000000000 ) ) ;
#1275 = VERTEX_POINT ( 'NONE', #1542 ) ;
#1276 = ADVANCED_FACE ( 'NONE', ( #3179 ), #1650, .F. ) ;
#1277 = CIRCLE ( 'NONE', #1554, 10.02499999999999858 ) ;
#1278 = CYLINDRICAL_SURFACE ( 'NONE', #1976, 0.8000000000005363932 ) ;
#1279 = AXIS2_PLACEMENT_3D ( 'NONE', #545, #1594, #2660 ) ;
#1280 = ADVANCED_FACE ( 'NONE', ( #1631 ), #1404, .F. ) ;
#1281 = DIRECTION ( 'NONE',  ( 0.000000000000000000, 1.000000000000000000, 0.000000000000000000 ) ) ;
#1282 = ORIENTED_EDGE ( 'NONE', *, *, #2197, .T. ) ;
#1283 = CIRCLE ( 'NONE', #3279, 2.999999999999996447 ) ;
#1284 = VECTOR ( 'NONE', #1961, 1000.000000000000000 ) ;
#1285 = ORIENTED_EDGE ( 'NONE', *, *, #401, .F. ) ;
#1286 = PRESENTATION_LAYER_ASSIGNMENT (  '', '', ( #2234 ) ) ;
#1287 = DIRECTION ( 'NONE',  ( -0.000000000000000000, -1.000000000000000000, -0.000000000000000000 ) ) ;
#1288 = DIRECTION ( 'NONE',  ( 0.000000000000000000, 0.000000000000000000, 1.000000000000000000 ) ) ;
#1289 = ORIENTED_EDGE ( 'NONE', *, *, #87, .F. ) ;
#1290 = CARTESIAN_POINT ( 'NONE',  ( 11.71690112913514348, -6.000000000000009770, -4.397741121371607775 ) ) ;
#1291 = AXIS2_PLACEMENT_3D ( 'NONE', #2770, #404, #662 ) ;
#1292 = CARTESIAN_POINT ( 'NONE',  ( -11.68023001338113609, -2.600000000000000089, -4.418913199923730772 ) ) ;
#1293 = ADVANCED_FACE ( 'NONE', ( #2207 ), #346, .F. ) ;
#1294 = ORIENTED_EDGE ( 'NONE', *, *, #3224, .F. ) ;
#1295 = DIRECTION ( 'NONE',  ( 8.659560562354951347E-17, -0.7071067811865460184, 0.7071067811865489050 ) ) ;
#1296 = EDGE_LOOP ( 'NONE', ( #3042, #1966, #1407, #1635 ) ) ;
#1297 = DIRECTION ( 'NONE',  ( 0.000000000000000000, 0.000000000000000000, 1.000000000000000000 ) ) ;
#1298 = EDGE_LOOP ( 'NONE', ( #81, #1255, #2482, #1355 ) ) ;
#1299 = DIRECTION ( 'NONE',  ( 0.4999999999985524357, 0.000000000000000000, 0.8660254037852743725 ) ) ;
#1300 = ORIENTED_EDGE ( 'NONE', *, *, #618, .T. ) ;
#1301 =( NAMED_UNIT ( * ) SI_UNIT ( $, .STERADIAN. ) SOLID_ANGLE_UNIT ( ) );
#1302 = EDGE_CURVE ( 'NONE', #1559, #1821, #131, .T. ) ;
#1303 = CYLINDRICAL_SURFACE ( 'NONE', #2425, 10.02499999999999858 ) ;
#1304 = ORIENTED_EDGE ( 'NONE', *, *, #1037, .F. ) ;
#1305 = CARTESIAN_POINT ( 'NONE',  ( 0.000000000000000000, 8.000000000000000000, 0.000000000000000000 ) ) ;
#1306 = EDGE_LOOP ( 'NONE', ( #2783, #2242, #763, #2560, #3189, #2809, #560, #1320 ) ) ;
#1307 = LINE ( 'NONE', #2635, #3370 ) ;
#1308 = CARTESIAN_POINT ( 'NONE',  ( -13.12632166458826255, -6.000000000000012434, -9.914208987618323476 ) ) ;
#1309 = AXIS2_PLACEMENT_3D ( 'NONE', #1771, #2105, #265 ) ;
#1310 = VERTEX_POINT ( 'NONE', #105 ) ;
#1311 = CARTESIAN_POINT ( 'NONE',  ( -7.743281890738405338, 16.00000000000000000, 11.05855259790189216 ) ) ;
#1312 = EDGE_CURVE ( 'NONE', #2391, #274, #2067, .T. ) ;
#1313 = AXIS2_PLACEMENT_3D ( 'NONE', #2329, #2625, #223 ) ;
#1314 = VECTOR ( 'NONE', #722, 1000.000000000000000 ) ;
#1315 = VERTEX_POINT ( 'NONE', #1145 ) ;
#1316 = DIRECTION ( 'NONE',  ( -0.000000000000000000, 1.000000000000000000, -0.000000000000000000 ) ) ;
#1317 = AXIS2_PLACEMENT_3D ( 'NONE', #2262, #946, #1982 ) ;
#1318 = DIRECTION ( 'NONE',  ( -0.000000000000000000, -1.000000000000000000, -0.000000000000000000 ) ) ;
#1319 = FACE_BOUND ( 'NONE', #2723, .T. ) ;
#1320 = ORIENTED_EDGE ( 'NONE', *, *, #2361, .F. ) ;
#1321 = DIRECTION ( 'NONE',  ( -0.6123724356952042758, 0.7071067811865460184, -0.3535533905942990218 ) ) ;
#1322 = CARTESIAN_POINT ( 'NONE',  ( 0.000000000000000000, 0.000000000000000000, 0.000000000000000000 ) ) ;
#1323 = ORIENTED_EDGE ( 'NONE', *, *, #512, .T. ) ;
#1324 = EDGE_CURVE ( 'NONE', #2370, #1362, #360, .T. ) ;
#1325 = DIRECTION ( 'NONE',  ( 0.000000000000000000, -0.000000000000000000, 1.000000000000000000 ) ) ;
#1326 = ORIENTED_EDGE ( 'NONE', *, *, #2136, .F. ) ;
#1327 = CARTESIAN_POINT ( 'NONE',  ( 0.000000000000000000, 7.000000000000000000, 0.000000000000000000 ) ) ;
#1328 = CARTESIAN_POINT ( 'NONE',  ( -13.44862842423849081, -6.999999999999999112, 2.426602527094225525 ) ) ;
#1329 = ADVANCED_FACE ( 'NONE', ( #587 ), #3208, .F. ) ;
#1330 = ORIENTED_EDGE ( 'NONE', *, *, #1901, .F. ) ;
#1331 = DIRECTION ( 'NONE',  ( -0.000000000000000000, -1.000000000000000000, -0.000000000000000000 ) ) ;
#1332 = ORIENTED_EDGE ( 'NONE', *, *, #75, .F. ) ;
#1333 = VECTOR ( 'NONE', #2680, 1000.000000000000114 ) ;
#1334 = ADVANCED_FACE ( 'NONE', ( #1178 ), #2743, .F. ) ;
#1335 = EDGE_LOOP ( 'NONE', ( #1181, #1562, #2854, #241 ) ) ;
#1336 = FACE_BOUND ( 'NONE', #236, .T. ) ;
#1337 = ORIENTED_EDGE ( 'NONE', *, *, #1129, .F. ) ;
#1338 = AXIS2_PLACEMENT_3D ( 'NONE', #2842, #2606, #804 ) ;
#1339 = CARTESIAN_POINT ( 'NONE',  ( 0.000000000000000000, -6.999999999999999112, -12.00000000000000178 ) ) ;
#1340 = CIRCLE ( 'NONE', #1779, 1.249999999999999334 ) ;
#1341 = VECTOR ( 'NONE', #2958, 1000.000000000000000 ) ;
#1342 = VERTEX_POINT ( 'NONE', #3260 ) ;
#1343 = CARTESIAN_POINT ( 'NONE',  ( -13.41228082094833240, -6.000000000000012434, -5.418913199926619129 ) ) ;
#1344 = ORIENTED_EDGE ( 'NONE', *, *, #1033, .T. ) ;
#1345 = LINE ( 'NONE', #3249, #1818 ) ;
#1346 = CIRCLE ( 'NONE', #405, 1.525000000000000355 ) ;
#1347 = PLANE ( 'NONE',  #2532 ) ;
#1348 = CIRCLE ( 'NONE', #1291, 10.02500000000000036 ) ;
#1349 = EDGE_LOOP ( 'NONE', ( #2453, #2394 ) ) ;
#1350 = CARTESIAN_POINT ( 'NONE',  ( -10.39230484541249844, -6.999999999999999112, 4.475000000000445510 ) ) ;
#1351 = EDGE_CURVE ( 'NONE', #1050, #3284, #1277, .T. ) ;
#1352 = ORIENTED_EDGE ( 'NONE', *, *, #858, .F. ) ;
#1353 = DIRECTION ( 'NONE',  ( 0.000000000000000000, 1.000000000000000000, 0.000000000000000000 ) ) ;
#1354 = CYLINDRICAL_SURFACE ( 'NONE', #3391, 1.000000000000000000 ) ;
#1355 = ORIENTED_EDGE ( 'NONE', *, *, #2701, .F. ) ;
#1356 = DIRECTION ( 'NONE',  ( 1.000000000000000000, 0.000000000000000000, 1.671102966580887587E-12 ) ) ;
#1357 = EDGE_LOOP ( 'NONE', ( #622, #94, #2521, #1520 ) ) ;
#1358 = ADVANCED_FACE ( 'NONE', ( #888 ), #2698, .T. ) ;
#1359 = LINE ( 'NONE', #1581, #1561 ) ;
#1360 = ORIENTED_EDGE ( 'NONE', *, *, #1575, .T. ) ;
#1361 = DIRECTION ( 'NONE',  ( 0.000000000000000000, 0.000000000000000000, 1.000000000000000000 ) ) ;
#1362 = VERTEX_POINT ( 'NONE', #1680 ) ;
#1363 = CARTESIAN_POINT ( 'NONE',  ( -10.39230484541249844, 8.000000000000000000, 6.000000000000445866 ) ) ;
#1364 = DIRECTION ( 'NONE',  ( 0.000000000000000000, 1.000000000000000000, 0.000000000000000000 ) ) ;
#1365 = ORIENTED_EDGE ( 'NONE', *, *, #36, .T. ) ;
#1366 = CARTESIAN_POINT ( 'NONE',  ( 16.52887080494658534, 8.000000000000000000, -3.974472281119160844 ) ) ;
#1367 = VECTOR ( 'NONE', #687, 999.9999999999998863 ) ;
#1368 = ADVANCED_FACE ( 'NONE', ( #649 ), #1418, .F. ) ;
#1369 = CIRCLE ( 'NONE', #1813, 0.8000000000011174839 ) ;
#1370 = CARTESIAN_POINT ( 'NONE',  ( -10.39230484541249844, 18.00000000000000355, 6.000000000000445866 ) ) ;
#1371 = VERTEX_POINT ( 'NONE', #2479 ) ;
#1372 = CIRCLE ( 'NONE', #439, 0.8000000000000003775 ) ;
#1373 = EDGE_CURVE ( 'NONE', #1465, #578, #2393, .T. ) ;
#1374 = EDGE_LOOP ( 'NONE', ( #491, #3137 ) ) ;
#1375 = DIRECTION ( 'NONE',  ( 0.000000000000000000, 0.000000000000000000, -1.000000000000000000 ) ) ;
#1376 = ORIENTED_EDGE ( 'NONE', *, *, #2931, .T. ) ;
#1377 = DIRECTION ( 'NONE',  ( 0.000000000000000000, 0.000000000000000000, -1.000000000000000000 ) ) ;
#1378 = ORIENTED_EDGE ( 'NONE', *, *, #531, .F. ) ;
#1379 = FACE_OUTER_BOUND ( 'NONE', #3292, .T. ) ;
#1380 = DIRECTION ( 'NONE',  ( 0.000000000000000000, 0.000000000000000000, 1.000000000000000000 ) ) ;
#1381 = ADVANCED_FACE ( 'NONE', ( #1958, #2757 ), #1697, .T. ) ;
#1382 = ORIENTED_EDGE ( 'NONE', *, *, #828, .F. ) ;
#1383 = ORIENTED_EDGE ( 'NONE', *, *, #2974, .F. ) ;
#1384 = LINE ( 'NONE', #1890, #1898 ) ;
#1385 = ORIENTED_EDGE ( 'NONE', *, *, #905, .T. ) ;
#1386 = DIRECTION ( 'NONE',  ( -0.000000000000000000, -1.000000000000000000, -0.000000000000000000 ) ) ;
#1387 = EDGE_LOOP ( 'NONE', ( #2003, #2916, #944, #1132, #1009, #2742, #446, #1868 ) ) ;
#1388 = ADVANCED_BREP_SHAPE_REPRESENTATION ( '行星保持架upperbase4.0轴承公差版本', ( #2308, #2928 ), #224 ) ;
#1389 = ORIENTED_EDGE ( 'NONE', *, *, #2637, .T. ) ;
#1390 = EDGE_CURVE ( 'NONE', #2772, #1133, #1914, .T. ) ;
#1391 = DIRECTION ( 'NONE',  ( 0.000000000000000000, 1.000000000000000000, 0.000000000000000000 ) ) ;
#1392 = VERTEX_POINT ( 'NONE', #1665 ) ;
#1393 = ORIENTED_EDGE ( 'NONE', *, *, #822, .T. ) ;
#1394 = FACE_OUTER_BOUND ( 'NONE', #2193, .T. ) ;
#1395 = DIRECTION ( 'NONE',  ( -0.000000000000000000, 1.000000000000000000, -0.000000000000000000 ) ) ;
#1396 = AXIS2_PLACEMENT_3D ( 'NONE', #3291, #3323, #949 ) ;
#1397 = CARTESIAN_POINT ( 'NONE',  ( 0.000000000000000000, 2.000000000000000000, 0.000000000000000000 ) ) ;
#1398 = EDGE_LOOP ( 'NONE', ( #1959, #2106, #1468, #812 ) ) ;
#1399 = VECTOR ( 'NONE', #572, 1000.000000000000000 ) ;
#1400 = AXIS2_PLACEMENT_3D ( 'NONE', #3004, #108, #2243 ) ;
#1401 = EDGE_CURVE ( 'NONE', #3241, #3099, #3119, .T. ) ;
#1402 = VECTOR ( 'NONE', #2475, 1000.000000000000000 ) ;
#1403 = VECTOR ( 'NONE', #2253, 1000.000000000000000 ) ;
#1404 = CYLINDRICAL_SURFACE ( 'NONE', #1775, 1.250000000001231015 ) ;
#1405 = LINE ( 'NONE', #393, #3003 ) ;
#1406 = ORIENTED_EDGE ( 'NONE', *, *, #586, .T. ) ;
#1407 = ORIENTED_EDGE ( 'NONE', *, *, #1923, .F. ) ;
#1408 = DIRECTION ( 'NONE',  ( 0.000000000000000000, 0.000000000000000000, 1.000000000000000000 ) ) ;
#1409 = ADVANCED_FACE ( 'NONE', ( #695, #975 ), #712, .T. ) ;
#1410 = FACE_BOUND ( 'NONE', #7, .T. ) ;
#1411 = DIRECTION ( 'NONE',  ( 0.000000000000000000, -1.000000000000000000, 0.000000000000000000 ) ) ;
#1412 = ORIENTED_EDGE ( 'NONE', *, *, #2758, .F. ) ;
#1413 = CARTESIAN_POINT ( 'NONE',  ( -11.68023001338113609, -6.000000000000012434, -4.418913199923730772 ) ) ;
#1414 = CARTESIAN_POINT ( 'NONE',  ( 15.55658428700854579, 8.000000000000000000, -3.740679793994502234 ) ) ;
#1415 = LINE ( 'NONE', #1578, #1402 ) ;
#1416 = VECTOR ( 'NONE', #1687, 1000.000000000000000 ) ;
#1417 = ORIENTED_EDGE ( 'NONE', *, *, #2948, .T. ) ;
#1418 = CYLINDRICAL_SURFACE ( 'NONE', #571, 1.525000000000000355 ) ;
#1419 = CIRCLE ( 'NONE', #2982, 17.00000000000000000 ) ;
#1420 = AXIS2_PLACEMENT_3D ( 'NONE', #3101, #1243, #505 ) ;
#1421 = AXIS2_PLACEMENT_3D ( 'NONE', #1853, #2129, #484 ) ;
#1422 = CARTESIAN_POINT ( 'NONE',  ( -10.39230484541249844, 2.000000000000000000, 6.000000000000445866 ) ) ;
#1423 = ORIENTED_EDGE ( 'NONE', *, *, #1179, .T. ) ;
#1424 = CARTESIAN_POINT ( 'NONE',  ( 13.44862842423934346, 16.00000000000000000, 1.176602527094015915 ) ) ;
#1425 = AXIS2_PLACEMENT_3D ( 'NONE', #760, #1550, #987 ) ;
#1426 = CARTESIAN_POINT ( 'NONE',  ( 13.16299278036064280, -2.600000000000000089, -9.893036909061367012 ) ) ;
#1427 = EDGE_CURVE ( 'NONE', #816, #213, #3104, .T. ) ;
#1428 = DIRECTION ( 'NONE',  ( 0.000000000000000000, 0.000000000000000000, 1.000000000000000000 ) ) ;
#1429 = CYLINDRICAL_SURFACE ( 'NONE', #310, 0.8000000000005363932 ) ;
#1430 = VERTEX_POINT ( 'NONE', #2255 ) ;
#1431 = FACE_OUTER_BOUND ( 'NONE', #1265, .T. ) ;
#1432 = EDGE_CURVE ( 'NONE', #1848, #2340, #3038, .T. ) ;
#1433 = DIRECTION ( 'NONE',  ( -1.000000000000000000, 0.000000000000000000, -1.671102966580887991E-12 ) ) ;
#1434 = ORIENTED_EDGE ( 'NONE', *, *, #433, .F. ) ;
#1435 = CARTESIAN_POINT ( 'NONE',  ( 2.018009963927235084, -2.600000000000000089, 12.35888699675865965 ) ) ;
#1436 = DIRECTION ( 'NONE',  ( -0.000000000000000000, -1.000000000000000000, -0.000000000000000000 ) ) ;
#1437 = ORIENTED_EDGE ( 'NONE', *, *, #2964, .F. ) ;
#1438 = EDGE_CURVE ( 'NONE', #1743, #1250, #583, .T. ) ;
#1439 = DIRECTION ( 'NONE',  ( -0.000000000000000000, -1.000000000000000000, -0.000000000000000000 ) ) ;
#1440 = CARTESIAN_POINT ( 'NONE',  ( 9.698891165219546195, -2.600000000000000089, -7.893036909067157048 ) ) ;
#1441 = DIRECTION ( 'NONE',  ( 0.000000000000000000, 1.000000000000000000, 0.000000000000000000 ) ) ;
#1442 = CARTESIAN_POINT ( 'NONE',  ( 0.000000000000000000, 2.000000000000000000, -12.00000000000000178 ) ) ;
#1443 = AXIS2_PLACEMENT_3D ( 'NONE', #3426, #2170, #2396 ) ;
#1444 = EDGE_LOOP ( 'NONE', ( #2331, #2173 ) ) ;
#1445 = CYLINDRICAL_SURFACE ( 'NONE', #1977, 1.250000000001231015 ) ;
#1446 = AXIS2_PLACEMENT_3D ( 'NONE', #2204, #55, #3017 ) ;
#1447 = LINE ( 'NONE', #129, #3087 ) ;
#1448 = ORIENTED_EDGE ( 'NONE', *, *, #1531, .F. ) ;
#1449 = FACE_OUTER_BOUND ( 'NONE', #2499, .T. ) ;
#1450 = EDGE_CURVE ( 'NONE', #1248, #3415, #2169, .T. ) ;
#1451 = AXIS2_PLACEMENT_3D ( 'NONE', #2593, #227, #515 ) ;
#1452 = DIRECTION ( 'NONE',  ( 0.000000000000000000, -1.000000000000000000, 0.000000000000000000 ) ) ;
#1453 = CONICAL_SURFACE ( 'NONE', #3177, 4.525000000000000355, 0.7853981633974503884 ) ;
#1454 = ORIENTED_EDGE ( 'NONE', *, *, #1324, .F. ) ;
#1455 = DIRECTION ( 'NONE',  ( -0.000000000000000000, -1.000000000000000000, -0.000000000000000000 ) ) ;
#1456 = VERTEX_POINT ( 'NONE', #407 ) ;
#1457 = CARTESIAN_POINT ( 'NONE',  ( 1.180538366302217756, 8.000000000000000000, 9.955247569281661768 ) ) ;
#1458 = CARTESIAN_POINT ( 'NONE',  ( 10.39230484541402788, 8.000000000000000000, -4.025000000000441780 ) ) ;
#1459 = EDGE_CURVE ( 'NONE', #1054, #2703, #176, .T. ) ;
#1460 = LINE ( 'NONE', #3340, #1367 ) ;
#1461 = LINE ( 'NONE', #2486, #460 ) ;
#1462 = ORIENTED_EDGE ( 'NONE', *, *, #3035, .F. ) ;
#1463 = FACE_OUTER_BOUND ( 'NONE', #488, .T. ) ;
#1464 = DIRECTION ( 'NONE',  ( 0.000000000000000000, 0.000000000000000000, 1.000000000000000000 ) ) ;
#1465 = VERTEX_POINT ( 'NONE', #3054 ) ;
#1466 = DIRECTION ( 'NONE',  ( 0.000000000000000000, 1.000000000000000000, 0.000000000000000000 ) ) ;
#1467 = ADVANCED_FACE ( 'NONE', ( #2241 ), #1763, .T. ) ;
#1468 = ORIENTED_EDGE ( 'NONE', *, *, #260, .T. ) ;
#1469 = CIRCLE ( 'NONE', #1586, 2.500000000000000444 ) ;
#1470 = EDGE_CURVE ( 'NONE', #665, #3388, #2551, .T. ) ;
#1471 = DIRECTION ( 'NONE',  ( -0.000000000000000000, -1.000000000000000000, -0.000000000000000000 ) ) ;
#1472 = VERTEX_POINT ( 'NONE', #442 ) ;
#1473 = FACE_OUTER_BOUND ( 'NONE', #2010, .T. ) ;
#1474 = ORIENTED_EDGE ( 'NONE', *, *, #2334, .F. ) ;
#1475 = DIRECTION ( 'NONE',  ( 0.000000000000000000, 0.000000000000000000, -1.000000000000000000 ) ) ;
#1476 = VECTOR ( 'NONE', #2333, 999.9999999999998863 ) ;
#1477 = CARTESIAN_POINT ( 'NONE',  ( -13.44862842423849081, 16.00000000000000000, 1.176602527094225970 ) ) ;
#1478 = ORIENTED_EDGE ( 'NONE', *, *, #2903, .T. ) ;
#1479 = AXIS2_PLACEMENT_3D ( 'NONE', #1489, #914, #1186 ) ;
#1480 = CARTESIAN_POINT ( 'NONE',  ( -2.018009963922333672, -2.600000000000000089, 16.35888699675191305 ) ) ;
#1481 = FACE_BOUND ( 'NONE', #1540, .T. ) ;
#1482 = EDGE_CURVE ( 'NONE', #2134, #403, #3274, .T. ) ;
#1483 = EDGE_LOOP ( 'NONE', ( #2605, #3347, #3007, #1864 ) ) ;
#1484 = CARTESIAN_POINT ( 'NONE',  ( 15.08816891815643579, 8.000000000000000000, -2.857171422657175164 ) ) ;
#1485 = ORIENTED_EDGE ( 'NONE', *, *, #865, .T. ) ;
#1486 = CARTESIAN_POINT ( 'NONE',  ( -8.031228112810637754, 8.000000000000000000, -6.000000000000006217 ) ) ;
#1487 = ORIENTED_EDGE ( 'NONE', *, *, #2159, .T. ) ;
#1488 = DIRECTION ( 'NONE',  ( 0.000000000000000000, -1.000000000000000000, 0.000000000000000000 ) ) ;
#1489 = CARTESIAN_POINT ( 'NONE',  ( 0.000000000000000000, 8.000000000000000000, -12.00000000000000178 ) ) ;
#1490 = EDGE_CURVE ( 'NONE', #2416, #621, #244, .T. ) ;
#1491 = DIRECTION ( 'NONE',  ( 0.000000000000000000, 0.000000000000000000, 1.000000000000000000 ) ) ;
#1492 = ORIENTED_EDGE ( 'NONE', *, *, #1373, .T. ) ;
#1493 = DIRECTION ( 'NONE',  ( 0.000000000000000000, 0.000000000000000000, -1.000000000000000000 ) ) ;
#1494 = DIRECTION ( 'NONE',  ( -0.000000000000000000, -1.000000000000000000, -0.000000000000000000 ) ) ;
#1495 = ORIENTED_EDGE ( 'NONE', *, *, #2197, .F. ) ;
#1496 = CARTESIAN_POINT ( 'NONE',  ( 0.000000000000000000, -5.999999999999987566, 0.000000000000000000 ) ) ;
#1497 = CIRCLE ( 'NONE', #406, 2.999999999999997335 ) ;
#1498 = ADVANCED_FACE ( 'NONE', ( #1781 ), #3349, .T. ) ;
#1499 = AXIS2_PLACEMENT_3D ( 'NONE', #3242, #3223, #74 ) ;
#1500 = VECTOR ( 'NONE', #2775, 1000.000000000000000 ) ;
#1501 = DIRECTION ( 'NONE',  ( 0.000000000000000000, 0.000000000000000000, -1.000000000000000000 ) ) ;
#1502 = FACE_BOUND ( 'NONE', #2932, .T. ) ;
#1503 = AXIS2_PLACEMENT_3D ( 'NONE', #666, #3335, #380 ) ;
#1504 = DIRECTION ( 'NONE',  ( 0.000000000000000000, 0.000000000000000000, 1.000000000000000000 ) ) ;
#1505 = VECTOR ( 'NONE', #1295, 1000.000000000000114 ) ;
#1506 = VERTEX_POINT ( 'NONE', #3296 ) ;
#1507 = DIRECTION ( 'NONE',  ( 0.000000000000000000, -1.000000000000000000, 0.000000000000000000 ) ) ;
#1508 = APPLICATION_PROTOCOL_DEFINITION ( 'draft international standard', 'automotive_design', 1998, #1202 ) ;
#1509 = VECTOR ( 'NONE', #151, 1000.000000000000000 ) ;
#1510 = LINE ( 'NONE', #2612, #276 ) ;
#1511 = EDGE_CURVE ( 'NONE', #62, #1392, #2500, .T. ) ;
#1512 = CARTESIAN_POINT ( 'NONE',  ( -5.705346533498579120, 2.000000000000000000, -12.23515512499426272 ) ) ;
#1513 = EDGE_LOOP ( 'NONE', ( #31, #3108, #1637, #156 ) ) ;
#1514 = DIRECTION ( 'NONE',  ( 0.000000000000000000, 0.000000000000000000, -1.000000000000000000 ) ) ;
#1515 = DIRECTION ( 'NONE',  ( 0.000000000000000000, -1.000000000000000000, 0.000000000000000000 ) ) ;
#1516 = EDGE_LOOP ( 'NONE', ( #1931, #2598, #2845, #773 ) ) ;
#1517 = FACE_OUTER_BOUND ( 'NONE', #2362, .T. ) ;
#1518 = ADVANCED_FACE ( 'NONE', ( #157 ), #456, .T. ) ;
#1519 = DIRECTION ( 'NONE',  ( 0.000000000000000000, -1.000000000000000000, 0.000000000000000000 ) ) ;
#1520 = ORIENTED_EDGE ( 'NONE', *, *, #2798, .F. ) ;
#1521 = EDGE_CURVE ( 'NONE', #1848, #775, #851, .T. ) ;
#1522 = DIRECTION ( 'NONE',  ( 0.000000000000000000, 0.000000000000000000, 1.000000000000000000 ) ) ;
#1523 = ORIENTED_EDGE ( 'NONE', *, *, #1114, .F. ) ;
#1524 = FACE_OUTER_BOUND ( 'NONE', #2274, .T. ) ;
#1525 = VECTOR ( 'NONE', #3322, 1000.000000000000000 ) ;
#1526 = FACE_OUTER_BOUND ( 'NONE', #1013, .T. ) ;
#1527 = DIRECTION ( 'NONE',  ( 0.000000000000000000, 0.000000000000000000, -1.000000000000000000 ) ) ;
#1528 = ORIENTED_EDGE ( 'NONE', *, *, #956, .T. ) ;
#1529 = AXIS2_PLACEMENT_3D ( 'NONE', #2368, #792, #2702 ) ;
#1530 = DIRECTION ( 'NONE',  ( 0.000000000000000000, 0.000000000000000000, -1.000000000000000000 ) ) ;
#1531 = EDGE_CURVE ( 'NONE', #2467, #399, #3393, .T. ) ;
#1532 = VECTOR ( 'NONE', #1533, 1000.000000000000000 ) ;
#1533 = DIRECTION ( 'NONE',  ( -0.000000000000000000, -1.000000000000000000, -0.000000000000000000 ) ) ;
#1534 = AXIS2_PLACEMENT_3D ( 'NONE', #2041, #3030, #2251 ) ;
#1535 = ORIENTED_EDGE ( 'NONE', *, *, #2318, .F. ) ;
#1536 = CARTESIAN_POINT ( 'NONE',  ( -2.018009963918992344, -6.999999999999999112, 11.35888699675191837 ) ) ;
#1537 = AXIS2_PLACEMENT_3D ( 'NONE', #381, #163, #3025 ) ;
#1538 = EDGE_CURVE ( 'NONE', #403, #3284, #2895, .T. ) ;
#1539 = ORIENTED_EDGE ( 'NONE', *, *, #1373, .F. ) ;
#1540 = EDGE_LOOP ( 'NONE', ( #1903, #478 ) ) ;
#1541 = CARTESIAN_POINT ( 'NONE',  ( -2.018009963918992344, -2.600000000000000089, 12.35888699675190949 ) ) ;
#1542 = CARTESIAN_POINT ( 'NONE',  ( 5.541526766141773934E-16, 8.673617379884035472E-16, 4.525000000000000355 ) ) ;
#1543 = EDGE_LOOP ( 'NONE', ( #3376, #3065, #1330, #1633 ) ) ;
#1544 = CARTESIAN_POINT ( 'NONE',  ( -16.01035703229914375, -6.999999999999999112, -6.918913199930964986 ) ) ;
#1545 = EDGE_CURVE ( 'NONE', #324, #696, #1066, .T. ) ;
#1546 = DIRECTION ( 'NONE',  ( 0.000000000000000000, 0.000000000000000000, -1.000000000000000000 ) ) ;
#1547 = CARTESIAN_POINT ( 'NONE',  ( -7.743281890738405338, 2.000000000000000000, 9.808552597901892156 ) ) ;
#1548 = ORIENTED_EDGE ( 'NONE', *, *, #2440, .F. ) ;
#1549 = DIRECTION ( 'NONE',  ( -0.6123724356963833326, -0.7071067811865500152, 0.3535533905922489395 ) ) ;
#1550 = DIRECTION ( 'NONE',  ( -0.000000000000000000, -1.000000000000000000, -0.000000000000000000 ) ) ;
#1551 = ORIENTED_EDGE ( 'NONE', *, *, #805, .T. ) ;
#1552 = CARTESIAN_POINT ( 'NONE',  ( 3.980102097228898231E-16, 7.000000000000000000, 3.250000000000000444 ) ) ;
#1553 = ORIENTED_EDGE ( 'NONE', *, *, #1592, .F. ) ;
#1554 = AXIS2_PLACEMENT_3D ( 'NONE', #871, #840, #2433 ) ;
#1555 = FACE_OUTER_BOUND ( 'NONE', #3245, .T. ) ;
#1556 = ADVANCED_FACE ( 'NONE', ( #2379 ), #17, .F. ) ;
#1557 = ORIENTED_EDGE ( 'NONE', *, *, #2089, .F. ) ;
#1558 = LINE ( 'NONE', #1541, #2622 ) ;
#1559 = VERTEX_POINT ( 'NONE', #510 ) ;
#1560 = LINE ( 'NONE', #500, #859 ) ;
#1561 = VECTOR ( 'NONE', #2160, 1000.000000000000000 ) ;
#1562 = ORIENTED_EDGE ( 'NONE', *, *, #643, .F. ) ;
#1563 = AXIS2_PLACEMENT_3D ( 'NONE', #3303, #2483, #396 ) ;
#1564 = DIRECTION ( 'NONE',  ( 0.000000000000000000, -1.000000000000000000, 0.000000000000000000 ) ) ;
#1565 = ADVANCED_FACE ( 'NONE', ( #1555 ), #2115, .F. ) ;
#1566 = DIRECTION ( 'NONE',  ( 0.000000000000000000, 0.000000000000000000, 1.000000000000000000 ) ) ;
#1567 = VERTEX_POINT ( 'NONE', #2135 ) ;
#1568 = CARTESIAN_POINT ( 'NONE',  ( 2.018009963928906192, -6.999999999999999112, 11.35888699675865965 ) ) ;
#1569 = CIRCLE ( 'NONE', #315, 17.47500000000000142 ) ;
#1570 = DIRECTION ( 'NONE',  ( 0.000000000000000000, 1.000000000000000000, 0.000000000000000000 ) ) ;
#1571 = ORIENTED_EDGE ( 'NONE', *, *, #1521, .F. ) ;
#1572 = DIRECTION ( 'NONE',  ( 0.000000000000000000, 0.000000000000000000, -1.000000000000000000 ) ) ;
#1573 = ORIENTED_EDGE ( 'NONE', *, *, #98, .F. ) ;
#1574 = CARTESIAN_POINT ( 'NONE',  ( -2.018009963919514149, 8.000000000000000000, 14.35888699675244062 ) ) ;
#1575 = EDGE_CURVE ( 'NONE', #1195, #3201, #2281, .T. ) ;
#1576 = CARTESIAN_POINT ( 'NONE',  ( 11.42615592730280660, -5.569848480986660633, -8.927091392227735511 ) ) ;
#1577 = EDGE_LOOP ( 'NONE', ( #1044, #1344, #2922, #1326 ) ) ;
#1578 = CARTESIAN_POINT ( 'NONE',  ( -13.44862842423849081, 16.00000000000000000, -0.07339747290577335048 ) ) ;
#1579 = VERTEX_POINT ( 'NONE', #3422 ) ;
#1580 = EDGE_CURVE ( 'NONE', #1627, #1362, #1497, .T. ) ;
#1581 = CARTESIAN_POINT ( 'NONE',  ( -9.662220049453852155, -2.600000000000000089, -7.914208987612532553 ) ) ;
#1582 = VERTEX_POINT ( 'NONE', #1029 ) ;
#1583 = DIRECTION ( 'NONE',  ( -0.000000000000000000, -1.000000000000000000, -0.000000000000000000 ) ) ;
#1584 = ORIENTED_EDGE ( 'NONE', *, *, #865, .F. ) ;
#1585 = FACE_OUTER_BOUND ( 'NONE', #1761, .T. ) ;
#1586 = AXIS2_PLACEMENT_3D ( 'NONE', #3305, #1153, #2524 ) ;
#1587 = CARTESIAN_POINT ( 'NONE',  ( 10.39230484541402788, -6.999999999999999112, 7.524999999999558042 ) ) ;
#1588 = ORIENTED_EDGE ( 'NONE', *, *, #2080, .T. ) ;
#1589 = CARTESIAN_POINT ( 'NONE',  ( -15.55658428700901474, 2.000000000000000000, -2.740679793992554902 ) ) ;
#1590 = CIRCLE ( 'NONE', #546, 2.500000000000000444 ) ;
#1591 = CIRCLE ( 'NONE', #1047, 3.250000000000000444 ) ;
#1592 = EDGE_CURVE ( 'NONE', #1245, #3233, #2726, .T. ) ;
#1593 = ORIENTED_EDGE ( 'NONE', *, *, #772, .T. ) ;
#1594 = DIRECTION ( 'NONE',  ( 0.000000000000000000, -1.000000000000000000, 0.000000000000000000 ) ) ;
#1595 = AXIS2_PLACEMENT_3D ( 'NONE', #2145, #2692, #67 ) ;
#1596 = CARTESIAN_POINT ( 'NONE',  ( 2.018009963923362626, -2.600000000000000089, 13.55888699675865183 ) ) ;
#1597 = ORIENTED_EDGE ( 'NONE', *, *, #2917, .F. ) ;
#1598 = CARTESIAN_POINT ( 'NONE',  ( 10.39230484541402788, 2.000000000000000000, 8.499999999999557687 ) ) ;
#1599 = CARTESIAN_POINT ( 'NONE',  ( 0.000000000000000000, 8.673617379884035472E-16, 0.000000000000000000 ) ) ;
#1600 = VERTEX_POINT ( 'NONE', #294 ) ;
#1601 = CYLINDRICAL_SURFACE ( 'NONE', #2566, 0.8000000000005641487 ) ;
#1602 = ORIENTED_EDGE ( 'NONE', *, *, #1390, .T. ) ;
#1603 = ADVANCED_FACE ( 'NONE', ( #3192 ), #2082, .T. ) ;
#1604 = CARTESIAN_POINT ( 'NONE',  ( 2.018009963923362626, -2.600000000000000089, 14.35888699675918900 ) ) ;
#1605 = DIRECTION ( 'NONE',  ( -0.000000000000000000, -1.000000000000000000, -0.000000000000000000 ) ) ;
#1606 = EDGE_LOOP ( 'NONE', ( #1382, #3297, #2673, #1224 ) ) ;
#1607 = CARTESIAN_POINT ( 'NONE',  ( -2.018009963917320793, -6.999999999999999112, 11.35888699675191837 ) ) ;
#1608 = ORIENTED_EDGE ( 'NONE', *, *, #2701, .T. ) ;
#1609 = FACE_BOUND ( 'NONE', #314, .T. ) ;
#1610 = ADVANCED_FACE ( 'NONE', ( #561, #1801, #1609 ), #258, .T. ) ;
#1611 = CARTESIAN_POINT ( 'NONE',  ( -2.018009963918992344, -6.999999999999999112, 11.35888699675191837 ) ) ;
#1612 = ORIENTED_EDGE ( 'NONE', *, *, #159, .F. ) ;
#1613 = DIRECTION ( 'NONE',  ( 0.000000000000000000, -1.000000000000000000, 0.000000000000000000 ) ) ;
#1614 = EDGE_LOOP ( 'NONE', ( #473, #1769, #835, #181 ) ) ;
#1615 = CIRCLE ( 'NONE', #2286, 1.000000000000000000 ) ;
#1616 = CARTESIAN_POINT ( 'NONE',  ( -13.44416589122502792, -2.600000000000000089, -5.431795604532898558 ) ) ;
#1617 = VECTOR ( 'NONE', #2084, 1000.000000000000000 ) ;
#1618 = VERTEX_POINT ( 'NONE', #3140 ) ;
#1619 = CARTESIAN_POINT ( 'NONE',  ( 0.000000000000000000, 8.000000000000000000, 0.000000000000000000 ) ) ;
#1620 = ORIENTED_EDGE ( 'NONE', *, *, #694, .T. ) ;
#1621 = PLANE ( 'NONE',  #2986 ) ;
#1622 = VECTOR ( 'NONE', #929, 1000.000000000000000 ) ;
#1623 = AXIS2_PLACEMENT_3D ( 'NONE', #2294, #1247, #2771 ) ;
#1624 = EDGE_CURVE ( 'NONE', #1124, #1985, #305, .T. ) ;
#1625 = DIRECTION ( 'NONE',  ( 0.000000000000000000, -0.000000000000000000, 1.000000000000000000 ) ) ;
#1626 = AXIS2_PLACEMENT_3D ( 'NONE', #1006, #1078, #1572 ) ;
#1627 = VERTEX_POINT ( 'NONE', #1142 ) ;
#1628 = CARTESIAN_POINT ( 'NONE',  ( -5.705346533498579120, -6.999999999999999112, -13.48515512499549374 ) ) ;
#1629 = AXIS2_PLACEMENT_3D ( 'NONE', #1027, #2079, #782 ) ;
#1630 = CYLINDRICAL_SURFACE ( 'NONE', #1008, 0.8000000000011036061 ) ;
#1631 = FACE_OUTER_BOUND ( 'NONE', #1398, .T. ) ;
#1632 = EDGE_LOOP ( 'NONE', ( #188, #1523, #1884, #3040 ) ) ;
#1633 = ORIENTED_EDGE ( 'NONE', *, *, #2227, .T. ) ;
#1634 = LINE ( 'NONE', #2688, #1676 ) ;
#1635 = ORIENTED_EDGE ( 'NONE', *, *, #822, .F. ) ;
#1636 = DIRECTION ( 'NONE',  ( -0.000000000000000000, -1.000000000000000000, -0.000000000000000000 ) ) ;
#1637 = ORIENTED_EDGE ( 'NONE', *, *, #328, .F. ) ;
#1638 = DIRECTION ( 'NONE',  ( 0.000000000000000000, 1.000000000000000000, 0.000000000000000000 ) ) ;
#1639 = FACE_OUTER_BOUND ( 'NONE', #1215, .T. ) ;
#1640 = CARTESIAN_POINT ( 'NONE',  ( 2.018009963927235084, -2.600000000000000089, 12.35888699675865965 ) ) ;
#1641 = ORIENTED_EDGE ( 'NONE', *, *, #3035, .T. ) ;
#1642 = FACE_OUTER_BOUND ( 'NONE', #430, .T. ) ;
#1643 = EDGE_CURVE ( 'NONE', #1371, #934, #193, .T. ) ;
#1644 = AXIS2_PLACEMENT_3D ( 'NONE', #557, #1605, #1871 ) ;
#1645 = DIRECTION ( 'NONE',  ( 0.000000000000000000, 0.000000000000000000, -1.000000000000000000 ) ) ;
#1646 = CIRCLE ( 'NONE', #2652, 2.999999999999993783 ) ;
#1647 = EDGE_CURVE ( 'NONE', #1834, #721, #2005, .T. ) ;
#1648 = CIRCLE ( 'NONE', #606, 3.250000000000000444 ) ;
#1649 = CARTESIAN_POINT ( 'NONE',  ( 0.000000000000000000, 18.00000000000000355, -12.00000000000000178 ) ) ;
#1650 = CYLINDRICAL_SURFACE ( 'NONE', #2221, 1.250000000001161737 ) ;
#1651 = VERTEX_POINT ( 'NONE', #2725 ) ;
#1652 = PRESENTATION_LAYER_ASSIGNMENT (  '', '', ( #1152 ) ) ;
#1653 = ORIENTED_EDGE ( 'NONE', *, *, #104, .T. ) ;
#1654 = MECHANICAL_DESIGN_GEOMETRIC_PRESENTATION_REPRESENTATION (  '', ( #1152 ), #551 ) ;
#1655 = LINE ( 'NONE', #2140, #901 ) ;
#1656 = ORIENTED_EDGE ( 'NONE', *, *, #3412, .T. ) ;
#1657 = CARTESIAN_POINT ( 'NONE',  ( -15.55658428700901474, 8.000000000000000000, -3.740679793992554902 ) ) ;
#1658 = FACE_BOUND ( 'NONE', #2034, .T. ) ;
#1659 = EDGE_CURVE ( 'NONE', #1803, #2128, #730, .T. ) ;
#1660 = CARTESIAN_POINT ( 'NONE',  ( 11.43094197279008384, -2.600000000000000089, -8.893036909064255369 ) ) ;
#1661 = LINE ( 'NONE', #2927, #2338 ) ;
#1662 = ORIENTED_EDGE ( 'NONE', *, *, #1968, .F. ) ;
#1663 = CARTESIAN_POINT ( 'NONE',  ( 15.08816891815643579, 8.000000000000000000, -2.857171422657175164 ) ) ;
#1664 = ADVANCED_FACE ( 'NONE', ( #1693 ), #575, .F. ) ;
#1665 = CARTESIAN_POINT ( 'NONE',  ( -2.018009963918992344, -6.000000000000009770, 12.35888699675190949 ) ) ;
#1666 = ORIENTED_EDGE ( 'NONE', *, *, #1188, .F. ) ;
#1667 = CARTESIAN_POINT ( 'NONE',  ( 11.42615592730280660, 8.000000000000000000, -8.927091392227735511 ) ) ;
#1668 = ORIENTED_EDGE ( 'NONE', *, *, #2518, .F. ) ;
#1669 = DIRECTION ( 'NONE',  ( 0.000000000000000000, 0.000000000000000000, -1.000000000000000000 ) ) ;
#1670 = DIRECTION ( 'NONE',  ( 0.000000000000000000, 1.000000000000000000, 0.000000000000000000 ) ) ;
#1671 = VECTOR ( 'NONE', #1830, 1000.000000000000000 ) ;
#1672 = CARTESIAN_POINT ( 'NONE',  ( 5.196152422707013940, 8.000000000000000000, 2.999999999999778844 ) ) ;
#1673 = VERTEX_POINT ( 'NONE', #1157 ) ;
#1674 = DIRECTION ( 'NONE',  ( 0.000000000000000000, 0.000000000000000000, -1.000000000000000000 ) ) ;
#1675 = MECHANICAL_DESIGN_GEOMETRIC_PRESENTATION_REPRESENTATION (  '', ( #2234 ), #526 ) ;
#1676 = VECTOR ( 'NONE', #321, 1000.000000000000000 ) ;
#1677 = FACE_BOUND ( 'NONE', #3301, .T. ) ;
#1678 = CONICAL_SURFACE ( 'NONE', #1629, 4.525000000000000355, 0.7853981633974503884 ) ;
#1679 = ORIENTED_EDGE ( 'NONE', *, *, #2080, .F. ) ;
#1680 = CARTESIAN_POINT ( 'NONE',  ( 11.43094197279008384, -6.999999999999999112, -11.89303690906425359 ) ) ;
#1681 = EDGE_CURVE ( 'NONE', #1472, #2772, #1615, .T. ) ;
#1682 = CARTESIAN_POINT ( 'NONE',  ( -1.180538366300399877, 8.000000000000000000, 9.955247569281878484 ) ) ;
#1683 = ORIENTED_EDGE ( 'NONE', *, *, #1913, .T. ) ;
#1684 = PLANE ( 'NONE',  #1563 ) ;
#1685 = DIRECTION ( 'NONE',  ( 0.000000000000000000, 1.000000000000000000, 0.000000000000000000 ) ) ;
#1686 = EDGE_CURVE ( 'NONE', #3205, #2161, #1384, .T. ) ;
#1687 = DIRECTION ( 'NONE',  ( 0.000000000000000000, 1.000000000000000000, 0.000000000000000000 ) ) ;
#1688 = DIRECTION ( 'NONE',  ( 0.000000000000000000, 1.000000000000000000, 0.000000000000000000 ) ) ;
#1689 = EDGE_LOOP ( 'NONE', ( #1135, #1915, #3123, #544 ) ) ;
#1690 = CARTESIAN_POINT ( 'NONE',  ( 11.43094197279008384, -6.000000000000009770, -8.893036909064255369 ) ) ;
#1691 = DIRECTION ( 'NONE',  ( -0.000000000000000000, -1.000000000000000000, -0.000000000000000000 ) ) ;
#1692 = ORIENTED_EDGE ( 'NONE', *, *, #260, .F. ) ;
#1693 = FACE_OUTER_BOUND ( 'NONE', #1735, .T. ) ;
#1694 = LINE ( 'NONE', #319, #742 ) ;
#1695 = EDGE_CURVE ( 'NONE', #3229, #419, #2779, .T. ) ;
#1696 = AXIS2_PLACEMENT_3D ( 'NONE', #1660, #1075, #2694 ) ;
#1697 = PLANE ( 'NONE',  #1176 ) ;
#1698 = VECTOR ( 'NONE', #719, 1000.000000000000227 ) ;
#1699 = ORIENTED_EDGE ( 'NONE', *, *, #1981, .F. ) ;
#1700 = AXIS2_PLACEMENT_3D ( 'NONE', #1210, #2268, #1433 ) ;
#1701 = DIRECTION ( 'NONE',  ( 0.000000000000000000, 1.000000000000000000, 0.000000000000000000 ) ) ;
#1702 = ORIENTED_EDGE ( 'NONE', *, *, #2422, .F. ) ;
#1703 = LINE ( 'NONE', #2795, #3172 ) ;
#1704 = CARTESIAN_POINT ( 'NONE',  ( 2.018009963923362626, 8.000000000000000000, 14.35888699675918900 ) ) ;
#1705 = AXIS2_PLACEMENT_3D ( 'NONE', #197, #2226, #1964 ) ;
#1706 = CARTESIAN_POINT ( 'NONE',  ( -13.41228082094833240, -2.600000000000000089, -5.418913199926619129 ) ) ;
#1707 = ADVANCED_FACE ( 'NONE', ( #1093 ), #3259, .F. ) ;
#1708 = ORIENTED_EDGE ( 'NONE', *, *, #2159, .F. ) ;
#1709 = LINE ( 'NONE', #1480, #3289 ) ;
#1710 = PLANE ( 'NONE',  #1753 ) ;
#1711 = DIRECTION ( 'NONE',  ( -0.000000000000000000, -1.000000000000000000, -0.000000000000000000 ) ) ;
#1712 = EDGE_CURVE ( 'NONE', #590, #2467, #3271, .T. ) ;
#1713 = CARTESIAN_POINT ( 'NONE',  ( -7.743281890738405338, -6.999999999999999112, 11.05855259790189216 ) ) ;
#1714 = EDGE_LOOP ( 'NONE', ( #2549, #1149, #2689, #1535 ) ) ;
#1715 = ORIENTED_EDGE ( 'NONE', *, *, #1592, .T. ) ;
#1716 = CARTESIAN_POINT ( 'NONE',  ( -13.12632166458826255, -2.600000000000000089, -9.914208987618323476 ) ) ;
#1717 = ORIENTED_EDGE ( 'NONE', *, *, #512, .F. ) ;
#1718 = CARTESIAN_POINT ( 'NONE',  ( 11.43094197279008384, -6.999999999999999112, -8.893036909064255369 ) ) ;
#1719 = CARTESIAN_POINT ( 'NONE',  ( 11.43094197279008384, -6.000000000000009770, -8.893036909064255369 ) ) ;
#1720 = DIRECTION ( 'NONE',  ( -0.000000000000000000, -1.000000000000000000, -0.000000000000000000 ) ) ;
#1721 = CARTESIAN_POINT ( 'NONE',  ( -2.018009963918992344, -2.600000000000000089, 12.35888699675190949 ) ) ;
#1722 = EDGE_LOOP ( 'NONE', ( #1819, #109, #1189, #3336 ) ) ;
#1723 = CARTESIAN_POINT ( 'NONE',  ( -11.42615592729774399, -2.600000000000000089, -8.127091392221689858 ) ) ;
#1724 = EDGE_CURVE ( 'NONE', #1430, #604, #3002, .T. ) ;
#1725 = DIRECTION ( 'NONE',  ( 0.000000000000000000, 0.000000000000000000, -1.000000000000000000 ) ) ;
#1726 = ORIENTED_EDGE ( 'NONE', *, *, #1940, .T. ) ;
#1727 = CONICAL_SURFACE ( 'NONE', #2626, 2.000000000000000000, 0.7853981633974511656 ) ;
#1728 = CARTESIAN_POINT ( 'NONE',  ( 0.000000000000000000, -5.999999999999987566, 0.000000000000000000 ) ) ;
#1729 = EDGE_CURVE ( 'NONE', #419, #2232, #2168, .T. ) ;
#1730 = CARTESIAN_POINT ( 'NONE',  ( 0.000000000000000000, -2.499999999999999556, 0.000000000000000000 ) ) ;
#1731 = VECTOR ( 'NONE', #1299, 1000.000000000000114 ) ;
#1732 = VERTEX_POINT ( 'NONE', #1912 ) ;
#1733 = CIRCLE ( 'NONE', #472, 1.249999999999999334 ) ;
#1734 = FACE_OUTER_BOUND ( 'NONE', #322, .T. ) ;
#1735 = EDGE_LOOP ( 'NONE', ( #1102, #1259, #784, #2050 ) ) ;
#1736 = DIRECTION ( 'NONE',  ( -0.000000000000000000, -1.000000000000000000, -0.000000000000000000 ) ) ;
#1737 = DIRECTION ( 'NONE',  ( 0.000000000000000000, 0.000000000000000000, 1.000000000000000000 ) ) ;
#1738 = EDGE_CURVE ( 'NONE', #1651, #2460, #1283, .T. ) ;
#1739 = CARTESIAN_POINT ( 'NONE',  ( 5.705346533500335937, 2.000000000000000000, -12.23515512499498747 ) ) ;
#1740 = VERTEX_POINT ( 'NONE', #357 ) ;
#1741 = CARTESIAN_POINT ( 'NONE',  ( 13.44895193670569356, -6.000000000000009770, -5.397741121368710537 ) ) ;
#1742 = DIRECTION ( 'NONE',  ( 0.000000000000000000, 0.000000000000000000, 1.000000000000000000 ) ) ;
#1743 = VERTEX_POINT ( 'NONE', #1990 ) ;
#1744 = VERTEX_POINT ( 'NONE', #1244 ) ;
#1745 = DIRECTION ( 'NONE',  ( -0.000000000000000000, -1.000000000000000000, -0.000000000000000000 ) ) ;
#1746 = ADVANCED_FACE ( 'NONE', ( #3362 ), #1429, .F. ) ;
#1747 = VERTEX_POINT ( 'NONE', #1167 ) ;
#1748 = CONICAL_SURFACE ( 'NONE', #3307, 2.000000000000000000, 0.7853981633974504994 ) ;
#1749 = CARTESIAN_POINT ( 'NONE',  ( 4.822441440389090950, 2.000000000000000000, 16.30165815351364955 ) ) ;
#1750 = ORIENTED_EDGE ( 'NONE', *, *, #63, .F. ) ;
#1751 = DIRECTION ( 'NONE',  ( 0.6123724356952050529, 0.7071067811865456854, 0.3535533905942983002 ) ) ;
#1752 =( LENGTH_UNIT ( ) NAMED_UNIT ( * ) SI_UNIT ( .MILLI., .METRE. ) );
#1753 = AXIS2_PLACEMENT_3D ( 'NONE', #2252, #2024, #971 ) ;
#1754 = CIRCLE ( 'NONE', #1529, 17.47500000000000142 ) ;
#1755 = VECTOR ( 'NONE', #11, 1000.000000000000000 ) ;
#1756 = FACE_OUTER_BOUND ( 'NONE', #2070, .T. ) ;
#1757 = EDGE_CURVE ( 'NONE', #1747, #1217, #1984, .T. ) ;
#1758 = ORIENTED_EDGE ( 'NONE', *, *, #981, .F. ) ;
#1759 = LINE ( 'NONE', #1226, #2790 ) ;
#1760 = CARTESIAN_POINT ( 'NONE',  ( 13.44895193670569356, -6.000000000000009770, -5.397741121368710537 ) ) ;
#1761 = EDGE_LOOP ( 'NONE', ( #752, #202, #1385, #142 ) ) ;
#1762 = DIRECTION ( 'NONE',  ( 0.000000000000000000, 1.000000000000000000, 0.000000000000000000 ) ) ;
#1763 = PLANE ( 'NONE',  #894 ) ;
#1764 = FACE_OUTER_BOUND ( 'NONE', #2215, .T. ) ;
#1765 = EDGE_CURVE ( 'NONE', #1100, #25, #1461, .T. ) ;
#1766 = DIRECTION ( 'NONE',  ( -0.000000000000000000, -1.000000000000000000, -0.000000000000000000 ) ) ;
#1767 = ORIENTED_EDGE ( 'NONE', *, *, #858, .T. ) ;
#1768 = SURFACE_SIDE_STYLE ('',( #788 ) ) ;
#1769 = ORIENTED_EDGE ( 'NONE', *, *, #8, .T. ) ;
#1770 =( NAMED_UNIT ( * ) PLANE_ANGLE_UNIT ( ) SI_UNIT ( $, .RADIAN. ) );
#1771 = CARTESIAN_POINT ( 'NONE',  ( -13.41228082094833240, -2.600000000000000089, -5.418913199926619129 ) ) ;
#1772 = CARTESIAN_POINT ( 'NONE',  ( -11.39427085702105380, -2.600000000000000089, -10.91420898761542624 ) ) ;
#1773 = EDGE_LOOP ( 'NONE', ( #968, #3139, #2223, #999 ) ) ;
#1774 = CARTESIAN_POINT ( 'NONE',  ( -8.796194645670258438, -6.999999999999999112, -7.414208987611085711 ) ) ;
#1775 = AXIS2_PLACEMENT_3D ( 'NONE', #391, #1436, #3228 ) ;
#1776 = DIRECTION ( 'NONE',  ( 0.000000000000000000, -1.000000000000000000, 0.000000000000000000 ) ) ;
#1777 = ORIENTED_EDGE ( 'NONE', *, *, #476, .T. ) ;
#1778 = AXIS2_PLACEMENT_3D ( 'NONE', #3175, #2677, #237 ) ;
#1779 = AXIS2_PLACEMENT_3D ( 'NONE', #593, #2178, #2733 ) ;
#1780 = AXIS2_PLACEMENT_3D ( 'NONE', #364, #3281, #2539 ) ;
#1781 = FACE_OUTER_BOUND ( 'NONE', #1714, .T. ) ;
#1782 = DIRECTION ( 'NONE',  ( 0.000000000000000000, 1.000000000000000000, 0.000000000000000000 ) ) ;
#1783 = AXIS2_PLACEMENT_3D ( 'NONE', #979, #2033, #734 ) ;
#1784 = AXIS2_PLACEMENT_3D ( 'NONE', #2220, #1131, #3244 ) ;
#1785 = DIRECTION ( 'NONE',  ( 0.000000000000000000, 0.000000000000000000, 1.000000000000000000 ) ) ;
#1786 = AXIS2_PLACEMENT_3D ( 'NONE', #2805, #1466, #2026 ) ;
#1787 = ORIENTED_EDGE ( 'NONE', *, *, #1459, .T. ) ;
#1788 = DIRECTION ( 'NONE',  ( 0.000000000000000000, 1.000000000000000000, 0.000000000000000000 ) ) ;
#1789 = VERTEX_POINT ( 'NONE', #1721 ) ;
#1790 = EDGE_CURVE ( 'NONE', #3201, #3263, #1014, .T. ) ;
#1791 = AXIS2_PLACEMENT_3D ( 'NONE', #2930, #1059, #2657 ) ;
#1792 = FACE_OUTER_BOUND ( 'NONE', #698, .T. ) ;
#1793 = DIRECTION ( 'NONE',  ( -0.000000000000000000, -1.000000000000000000, -0.000000000000000000 ) ) ;
#1794 = VERTEX_POINT ( 'NONE', #1949 ) ;
#1795 = EDGE_CURVE ( 'NONE', #3229, #2414, #2782, .T. ) ;
#1796 = DIRECTION ( 'NONE',  ( -0.000000000000000000, -1.000000000000000000, -0.000000000000000000 ) ) ;
#1797 = CARTESIAN_POINT ( 'NONE',  ( -5.705346533498579120, -6.999999999999999112, -12.23515512499426272 ) ) ;
#1798 = ORIENTED_EDGE ( 'NONE', *, *, #2006, .F. ) ;
#1799 = FACE_OUTER_BOUND ( 'NONE', #1632, .T. ) ;
#1800 = ORIENTED_EDGE ( 'NONE', *, *, #159, .T. ) ;
#1801 = FACE_BOUND ( 'NONE', #1943, .T. ) ;
#1802 = EDGE_CURVE ( 'NONE', #3421, #2498, #2228, .T. ) ;
#1803 = VERTEX_POINT ( 'NONE', #2265 ) ;
#1804 = LINE ( 'NONE', #513, #1847 ) ;
#1805 = DIRECTION ( 'NONE',  ( 0.000000000000000000, -0.000000000000000000, -1.000000000000000000 ) ) ;
#1806 = EDGE_LOOP ( 'NONE', ( #21, #1900 ) ) ;
#1807 = DIRECTION ( 'NONE',  ( 0.000000000000000000, -1.000000000000000000, 0.000000000000000000 ) ) ;
#1808 = AXIS2_PLACEMENT_3D ( 'NONE', #1442, #382, #1428 ) ;
#1809 = CARTESIAN_POINT ( 'NONE',  ( -13.41228082094833240, -6.000000000000012434, -5.418913199926619129 ) ) ;
#1810 = ORIENTED_EDGE ( 'NONE', *, *, #2422, .T. ) ;
#1811 = CYLINDRICAL_SURFACE ( 'NONE', #793, 17.47500000000000142 ) ;
#1812 = EDGE_LOOP ( 'NONE', ( #1979, #3302, #248, #879 ) ) ;
#1813 = AXIS2_PLACEMENT_3D ( 'NONE', #2417, #1391, #2450 ) ;
#1814 = DIRECTION ( 'NONE',  ( -0.000000000000000000, 1.000000000000000000, -0.000000000000000000 ) ) ;
#1815 = AXIS2_PLACEMENT_3D ( 'NONE', #2887, #3360, #471 ) ;
#1816 = EDGE_CURVE ( 'NONE', #989, #1100, #409, .T. ) ;
#1817 = DIRECTION ( 'NONE',  ( 0.000000000000000000, -1.000000000000000000, 0.000000000000000000 ) ) ;
#1818 = VECTOR ( 'NONE', #3202, 1000.000000000000000 ) ;
#1819 = ORIENTED_EDGE ( 'NONE', *, *, #3176, .T. ) ;
#1820 = DIRECTION ( 'NONE',  ( 0.000000000000000000, 0.000000000000000000, -1.000000000000000000 ) ) ;
#1821 = VERTEX_POINT ( 'NONE', #2002 ) ;
#1822 = CARTESIAN_POINT ( 'NONE',  ( -11.39427085702105380, -2.600000000000000089, -8.914208987615426238 ) ) ;
#1823 = CARTESIAN_POINT ( 'NONE',  ( 16.04702814806151068, -6.999999999999999112, -6.897741121364365569 ) ) ;
#1824 = EDGE_CURVE ( 'NONE', #2266, #1310, #639, .T. ) ;
#1825 = FACE_OUTER_BOUND ( 'NONE', #2141, .T. ) ;
#1826 = ORIENTED_EDGE ( 'NONE', *, *, #1401, .T. ) ;
#1827 = DIRECTION ( 'NONE',  ( 0.000000000000000000, 0.000000000000000000, -1.000000000000000000 ) ) ;
#1828 = PRESENTATION_STYLE_ASSIGNMENT (( #480 ) ) ;
#1829 = CARTESIAN_POINT ( 'NONE',  ( 10.01846749406552739, 8.000000000000000000, -11.63815186838624349 ) ) ;
#1830 = DIRECTION ( 'NONE',  ( -0.000000000000000000, -1.000000000000000000, -0.000000000000000000 ) ) ;
#1831 = ORIENTED_EDGE ( 'NONE', *, *, #1140, .F. ) ;
#1832 = CARTESIAN_POINT ( 'NONE',  ( 0.000000000000000000, -5.999999999999987566, 0.000000000000000000 ) ) ;
#1833 = DIRECTION ( 'NONE',  ( 0.000000000000000000, 0.000000000000000000, 1.000000000000000000 ) ) ;
#1834 = VERTEX_POINT ( 'NONE', #2800 ) ;
#1835 = FACE_OUTER_BOUND ( 'NONE', #2936, .T. ) ;
#1836 = EDGE_CURVE ( 'NONE', #2938, #1651, #916, .T. ) ;
#1837 = ORIENTED_EDGE ( 'NONE', *, *, #3383, .F. ) ;
#1838 = AXIS2_PLACEMENT_3D ( 'NONE', #1730, #191, #993 ) ;
#1839 = DIRECTION ( 'NONE',  ( -0.000000000000000000, 1.000000000000000000, -0.000000000000000000 ) ) ;
#1840 = EDGE_CURVE ( 'NONE', #14, #2063, #34, .T. ) ;
#1841 = AXIS2_PLACEMENT_3D ( 'NONE', #1305, #1583, #286 ) ;
#1842 = DIRECTION ( 'NONE',  ( 0.000000000000000000, 0.000000000000000000, 1.000000000000000000 ) ) ;
#1843 = CARTESIAN_POINT ( 'NONE',  ( 11.71690112913514703, -2.600000000000000089, -4.397741121371608664 ) ) ;
#1844 = VERTEX_POINT ( 'NONE', #247 ) ;
#1845 = CIRCLE ( 'NONE', #3005, 2.999999999999997335 ) ;
#1846 = FACE_BOUND ( 'NONE', #1032, .T. ) ;
#1847 = VECTOR ( 'NONE', #751, 1000.000000000000000 ) ;
#1848 = VERTEX_POINT ( 'NONE', #2633 ) ;
#1849 = AXIS2_PLACEMENT_3D ( 'NONE', #2741, #827, #281 ) ;
#1850 = DIRECTION ( 'NONE',  ( -0.000000000000000000, 1.000000000000000000, -0.000000000000000000 ) ) ;
#1851 = CARTESIAN_POINT ( 'NONE',  ( -10.39230484541249844, 2.500000000000000000, 3.500000000000445421 ) ) ;
#1852 = ORIENTED_EDGE ( 'NONE', *, *, #1855, .F. ) ;
#1853 = CARTESIAN_POINT ( 'NONE',  ( -11.39427085702105380, -2.600000000000000089, -8.914208987615426238 ) ) ;
#1854 = VECTOR ( 'NONE', #3121, 1000.000000000000000 ) ;
#1855 = EDGE_CURVE ( 'NONE', #516, #958, #2866, .T. ) ;
#1856 = CYLINDRICAL_SURFACE ( 'NONE', #3424, 0.8000000000000003775 ) ;
#1857 = EDGE_LOOP ( 'NONE', ( #532, #886 ) ) ;
#1858 = DIRECTION ( 'NONE',  ( -1.000000000000000000, 0.000000000000000000, -1.671102966580887991E-12 ) ) ;
#1859 = ORIENTED_EDGE ( 'NONE', *, *, #1432, .T. ) ;
#1860 = ADVANCED_FACE ( 'NONE', ( #3112 ), #2038, .F. ) ;
#1861 = DIRECTION ( 'NONE',  ( 0.000000000000000000, 0.000000000000000000, -1.000000000000000000 ) ) ;
#1862 = ORIENTED_EDGE ( 'NONE', *, *, #362, .T. ) ;
#1863 = LINE ( 'NONE', #1435, #686 ) ;
#1864 = ORIENTED_EDGE ( 'NONE', *, *, #306, .F. ) ;
#1865 = DIRECTION ( 'NONE',  ( -0.000000000000000000, -1.000000000000000000, -0.000000000000000000 ) ) ;
#1866 = ORIENTED_EDGE ( 'NONE', *, *, #1230, .F. ) ;
#1867 = DIRECTION ( 'NONE',  ( 0.000000000000000000, 0.000000000000000000, -1.000000000000000000 ) ) ;
#1868 = ORIENTED_EDGE ( 'NONE', *, *, #2456, .T. ) ;
#1869 = LINE ( 'NONE', #504, #495 ) ;
#1870 = CIRCLE ( 'NONE', #167, 0.9999999999999991118 ) ;
#1871 = DIRECTION ( 'NONE',  ( 0.000000000000000000, 0.000000000000000000, -1.000000000000000000 ) ) ;
#1872 = ADVANCED_FACE ( 'NONE', ( #2884 ), #2335, .F. ) ;
#1873 = ORIENTED_EDGE ( 'NONE', *, *, #2047, .T. ) ;
#1874 = CYLINDRICAL_SURFACE ( 'NONE', #1791, 0.8000000000000003775 ) ;
#1875 = CIRCLE ( 'NONE', #3091, 1.249999999999999334 ) ;
#1876 = EDGE_LOOP ( 'NONE', ( #2814, #344, #896, #1058 ) ) ;
#1877 = DIRECTION ( 'NONE',  ( -0.000000000000000000, -1.000000000000000000, -0.000000000000000000 ) ) ;
#1878 = DIRECTION ( 'NONE',  ( 0.000000000000000000, 0.000000000000000000, 1.000000000000000000 ) ) ;
#1879 = VERTEX_POINT ( 'NONE', #2597 ) ;
#1880 = DIRECTION ( 'NONE',  ( 0.000000000000000000, -1.000000000000000000, 0.000000000000000000 ) ) ;
#1881 = VERTEX_POINT ( 'NONE', #1547 ) ;
#1882 = EDGE_CURVE ( 'NONE', #880, #62, #1053, .T. ) ;
#1883 = DIRECTION ( 'NONE',  ( 0.000000000000000000, -1.000000000000000000, 0.000000000000000000 ) ) ;
#1884 = ORIENTED_EDGE ( 'NONE', *, *, #1729, .T. ) ;
#1885 = FACE_OUTER_BOUND ( 'NONE', #1335, .T. ) ;
#1886 = ORIENTED_EDGE ( 'NONE', *, *, #673, .F. ) ;
#1887 = LINE ( 'NONE', #111, #2924 ) ;
#1888 = CARTESIAN_POINT ( 'NONE',  ( 0.000000000000000000, 2.000000000000000000, -3.250000000000000444 ) ) ;
#1889 = ORIENTED_EDGE ( 'NONE', *, *, #2525, .T. ) ;
#1890 = CARTESIAN_POINT ( 'NONE',  ( 0.000000000000000000, -57.64576289833876643, 17.47500000000000142 ) ) ;
#1891 = AXIS2_PLACEMENT_3D ( 'NONE', #1649, #3227, #2713 ) ;
#1892 = DIRECTION ( 'NONE',  ( -1.181249248212879125E-12, -0.7071067811865447972, 0.7071067811865502373 ) ) ;
#1893 = DIRECTION ( 'NONE',  ( 0.000000000000000000, 1.000000000000000000, 0.000000000000000000 ) ) ;
#1894 = ORIENTED_EDGE ( 'NONE', *, *, #121, .T. ) ;
#1895 = CARTESIAN_POINT ( 'NONE',  ( 0.000000000000000000, -5.999999999999987566, -4.525000000000000355 ) ) ;
#1896 = ORIENTED_EDGE ( 'NONE', *, *, #2306, .T. ) ;
#1897 = CARTESIAN_POINT ( 'NONE',  ( 13.44416589121839856, -5.569848480986660633, -6.231795604533310495 ) ) ;
#1898 = VECTOR ( 'NONE', #329, 1000.000000000000000 ) ;
#1899 = CIRCLE ( 'NONE', #2564, 0.8000000000011036061 ) ;
#1900 = ORIENTED_EDGE ( 'NONE', *, *, #1062, .F. ) ;
#1901 = EDGE_CURVE ( 'NONE', #3263, #1212, #2451, .T. ) ;
#1902 = DIRECTION ( 'NONE',  ( 0.000000000000000000, 0.000000000000000000, -1.000000000000000000 ) ) ;
#1903 = ORIENTED_EDGE ( 'NONE', *, *, #1079, .F. ) ;
#1904 = FACE_OUTER_BOUND ( 'NONE', #371, .T. ) ;
#1905 = VECTOR ( 'NONE', #1751, 1000.000000000000114 ) ;
#1906 = AXIS2_PLACEMENT_3D ( 'NONE', #2312, #1519, #677 ) ;
#1907 = LINE ( 'NONE', #596, #332 ) ;
#1908 = AXIS2_PLACEMENT_3D ( 'NONE', #507, #235, #1820 ) ;
#1909 = VERTEX_POINT ( 'NONE', #212 ) ;
#1910 = DIRECTION ( 'NONE',  ( 0.000000000000000000, 0.000000000000000000, 1.000000000000000000 ) ) ;
#1911 = AXIS2_PLACEMENT_3D ( 'NONE', #2710, #579, #2442 ) ;
#1912 = CARTESIAN_POINT ( 'NONE',  ( -5.705346533498579120, 2.000000000000000000, -13.48515512499549374 ) ) ;
#1913 = EDGE_CURVE ( 'NONE', #1879, #161, #466, .T. ) ;
#1914 = LINE ( 'NONE', #2972, #846 ) ;
#1915 = ORIENTED_EDGE ( 'NONE', *, *, #1659, .F. ) ;
#1916 = DIRECTION ( 'NONE',  ( 0.4999999999985524357, -0.000000000000000000, 0.8660254037852743725 ) ) ;
#1917 = ORIENTED_EDGE ( 'NONE', *, *, #2774, .F. ) ;
#1918 = DIRECTION ( 'NONE',  ( -0.000000000000000000, -1.000000000000000000, -0.000000000000000000 ) ) ;
#1919 = DIRECTION ( 'NONE',  ( -0.000000000000000000, -1.000000000000000000, -0.000000000000000000 ) ) ;
#1920 = CARTESIAN_POINT ( 'NONE',  ( 0.000000000000000000, 8.000000000000000000, 0.000000000000000000 ) ) ;
#1921 = ORIENTED_EDGE ( 'NONE', *, *, #3021, .F. ) ;
#1922 = CARTESIAN_POINT ( 'NONE',  ( 9.211766479111812345, 8.000000000000000000, -3.955247569282106301 ) ) ;
#1923 = EDGE_CURVE ( 'NONE', #327, #2804, #3375, .T. ) ;
#1924 = DIRECTION ( 'NONE',  ( -0.000000000000000000, 1.000000000000000000, -0.000000000000000000 ) ) ;
#1925 = CIRCLE ( 'NONE', #114, 0.8000000000000003775 ) ;
#1926 = CIRCLE ( 'NONE', #1534, 2.000000000000000000 ) ;
#1927 = DIRECTION ( 'NONE',  ( 0.000000000000000000, -0.7071067811865450192, -0.7071067811865500152 ) ) ;
#1928 = AXIS2_PLACEMENT_3D ( 'NONE', #1998, #2019, #657 ) ;
#1929 = ADVANCED_FACE ( 'NONE', ( #3132 ), #1811, .T. ) ;
#1930 = CARTESIAN_POINT ( 'NONE',  ( -15.14433162851554826, -6.000000000000012434, -6.418913199929520808 ) ) ;
#1931 = ORIENTED_EDGE ( 'NONE', *, *, #2807, .F. ) ;
#1932 = FACE_OUTER_BOUND ( 'NONE', #1092, .T. ) ;
#1933 = DIRECTION ( 'NONE',  ( -0.000000000000000000, -1.000000000000000000, -0.000000000000000000 ) ) ;
#1934 = CARTESIAN_POINT ( 'NONE',  ( 0.000000000000000000, -2.499999999999999556, -18.50000000000000000 ) ) ;
#1935 = ORIENTED_EDGE ( 'NONE', *, *, #46, .T. ) ;
#1936 = CARTESIAN_POINT ( 'NONE',  ( 13.44416589121839856, -2.600000000000000089, -5.431795604532193344 ) ) ;
#1937 = CARTESIAN_POINT ( 'NONE',  ( 11.01781587252592942, 8.000000000000000000, -11.60205729166666799 ) ) ;
#1938 = ADVANCED_FACE ( 'NONE', ( #3414 ), #3395, .T. ) ;
#1939 = CARTESIAN_POINT ( 'NONE',  ( -2.018009963922333672, -6.000000000000009770, 16.35888699675191305 ) ) ;
#1940 = EDGE_CURVE ( 'NONE', #48, #257, #2355, .T. ) ;
#1941 = DIRECTION ( 'NONE',  ( -0.000000000000000000, -1.000000000000000000, -0.000000000000000000 ) ) ;
#1942 = ORIENTED_EDGE ( 'NONE', *, *, #1681, .F. ) ;
#1943 = EDGE_LOOP ( 'NONE', ( #830, #678 ) ) ;
#1944 = DIRECTION ( 'NONE',  ( 0.000000000000000000, 0.000000000000000000, -1.000000000000000000 ) ) ;
#1945 = CIRCLE ( 'NONE', #3225, 10.02499999999999858 ) ;
#1946 = VECTOR ( 'NONE', #591, 1000.000000000000000 ) ;
#1947 = CARTESIAN_POINT ( 'NONE',  ( 13.44416589121839856, -5.569848480986660633, -5.431795604532193344 ) ) ;
#1948 = EDGE_CURVE ( 'NONE', #333, #594, #3164, .T. ) ;
#1949 = CARTESIAN_POINT ( 'NONE',  ( -4.822441440386964651, 8.000000000000000000, 16.30165815351427838 ) ) ;
#1950 = ORIENTED_EDGE ( 'NONE', *, *, #2411, .F. ) ;
#1951 = DIRECTION ( 'NONE',  ( -0.000000000000000000, -1.000000000000000000, -0.000000000000000000 ) ) ;
#1952 = AXIS2_PLACEMENT_3D ( 'NONE', #143, #1185, #1251 ) ;
#1953 = CARTESIAN_POINT ( 'NONE',  ( 3.061616997868383634E-16, 2.000000000000000000, -9.500000000000001776 ) ) ;
#1954 = CIRCLE ( 'NONE', #529, 17.00000000000000355 ) ;
#1955 = ORIENTED_EDGE ( 'NONE', *, *, #2167, .F. ) ;
#1956 = CARTESIAN_POINT ( 'NONE',  ( 11.70642936455880267, 2.000000000000000000, -12.32718587239583741 ) ) ;
#1957 = AXIS2_PLACEMENT_3D ( 'NONE', #2998, #2946, #1910 ) ;
#1958 = FACE_BOUND ( 'NONE', #2277, .T. ) ;
#1959 = ORIENTED_EDGE ( 'NONE', *, *, #1129, .T. ) ;
#1960 = EDGE_CURVE ( 'NONE', #509, #1743, #1171, .T. ) ;
#1961 = DIRECTION ( 'NONE',  ( -0.000000000000000000, -1.000000000000000000, -0.000000000000000000 ) ) ;
#1962 = ORIENTED_EDGE ( 'NONE', *, *, #1459, .F. ) ;
#1963 = LINE ( 'NONE', #2018, #1905 ) ;
#1964 = DIRECTION ( 'NONE',  ( 0.5000000000014476198, 0.000000000000000000, -0.8660254037836028207 ) ) ;
#1965 = FACE_OUTER_BOUND ( 'NONE', #3214, .T. ) ;
#1966 = ORIENTED_EDGE ( 'NONE', *, *, #3257, .T. ) ;
#1967 = DIRECTION ( 'NONE',  ( -1.000000000000000000, -0.000000000000000000, -1.671102966580887587E-12 ) ) ;
#1968 = EDGE_CURVE ( 'NONE', #1794, #598, #482, .T. ) ;
#1969 = LINE ( 'NONE', #152, #1146 ) ;
#1970 = ORIENTED_EDGE ( 'NONE', *, *, #1738, .T. ) ;
#1971 = DIRECTION ( 'NONE',  ( -0.000000000000000000, -1.000000000000000000, -0.000000000000000000 ) ) ;
#1972 = ORIENTED_EDGE ( 'NONE', *, *, #1986, .F. ) ;
#1973 = DIRECTION ( 'NONE',  ( 0.000000000000000000, 0.000000000000000000, -1.000000000000000000 ) ) ;
#1974 = CLOSED_SHELL ( 'NONE', ( #3239, #3072, #3320, #1173, #19, #1707, #1156, #345, #2572, #246, #1280, #2667, #2257, #146, #3000, #1565, #2847, #1664, #112, #2722, #2789, #1556, #1220, #2045, #1518, #330, #1938, #3193, #1334, #810, #2489, #56, #1498, #352, #1603, #970, #201, #2858, #3377, #2015, #1860, #668, #1293, #390, #714, #931, #3299, #3272, #2882, #1242, #3290, #735, #3331, #892, #656, #71, #924, #2311, #1381, #1048, #1409, #605, #2072, #3344, #3106, #3204, #384, #2293, #1261, #2328, #2840, #1610, #2874, #155, #1329, #2471, #2389, #1271, #2123, #2583, #3153, #2556, #1358, #2272, #452, #2027, #2058, #485, #228, #2942, #1467, #3077, #3325, #2764, #1276, #522, #2995, #2208, #2969, #2747, #1872, #570, #2672, #2102, #1746, #1144, #1090, #1368, #1929 ) ) ;
#1975 = ORIENTED_EDGE ( 'NONE', *, *, #117, .F. ) ;
#1976 = AXIS2_PLACEMENT_3D ( 'NONE', #2588, #2346, #3089 ) ;
#1977 = AXIS2_PLACEMENT_3D ( 'NONE', #186, #451, #1493 ) ;
#1978 = DIRECTION ( 'NONE',  ( 0.000000000000000000, 1.000000000000000000, 0.000000000000000000 ) ) ;
#1979 = ORIENTED_EDGE ( 'NONE', *, *, #673, .T. ) ;
#1980 = DIRECTION ( 'NONE',  ( 6.938893903907228378E-15, 0.000000000000000000, 1.000000000000000000 ) ) ;
#1981 = EDGE_CURVE ( 'NONE', #604, #3144, #1945, .T. ) ;
#1982 = DIRECTION ( 'NONE',  ( 0.000000000000000000, 0.000000000000000000, 1.000000000000000000 ) ) ;
#1983 = DIRECTION ( 'NONE',  ( 0.000000000000000000, 1.000000000000000000, 0.000000000000000000 ) ) ;
#1984 = LINE ( 'NONE', #1223, #955 ) ;
#1985 = VERTEX_POINT ( 'NONE', #1772 ) ;
#1986 = EDGE_CURVE ( 'NONE', #1270, #1732, #899, .T. ) ;
#1987 = DIRECTION ( 'NONE',  ( 0.000000000000000000, 0.000000000000000000, -1.000000000000000000 ) ) ;
#1988 = LINE ( 'NONE', #421, #174 ) ;
#1989 = ORIENTED_EDGE ( 'NONE', *, *, #1948, .T. ) ;
#1990 = CARTESIAN_POINT ( 'NONE',  ( -11.39427085702105380, -6.000000000000012434, -10.91420898761542624 ) ) ;
#1991 = CARTESIAN_POINT ( 'NONE',  ( 0.000000000000000000, -6.999999999999999112, 0.000000000000000000 ) ) ;
#1992 = ORIENTED_EDGE ( 'NONE', *, *, #3187, .F. ) ;
#1993 = DIRECTION ( 'NONE',  ( -0.000000000000000000, -1.000000000000000000, -0.000000000000000000 ) ) ;
#1994 = ORIENTED_EDGE ( 'NONE', *, *, #3046, .F. ) ;
#1995 = LINE ( 'NONE', #878, #311 ) ;
#1996 = ORIENTED_EDGE ( 'NONE', *, *, #1545, .T. ) ;
#1997 = LINE ( 'NONE', #110, #3118 ) ;
#1998 = CARTESIAN_POINT ( 'NONE',  ( 5.705346533500335937, -6.999999999999999112, -12.23515512499498747 ) ) ;
#1999 = EDGE_CURVE ( 'NONE', #2638, #995, #1340, .T. ) ;
#2000 = CARTESIAN_POINT ( 'NONE',  ( 5.705346533500335937, 2.000000000000000000, -10.98515512499382574 ) ) ;
#2001 = AXIS2_PLACEMENT_3D ( 'NONE', #1822, #2363, #1045 ) ;
#2002 = CARTESIAN_POINT ( 'NONE',  ( 13.44416589121839856, 8.000000000000000000, -4.631795604531075305 ) ) ;
#2003 = ORIENTED_EDGE ( 'NONE', *, *, #3277, .F. ) ;
#2004 = CYLINDRICAL_SURFACE ( 'NONE', #2516, 0.9999999999999991118 ) ;
#2005 = CIRCLE ( 'NONE', #1122, 0.9999999999999991118 ) ;
#2006 = EDGE_CURVE ( 'NONE', #2649, #1747, #733, .T. ) ;
#2007 = CYLINDRICAL_SURFACE ( 'NONE', #2863, 3.250000000000000444 ) ;
#2008 = VECTOR ( 'NONE', #757, 1000.000000000000000 ) ;
#2009 = VECTOR ( 'NONE', #607, 1000.000000000000114 ) ;
#2010 = EDGE_LOOP ( 'NONE', ( #1219, #2166, #378, #1612 ) ) ;
#2011 = DIRECTION ( 'NONE',  ( 0.000000000000000000, 0.000000000000000000, 1.000000000000000000 ) ) ;
#2012 = AXIS2_PLACEMENT_3D ( 'NONE', #3248, #2960, #1867 ) ;
#2013 = DIRECTION ( 'NONE',  ( 0.000000000000000000, -1.000000000000000000, 0.000000000000000000 ) ) ;
#2014 = ORIENTED_EDGE ( 'NONE', *, *, #288, .T. ) ;
#2015 = ADVANCED_FACE ( 'NONE', ( #1932, #623, #97 ), #3235, .T. ) ;
#2016 = CARTESIAN_POINT ( 'NONE',  ( -11.39427085702105380, -6.999999999999999112, -8.914208987615426238 ) ) ;
#2017 = EDGE_LOOP ( 'NONE', ( #537, #927, #2745, #985 ) ) ;
#2018 = CARTESIAN_POINT ( 'NONE',  ( -13.99234706837185804, -6.999999999999999112, -10.41420898761976410 ) ) ;
#2019 = DIRECTION ( 'NONE',  ( 0.000000000000000000, -1.000000000000000000, 0.000000000000000000 ) ) ;
#2020 = FACE_OUTER_BOUND ( 'NONE', #218, .T. ) ;
#2021 = CARTESIAN_POINT ( 'NONE',  ( 2.018009963923362626, -5.569848480986660633, 14.35888699675918900 ) ) ;
#2022 = EDGE_LOOP ( 'NONE', ( #3113, #2715, #3180, #2104 ) ) ;
#2023 = DIRECTION ( 'NONE',  ( 0.000000000000000000, 0.000000000000000000, 1.000000000000000000 ) ) ;
#2024 = DIRECTION ( 'NONE',  ( 0.000000000000000000, 1.000000000000000000, 0.000000000000000000 ) ) ;
#2025 = ORIENTED_EDGE ( 'NONE', *, *, #3400, .F. ) ;
#2026 = DIRECTION ( 'NONE',  ( 0.000000000000000000, 0.000000000000000000, 1.000000000000000000 ) ) ;
#2027 = ADVANCED_FACE ( 'NONE', ( #1087 ), #2993, .T. ) ;
#2028 = DIRECTION ( 'NONE',  ( 1.734723475976808672E-15, 0.000000000000000000, 1.000000000000000000 ) ) ;
#2029 = CARTESIAN_POINT ( 'NONE',  ( 7.743281890740514761, -6.999999999999999112, 9.808552597900767722 ) ) ;
#2030 = AXIS2_PLACEMENT_3D ( 'NONE', #126, #370, #947 ) ;
#2031 = DIRECTION ( 'NONE',  ( 0.000000000000000000, 0.000000000000000000, -1.000000000000000000 ) ) ;
#2032 = EDGE_LOOP ( 'NONE', ( #912, #395, #1304, #2732 ) ) ;
#2033 = DIRECTION ( 'NONE',  ( -0.000000000000000000, -1.000000000000000000, -0.000000000000000000 ) ) ;
#2034 = EDGE_LOOP ( 'NONE', ( #848, #3128 ) ) ;
#2035 = AXIS2_PLACEMENT_3D ( 'NONE', #239, #1263, #477 ) ;
#2036 = AXIS2_PLACEMENT_3D ( 'NONE', #1604, #1395, #325 ) ;
#2037 = DIRECTION ( 'NONE',  ( 0.000000000000000000, 0.000000000000000000, -1.000000000000000000 ) ) ;
#2038 = CYLINDRICAL_SURFACE ( 'NONE', #518, 10.02499999999999858 ) ;
#2039 = ORIENTED_EDGE ( 'NONE', *, *, #3088, .F. ) ;
#2040 = AXIS2_PLACEMENT_3D ( 'NONE', #125, #3304, #1221 ) ;
#2041 = CARTESIAN_POINT ( 'NONE',  ( 11.43094197279008384, -6.000000000000009770, -8.893036909064255369 ) ) ;
#2042 = CARTESIAN_POINT ( 'NONE',  ( -9.662220049453850379, -2.600000000000000089, -7.914208987612529000 ) ) ;
#2043 = ORIENTED_EDGE ( 'NONE', *, *, #1712, .F. ) ;
#2044 = CARTESIAN_POINT ( 'NONE',  ( 2.018009963923883543, -6.000000000000009770, 14.35888699675865787 ) ) ;
#2045 = ADVANCED_FACE ( 'NONE', ( #1118 ), #2704, .T. ) ;
#2046 = ORIENTED_EDGE ( 'NONE', *, *, #2948, .F. ) ;
#2047 = EDGE_CURVE ( 'NONE', #2309, #1881, #580, .T. ) ;
#2048 = VERTEX_POINT ( 'NONE', #302 ) ;
#2049 = CARTESIAN_POINT ( 'NONE',  ( 10.39230484541402788, -6.999999999999999112, 5.999999999999557687 ) ) ;
#2050 = ORIENTED_EDGE ( 'NONE', *, *, #2463, .T. ) ;
#2051 = PRODUCT_CONTEXT ( 'NONE', #337, 'mechanical' ) ;
#2052 = FACE_BOUND ( 'NONE', #3358, .T. ) ;
#2053 = DIRECTION ( 'NONE',  ( 0.000000000000000000, -1.000000000000000000, 0.000000000000000000 ) ) ;
#2054 = ORIENTED_EDGE ( 'NONE', *, *, #1390, .F. ) ;
#2055 = LINE ( 'NONE', #3166, #2319 ) ;
#2056 = AXIS2_PLACEMENT_3D ( 'NONE', #906, #1893, #134 ) ;
#2057 = DIRECTION ( 'NONE',  ( 0.000000000000000000, 0.000000000000000000, 1.000000000000000000 ) ) ;
#2058 = ADVANCED_FACE ( 'NONE', ( #1885 ), #1727, .F. ) ;
#2059 = ORIENTED_EDGE ( 'NONE', *, *, #2478, .T. ) ;
#2060 = CARTESIAN_POINT ( 'NONE',  ( 9.211766479111812345, 8.000000000000000000, -3.955247569282106301 ) ) ;
#2061 = AXIS2_PLACEMENT_3D ( 'NONE', #2719, #1918, #1669 ) ;
#2062 = VECTOR ( 'NONE', #1916, 1000.000000000000114 ) ;
#2063 = VERTEX_POINT ( 'NONE', #2436 ) ;
#2064 = CARTESIAN_POINT ( 'NONE',  ( 11.43094197279008384, -6.999999999999999112, -8.893036909064255369 ) ) ;
#2065 = EDGE_LOOP ( 'NONE', ( #1539, #158 ) ) ;
#2066 = VECTOR ( 'NONE', #717, 999.9999999999998863 ) ;
#2067 = CIRCLE ( 'NONE', #2056, 2.500000000000000444 ) ;
#2068 = DIRECTION ( 'NONE',  ( -1.181555906896215795E-12, -0.7071067811865447972, 0.7071067811865502373 ) ) ;
#2069 = VECTOR ( 'NONE', #32, 1000.000000000000000 ) ;
#2070 = EDGE_LOOP ( 'NONE', ( #1777, #1116, #3161, #3298, #1393 ) ) ;
#2071 = CYLINDRICAL_SURFACE ( 'NONE', #464, 2.500000000000000444 ) ;
#2072 = ADVANCED_FACE ( 'NONE', ( #1070 ), #2195, .F. ) ;
#2073 = DIRECTION ( 'NONE',  ( -0.6123724356963874405, -0.7071067811865457964, 0.3535533905922501607 ) ) ;
#2074 = DIRECTION ( 'NONE',  ( 0.4999999999985526578, 0.000000000000000000, 0.8660254037852742615 ) ) ;
#2075 = ORIENTED_EDGE ( 'NONE', *, *, #2917, .T. ) ;
#2076 = DIRECTION ( 'NONE',  ( -0.000000000000000000, -1.000000000000000000, -0.000000000000000000 ) ) ;
#2077 = DIRECTION ( 'NONE',  ( 0.000000000000000000, 0.000000000000000000, -1.000000000000000000 ) ) ;
#2078 = ORIENTED_EDGE ( 'NONE', *, *, #1225, .F. ) ;
#2079 = DIRECTION ( 'NONE',  ( 0.000000000000000000, -1.000000000000000000, 0.000000000000000000 ) ) ;
#2080 = EDGE_CURVE ( 'NONE', #2973, #274, #3184, .T. ) ;
#2081 = EDGE_LOOP ( 'NONE', ( #3023, #3328, #3316, #1548 ) ) ;
#2082 = CYLINDRICAL_SURFACE ( 'NONE', #3275, 17.00000000000000000 ) ;
#2083 = LINE ( 'NONE', #1823, #493 ) ;
#2084 = DIRECTION ( 'NONE',  ( -0.000000000000000000, -1.000000000000000000, -0.000000000000000000 ) ) ;
#2085 = ORIENTED_EDGE ( 'NONE', *, *, #46, .F. ) ;
#2086 = DIRECTION ( 'NONE',  ( 0.000000000000000000, 0.000000000000000000, -1.000000000000000000 ) ) ;
#2087 = VECTOR ( 'NONE', #1039, 1000.000000000000000 ) ;
#2088 = DIRECTION ( 'NONE',  ( 0.000000000000000000, 0.000000000000000000, -1.000000000000000000 ) ) ;
#2089 = EDGE_CURVE ( 'NONE', #590, #3080, #198, .T. ) ;
#2090 = CARTESIAN_POINT ( 'NONE',  ( 0.000000000000000000, 2.000000000000000000, 0.000000000000000000 ) ) ;
#2091 = ORIENTED_EDGE ( 'NONE', *, *, #2615, .F. ) ;
#2092 = DIRECTION ( 'NONE',  ( -0.4999999999985524357, 0.000000000000000000, -0.8660254037852743725 ) ) ;
#2093 = VECTOR ( 'NONE', #2720, 1000.000000000000000 ) ;
#2094 = DIRECTION ( 'NONE',  ( 0.000000000000000000, 0.000000000000000000, 1.000000000000000000 ) ) ;
#2095 = AXIS2_PLACEMENT_3D ( 'NONE', #1201, #930, #1475 ) ;
#2096 = EDGE_CURVE ( 'NONE', #1794, #1195, #412, .T. ) ;
#2097 = VERTEX_POINT ( 'NONE', #2920 ) ;
#2098 = LINE ( 'NONE', #3156, #206 ) ;
#2099 = ORIENTED_EDGE ( 'NONE', *, *, #2380, .T. ) ;
#2100 = DIRECTION ( 'NONE',  ( 0.000000000000000000, 0.000000000000000000, -1.000000000000000000 ) ) ;
#2101 = DIRECTION ( 'NONE',  ( 0.000000000000000000, 0.000000000000000000, -1.000000000000000000 ) ) ;
#2102 = ADVANCED_FACE ( 'NONE', ( #2690 ), #1601, .F. ) ;
#2103 = ORIENTED_EDGE ( 'NONE', *, *, #3309, .F. ) ;
#2104 = ORIENTED_EDGE ( 'NONE', *, *, #3257, .F. ) ;
#2105 = DIRECTION ( 'NONE',  ( 0.000000000000000000, -1.000000000000000000, 0.000000000000000000 ) ) ;
#2106 = ORIENTED_EDGE ( 'NONE', *, *, #633, .T. ) ;
#2107 = DIRECTION ( 'NONE',  ( -0.000000000000000000, -1.000000000000000000, -0.000000000000000000 ) ) ;
#2108 = ORIENTED_EDGE ( 'NONE', *, *, #2148, .T. ) ;
#2109 = DIRECTION ( 'NONE',  ( 0.000000000000000000, 0.000000000000000000, 1.000000000000000000 ) ) ;
#2110 = CARTESIAN_POINT ( 'NONE',  ( 10.39230484541402788, 2.000000000000000000, 3.499999999999557243 ) ) ;
#2111 = ORIENTED_EDGE ( 'NONE', *, *, #444, .F. ) ;
#2112 = LINE ( 'NONE', #885, #149 ) ;
#2113 = EDGE_CURVE ( 'NONE', #1985, #1743, #2419, .T. ) ;
#2114 = ORIENTED_EDGE ( 'NONE', *, *, #747, .T. ) ;
#2115 = CYLINDRICAL_SURFACE ( 'NONE', #1778, 1.249999999999999334 ) ;
#2116 = VECTOR ( 'NONE', #2848, 1000.000000000000000 ) ;
#2117 = CARTESIAN_POINT ( 'NONE',  ( -13.44416589122502792, -2.600000000000000089, -6.231795604532899269 ) ) ;
#2118 = DIRECTION ( 'NONE',  ( 0.000000000000000000, -1.000000000000000000, 0.000000000000000000 ) ) ;
#2119 = VERTEX_POINT ( 'NONE', #349 ) ;
#2120 = AXIS2_PLACEMENT_3D ( 'NONE', #2127, #1636, #1377 ) ;
#2121 = FACE_OUTER_BOUND ( 'NONE', #185, .T. ) ;
#2122 = AXIS2_PLACEMENT_3D ( 'NONE', #138, #926, #2628 ) ;
#2123 = ADVANCED_FACE ( 'NONE', ( #1394 ), #64, .F. ) ;
#2124 = VECTOR ( 'NONE', #2937, 1000.000000000000000 ) ;
#2125 = DIRECTION ( 'NONE',  ( 0.000000000000000000, -1.000000000000000000, 0.000000000000000000 ) ) ;
#2126 = ORIENTED_EDGE ( 'NONE', *, *, #550, .T. ) ;
#2127 = CARTESIAN_POINT ( 'NONE',  ( -13.41228082094833240, -2.600000000000000089, -5.418913199926619129 ) ) ;
#2128 = VERTEX_POINT ( 'NONE', #2162 ) ;
#2129 = DIRECTION ( 'NONE',  ( -0.000000000000000000, -1.000000000000000000, -0.000000000000000000 ) ) ;
#2130 = CONICAL_SURFACE ( 'NONE', #2843, 2.000000000000000000, 0.7853981633974518317 ) ;
#2131 = PLANE ( 'NONE',  #1696 ) ;
#2132 = ORIENTED_EDGE ( 'NONE', *, *, #3011, .F. ) ;
#2133 = DIRECTION ( 'NONE',  ( 0.000000000000000000, 0.000000000000000000, 1.000000000000000000 ) ) ;
#2134 = VERTEX_POINT ( 'NONE', #3215 ) ;
#2135 = CARTESIAN_POINT ( 'NONE',  ( 2.140070281509999712E-15, 2.000000000000000000, -17.47500000000000142 ) ) ;
#2136 = EDGE_CURVE ( 'NONE', #270, #2682, #49, .T. ) ;
#2137 = FACE_OUTER_BOUND ( 'NONE', #1483, .T. ) ;
#2138 = ORIENTED_EDGE ( 'NONE', *, *, #828, .T. ) ;
#2139 = DIRECTION ( 'NONE',  ( -0.000000000000000000, -1.000000000000000000, -0.000000000000000000 ) ) ;
#2140 = CARTESIAN_POINT ( 'NONE',  ( -2.018009963922333672, -6.000000000000009770, 16.35888699675191305 ) ) ;
#2141 = EDGE_LOOP ( 'NONE', ( #1573, #2351, #1683, #2929 ) ) ;
#2142 = EDGE_CURVE ( 'NONE', #135, #2666, #3338, .T. ) ;
#2143 = CARTESIAN_POINT ( 'NONE',  ( 0.000000000000000000, 8.000000000000000000, -6.000000000000000888 ) ) ;
#2144 = ORIENTED_EDGE ( 'NONE', *, *, #2167, .T. ) ;
#2145 = CARTESIAN_POINT ( 'NONE',  ( 0.000000000000000000, 2.000000000000001776, 0.000000000000000000 ) ) ;
#2146 = AXIS2_PLACEMENT_3D ( 'NONE', #1706, #1187, #148 ) ;
#2147 = FACE_OUTER_BOUND ( 'NONE', #434, .T. ) ;
#2148 = EDGE_CURVE ( 'NONE', #2460, #1627, #2522, .T. ) ;
#2149 = ORIENTED_EDGE ( 'NONE', *, *, #1302, .T. ) ;
#2150 = DIRECTION ( 'NONE',  ( 0.000000000000000000, -1.000000000000000000, 0.000000000000000000 ) ) ;
#2151 = AXIS2_PLACEMENT_3D ( 'NONE', #1308, #2601, #3154 ) ;
#2152 = CIRCLE ( 'NONE', #3314, 1.000000000000000000 ) ;
#2153 = DIRECTION ( 'NONE',  ( 0.000000000000000000, 1.000000000000000000, 0.000000000000000000 ) ) ;
#2154 = EDGE_CURVE ( 'NONE', #2867, #3421, #3282, .T. ) ;
#2155 = DIRECTION ( 'NONE',  ( 0.000000000000000000, 1.000000000000000000, 0.000000000000000000 ) ) ;
#2156 = ORIENTED_EDGE ( 'NONE', *, *, #616, .T. ) ;
#2157 = LINE ( 'NONE', #1065, #2124 ) ;
#2158 = ORIENTED_EDGE ( 'NONE', *, *, #468, .F. ) ;
#2159 = EDGE_CURVE ( 'NONE', #1275, #3028, #1997, .T. ) ;
#2160 = DIRECTION ( 'NONE',  ( -0.5000000000014476198, 0.000000000000000000, 0.8660254037836029317 ) ) ;
#2161 = VERTEX_POINT ( 'NONE', #2501 ) ;
#2162 = CARTESIAN_POINT ( 'NONE',  ( 3.061616997868383634E-16, 2.500000000000000000, -9.500000000000001776 ) ) ;
#2163 = EDGE_LOOP ( 'NONE', ( #39, #179 ) ) ;
#2164 = FACE_OUTER_BOUND ( 'NONE', #2397, .T. ) ;
#2165 = DIRECTION ( 'NONE',  ( 0.000000000000000000, 1.000000000000000000, 0.000000000000000000 ) ) ;
#2166 = ORIENTED_EDGE ( 'NONE', *, *, #981, .T. ) ;
#2167 = EDGE_CURVE ( 'NONE', #2542, #3157, #1845, .T. ) ;
#2168 = LINE ( 'NONE', #857, #2175 ) ;
#2169 = CIRCLE ( 'NONE', #1906, 2.000000000000000000 ) ;
#2170 = DIRECTION ( 'NONE',  ( -0.000000000000000000, -1.000000000000000000, -0.000000000000000000 ) ) ;
#2171 = CARTESIAN_POINT ( 'NONE',  ( -10.39230484541249844, 2.500000000000000000, 6.000000000000445866 ) ) ;
#2172 = VERTEX_POINT ( 'NONE', #654 ) ;
#2173 = ORIENTED_EDGE ( 'NONE', *, *, #724, .T. ) ;
#2174 = CYLINDRICAL_SURFACE ( 'NONE', #3310, 0.9999999999999991118 ) ;
#2175 = VECTOR ( 'NONE', #2153, 1000.000000000000000 ) ;
#2176 = CIRCLE ( 'NONE', #2122, 0.8000000000005641487 ) ;
#2177 = ORIENTED_EDGE ( 'NONE', *, *, #1816, .F. ) ;
#2178 = DIRECTION ( 'NONE',  ( 0.000000000000000000, 1.000000000000000000, 0.000000000000000000 ) ) ;
#2179 = ORIENTED_EDGE ( 'NONE', *, *, #1923, .T. ) ;
#2180 = EDGE_CURVE ( 'NONE', #1192, #379, #367, .T. ) ;
#2181 = CARTESIAN_POINT ( 'NONE',  ( 5.069701424092029285, 8.000000000000000000, 14.49532329104218675 ) ) ;
#2182 = VECTOR ( 'NONE', #1788, 1000.000000000000000 ) ;
#2183 = DIRECTION ( 'NONE',  ( -0.000000000000000000, -1.000000000000000000, -0.000000000000000000 ) ) ;
#2184 = ORIENTED_EDGE ( 'NONE', *, *, #616, .F. ) ;
#2185 = DIRECTION ( 'NONE',  ( -0.000000000000000000, -1.000000000000000000, -0.000000000000000000 ) ) ;
#2186 = AXIS2_PLACEMENT_3D ( 'NONE', #2620, #1274, #2133 ) ;
#2187 = DIRECTION ( 'NONE',  ( 0.000000000000000000, 1.000000000000000000, 0.000000000000000000 ) ) ;
#2188 = EDGE_CURVE ( 'NONE', #1217, #2718, #2509, .T. ) ;
#2189 = EDGE_LOOP ( 'NONE', ( #2592, #499 ) ) ;
#2190 = CARTESIAN_POINT ( 'NONE',  ( 11.43094197279008384, -6.000000000000009770, -10.89303690906425537 ) ) ;
#2191 = ORIENTED_EDGE ( 'NONE', *, *, #2282, .F. ) ;
#2192 = CARTESIAN_POINT ( 'NONE',  ( -10.39230484541249844, 8.000000000000000000, -4.024999999999553602 ) ) ;
#2193 = EDGE_LOOP ( 'NONE', ( #1708, #2158, #2434, #2300 ) ) ;
#2194 = ORIENTED_EDGE ( 'NONE', *, *, #2768, .F. ) ;
#2195 = CYLINDRICAL_SURFACE ( 'NONE', #2120, 2.000000000000000000 ) ;
#2196 = FACE_OUTER_BOUND ( 'NONE', #1007, .T. ) ;
#2197 = EDGE_CURVE ( 'NONE', #1162, #832, #358, .T. ) ;
#2198 = DIRECTION ( 'NONE',  ( 0.000000000000000000, 0.000000000000000000, -1.000000000000000000 ) ) ;
#2199 = ORIENTED_EDGE ( 'NONE', *, *, #2738, .T. ) ;
#2200 = DIRECTION ( 'NONE',  ( 0.000000000000000000, 0.000000000000000000, -1.000000000000000000 ) ) ;
#2201 = PRODUCT_DEFINITION_CONTEXT ( 'detailed design', #1202, 'design' ) ;
#2202 = AXIS2_PLACEMENT_3D ( 'NONE', #30, #2926, #52 ) ;
#2203 = EDGE_CURVE ( 'NONE', #2568, #509, #1963, .T. ) ;
#2204 = CARTESIAN_POINT ( 'NONE',  ( 13.44895193670569356, -2.600000000000000089, -5.397741121368710537 ) ) ;
#2205 = AXIS2_PLACEMENT_3D ( 'NONE', #2819, #2287, #2216 ) ;
#2206 = AXIS2_PLACEMENT_3D ( 'NONE', #341, #2943, #3266 ) ;
#2207 = FACE_OUTER_BOUND ( 'NONE', #748, .T. ) ;
#2208 = ADVANCED_FACE ( 'NONE', ( #890 ), #3319, .F. ) ;
#2209 = DIRECTION ( 'NONE',  ( 0.000000000000000000, 0.000000000000000000, -1.000000000000000000 ) ) ;
#2210 = EDGE_LOOP ( 'NONE', ( #1666, #428 ) ) ;
#2211 = ORIENTED_EDGE ( 'NONE', *, *, #3212, .F. ) ;
#2212 = DIRECTION ( 'NONE',  ( -0.000000000000000000, -1.000000000000000000, -0.000000000000000000 ) ) ;
#2213 = DIRECTION ( 'NONE',  ( -0.000000000000000000, 1.000000000000000000, -0.000000000000000000 ) ) ;
#2214 = LINE ( 'NONE', #915, #2707 ) ;
#2215 = EDGE_LOOP ( 'NONE', ( #1495, #765, #655, #2581 ) ) ;
#2216 = DIRECTION ( 'NONE',  ( 0.000000000000000000, 0.000000000000000000, -1.000000000000000000 ) ) ;
#2217 = DIRECTION ( 'NONE',  ( 0.000000000000000000, 0.000000000000000000, 1.000000000000000000 ) ) ;
#2218 = DIRECTION ( 'NONE',  ( -0.000000000000000000, -1.000000000000000000, -0.000000000000000000 ) ) ;
#2219 = EDGE_CURVE ( 'NONE', #1362, #2938, #2892, .T. ) ;
#2220 = CARTESIAN_POINT ( 'NONE',  ( -10.39230484541249844, 8.000000000000000000, 6.000000000000445866 ) ) ;
#2221 = AXIS2_PLACEMENT_3D ( 'NONE', #2714, #2465, #2727 ) ;
#2222 = DIRECTION ( 'NONE',  ( -0.000000000000000000, 1.000000000000000000, -0.000000000000000000 ) ) ;
#2223 = ORIENTED_EDGE ( 'NONE', *, *, #264, .T. ) ;
#2224 = ORIENTED_EDGE ( 'NONE', *, *, #1765, .F. ) ;
#2225 = DIRECTION ( 'NONE',  ( -0.000000000000000000, -1.000000000000000000, -0.000000000000000000 ) ) ;
#2226 = DIRECTION ( 'NONE',  ( 0.8660254037836029317, -0.000000000000000000, 0.5000000000014477308 ) ) ;
#2227 = EDGE_CURVE ( 'NONE', #3263, #604, #414, .T. ) ;
#2228 = CIRCLE ( 'NONE', #3061, 10.02499999999999858 ) ;
#2229 = AXIS2_PLACEMENT_3D ( 'NONE', #3074, #1281, #697 ) ;
#2230 = CARTESIAN_POINT ( 'NONE',  ( -10.39230484541249844, 2.000000000000000000, 6.000000000000445866 ) ) ;
#2231 = DIRECTION ( 'NONE',  ( -0.000000000000000000, -1.000000000000000000, -0.000000000000000000 ) ) ;
#2232 = VERTEX_POINT ( 'NONE', #124 ) ;
#2233 = DIRECTION ( 'NONE',  ( 0.000000000000000000, 0.000000000000000000, -1.000000000000000000 ) ) ;
#2234 = STYLED_ITEM ( 'NONE', ( #1051 ), #2308 ) ;
#2235 = LINE ( 'NONE', #3294, #2258 ) ;
#2236 = AXIS2_PLACEMENT_3D ( 'NONE', #1496, #1228, #474 ) ;
#2237 = FACE_BOUND ( 'NONE', #291, .T. ) ;
#2238 = CIRCLE ( 'NONE', #3178, 0.8000000000011174839 ) ;
#2239 = EDGE_CURVE ( 'NONE', #934, #2276, #1703, .T. ) ;
#2240 = EDGE_LOOP ( 'NONE', ( #2382, #2199, #353, #2880 ) ) ;
#2241 = FACE_OUTER_BOUND ( 'NONE', #1812, .T. ) ;
#2242 = ORIENTED_EDGE ( 'NONE', *, *, #2590, .F. ) ;
#2243 = DIRECTION ( 'NONE',  ( 0.000000000000000000, 0.000000000000000000, 1.000000000000000000 ) ) ;
#2244 = VERTEX_POINT ( 'NONE', #3024 ) ;
#2245 = ORIENTED_EDGE ( 'NONE', *, *, #1790, .F. ) ;
#2246 = DIRECTION ( 'NONE',  ( -0.000000000000000000, -1.000000000000000000, -0.000000000000000000 ) ) ;
#2247 = DIRECTION ( 'NONE',  ( 0.000000000000000000, 0.000000000000000000, -1.000000000000000000 ) ) ;
#2248 = CARTESIAN_POINT ( 'NONE',  ( 6.766173565289146123E-16, -6.999999999999999112, 5.525000000000016342 ) ) ;
#2249 = DIRECTION ( 'NONE',  ( 0.000000000000000000, 1.000000000000000000, 0.000000000000000000 ) ) ;
#2250 = ORIENTED_EDGE ( 'NONE', *, *, #633, .F. ) ;
#2251 = DIRECTION ( 'NONE',  ( 0.000000000000000000, 0.000000000000000000, -1.000000000000000000 ) ) ;
#2252 = CARTESIAN_POINT ( 'NONE',  ( 0.000000000000000000, 2.000000000000000000, 0.000000000000000000 ) ) ;
#2253 = DIRECTION ( 'NONE',  ( -0.000000000000000000, -1.000000000000000000, -0.000000000000000000 ) ) ;
#2254 = AXIS2_PLACEMENT_3D ( 'NONE', #1091, #1123, #343 ) ;
#2255 = CARTESIAN_POINT ( 'NONE',  ( 5.069701424092029285, 2.000000000000000000, 14.49532329104218675 ) ) ;
#2256 = ORIENTED_EDGE ( 'NONE', *, *, #1790, .T. ) ;
#2257 = ADVANCED_FACE ( 'NONE', ( #1473 ), #963, .F. ) ;
#2258 = VECTOR ( 'NONE', #920, 1000.000000000000000 ) ;
#2259 = DIRECTION ( 'NONE',  ( 0.000000000000000000, 0.000000000000000000, -1.000000000000000000 ) ) ;
#2260 = ORIENTED_EDGE ( 'NONE', *, *, #2627, .T. ) ;
#2261 = CARTESIAN_POINT ( 'NONE',  ( 0.000000000000000000, 2.000000000000000000, -12.00000000000000178 ) ) ;
#2262 = CARTESIAN_POINT ( 'NONE',  ( 0.000000000000000000, 2.500000000000000444, -12.00000000000000178 ) ) ;
#2263 = EDGE_CURVE ( 'NONE', #1985, #2640, #1175, .T. ) ;
#2264 = DIRECTION ( 'NONE',  ( -0.000000000000000000, -1.000000000000000000, -0.000000000000000000 ) ) ;
#2265 = CARTESIAN_POINT ( 'NONE',  ( 0.000000000000000000, 2.500000000000000000, -14.50000000000000178 ) ) ;
#2266 = VERTEX_POINT ( 'NONE', #1218 ) ;
#2267 = DIRECTION ( 'NONE',  ( -0.000000000000000000, 1.000000000000000000, -0.000000000000000000 ) ) ;
#2268 = DIRECTION ( 'NONE',  ( 1.671102966580887991E-12, 0.000000000000000000, -1.000000000000000000 ) ) ;
#2269 = EDGE_LOOP ( 'NONE', ( #106, #2879, #1896, #663, #2126 ) ) ;
#2270 = ORIENTED_EDGE ( 'NONE', *, *, #791, .T. ) ;
#2271 = DIRECTION ( 'NONE',  ( 0.000000000000000000, 1.000000000000000000, 0.000000000000000000 ) ) ;
#2272 = ADVANCED_FACE ( 'NONE', ( #2278 ), #1684, .T. ) ;
#2273 = DIRECTION ( 'NONE',  ( 0.4999999999985527133, 0.000000000000000000, 0.8660254037852742615 ) ) ;
#2274 = EDGE_LOOP ( 'NONE', ( #3055, #1653, #1668, #195 ) ) ;
#2275 = DIRECTION ( 'NONE',  ( 0.000000000000000000, 0.000000000000000000, 1.000000000000000000 ) ) ;
#2276 = VERTEX_POINT ( 'NONE', #1440 ) ;
#2277 = EDGE_LOOP ( 'NONE', ( #2695, #648 ) ) ;
#2278 = FACE_OUTER_BOUND ( 'NONE', #2976, .T. ) ;
#2279 = CARTESIAN_POINT ( 'NONE',  ( -13.44416589122502792, 8.000000000000000000, -4.631795604532896959 ) ) ;
#2280 = CARTESIAN_POINT ( 'NONE',  ( -11.42615592729774399, -5.569848480986660633, -8.127091392221689858 ) ) ;
#2281 = CIRCLE ( 'NONE', #1010, 0.9999999999999991118 ) ;
#2282 = EDGE_CURVE ( 'NONE', #72, #166, #903, .T. ) ;
#2283 = CARTESIAN_POINT ( 'NONE',  ( 10.39230484541402788, 8.000000000000000000, 5.999999999999557687 ) ) ;
#2284 = EDGE_LOOP ( 'NONE', ( #3369, #1417, #93, #2405 ) ) ;
#2285 = DIRECTION ( 'NONE',  ( -0.000000000000000000, -1.000000000000000000, -0.000000000000000000 ) ) ;
#2286 = AXIS2_PLACEMENT_3D ( 'NONE', #1414, #2474, #2217 ) ;
#2287 = DIRECTION ( 'NONE',  ( 0.000000000000000000, -1.000000000000000000, 0.000000000000000000 ) ) ;
#2288 = AXIS2_PLACEMENT_3D ( 'NONE', #2261, #1163, #1408 ) ;
#2289 = CIRCLE ( 'NONE', #2452, 0.8000000000000003775 ) ;
#2290 = ORIENTED_EDGE ( 'NONE', *, *, #121, .F. ) ;
#2291 = LINE ( 'NONE', #1193, #1403 ) ;
#2292 = VECTOR ( 'NONE', #1711, 1000.000000000000000 ) ;
#2293 = ADVANCED_FACE ( 'NONE', ( #2299 ), #774, .F. ) ;
#2294 = CARTESIAN_POINT ( 'NONE',  ( 0.000000000000000000, -3.549999999999999822, 0.000000000000000000 ) ) ;
#2295 = CIRCLE ( 'NONE', #585, 1.250000000001161737 ) ;
#2296 = FACE_BOUND ( 'NONE', #1387, .T. ) ;
#2297 = DIRECTION ( 'NONE',  ( 0.000000000000000000, 1.000000000000000000, 0.000000000000000000 ) ) ;
#2298 = ORIENTED_EDGE ( 'NONE', *, *, #2716, .T. ) ;
#2299 = FACE_OUTER_BOUND ( 'NONE', #3165, .T. ) ;
#2300 = ORIENTED_EDGE ( 'NONE', *, *, #3134, .T. ) ;
#2301 = CARTESIAN_POINT ( 'NONE',  ( 2.018009963920551986, -2.600000000000000089, 16.35888699675865610 ) ) ;
#2302 = PLANE ( 'NONE',  #490 ) ;
#2303 = DIRECTION ( 'NONE',  ( -0.000000000000000000, -1.000000000000000000, -0.000000000000000000 ) ) ;
#2304 = ORIENTED_EDGE ( 'NONE', *, *, #2496, .F. ) ;
#2305 = DIRECTION ( 'NONE',  ( 0.000000000000000000, -1.000000000000000000, 0.000000000000000000 ) ) ;
#2306 = EDGE_CURVE ( 'NONE', #2568, #1844, #242, .T. ) ;
#2307 = LINE ( 'NONE', #3167, #3256 ) ;
#2308 = MANIFOLD_SOLID_BREP ( '切除-拉伸14', #1974 ) ;
#2309 = VERTEX_POINT ( 'NONE', #3389 ) ;
#2310 = FACE_OUTER_BOUND ( 'NONE', #650, .T. ) ;
#2311 = ADVANCED_FACE ( 'NONE', ( #1015 ), #2071, .T. ) ;
#2312 = CARTESIAN_POINT ( 'NONE',  ( 2.018009963923883543, -2.600000000000000089, 14.35888699675865787 ) ) ;
#2313 = EDGE_LOOP ( 'NONE', ( #1992, #2400, #1787, #2905 ) ) ;
#2314 = AXIS2_PLACEMENT_3D ( 'NONE', #164, #967, #2544 ) ;
#2315 = ORIENTED_EDGE ( 'NONE', *, *, #2547, .F. ) ;
#2316 = DIRECTION ( 'NONE',  ( -0.000000000000000000, -1.000000000000000000, -0.000000000000000000 ) ) ;
#2317 = AXIS2_PLACEMENT_3D ( 'NONE', #2374, #1570, #2057 ) ;
#2318 = EDGE_CURVE ( 'NONE', #2340, #1342, #961, .T. ) ;
#2319 = VECTOR ( 'NONE', #28, 1000.000000000000000 ) ;
#2320 = DIRECTION ( 'NONE',  ( 0.000000000000000000, -1.000000000000000000, 0.000000000000000000 ) ) ;
#2321 = CARTESIAN_POINT ( 'NONE',  ( -2.018009963922333672, -2.600000000000000089, 16.35888699675191305 ) ) ;
#2322 = ORIENTED_EDGE ( 'NONE', *, *, #2514, .T. ) ;
#2323 = CARTESIAN_POINT ( 'NONE',  ( 0.000000000000000000, 8.673617379884035472E-16, -4.525000000000000355 ) ) ;
#2324 = CARTESIAN_POINT ( 'NONE',  ( 10.39230484541402788, -6.999999999999999112, 4.474999999999557332 ) ) ;
#2325 = EDGE_LOOP ( 'NONE', ( #153, #2059 ) ) ;
#2326 = DIRECTION ( 'NONE',  ( 0.000000000000000000, 1.000000000000000000, 0.000000000000000000 ) ) ;
#2327 = CARTESIAN_POINT ( 'NONE',  ( 2.018009963923883543, -2.600000000000000089, 14.35888699675865787 ) ) ;
#2328 = ADVANCED_FACE ( 'NONE', ( #1524 ), #3354, .F. ) ;
#2329 = CARTESIAN_POINT ( 'NONE',  ( 0.000000000000000000, -6.999999999999999112, -12.00000000000000178 ) ) ;
#2330 = CARTESIAN_POINT ( 'NONE',  ( 10.39230484541402788, 2.000000000000000000, -4.025000000000441780 ) ) ;
#2331 = ORIENTED_EDGE ( 'NONE', *, *, #422, .T. ) ;
#2332 = CARTESIAN_POINT ( 'NONE',  ( 15.18100274427624363, -6.000000000000009770, -6.397741121365816852 ) ) ;
#2333 = DIRECTION ( 'NONE',  ( -0.4999999999985527688, 0.000000000000000000, -0.8660254037852742615 ) ) ;
#2334 = EDGE_CURVE ( 'NONE', #243, #257, #3401, .T. ) ;
#2335 = CYLINDRICAL_SURFACE ( 'NONE', #356, 0.8000000000000012657 ) ;
#2336 = EDGE_LOOP ( 'NONE', ( #2191, #1485, #293, #83 ) ) ;
#2337 = CARTESIAN_POINT ( 'NONE',  ( 15.18100274427624363, -6.000000000000009770, -6.397741121365816852 ) ) ;
#2338 = VECTOR ( 'NONE', #2935, 1000.000000000000000 ) ;
#2339 = DIRECTION ( 'NONE',  ( -0.000000000000000000, -1.000000000000000000, -0.000000000000000000 ) ) ;
#2340 = VERTEX_POINT ( 'NONE', #3145 ) ;
#2341 = CARTESIAN_POINT ( 'NONE',  ( 0.000000000000000000, 2.000000000000000000, -14.50000000000000178 ) ) ;
#2342 = AXIS2_PLACEMENT_3D ( 'NONE', #646, #601, #838 ) ;
#2343 = AXIS2_PLACEMENT_3D ( 'NONE', #1657, #863, #2454 ) ;
#2344 = AXIS2_PLACEMENT_3D ( 'NONE', #731, #3333, #1785 ) ;
#2345 = ORIENTED_EDGE ( 'NONE', *, *, #1450, .F. ) ;
#2346 = DIRECTION ( 'NONE',  ( 0.000000000000000000, 1.000000000000000000, 0.000000000000000000 ) ) ;
#2347 = EDGE_CURVE ( 'NONE', #2276, #2872, #253, .T. ) ;
#2348 = LINE ( 'NONE', #1749, #2679 ) ;
#2349 = AXIS2_PLACEMENT_3D ( 'NONE', #3295, #566, #1084 ) ;
#2350 = ORIENTED_EDGE ( 'NONE', *, *, #1521, .T. ) ;
#2351 = ORIENTED_EDGE ( 'NONE', *, *, #3365, .F. ) ;
#2352 = AXIS2_PLACEMENT_3D ( 'NONE', #2696, #2427, #73 ) ;
#2353 = EDGE_CURVE ( 'NONE', #832, #1465, #210, .T. ) ;
#2354 = DIRECTION ( 'NONE',  ( 0.000000000000000000, 0.000000000000000000, -1.000000000000000000 ) ) ;
#2355 = LINE ( 'NONE', #3098, #1671 ) ;
#2356 = EDGE_LOOP ( 'NONE', ( #962, #2298, #3155, #1699, #2959, #853 ) ) ;
#2357 = LINE ( 'NONE', #2906, #1206 ) ;
#2358 = CARTESIAN_POINT ( 'NONE',  ( -2.018009963919514149, 8.000000000000000000, 14.35888699675244062 ) ) ;
#2359 = ORIENTED_EDGE ( 'NONE', *, *, #117, .T. ) ;
#2360 = CYLINDRICAL_SURFACE ( 'NONE', #1626, 1.250000000001643796 ) ;
#2361 = EDGE_CURVE ( 'NONE', #3084, #2682, #2954, .T. ) ;
#2362 = EDGE_LOOP ( 'NONE', ( #2908, #2418, #1551, #2794 ) ) ;
#2363 = DIRECTION ( 'NONE',  ( 0.000000000000000000, -1.000000000000000000, 0.000000000000000000 ) ) ;
#2364 = CARTESIAN_POINT ( 'NONE',  ( -11.39427085702105380, -2.600000000000000089, -8.914208987615426238 ) ) ;
#2365 = EDGE_LOOP ( 'NONE', ( #1454, #1921, #806, #1183 ) ) ;
#2366 = FILL_AREA_STYLE ('',( #3372 ) ) ;
#2367 = VECTOR ( 'NONE', #883, 1000.000000000000000 ) ;
#2368 = CARTESIAN_POINT ( 'NONE',  ( 0.000000000000000000, 2.000000000000000000, 0.000000000000000000 ) ) ;
#2369 = CARTESIAN_POINT ( 'NONE',  ( -15.55658428700901474, 2.000000000000000000, -3.740679793992554902 ) ) ;
#2370 = VERTEX_POINT ( 'NONE', #3 ) ;
#2371 = EDGE_CURVE ( 'NONE', #1789, #1248, #1560, .T. ) ;
#2372 = CARTESIAN_POINT ( 'NONE',  ( 0.000000000000000000, 0.000000000000000000, 0.000000000000000000 ) ) ;
#2373 = CIRCLE ( 'NONE', #68, 3.250000000000000444 ) ;
#2374 = CARTESIAN_POINT ( 'NONE',  ( 10.39230484541402788, 2.500000000000000444, 5.999999999999557687 ) ) ;
#2375 = AXIS2_PLACEMENT_3D ( 'NONE', #1704, #1441, #2502 ) ;
#2376 = ORIENTED_EDGE ( 'NONE', *, *, #3234, .T. ) ;
#2377 = DIRECTION ( 'NONE',  ( -0.000000000000000000, -1.000000000000000000, -0.000000000000000000 ) ) ;
#2378 = ORIENTED_EDGE ( 'NONE', *, *, #770, .F. ) ;
#2379 = FACE_OUTER_BOUND ( 'NONE', #3341, .T. ) ;
#2380 = EDGE_CURVE ( 'NONE', #2048, #3060, #263, .T. ) ;
#2381 = DIRECTION ( 'NONE',  ( 0.4999999999985527133, 0.000000000000000000, 0.8660254037852742615 ) ) ;
#2382 = ORIENTED_EDGE ( 'NONE', *, *, #2697, .T. ) ;
#2383 = DIRECTION ( 'NONE',  ( -0.000000000000000000, 1.000000000000000000, -0.000000000000000000 ) ) ;
#2384 = DIRECTION ( 'NONE',  ( -1.000000000000000000, 0.000000000000000000, -1.671102966580887587E-12 ) ) ;
#2385 = ORIENTED_EDGE ( 'NONE', *, *, #190, .F. ) ;
#2386 = DIRECTION ( 'NONE',  ( 0.000000000000000000, 1.000000000000000000, 0.000000000000000000 ) ) ;
#2387 = ORIENTED_EDGE ( 'NONE', *, *, #2807, .T. ) ;
#2388 = CARTESIAN_POINT ( 'NONE',  ( 10.39230484541402788, 2.500000000000000444, 5.999999999999557687 ) ) ;
#2389 = ADVANCED_FACE ( 'NONE', ( #3129, #119, #3196, #1677, #1846, #60, #3018, #2237, #2492, #1336, #130, #1174, #44, #374 ), #533, .T. ) ;
#2390 = FACE_OUTER_BOUND ( 'NONE', #3353, .T. ) ;
#2391 = VERTEX_POINT ( 'NONE', #1598 ) ;
#2392 = CARTESIAN_POINT ( 'NONE',  ( 0.000000000000000000, 2.000000000000000000, 0.000000000000000000 ) ) ;
#2393 = CIRCLE ( 'NONE', #2685, 0.8000000000005363932 ) ;
#2394 = ORIENTED_EDGE ( 'NONE', *, *, #562, .F. ) ;
#2395 = AXIS2_PLACEMENT_3D ( 'NONE', #552, #1865, #300 ) ;
#2396 = DIRECTION ( 'NONE',  ( 0.000000000000000000, 0.000000000000000000, 1.000000000000000000 ) ) ;
#2397 = EDGE_LOOP ( 'NONE', ( #789, #123, #2103, #614 ) ) ;
#2398 = AXIS2_PLACEMENT_3D ( 'NONE', #461, #1488, #2086 ) ;
#2399 = CARTESIAN_POINT ( 'NONE',  ( -2.018009963922333672, -2.600000000000000089, 16.35888699675191305 ) ) ;
#2400 = ORIENTED_EDGE ( 'NONE', *, *, #207, .T. ) ;
#2401 = AXIS2_PLACEMENT_3D ( 'NONE', #3419, #764, #3381 ) ;
#2402 = LINE ( 'NONE', #2975, #2009 ) ;
#2403 = ORIENTED_EDGE ( 'NONE', *, *, #1580, .T. ) ;
#2404 = DIRECTION ( 'NONE',  ( -0.000000000000000000, -1.000000000000000000, -0.000000000000000000 ) ) ;
#2405 = ORIENTED_EDGE ( 'NONE', *, *, #2371, .T. ) ;
#2406 = CARTESIAN_POINT ( 'NONE',  ( 15.55658428700854579, 8.000000000000000000, -3.740679793994502234 ) ) ;
#2407 = VECTOR ( 'NONE', #836, 1000.000000000000000 ) ;
#2408 = FACE_BOUND ( 'NONE', #1069, .T. ) ;
#2409 = ORIENTED_EDGE ( 'NONE', *, *, #2136, .T. ) ;
#2410 = DIRECTION ( 'NONE',  ( 0.000000000000000000, 1.000000000000000000, 0.000000000000000000 ) ) ;
#2411 = EDGE_CURVE ( 'NONE', #1133, #72, #2687, .T. ) ;
#2412 = EDGE_CURVE ( 'NONE', #1803, #2666, #902, .T. ) ;
#2413 = CARTESIAN_POINT ( 'NONE',  ( 15.55658428700854579, 8.000000000000000000, -3.740679793994502234 ) ) ;
#2414 = VERTEX_POINT ( 'NONE', #2415 ) ;
#2415 = CARTESIAN_POINT ( 'NONE',  ( 11.42615592730280660, 8.000000000000000000, -9.727091392228839339 ) ) ;
#2416 = VERTEX_POINT ( 'NONE', #2644 ) ;
#2417 = CARTESIAN_POINT ( 'NONE',  ( 13.44416589121839856, 8.000000000000000000, -5.431795604532193344 ) ) ;
#2418 = ORIENTED_EDGE ( 'NONE', *, *, #3134, .F. ) ;
#2419 = LINE ( 'NONE', #2668, #1073 ) ;
#2420 = VERTEX_POINT ( 'NONE', #1956 ) ;
#2421 = DIRECTION ( 'NONE',  ( 0.000000000000000000, 0.000000000000000000, 1.000000000000000000 ) ) ;
#2422 = EDGE_CURVE ( 'NONE', #995, #3037, #1415, .T. ) ;
#2423 = CIRCLE ( 'NONE', #925, 1.250000000001161737 ) ;
#2424 = DIRECTION ( 'NONE',  ( 0.000000000000000000, 0.000000000000000000, 1.000000000000000000 ) ) ;
#2425 = AXIS2_PLACEMENT_3D ( 'NONE', #245, #1287, #2088 ) ;
#2426 = ORIENTED_EDGE ( 'NONE', *, *, #762, .F. ) ;
#2427 = DIRECTION ( 'NONE',  ( 0.8660254037852743725, 0.000000000000000000, -0.4999999999985524357 ) ) ;
#2428 = CIRCLE ( 'NONE', #935, 4.525000000000000355 ) ;
#2429 = CARTESIAN_POINT ( 'NONE',  ( -2.018009963919514149, -5.569848480986660633, 13.55888699675187681 ) ) ;
#2430 = VECTOR ( 'NONE', #2734, 1000.000000000000114 ) ;
#2431 = EDGE_CURVE ( 'NONE', #1248, #1245, #1863, .T. ) ;
#2432 = CARTESIAN_POINT ( 'NONE',  ( -11.42615592729774399, 8.000000000000000000, -9.727091392221691279 ) ) ;
#2433 = DIRECTION ( 'NONE',  ( 0.000000000000000000, 0.000000000000000000, 1.000000000000000000 ) ) ;
#2434 = ORIENTED_EDGE ( 'NONE', *, *, #3088, .T. ) ;
#2435 = DIRECTION ( 'NONE',  ( 0.000000000000000000, 0.000000000000000000, 1.000000000000000000 ) ) ;
#2436 = CARTESIAN_POINT ( 'NONE',  ( 7.743281890740514761, -6.999999999999999112, 12.30855259790405398 ) ) ;
#2437 = EDGE_LOOP ( 'NONE', ( #459, #3269, #2078, #997 ) ) ;
#2438 = CYLINDRICAL_SURFACE ( 'NONE', #1479, 10.02500000000000036 ) ;
#2439 = CARTESIAN_POINT ( 'NONE',  ( -13.44416589122502792, 8.000000000000000000, -6.231795604532899269 ) ) ;
#2440 = EDGE_CURVE ( 'NONE', #1600, #2134, #2157, .T. ) ;
#2441 = ORIENTED_EDGE ( 'NONE', *, *, #2096, .T. ) ;
#2442 = DIRECTION ( 'NONE',  ( 0.000000000000000000, 0.000000000000000000, 1.000000000000000000 ) ) ;
#2443 = UNCERTAINTY_MEASURE_WITH_UNIT (LENGTH_MEASURE( 1.000000000000000082E-05 ), #1752, 'distance_accuracy_value', 'NONE');
#2444 = CARTESIAN_POINT ( 'NONE',  ( -2.018009963919514149, -5.569848480986660633, 14.35888699675244062 ) ) ;
#2445 = VECTOR ( 'NONE', #749, 1000.000000000000000 ) ;
#2446 = DIRECTION ( 'NONE',  ( 0.000000000000000000, 1.000000000000000000, 0.000000000000000000 ) ) ;
#2447 = ORIENTED_EDGE ( 'NONE', *, *, #1302, .F. ) ;
#2448 = VECTOR ( 'NONE', #1020, 1000.000000000000000 ) ;
#2449 = EDGE_CURVE ( 'NONE', #721, #270, #908, .T. ) ;
#2450 = DIRECTION ( 'NONE',  ( 0.000000000000000000, 0.000000000000000000, 1.000000000000000000 ) ) ;
#2451 = CIRCLE ( 'NONE', #1841, 10.02499999999999858 ) ;
#2452 = AXIS2_PLACEMENT_3D ( 'NONE', #2902, #1850, #2918 ) ;
#2453 = ORIENTED_EDGE ( 'NONE', *, *, #1121, .F. ) ;
#2454 = DIRECTION ( 'NONE',  ( 0.000000000000000000, 0.000000000000000000, 1.000000000000000000 ) ) ;
#2455 = DIRECTION ( 'NONE',  ( 0.000000000000000000, 0.000000000000000000, 1.000000000000000000 ) ) ;
#2456 = EDGE_CURVE ( 'NONE', #2718, #665, #3343, .T. ) ;
#2457 = AXIS2_PLACEMENT_3D ( 'NONE', #1718, #1200, #1944 ) ;
#2458 = DIRECTION ( 'NONE',  ( 0.000000000000000000, 0.000000000000000000, 1.000000000000000000 ) ) ;
#2459 = CIRCLE ( 'NONE', #1076, 2.500000000000000444 ) ;
#2460 = VERTEX_POINT ( 'NONE', #589 ) ;
#2461 = DIRECTION ( 'NONE',  ( -0.000000000000000000, 1.000000000000000000, -0.000000000000000000 ) ) ;
#2462 = DIRECTION ( 'NONE',  ( -0.000000000000000000, 1.000000000000000000, -0.000000000000000000 ) ) ;
#2463 = EDGE_CURVE ( 'NONE', #2990, #1250, #1694, .T. ) ;
#2464 = ORIENTED_EDGE ( 'NONE', *, *, #190, .T. ) ;
#2465 = DIRECTION ( 'NONE',  ( -0.000000000000000000, -1.000000000000000000, -0.000000000000000000 ) ) ;
#2466 = CARTESIAN_POINT ( 'NONE',  ( -7.743281890738405338, 16.00000000000000000, 12.30855259790189216 ) ) ;
#2467 = VERTEX_POINT ( 'NONE', #2754 ) ;
#2468 = DIRECTION ( 'NONE',  ( 0.000000000000000000, 0.000000000000000000, -1.000000000000000000 ) ) ;
#2469 = CYLINDRICAL_SURFACE ( 'NONE', #386, 17.47500000000000142 ) ;
#2470 = DIRECTION ( 'NONE',  ( 0.000000000000000000, -1.000000000000000000, 0.000000000000000000 ) ) ;
#2471 = ADVANCED_FACE ( 'NONE', ( #3210 ), #298, .F. ) ;
#2472 = VERTEX_POINT ( 'NONE', #1895 ) ;
#2473 = AXIS2_PLACEMENT_3D ( 'NONE', #6, #1564, #2354 ) ;
#2474 = DIRECTION ( 'NONE',  ( 0.000000000000000000, 1.000000000000000000, 0.000000000000000000 ) ) ;
#2475 = DIRECTION ( 'NONE',  ( -0.000000000000000000, -1.000000000000000000, -0.000000000000000000 ) ) ;
#2476 = CIRCLE ( 'NONE', #2317, 1.525000000000000355 ) ;
#2477 = AXIS2_PLACEMENT_3D ( 'NONE', #1599, #829, #1115 ) ;
#2478 = EDGE_CURVE ( 'NONE', #494, #133, #800, .T. ) ;
#2479 = CARTESIAN_POINT ( 'NONE',  ( 15.18100274427624363, -2.600000000000000089, -6.397741121365816852 ) ) ;
#2480 = CONICAL_SURFACE ( 'NONE', #2868, 2.000000000000000000, 0.7853981633974518317 ) ;
#2481 = DIRECTION ( 'NONE',  ( 0.000000000000000000, 0.000000000000000000, 1.000000000000000000 ) ) ;
#2482 = ORIENTED_EDGE ( 'NONE', *, *, #837, .T. ) ;
#2483 = DIRECTION ( 'NONE',  ( -1.181648239730298965E-12, -0.7071067811865496822, 0.7071067811865454633 ) ) ;
#2484 = CYLINDRICAL_SURFACE ( 'NONE', #3258, 1.525000000000000355 ) ;
#2485 = CARTESIAN_POINT ( 'NONE',  ( -9.211766479112098338, 2.000000000000000000, -3.955247569281433950 ) ) ;
#2486 = CARTESIAN_POINT ( 'NONE',  ( 1.867586368699713573E-16, 18.00000000000000355, -10.47500000000000142 ) ) ;
#2487 = ORIENTED_EDGE ( 'NONE', *, *, #531, .T. ) ;
#2488 = CARTESIAN_POINT ( 'NONE',  ( 13.44862842423934346, 16.00000000000000000, 1.176602527094015915 ) ) ;
#2489 = ADVANCED_FACE ( 'NONE', ( #2121 ), #3181, .T. ) ;
#2490 = DIRECTION ( 'NONE',  ( 0.000000000000000000, 1.000000000000000000, 0.000000000000000000 ) ) ;
#2491 = EDGE_LOOP ( 'NONE', ( #801, #2992, #3058, #549 ) ) ;
#2492 = FACE_BOUND ( 'NONE', #1168, .T. ) ;
#2493 = DIRECTION ( 'NONE',  ( 0.000000000000000000, 0.000000000000000000, 1.000000000000000000 ) ) ;
#2494 = ORIENTED_EDGE ( 'NONE', *, *, #1738, .F. ) ;
#2495 = VECTOR ( 'NONE', #2068, 1000.000000000000000 ) ;
#2496 = EDGE_CURVE ( 'NONE', #379, #3355, #966, .T. ) ;
#2497 = DIRECTION ( 'NONE',  ( 0.000000000000000000, 0.000000000000000000, 1.000000000000000000 ) ) ;
#2498 = VERTEX_POINT ( 'NONE', #1484 ) ;
#2499 = EDGE_LOOP ( 'NONE', ( #2885, #553, #3191, #1434 ) ) ;
#2500 = CIRCLE ( 'NONE', #355, 2.000000000000000000 ) ;
#2501 = CARTESIAN_POINT ( 'NONE',  ( 0.000000000000000000, 2.000000000000000000, 17.47500000000000142 ) ) ;
#2502 = DIRECTION ( 'NONE',  ( 0.000000000000000000, 0.000000000000000000, 1.000000000000000000 ) ) ;
#2503 = EDGE_CURVE ( 'NONE', #1881, #3099, #3033, .T. ) ;
#2504 = AXIS2_PLACEMENT_3D ( 'NONE', #338, #831, #1361 ) ;
#2505 = AXIS2_PLACEMENT_3D ( 'NONE', #2825, #2574, #2275 ) ;
#2506 = CARTESIAN_POINT ( 'NONE',  ( -2.018009963919514149, -2.600000000000000089, 13.55888699675187681 ) ) ;
#2507 = EDGE_LOOP ( 'NONE', ( #2091, #2675, #171, #2623 ) ) ;
#2508 = FACE_OUTER_BOUND ( 'NONE', #3409, .T. ) ;
#2509 = CIRCLE ( 'NONE', #1127, 1.000000000000000000 ) ;
#2510 = AXIS2_PLACEMENT_3D ( 'NONE', #76, #3207, #1878 ) ;
#2511 = CARTESIAN_POINT ( 'NONE',  ( 0.000000000000000000, 7.000000000000000000, 0.000000000000000000 ) ) ;
#2512 = CIRCLE ( 'NONE', #1908, 2.999999999999997335 ) ;
#2513 = ORIENTED_EDGE ( 'NONE', *, *, #2912, .F. ) ;
#2514 = EDGE_CURVE ( 'NONE', #2519, #1879, #2459, .T. ) ;
#2515 = DIRECTION ( 'NONE',  ( 0.000000000000000000, 0.000000000000000000, -1.000000000000000000 ) ) ;
#2516 = AXIS2_PLACEMENT_3D ( 'NONE', #128, #2528, #2023 ) ;
#2517 = DIRECTION ( 'NONE',  ( -0.000000000000000000, -1.000000000000000000, -0.000000000000000000 ) ) ;
#2518 = EDGE_CURVE ( 'NONE', #934, #3150, #3364, .T. ) ;
#2519 = VERTEX_POINT ( 'NONE', #3348 ) ;
#2520 = CARTESIAN_POINT ( 'NONE',  ( 0.000000000000000000, 2.500000000000000444, -13.52500000000000213 ) ) ;
#2521 = ORIENTED_EDGE ( 'NONE', *, *, #1470, .T. ) ;
#2522 = LINE ( 'NONE', #699, #797 ) ;
#2523 = CARTESIAN_POINT ( 'NONE',  ( -15.55658428700901474, 2.000000000000000000, -3.740679793992554902 ) ) ;
#2524 = DIRECTION ( 'NONE',  ( 0.000000000000000000, 0.000000000000000000, 1.000000000000000000 ) ) ;
#2525 = EDGE_CURVE ( 'NONE', #3144, #2266, #3405, .T. ) ;
#2526 = CARTESIAN_POINT ( 'NONE',  ( 11.42615592730280660, -5.569848480986660633, -9.727091392228839339 ) ) ;
#2527 = ORIENTED_EDGE ( 'NONE', *, *, #724, .F. ) ;
#2528 = DIRECTION ( 'NONE',  ( 0.000000000000000000, 1.000000000000000000, 0.000000000000000000 ) ) ;
#2529 = CARTESIAN_POINT ( 'NONE',  ( -13.44862842423849081, 16.00000000000000000, 1.176602527094225970 ) ) ;
#2530 = EDGE_LOOP ( 'NONE', ( #1289, #1285, #1588, #867 ) ) ;
#2531 = DIRECTION ( 'NONE',  ( 0.000000000000000000, 0.000000000000000000, 1.000000000000000000 ) ) ;
#2532 = AXIS2_PLACEMENT_3D ( 'NONE', #1672, #2944, #1625 ) ;
#2533 = CARTESIAN_POINT ( 'NONE',  ( 2.265596578422603396E-15, -2.499999999999999556, 18.50000000000000000 ) ) ;
#2534 = CIRCLE ( 'NONE', #2205, 2.000000000000000000 ) ;
#2535 = ORIENTED_EDGE ( 'NONE', *, *, #220, .F. ) ;
#2536 = VECTOR ( 'NONE', #232, 1000.000000000000000 ) ;
#2537 = EDGE_CURVE ( 'NONE', #958, #509, #1246, .T. ) ;
#2538 = AXIS2_PLACEMENT_3D ( 'NONE', #667, #3321, #2778 ) ;
#2539 = DIRECTION ( 'NONE',  ( 0.000000000000000000, -0.000000000000000000, 1.000000000000000000 ) ) ;
#2540 = EDGE_LOOP ( 'NONE', ( #2766, #3211, #2545, #2614 ) ) ;
#2541 = DIRECTION ( 'NONE',  ( 0.000000000000000000, 0.000000000000000000, -1.000000000000000000 ) ) ;
#2542 = VERTEX_POINT ( 'NONE', #990 ) ;
#2543 = DIRECTION ( 'NONE',  ( 0.000000000000000000, -1.000000000000000000, 0.000000000000000000 ) ) ;
#2544 = DIRECTION ( 'NONE',  ( 0.000000000000000000, 0.000000000000000000, -1.000000000000000000 ) ) ;
#2545 = ORIENTED_EDGE ( 'NONE', *, *, #1757, .T. ) ;
#2546 = CYLINDRICAL_SURFACE ( 'NONE', #688, 2.000000000000000000 ) ;
#2547 = EDGE_CURVE ( 'NONE', #270, #2867, #1348, .T. ) ;
#2548 = DIRECTION ( 'NONE',  ( -0.000000000000000000, -1.000000000000000000, -0.000000000000000000 ) ) ;
#2549 = ORIENTED_EDGE ( 'NONE', *, *, #1432, .F. ) ;
#2550 = CARTESIAN_POINT ( 'NONE',  ( 11.71690112913514348, -2.600000000000000089, -4.397741121371607775 ) ) ;
#2551 = LINE ( 'NONE', #1229, #2829 ) ;
#2552 = FACE_BOUND ( 'NONE', #1306, .T. ) ;
#2553 = DIRECTION ( 'NONE',  ( 0.000000000000000000, 0.000000000000000000, -1.000000000000000000 ) ) ;
#2554 = ORIENTED_EDGE ( 'NONE', *, *, #2964, .T. ) ;
#2555 =( LENGTH_UNIT ( ) NAMED_UNIT ( * ) SI_UNIT ( .MILLI., .METRE. ) );
#2556 = ADVANCED_FACE ( 'NONE', ( #2310 ), #470, .F. ) ;
#2557 = DIRECTION ( 'NONE',  ( -0.000000000000000000, -1.000000000000000000, -0.000000000000000000 ) ) ;
#2558 = DIRECTION ( 'NONE',  ( 0.000000000000000000, 1.000000000000000000, 0.000000000000000000 ) ) ;
#2559 = AXIS2_PLACEMENT_3D ( 'NONE', #1574, #3124, #40 ) ;
#2560 = ORIENTED_EDGE ( 'NONE', *, *, #2282, .T. ) ;
#2561 = EDGE_CURVE ( 'NONE', #3028, #2472, #632, .T. ) ;
#2562 = CARTESIAN_POINT ( 'NONE',  ( 10.39230484541402788, 2.500000000000000000, 3.499999999999557243 ) ) ;
#2563 = VECTOR ( 'NONE', #794, 1000.000000000000000 ) ;
#2564 = AXIS2_PLACEMENT_3D ( 'NONE', #1667, #1978, #411 ) ;
#2565 = DIRECTION ( 'NONE',  ( 0.000000000000000000, 0.000000000000000000, -1.000000000000000000 ) ) ;
#2566 = AXIS2_PLACEMENT_3D ( 'NONE', #323, #609, #554 ) ;
#2567 = AXIS2_PLACEMENT_3D ( 'NONE', #1085, #1134, #24 ) ;
#2568 = VERTEX_POINT ( 'NONE', #726 ) ;
#2569 = CIRCLE ( 'NONE', #147, 10.02500000000000036 ) ;
#2570 = DIRECTION ( 'NONE',  ( 0.000000000000000000, 1.000000000000000000, 0.000000000000000000 ) ) ;
#2571 = AXIS2_PLACEMENT_3D ( 'NONE', #102, #2185, #868 ) ;
#2572 = ADVANCED_FACE ( 'NONE', ( #1449 ), #3312, .F. ) ;
#2573 = ORIENTED_EDGE ( 'NONE', *, *, #1686, .F. ) ;
#2574 = DIRECTION ( 'NONE',  ( 0.000000000000000000, 1.000000000000000000, 0.000000000000000000 ) ) ;
#2575 = VERTEX_POINT ( 'NONE', #939 ) ;
#2576 = DIRECTION ( 'NONE',  ( 0.000000000000000000, 0.000000000000000000, -1.000000000000000000 ) ) ;
#2577 = VERTEX_POINT ( 'NONE', #1213 ) ;
#2578 = SHAPE_DEFINITION_REPRESENTATION ( #2953, #1388 ) ;
#2579 = LINE ( 'NONE', #1000, #821 ) ;
#2580 = DIRECTION ( 'NONE',  ( 0.000000000000000000, 0.000000000000000000, 1.000000000000000000 ) ) ;
#2581 = ORIENTED_EDGE ( 'NONE', *, *, #2353, .F. ) ;
#2582 = FACE_OUTER_BOUND ( 'NONE', #140, .T. ) ;
#2583 = ADVANCED_FACE ( 'NONE', ( #1517 ), #1453, .F. ) ;
#2584 = FACE_OUTER_BOUND ( 'NONE', #1722, .T. ) ;
#2585 = ORIENTED_EDGE ( 'NONE', *, *, #3234, .F. ) ;
#2586 = DIRECTION ( 'NONE',  ( 0.5000000000014479529, 0.000000000000000000, -0.8660254037836027097 ) ) ;
#2587 = DIRECTION ( 'NONE',  ( 0.000000000000000000, 1.000000000000000000, 0.000000000000000000 ) ) ;
#2588 = CARTESIAN_POINT ( 'NONE',  ( 2.018009963923362626, -5.569848480986660633, 14.35888699675918900 ) ) ;
#2589 = CIRCLE ( 'NONE', #3361, 10.02499999999999858 ) ;
#2590 = EDGE_CURVE ( 'NONE', #1133, #2420, #1954, .T. ) ;
#2591 = CARTESIAN_POINT ( 'NONE',  ( 10.39230484541402788, 18.00000000000000355, 5.999999999999557687 ) ) ;
#2592 = ORIENTED_EDGE ( 'NONE', *, *, #887, .F. ) ;
#2593 = CARTESIAN_POINT ( 'NONE',  ( 0.000000000000000000, 2.000000000000000000, -12.00000000000000178 ) ) ;
#2594 = CIRCLE ( 'NONE', #1815, 0.8000000000000012657 ) ;
#2595 = AXIS2_PLACEMENT_3D ( 'NONE', #672, #2784, #420 ) ;
#2596 = PLANE ( 'NONE',  #1309 ) ;
#2597 = CARTESIAN_POINT ( 'NONE',  ( -10.39230484541249844, 2.500000000000000000, 3.500000000000445421 ) ) ;
#2598 = ORIENTED_EDGE ( 'NONE', *, *, #1427, .T. ) ;
#2599 = CIRCLE ( 'NONE', #1928, 1.250000000001161737 ) ;
#2600 = FACE_OUTER_BOUND ( 'NONE', #755, .T. ) ;
#2601 = DIRECTION ( 'NONE',  ( 0.6123724356952017223, -0.7071067811865494601, 0.3535533905942966348 ) ) ;
#2602 = ORIENTED_EDGE ( 'NONE', *, *, #1196, .T. ) ;
#2603 = CARTESIAN_POINT ( 'NONE',  ( 5.541526766141773934E-16, -5.999999999999987566, 4.525000000000000355 ) ) ;
#2604 = EDGE_CURVE ( 'NONE', #2759, #243, #2291, .T. ) ;
#2605 = ORIENTED_EDGE ( 'NONE', *, *, #2263, .F. ) ;
#2606 = DIRECTION ( 'NONE',  ( 0.000000000000000000, 1.000000000000000000, 0.000000000000000000 ) ) ;
#2607 = CARTESIAN_POINT ( 'NONE',  ( 13.44862842423934346, -6.999999999999999112, 2.426602527095694128 ) ) ;
#2608 = EDGE_CURVE ( 'NONE', #133, #494, #3122, .T. ) ;
#2609 = DIRECTION ( 'NONE',  ( -0.000000000000000000, -1.000000000000000000, -0.000000000000000000 ) ) ;
#2610 = EDGE_LOOP ( 'NONE', ( #2691, #716 ) ) ;
#2611 =( NAMED_UNIT ( * ) SI_UNIT ( $, .STERADIAN. ) SOLID_ANGLE_UNIT ( ) );
#2612 = CARTESIAN_POINT ( 'NONE',  ( -13.12632166458826255, -2.600000000000000089, -9.914208987618323476 ) ) ;
#2613 = DIRECTION ( 'NONE',  ( -0.000000000000000000, 1.000000000000000000, -0.000000000000000000 ) ) ;
#2614 = ORIENTED_EDGE ( 'NONE', *, *, #974, .T. ) ;
#2615 = EDGE_CURVE ( 'NONE', #3421, #1119, #441, .T. ) ;
#2616 = DIRECTION ( 'NONE',  ( 0.000000000000000000, -1.000000000000000000, 0.000000000000000000 ) ) ;
#2617 = AXIS2_PLACEMENT_3D ( 'NONE', #728, #2570, #2808 ) ;
#2618 = LINE ( 'NONE', #799, #3368 ) ;
#2619 = ORIENTED_EDGE ( 'NONE', *, *, #2412, .F. ) ;
#2620 = CARTESIAN_POINT ( 'NONE',  ( -4.538768414481848090, 2.000000000000000000, 15.34273708566049343 ) ) ;
#2621 = VECTOR ( 'NONE', #2187, 1000.000000000000000 ) ;
#2622 = VECTOR ( 'NONE', #1766, 1000.000000000000000 ) ;
#2623 = ORIENTED_EDGE ( 'NONE', *, *, #3420, .T. ) ;
#2624 = EDGE_CURVE ( 'NONE', #2666, #135, #3346, .T. ) ;
#2625 = DIRECTION ( 'NONE',  ( 0.000000000000000000, -1.000000000000000000, 0.000000000000000000 ) ) ;
#2626 = AXIS2_PLACEMENT_3D ( 'NONE', #1343, #1137, #1902 ) ;
#2627 = EDGE_CURVE ( 'NONE', #1744, #3205, #1569, .T. ) ;
#2628 = DIRECTION ( 'NONE',  ( 0.000000000000000000, 0.000000000000000000, -1.000000000000000000 ) ) ;
#2629 = VECTOR ( 'NONE', #173, 1000.000000000000000 ) ;
#2630 = ORIENTED_EDGE ( 'NONE', *, *, #1824, .T. ) ;
#2631 = DIRECTION ( 'NONE',  ( 0.000000000000000000, 0.000000000000000000, 1.000000000000000000 ) ) ;
#2632 = DIRECTION ( 'NONE',  ( -0.000000000000000000, -1.000000000000000000, -0.000000000000000000 ) ) ;
#2633 = CARTESIAN_POINT ( 'NONE',  ( 2.265596578422603396E-15, -3.549999999999999822, 18.50000000000000000 ) ) ;
#2634 = EDGE_LOOP ( 'NONE', ( #2085, #385 ) ) ;
#2635 = CARTESIAN_POINT ( 'NONE',  ( 0.000000000000000000, 8.673617379884035472E-16, -4.525000000000000355 ) ) ;
#2636 = CARTESIAN_POINT ( 'NONE',  ( -10.39230484541249844, 2.000000000000000000, -4.024999999999553602 ) ) ;
#2637 = EDGE_CURVE ( 'NONE', #3157, #2700, #2909, .T. ) ;
#2638 = VERTEX_POINT ( 'NONE', #542 ) ;
#2639 = DIRECTION ( 'NONE',  ( 0.000000000000000000, 1.000000000000000000, 0.000000000000000000 ) ) ;
#2640 = VERTEX_POINT ( 'NONE', #2873 ) ;
#2641 = DIRECTION ( 'NONE',  ( 0.000000000000000000, 1.000000000000000000, 0.000000000000000000 ) ) ;
#2642 = AXIS2_PLACEMENT_3D ( 'NONE', #1397, #2165, #2458 ) ;
#2643 = ORIENTED_EDGE ( 'NONE', *, *, #869, .T. ) ;
#2644 = CARTESIAN_POINT ( 'NONE',  ( 7.743281890740514761, 2.000000000000000000, 9.808552597900767722 ) ) ;
#2645 = ORIENTED_EDGE ( 'NONE', *, *, #919, .T. ) ;
#2646 = FILL_AREA_STYLE_COLOUR ( '', #2655 ) ;
#2647 = EDGE_CURVE ( 'NONE', #3028, #494, #255, .T. ) ;
#2648 = CARTESIAN_POINT ( 'NONE',  ( -4.538768414481848090, 8.000000000000000000, 15.34273708566049343 ) ) ;
#2649 = VERTEX_POINT ( 'NONE', #559 ) ;
#2650 = DIRECTION ( 'NONE',  ( 0.000000000000000000, 0.000000000000000000, -1.000000000000000000 ) ) ;
#2651 = EDGE_LOOP ( 'NONE', ( #1071, #3075, #2664, #928 ) ) ;
#2652 = AXIS2_PLACEMENT_3D ( 'NONE', #3148, #200, #2037 ) ;
#2653 = CARTESIAN_POINT ( 'NONE',  ( -1.180538366300399877, 2.000000000000000000, 9.955247569281878484 ) ) ;
#2654 = CARTESIAN_POINT ( 'NONE',  ( -10.39230484541249844, 2.000000000000000000, 8.500000000000445866 ) ) ;
#2655 = COLOUR_RGB ( '',1.000000000000000000, 1.000000000000000000, 1.000000000000000000 ) ;
#2656 = EDGE_LOOP ( 'NONE', ( #1557, #320, #3363, #2194 ) ) ;
#2657 = DIRECTION ( 'NONE',  ( 0.000000000000000000, 0.000000000000000000, 1.000000000000000000 ) ) ;
#2658 = PRODUCT_RELATED_PRODUCT_CATEGORY ( 'part', '', ( #2891 ) ) ;
#2659 = EDGE_LOOP ( 'NONE', ( #426, #569 ) ) ;
#2660 = DIRECTION ( 'NONE',  ( 0.000000000000000000, 0.000000000000000000, -1.000000000000000000 ) ) ;
#2661 = CARTESIAN_POINT ( 'NONE',  ( -10.39230484541249844, -6.999999999999999112, 6.000000000000445866 ) ) ;
#2662 = ORIENTED_EDGE ( 'NONE', *, *, #3067, .F. ) ;
#2663 = DIRECTION ( 'NONE',  ( 0.000000000000000000, 0.000000000000000000, 1.000000000000000000 ) ) ;
#2664 = ORIENTED_EDGE ( 'NONE', *, *, #2604, .T. ) ;
#2665 = FACE_OUTER_BOUND ( 'NONE', #1876, .T. ) ;
#2666 = VERTEX_POINT ( 'NONE', #2341 ) ;
#2667 = ADVANCED_FACE ( 'NONE', ( #2674 ), #2360, .F. ) ;
#2668 = CARTESIAN_POINT ( 'NONE',  ( -11.39427085702105380, -2.600000000000000089, -10.91420898761542624 ) ) ;
#2669 = ORIENTED_EDGE ( 'NONE', *, *, #369, .F. ) ;
#2670 = DIRECTION ( 'NONE',  ( 0.000000000000000000, 0.000000000000000000, 1.000000000000000000 ) ) ;
#2671 = FACE_BOUND ( 'NONE', #2065, .T. ) ;
#2672 = ADVANCED_FACE ( 'NONE', ( #1799 ), #489, .F. ) ;
#2673 = ORIENTED_EDGE ( 'NONE', *, *, #132, .T. ) ;
#2674 = FACE_OUTER_BOUND ( 'NONE', #2705, .T. ) ;
#2675 = ORIENTED_EDGE ( 'NONE', *, *, #2154, .F. ) ;
#2676 = AXIS2_PLACEMENT_3D ( 'NONE', #766, #1316, #785 ) ;
#2677 = DIRECTION ( 'NONE',  ( -0.000000000000000000, -1.000000000000000000, -0.000000000000000000 ) ) ;
#2678 = AXIS2_PLACEMENT_3D ( 'NONE', #2143, #2386, #1325 ) ;
#2679 = VECTOR ( 'NONE', #261, 1000.000000000000000 ) ;
#2680 = DIRECTION ( 'NONE',  ( 0.000000000000000000, 0.7071067811865454633, 0.7071067811865496822 ) ) ;
#2681 = EDGE_CURVE ( 'NONE', #2682, #2575, #2569, .T. ) ;
#2682 = VERTEX_POINT ( 'NONE', #292 ) ;
#2683 = AXIS2_PLACEMENT_3D ( 'NONE', #3109, #1807, #1827 ) ;
#2684 = DIRECTION ( 'NONE',  ( 0.000000000000000000, 1.000000000000000000, 0.000000000000000000 ) ) ;
#2685 = AXIS2_PLACEMENT_3D ( 'NONE', #120, #1159, #3276 ) ;
#2686 = EDGE_LOOP ( 'NONE', ( #541, #1130, #2014, #2114 ) ) ;
#2687 = CIRCLE ( 'NONE', #2349, 1.000000000000000000 ) ;
#2688 = CARTESIAN_POINT ( 'NONE',  ( 15.55658428700854579, 8.000000000000000000, -2.740679793994502234 ) ) ;
#2689 = ORIENTED_EDGE ( 'NONE', *, *, #369, .T. ) ;
#2690 = FACE_OUTER_BOUND ( 'NONE', #2709, .T. ) ;
#2691 = ORIENTED_EDGE ( 'NONE', *, *, #2697, .F. ) ;
#2692 = DIRECTION ( 'NONE',  ( 0.000000000000000000, 1.000000000000000000, 0.000000000000000000 ) ) ;
#2693 = CIRCLE ( 'NONE', #3125, 1.249999999999999334 ) ;
#2694 = DIRECTION ( 'NONE',  ( 0.000000000000000000, -0.000000000000000000, -1.000000000000000000 ) ) ;
#2695 = ORIENTED_EDGE ( 'NONE', *, *, #13, .F. ) ;
#2696 = CARTESIAN_POINT ( 'NONE',  ( 15.18100274427624363, -2.600000000000000089, -6.397741121365816852 ) ) ;
#2697 = EDGE_CURVE ( 'NONE', #336, #10, #1023, .T. ) ;
#2698 = PLANE ( 'NONE',  #313 ) ;
#2699 = ORIENTED_EDGE ( 'NONE', *, *, #1882, .F. ) ;
#2700 = VERTEX_POINT ( 'NONE', #1536 ) ;
#2701 = EDGE_CURVE ( 'NONE', #989, #547, #817, .T. ) ;
#2702 = DIRECTION ( 'NONE',  ( 0.000000000000000000, 0.000000000000000000, 1.000000000000000000 ) ) ;
#2703 = VERTEX_POINT ( 'NONE', #1350 ) ;
#2704 = CYLINDRICAL_SURFACE ( 'NONE', #2061, 2.500000000000000444 ) ;
#2705 = EDGE_LOOP ( 'NONE', ( #2761, #3371, #3240, #2513 ) ) ;
#2706 = DIRECTION ( 'NONE',  ( 0.000000000000000000, 0.000000000000000000, 1.000000000000000000 ) ) ;
#2707 = VECTOR ( 'NONE', #2264, 1000.000000000000000 ) ;
#2708 = CYLINDRICAL_SURFACE ( 'NONE', #2254, 2.500000000000000444 ) ;
#2709 = EDGE_LOOP ( 'NONE', ( #2043, #588, #795, #2967 ) ) ;
#2710 = CARTESIAN_POINT ( 'NONE',  ( -10.39230484541249844, 8.000000000000000000, 6.000000000000445866 ) ) ;
#2711 = AXIS2_PLACEMENT_3D ( 'NONE', #2886, #249, #1530 ) ;
#2712 = EDGE_CURVE ( 'NONE', #2700, #1673, #2512, .T. ) ;
#2713 = DIRECTION ( 'NONE',  ( 0.000000000000000000, 0.000000000000000000, -1.000000000000000000 ) ) ;
#2714 = CARTESIAN_POINT ( 'NONE',  ( 5.705346533500335937, 16.00000000000000000, -12.23515512499498747 ) ) ;
#2715 = ORIENTED_EDGE ( 'NONE', *, *, #550, .F. ) ;
#2716 = EDGE_CURVE ( 'NONE', #598, #2266, #416, .T. ) ;
#2717 = DIRECTION ( 'NONE',  ( -0.000000000000000000, 1.000000000000000000, -0.000000000000000000 ) ) ;
#2718 = VERTEX_POINT ( 'NONE', #1589 ) ;
#2719 = CARTESIAN_POINT ( 'NONE',  ( -10.39230484541249844, 2.500000000000000000, 6.000000000000445866 ) ) ;
#2720 = DIRECTION ( 'NONE',  ( -0.000000000000000000, -1.000000000000000000, -0.000000000000000000 ) ) ;
#2721 = FACE_OUTER_BOUND ( 'NONE', #640, .T. ) ;
#2722 = ADVANCED_FACE ( 'NONE', ( #528 ), #1678, .F. ) ;
#2723 = EDGE_LOOP ( 'NONE', ( #2378, #659 ) ) ;
#2724 = DIRECTION ( 'NONE',  ( 0.000000000000000000, 1.000000000000000000, 0.000000000000000000 ) ) ;
#2725 = CARTESIAN_POINT ( 'NONE',  ( 10.85087572534987288, -6.999999999999999112, -3.897741121373056394 ) ) ;
#2726 = CIRCLE ( 'NONE', #1279, 2.000000000000000000 ) ;
#2727 = DIRECTION ( 'NONE',  ( 0.000000000000000000, 0.000000000000000000, -1.000000000000000000 ) ) ;
#2728 = EDGE_CURVE ( 'NONE', #2867, #2575, #3190, .T. ) ;
#2729 = CYLINDRICAL_SURFACE ( 'NONE', #1400, 0.9999999999999991118 ) ;
#2730 = AXIS2_PLACEMENT_3D ( 'NONE', #2746, #684, #2468 ) ;
#2731 = ORIENTED_EDGE ( 'NONE', *, *, #2142, .T. ) ;
#2732 = ORIENTED_EDGE ( 'NONE', *, *, #183, .F. ) ;
#2733 = DIRECTION ( 'NONE',  ( 0.000000000000000000, 0.000000000000000000, 1.000000000000000000 ) ) ;
#2734 = DIRECTION ( 'NONE',  ( -0.5000000000014476198, 0.000000000000000000, 0.8660254037836029317 ) ) ;
#2735 = CARTESIAN_POINT ( 'NONE',  ( -11.39427085702105380, -6.000000000000012434, -8.914208987615426238 ) ) ;
#2736 = CIRCLE ( 'NONE', #1238, 0.8000000000000012657 ) ;
#2737 = ORIENTED_EDGE ( 'NONE', *, *, #1643, .T. ) ;
#2738 = EDGE_CURVE ( 'NONE', #10, #704, #3138, .T. ) ;
#2739 = ORIENTED_EDGE ( 'NONE', *, *, #422, .F. ) ;
#2740 = DIRECTION ( 'NONE',  ( 0.000000000000000000, -1.000000000000000000, 0.000000000000000000 ) ) ;
#2741 = CARTESIAN_POINT ( 'NONE',  ( -15.55658428700901474, 2.000000000000000000, -3.740679793992554902 ) ) ;
#2742 = ORIENTED_EDGE ( 'NONE', *, *, #974, .F. ) ;
#2743 = CYLINDRICAL_SURFACE ( 'NONE', #1784, 10.02499999999999858 ) ;
#2744 = LINE ( 'NONE', #2466, #2836 ) ;
#2745 = ORIENTED_EDGE ( 'NONE', *, *, #1230, .T. ) ;
#2746 = CARTESIAN_POINT ( 'NONE',  ( 2.018009963923362626, -2.600000000000000089, 14.35888699675918900 ) ) ;
#2747 = ADVANCED_FACE ( 'NONE', ( #746 ), #1874, .F. ) ;
#2748 = DIRECTION ( 'NONE',  ( 0.000000000000000000, 1.000000000000000000, 0.000000000000000000 ) ) ;
#2749 = CARTESIAN_POINT ( 'NONE',  ( 2.018009963923362626, 8.000000000000000000, 13.55888699675865183 ) ) ;
#2750 = ORIENTED_EDGE ( 'NONE', *, *, #940, .F. ) ;
#2751 = CIRCLE ( 'NONE', #3083, 1.250000000001678213 ) ;
#2752 = DIRECTION ( 'NONE',  ( -0.000000000000000000, -1.000000000000000000, -0.000000000000000000 ) ) ;
#2753 = EDGE_LOOP ( 'NONE', ( #3278, #1205 ) ) ;
#2754 = CARTESIAN_POINT ( 'NONE',  ( -2.018009963919514149, 8.000000000000000000, 13.55888699675187681 ) ) ;
#2755 = CIRCLE ( 'NONE', #767, 2.000000000000000000 ) ;
#2756 = ORIENTED_EDGE ( 'NONE', *, *, #876, .T. ) ;
#2757 = FACE_OUTER_BOUND ( 'NONE', #267, .T. ) ;
#2758 = EDGE_CURVE ( 'NONE', #1162, #578, #2098, .T. ) ;
#2759 = VERTEX_POINT ( 'NONE', #271 ) ;
#2760 = LINE ( 'NONE', #3317, #3280 ) ;
#2761 = ORIENTED_EDGE ( 'NONE', *, *, #1490, .T. ) ;
#2762 = CARTESIAN_POINT ( 'NONE',  ( -11.39427085702105380, -2.600000000000000089, -8.914208987615426238 ) ) ;
#2763 = CARTESIAN_POINT ( 'NONE',  ( 0.000000000000000000, 8.000000000000000000, -12.00000000000000178 ) ) ;
#2764 = ADVANCED_FACE ( 'NONE', ( #1835 ), #2889, .F. ) ;
#2765 = CYLINDRICAL_SURFACE ( 'NONE', #273, 0.8000000000011174839 ) ;
#2766 = ORIENTED_EDGE ( 'NONE', *, *, #1427, .F. ) ;
#2767 = DIRECTION ( 'NONE',  ( -0.000000000000000000, -1.000000000000000000, -0.000000000000000000 ) ) ;
#2768 = EDGE_CURVE ( 'NONE', #3080, #399, #2112, .T. ) ;
#2769 = DIRECTION ( 'NONE',  ( -0.000000000000000000, -1.000000000000000000, -0.000000000000000000 ) ) ;
#2770 = CARTESIAN_POINT ( 'NONE',  ( 0.000000000000000000, 8.000000000000000000, 0.000000000000000000 ) ) ;
#2771 = DIRECTION ( 'NONE',  ( 0.000000000000000000, -0.000000000000000000, 1.000000000000000000 ) ) ;
#2772 = VERTEX_POINT ( 'NONE', #1366 ) ;
#2773 = AXIS2_PLACEMENT_3D ( 'NONE', #376, #2446, #2493 ) ;
#2774 = EDGE_CURVE ( 'NONE', #3355, #379, #2736, .T. ) ;
#2775 = DIRECTION ( 'NONE',  ( -0.000000000000000000, -1.000000000000000000, -0.000000000000000000 ) ) ;
#2776 = ORIENTED_EDGE ( 'NONE', *, *, #288, .F. ) ;
#2777 = DIRECTION ( 'NONE',  ( -0.000000000000000000, 1.000000000000000000, -0.000000000000000000 ) ) ;
#2778 = DIRECTION ( 'NONE',  ( 0.000000000000000000, 0.000000000000000000, 1.000000000000000000 ) ) ;
#2779 = CIRCLE ( 'NONE', #523, 0.8000000000011036061 ) ;
#2780 = AXIS2_PLACEMENT_3D ( 'NONE', #3300, #1455, #2259 ) ;
#2781 = CARTESIAN_POINT ( 'NONE',  ( -13.12632166458826255, -6.000000000000012434, -9.914208987618323476 ) ) ;
#2782 = LINE ( 'NONE', #2526, #136 ) ;
#2783 = ORIENTED_EDGE ( 'NONE', *, *, #328, .T. ) ;
#2784 = DIRECTION ( 'NONE',  ( -0.000000000000000000, -1.000000000000000000, -0.000000000000000000 ) ) ;
#2785 = VECTOR ( 'NONE', #1736, 1000.000000000000000 ) ;
#2786 = DIRECTION ( 'NONE',  ( 1.000000000000000000, 0.000000000000000000, 1.671102966580887587E-12 ) ) ;
#2787 = AXIS2_PLACEMENT_3D ( 'NONE', #807, #1613, #2915 ) ;
#2788 = CARTESIAN_POINT ( 'NONE',  ( -10.39230484541249844, 2.500000000000000000, 6.000000000000445866 ) ) ;
#2789 = ADVANCED_FACE ( 'NONE', ( #897 ), #1155, .F. ) ;
#2790 = VECTOR ( 'NONE', #2767, 1000.000000000000000 ) ;
#2791 = DIRECTION ( 'NONE',  ( 0.000000000000000000, 0.000000000000000000, -1.000000000000000000 ) ) ;
#2792 = EDGE_LOOP ( 'NONE', ( #1767, #1235 ) ) ;
#2793 = FACE_BOUND ( 'NONE', #2659, .T. ) ;
#2794 = ORIENTED_EDGE ( 'NONE', *, *, #2478, .F. ) ;
#2795 = CARTESIAN_POINT ( 'NONE',  ( 11.71690112913514703, -2.600000000000000089, -4.397741121371608664 ) ) ;
#2796 = ORIENTED_EDGE ( 'NONE', *, *, #1840, .F. ) ;
#2797 = PLANE ( 'NONE',  #1705 ) ;
#2798 = EDGE_CURVE ( 'NONE', #1600, #3388, #3237, .T. ) ;
#2799 = DIRECTION ( 'NONE',  ( 0.000000000000000000, 1.000000000000000000, 0.000000000000000000 ) ) ;
#2800 = CARTESIAN_POINT ( 'NONE',  ( 11.70642936455880267, 8.000000000000000000, -12.32718587239583563 ) ) ;
#2801 = ORIENTED_EDGE ( 'NONE', *, *, #756, .T. ) ;
#2802 = CARTESIAN_POINT ( 'NONE',  ( -13.44862842423849081, -6.999999999999999112, 1.176602527094225970 ) ) ;
#2803 = FACE_OUTER_BOUND ( 'NONE', #1444, .T. ) ;
#2804 = VERTEX_POINT ( 'NONE', #1413 ) ;
#2805 = CARTESIAN_POINT ( 'NONE',  ( 0.000000000000000000, 2.000000000000000000, -12.00000000000000178 ) ) ;
#2806 = CIRCLE ( 'NONE', #2473, 1.525000000000000355 ) ;
#2807 = EDGE_CURVE ( 'NONE', #816, #333, #1025, .T. ) ;
#2808 = DIRECTION ( 'NONE',  ( 0.000000000000000000, 0.000000000000000000, 1.000000000000000000 ) ) ;
#2809 = ORIENTED_EDGE ( 'NONE', *, *, #3420, .F. ) ;
#2810 = CIRCLE ( 'NONE', #2864, 1.525000000000000355 ) ;
#2811 = CIRCLE ( 'NONE', #991, 1.250000000001678213 ) ;
#2812 = EDGE_CURVE ( 'NONE', #226, #2577, #2295, .T. ) ;
#2813 = CYLINDRICAL_SURFACE ( 'NONE', #1172, 1.525000000000000355 ) ;
#2814 = ORIENTED_EDGE ( 'NONE', *, *, #1802, .F. ) ;
#2815 =( NAMED_UNIT ( * ) PLANE_ANGLE_UNIT ( ) SI_UNIT ( $, .RADIAN. ) );
#2816 = DIRECTION ( 'NONE',  ( -0.000000000000000000, -1.000000000000000000, -0.000000000000000000 ) ) ;
#2817 = EDGE_LOOP ( 'NONE', ( #2821, #2494, #1886, #841 ) ) ;
#2818 = CARTESIAN_POINT ( 'NONE',  ( -13.44862842423849081, -6.999999999999999112, 1.176602527094225970 ) ) ;
#2819 = CARTESIAN_POINT ( 'NONE',  ( 11.43094197279008384, -2.600000000000000089, -8.893036909064255369 ) ) ;
#2820 = EDGE_CURVE ( 'NONE', #535, #226, #628, .T. ) ;
#2821 = ORIENTED_EDGE ( 'NONE', *, *, #36, .F. ) ;
#2822 = DIRECTION ( 'NONE',  ( 0.000000000000000000, 0.000000000000000000, 1.000000000000000000 ) ) ;
#2823 = DIRECTION ( 'NONE',  ( 0.000000000000000000, -1.000000000000000000, 0.000000000000000000 ) ) ;
#2824 = DIRECTION ( 'NONE',  ( 0.000000000000000000, 0.000000000000000000, 1.000000000000000000 ) ) ;
#2825 = CARTESIAN_POINT ( 'NONE',  ( 5.705346533500335937, 2.000000000000000000, -12.23515512499498747 ) ) ;
#2826 = VERTEX_POINT ( 'NONE', #1628 ) ;
#2827 = DIRECTION ( 'NONE',  ( 0.000000000000000000, 0.000000000000000000, -1.000000000000000000 ) ) ;
#2828 =( NAMED_UNIT ( * ) SI_UNIT ( $, .STERADIAN. ) SOLID_ANGLE_UNIT ( ) );
#2829 = VECTOR ( 'NONE', #2587, 1000.000000000000000 ) ;
#2830 = EDGE_CURVE ( 'NONE', #696, #324, #2238, .T. ) ;
#2831 = FACE_BOUND ( 'NONE', #809, .T. ) ;
#2832 = DIRECTION ( 'NONE',  ( 0.000000000000000000, 1.000000000000000000, 0.000000000000000000 ) ) ;
#2833 = ORIENTED_EDGE ( 'NONE', *, *, #600, .F. ) ;
#2834 = DIRECTION ( 'NONE',  ( 0.000000000000000000, 0.000000000000000000, -1.000000000000000000 ) ) ;
#2835 = AXIS2_PLACEMENT_3D ( 'NONE', #1512, #2832, #2580 ) ;
#2836 = VECTOR ( 'NONE', #3057, 1000.000000000000000 ) ;
#2837 = CYLINDRICAL_SURFACE ( 'NONE', #2981, 10.02500000000000036 ) ;
#2838 = ORIENTED_EDGE ( 'NONE', *, *, #3130, .F. ) ;
#2839 = DIRECTION ( 'NONE',  ( 0.000000000000000000, 0.000000000000000000, 1.000000000000000000 ) ) ;
#2840 = ADVANCED_FACE ( 'NONE', ( #1642 ), #3015, .F. ) ;
#2841 = AXIS2_PLACEMENT_3D ( 'NONE', #389, #2383, #22 ) ;
#2842 = CARTESIAN_POINT ( 'NONE',  ( 0.000000000000000000, -3.549999999999999822, 0.000000000000000000 ) ) ;
#2843 = AXIS2_PLACEMENT_3D ( 'NONE', #1690, #3220, #2200 ) ;
#2844 = ORIENTED_EDGE ( 'NONE', *, *, #2347, .F. ) ;
#2845 = ORIENTED_EDGE ( 'NONE', *, *, #375, .T. ) ;
#2846 = DIRECTION ( 'NONE',  ( 0.000000000000000000, 0.000000000000000000, -1.000000000000000000 ) ) ;
#2847 = ADVANCED_FACE ( 'NONE', ( #1109 ), #2130, .F. ) ;
#2848 = DIRECTION ( 'NONE',  ( -0.000000000000000000, -1.000000000000000000, -0.000000000000000000 ) ) ;
#2849 = ORIENTED_EDGE ( 'NONE', *, *, #1121, .T. ) ;
#2850 = DIRECTION ( 'NONE',  ( 0.000000000000000000, 0.000000000000000000, -1.000000000000000000 ) ) ;
#2851 = CARTESIAN_POINT ( 'NONE',  ( 5.705346533500335937, 16.00000000000000000, -13.48515512499614921 ) ) ;
#2852 = VERTEX_POINT ( 'NONE', #2968 ) ;
#2853 = DIRECTION ( 'NONE',  ( 0.000000000000000000, 0.000000000000000000, 1.000000000000000000 ) ) ;
#2854 = ORIENTED_EDGE ( 'NONE', *, *, #3176, .F. ) ;
#2855 = DIRECTION ( 'NONE',  ( 0.000000000000000000, -1.000000000000000000, 0.000000000000000000 ) ) ;
#2856 = CARTESIAN_POINT ( 'NONE',  ( 3.980102097228898231E-16, 2.000000000000000000, 3.250000000000000444 ) ) ;
#2857 = AXIS2_PLACEMENT_3D ( 'NONE', #2230, #1983, #3045 ) ;
#2858 = ADVANCED_FACE ( 'NONE', ( #387 ), #1125, .F. ) ;
#2859 = CARTESIAN_POINT ( 'NONE',  ( -13.44416589122502792, -2.600000000000000089, -4.631795604532896959 ) ) ;
#2860 = PLANE ( 'NONE',  #2956 ) ;
#2861 = ORIENTED_EDGE ( 'NONE', *, *, #468, .T. ) ;
#2862 = CARTESIAN_POINT ( 'NONE',  ( 2.018009963923362626, -5.569848480986660633, 15.15888699675972440 ) ) ;
#2863 = AXIS2_PLACEMENT_3D ( 'NONE', #2511, #2752, #3311 ) ;
#2864 = AXIS2_PLACEMENT_3D ( 'NONE', #2388, #1072, #2455 ) ;
#2865 = CARTESIAN_POINT ( 'NONE',  ( 9.698891165219546195, -6.000000000000009770, -7.893036909067157048 ) ) ;
#2866 = LINE ( 'NONE', #1269, #2448 ) ;
#2867 = VERTEX_POINT ( 'NONE', #1922 ) ;
#2868 = AXIS2_PLACEMENT_3D ( 'NONE', #1719, #2543, #3286 ) ;
#2869 = PLANE ( 'NONE',  #1147 ) ;
#2870 = EDGE_CURVE ( 'NONE', #166, #2498, #615, .T. ) ;
#2871 = DIRECTION ( 'NONE',  ( 0.000000000000000000, 0.000000000000000000, -1.000000000000000000 ) ) ;
#2872 = VERTEX_POINT ( 'NONE', #3255 ) ;
#2873 = CARTESIAN_POINT ( 'NONE',  ( -9.662220049453850379, -2.600000000000000089, -7.914208987612529000 ) ) ;
#2874 = ADVANCED_FACE ( 'NONE', ( #3081 ), #2546, .F. ) ;
#2875 = ORIENTED_EDGE ( 'NONE', *, *, #3400, .T. ) ;
#2876 = CARTESIAN_POINT ( 'NONE',  ( 11.43094197279008384, -2.600000000000000089, -8.893036909064255369 ) ) ;
#2877 = CARTESIAN_POINT ( 'NONE',  ( 10.39230484541402788, 2.500000000000000444, 7.524999999999558042 ) ) ;
#2878 = DIRECTION ( 'NONE',  ( 0.000000000000000000, 1.000000000000000000, 0.000000000000000000 ) ) ;
#2879 = ORIENTED_EDGE ( 'NONE', *, *, #1056, .T. ) ;
#2880 = ORIENTED_EDGE ( 'NONE', *, *, #1249, .F. ) ;
#2881 =( LENGTH_UNIT ( ) NAMED_UNIT ( * ) SI_UNIT ( .MILLI., .METRE. ) );
#2882 = ADVANCED_FACE ( 'NONE', ( #203 ), #2004, .T. ) ;
#2883 = CARTESIAN_POINT ( 'NONE',  ( 1.180538366302217756, 2.000000000000000000, 9.955247569281661768 ) ) ;
#2884 = FACE_OUTER_BOUND ( 'NONE', #1184, .T. ) ;
#2885 = ORIENTED_EDGE ( 'NONE', *, *, #238, .F. ) ;
#2886 = CARTESIAN_POINT ( 'NONE',  ( 7.743281890740514761, -6.999999999999999112, 11.05855259790241085 ) ) ;
#2887 = CARTESIAN_POINT ( 'NONE',  ( -13.44416589122502792, -2.600000000000000089, -5.431795604532898558 ) ) ;
#2888 = ORIENTED_EDGE ( 'NONE', *, *, #2712, .T. ) ;
#2889 = CYLINDRICAL_SURFACE ( 'NONE', #418, 1.249999999999999334 ) ;
#2890 = VECTOR ( 'NONE', #1688, 1000.000000000000000 ) ;
#2891 = PRODUCT ( '行星保持架upperbase4.0轴承公差版本', '行星保持架upperbase4.0轴承公差版本', '', ( #2051 ) ) ;
#2892 = CIRCLE ( 'NONE', #2457, 2.999999999999997335 ) ;
#2893 = AXIS2_PLACEMENT_3D ( 'NONE', #178, #2222, #1148 ) ;
#2894 = ORIENTED_EDGE ( 'NONE', *, *, #2812, .F. ) ;
#2895 = LINE ( 'NONE', #3158, #2445 ) ;
#2896 = EDGE_CURVE ( 'NONE', #1392, #1245, #918, .T. ) ;
#2897 = AXIS2_PLACEMENT_3D ( 'NONE', #1424, #3008, #2541 ) ;
#2898 = CARTESIAN_POINT ( 'NONE',  ( -1.180538366300399877, 8.000000000000000000, 9.955247569281878484 ) ) ;
#2899 = AXIS2_PLACEMENT_3D ( 'NONE', #189, #1971, #2011 ) ;
#2900 = EDGE_LOOP ( 'NONE', ( #1300, #2260 ) ) ;
#2901 = DIRECTION ( 'NONE',  ( 0.000000000000000000, -0.000000000000000000, -1.000000000000000000 ) ) ;
#2902 = CARTESIAN_POINT ( 'NONE',  ( -11.42615592729774399, -2.600000000000000089, -8.927091392221690569 ) ) ;
#2903 = EDGE_CURVE ( 'NONE', #1506, #2703, #3012, .T. ) ;
#2904 = CARTESIAN_POINT ( 'NONE',  ( -11.39427085702105380, -6.000000000000012434, -8.914208987615426238 ) ) ;
#2905 = ORIENTED_EDGE ( 'NONE', *, *, #1188, .T. ) ;
#2906 = CARTESIAN_POINT ( 'NONE',  ( 9.698891165219546195, -2.600000000000000089, -7.893036909067157048 ) ) ;
#2907 = DIRECTION ( 'NONE',  ( 0.000000000000000000, 1.000000000000000000, 0.000000000000000000 ) ) ;
#2908 = ORIENTED_EDGE ( 'NONE', *, *, #2647, .F. ) ;
#2909 = LINE ( 'NONE', #1607, #95 ) ;
#2910 = EDGE_LOOP ( 'NONE', ( #254, #66, #366, #978 ) ) ;
#2911 = CARTESIAN_POINT ( 'NONE',  ( 4.538768414483849156, 8.000000000000000000, 15.34273708565990368 ) ) ;
#2912 = EDGE_CURVE ( 'NONE', #2416, #14, #1759, .T. ) ;
#2913 = CYLINDRICAL_SURFACE ( 'NONE', #737, 2.000000000000000000 ) ;
#2914 = ORIENTED_EDGE ( 'NONE', *, *, #1795, .T. ) ;
#2915 = DIRECTION ( 'NONE',  ( 0.000000000000000000, 0.000000000000000000, -1.000000000000000000 ) ) ;
#2916 = ORIENTED_EDGE ( 'NONE', *, *, #1482, .T. ) ;
#2917 = EDGE_CURVE ( 'NONE', #443, #3037, #1733, .T. ) ;
#2918 = DIRECTION ( 'NONE',  ( 0.000000000000000000, 0.000000000000000000, -1.000000000000000000 ) ) ;
#2919 = ORIENTED_EDGE ( 'NONE', *, *, #3159, .T. ) ;
#2920 = CARTESIAN_POINT ( 'NONE',  ( 0.000000000000000000, 0.000000000000000000, -3.250000000000000444 ) ) ;
#2921 = CIRCLE ( 'NONE', #1420, 1.525000000000000355 ) ;
#2922 = ORIENTED_EDGE ( 'NONE', *, *, #2361, .T. ) ;
#2923 = CARTESIAN_POINT ( 'NONE',  ( -15.14433162851553938, -6.000000000000012434, -6.418913199929514590 ) ) ;
#2924 = VECTOR ( 'NONE', #1919, 1000.000000000000000 ) ;
#2925 = CIRCLE ( 'NONE', #1425, 10.02499999999999858 ) ;
#2926 = DIRECTION ( 'NONE',  ( 0.000000000000000000, 1.000000000000000000, 0.000000000000000000 ) ) ;
#2927 = CARTESIAN_POINT ( 'NONE',  ( 0.000000000000000000, 7.000000000000000000, -3.250000000000000444 ) ) ;
#2928 = AXIS2_PLACEMENT_3D ( 'NONE', #3373, #2631, #3095 ) ;
#2929 = ORIENTED_EDGE ( 'NONE', *, *, #496, .T. ) ;
#2930 = CARTESIAN_POINT ( 'NONE',  ( -11.42615592729774399, -5.569848480986660633, -8.927091392221690569 ) ) ;
#2931 = EDGE_CURVE ( 'NONE', #3201, #1430, #1190, .T. ) ;
#2932 = EDGE_LOOP ( 'NONE', ( #645, #3174 ) ) ;
#2933 = DIRECTION ( 'NONE',  ( 0.000000000000000000, 0.000000000000000000, -1.000000000000000000 ) ) ;
#2934 = LINE ( 'NONE', #1611, #1333 ) ;
#2935 = DIRECTION ( 'NONE',  ( -0.000000000000000000, -1.000000000000000000, -0.000000000000000000 ) ) ;
#2936 = EDGE_LOOP ( 'NONE', ( #2941, #1873, #450, #2156 ) ) ;
#2937 = DIRECTION ( 'NONE',  ( -0.000000000000000000, -1.000000000000000000, -0.000000000000000000 ) ) ;
#2938 = VERTEX_POINT ( 'NONE', #660 ) ;
#2939 = LINE ( 'NONE', #534, #2950 ) ;
#2940 = DIRECTION ( 'NONE',  ( 0.5000000000014476198, 0.000000000000000000, -0.8660254037836028207 ) ) ;
#2941 = ORIENTED_EDGE ( 'NONE', *, *, #876, .F. ) ;
#2942 = ADVANCED_FACE ( 'NONE', ( #400 ), #317, .F. ) ;
#2943 = DIRECTION ( 'NONE',  ( -0.8660254037836027097, 0.000000000000000000, -0.5000000000014479529 ) ) ;
#2944 = DIRECTION ( 'NONE',  ( 0.000000000000000000, 1.000000000000000000, 0.000000000000000000 ) ) ;
#2945 = ORIENTED_EDGE ( 'NONE', *, *, #1312, .T. ) ;
#2946 = DIRECTION ( 'NONE',  ( 0.000000000000000000, 1.000000000000000000, 0.000000000000000000 ) ) ;
#2947 = CIRCLE ( 'NONE', #2510, 0.9999999999999991118 ) ;
#2948 = EDGE_CURVE ( 'NONE', #3415, #880, #1709, .T. ) ;
#2949 = AXIS2_PLACEMENT_3D ( 'NONE', #9, #984, #2650 ) ;
#2950 = VECTOR ( 'NONE', #568, 1000.000000000000000 ) ;
#2951 = CARTESIAN_POINT ( 'NONE',  ( 10.39230484541402788, 8.000000000000000000, 5.999999999999557687 ) ) ;
#2952 = ORIENTED_EDGE ( 'NONE', *, *, #496, .F. ) ;
#2953 = PRODUCT_DEFINITION_SHAPE ( 'NONE', 'NONE',  #3261 ) ;
#2954 = CIRCLE ( 'NONE', #1451, 10.02499999999999858 ) ;
#2955 = DIRECTION ( 'NONE',  ( 0.000000000000000000, 0.000000000000000000, 1.000000000000000000 ) ) ;
#2956 = AXIS2_PLACEMENT_3D ( 'NONE', #1097, #2118, #1805 ) ;
#2957 = AXIS2_PLACEMENT_3D ( 'NONE', #548, #2684, #2955 ) ;
#2958 = DIRECTION ( 'NONE',  ( 0.000000000000000000, 1.000000000000000000, 0.000000000000000000 ) ) ;
#2959 = ORIENTED_EDGE ( 'NONE', *, *, #1724, .F. ) ;
#2960 = DIRECTION ( 'NONE',  ( -0.000000000000000000, 1.000000000000000000, -0.000000000000000000 ) ) ;
#2961 = ORIENTED_EDGE ( 'NONE', *, *, #272, .F. ) ;
#2962 = CYLINDRICAL_SURFACE ( 'NONE', #3039, 0.9999999999999991118 ) ;
#2963 = VECTOR ( 'NONE', #2724, 1000.000000000000000 ) ;
#2964 = EDGE_CURVE ( 'NONE', #3037, #443, #2693, .T. ) ;
#2965 = CARTESIAN_POINT ( 'NONE',  ( 13.44862842423934346, -6.999999999999999112, 1.176602527094015915 ) ) ;
#2966 = DIRECTION ( 'NONE',  ( 0.000000000000000000, 1.000000000000000000, 0.000000000000000000 ) ) ;
#2967 = ORIENTED_EDGE ( 'NONE', *, *, #220, .T. ) ;
#2968 = CARTESIAN_POINT ( 'NONE',  ( 4.822441440389090950, 2.000000000000000000, 16.30165815351365310 ) ) ;
#2969 = ADVANCED_FACE ( 'NONE', ( #2508 ), #1445, .F. ) ;
#2970 = DIRECTION ( 'NONE',  ( 0.000000000000000000, 0.000000000000000000, -1.000000000000000000 ) ) ;
#2971 = CARTESIAN_POINT ( 'NONE',  ( 0.000000000000000000, 18.00000000000000355, -12.00000000000000178 ) ) ;
#2972 = CARTESIAN_POINT ( 'NONE',  ( 16.52887080494658179, 2.000000000000000000, -3.974472281119159955 ) ) ;
#2973 = VERTEX_POINT ( 'NONE', #2562 ) ;
#2974 = EDGE_CURVE ( 'NONE', #3415, #3233, #1241, .T. ) ;
#2975 = CARTESIAN_POINT ( 'NONE',  ( 0.000000000000000000, -5.999999999999987566, -4.525000000000000355 ) ) ;
#2976 = EDGE_LOOP ( 'NONE', ( #234, #86, #1866, #1017 ) ) ;
#2977 = DIRECTION ( 'NONE',  ( 0.000000000000000000, 0.000000000000000000, 1.000000000000000000 ) ) ;
#2978 = CARTESIAN_POINT ( 'NONE',  ( -7.743281890738405338, -6.999999999999999112, 12.30855259790189216 ) ) ;
#2979 = AXIS2_PLACEMENT_3D ( 'NONE', #290, #1364, #2424 ) ;
#2980 = CYLINDRICAL_SURFACE ( 'NONE', #1644, 17.00000000000000000 ) ;
#2981 = AXIS2_PLACEMENT_3D ( 'NONE', #1057, #2339, #216 ) ;
#2982 = AXIS2_PLACEMENT_3D ( 'NONE', #449, #2558, #465 ) ;
#2983 = VERTEX_POINT ( 'NONE', #1723 ) ;
#2984 = DIRECTION ( 'NONE',  ( 0.000000000000000000, 0.000000000000000000, -1.000000000000000000 ) ) ;
#2985 = CIRCLE ( 'NONE', #2567, 1.250000000001678435 ) ;
#2986 = AXIS2_PLACEMENT_3D ( 'NONE', #51, #304, #1089 ) ;
#2987 = DIRECTION ( 'NONE',  ( 0.000000000000000000, 0.000000000000000000, 1.000000000000000000 ) ) ;
#2988 = EDGE_CURVE ( 'NONE', #2370, #2048, #1926, .T. ) ;
#2989 = DIRECTION ( 'NONE',  ( 0.000000000000000000, -0.000000000000000000, 1.000000000000000000 ) ) ;
#2990 = VERTEX_POINT ( 'NONE', #1774 ) ;
#2991 = ORIENTED_EDGE ( 'NONE', *, *, #1901, .T. ) ;
#2992 = ORIENTED_EDGE ( 'NONE', *, *, #98, .T. ) ;
#2993 = PLANE ( 'NONE',  #3115 ) ;
#2994 = CARTESIAN_POINT ( 'NONE',  ( 0.000000000000000000, -57.64576289833876643, 0.000000000000000000 ) ) ;
#2995 = ADVANCED_FACE ( 'NONE', ( #1431 ), #3308, .F. ) ;
#2996 = FACE_BOUND ( 'NONE', #758, .T. ) ;
#2997 = ORIENTED_EDGE ( 'NONE', *, *, #3412, .F. ) ;
#2998 = CARTESIAN_POINT ( 'NONE',  ( 0.000000000000000000, 8.000000000000000000, 0.000000000000000000 ) ) ;
#2999 = DIRECTION ( 'NONE',  ( 0.000000000000000000, 1.000000000000000000, 0.000000000000000000 ) ) ;
#3000 = ADVANCED_FACE ( 'NONE', ( #1463 ), #3049, .F. ) ;
#3001 = CARTESIAN_POINT ( 'NONE',  ( -2.018009963918992344, -2.600000000000000089, 14.35888699675190949 ) ) ;
#3002 = CIRCLE ( 'NONE', #1499, 10.02499999999999858 ) ;
#3003 = VECTOR ( 'NONE', #1941, 1000.000000000000000 ) ;
#3004 = CARTESIAN_POINT ( 'NONE',  ( -11.01781587252592765, 8.000000000000000000, -11.60205729166666799 ) ) ;
#3005 = AXIS2_PLACEMENT_3D ( 'NONE', #3043, #2777, #3285 ) ;
#3006 = CIRCLE ( 'NONE', #1117, 1.249999999999999334 ) ;
#3007 = ORIENTED_EDGE ( 'NONE', *, *, #1438, .T. ) ;
#3008 = DIRECTION ( 'NONE',  ( -0.000000000000000000, -1.000000000000000000, -0.000000000000000000 ) ) ;
#3009 = AXIS2_PLACEMENT_3D ( 'NONE', #2392, #3169, #309 ) ;
#3010 = DIRECTION ( 'NONE',  ( 0.000000000000000000, 1.000000000000000000, 0.000000000000000000 ) ) ;
#3011 = EDGE_CURVE ( 'NONE', #2983, #653, #1372, .T. ) ;
#3012 = CIRCLE ( 'NONE', #42, 1.525000000000000355 ) ;
#3013 = CARTESIAN_POINT ( 'NONE',  ( 10.39230484541402788, 8.000000000000000000, 5.999999999999557687 ) ) ;
#3014 = ORIENTED_EDGE ( 'NONE', *, *, #1107, .T. ) ;
#3015 = PLANE ( 'NONE',  #2352 ) ;
#3016 = CYLINDRICAL_SURFACE ( 'NONE', #823, 1.249999999999999334 ) ;
#3017 = DIRECTION ( 'NONE',  ( 0.000000000000000000, 0.000000000000000000, -1.000000000000000000 ) ) ;
#3018 = FACE_BOUND ( 'NONE', #787, .T. ) ;
#3019 = DIRECTION ( 'NONE',  ( 0.000000000000000000, 0.000000000000000000, -1.000000000000000000 ) ) ;
#3020 = ORIENTED_EDGE ( 'NONE', *, *, #79, .T. ) ;
#3021 = EDGE_CURVE ( 'NONE', #2172, #2370, #3254, .T. ) ;
#3022 = CARTESIAN_POINT ( 'NONE',  ( -13.44862842423849081, 2.000000000000000000, -0.07339747290577335048 ) ) ;
#3023 = ORIENTED_EDGE ( 'NONE', *, *, #1179, .F. ) ;
#3024 = CARTESIAN_POINT ( 'NONE',  ( 13.44862842423934346, 2.000000000000000000, -0.07339747290766225618 ) ) ;
#3025 = DIRECTION ( 'NONE',  ( 0.000000000000000000, 0.000000000000000000, 1.000000000000000000 ) ) ;
#3026 = EDGE_CURVE ( 'NONE', #704, #2097, #1648, .T. ) ;
#3027 = DIRECTION ( 'NONE',  ( -0.000000000000000000, -1.000000000000000000, -0.000000000000000000 ) ) ;
#3028 = VERTEX_POINT ( 'NONE', #1004 ) ;
#3029 = CIRCLE ( 'NONE', #2030, 0.9999999999999991118 ) ;
#3030 = DIRECTION ( 'NONE',  ( 0.000000000000000000, -1.000000000000000000, 0.000000000000000000 ) ) ;
#3031 = AXIS2_PLACEMENT_3D ( 'NONE', #3096, #2632, #2846 ) ;
#3032 = CARTESIAN_POINT ( 'NONE',  ( 15.08816891815643579, 2.000000000000000000, -2.857171422657175164 ) ) ;
#3033 = LINE ( 'NONE', #921, #2292 ) ;
#3034 = CIRCLE ( 'NONE', #437, 1.250000000001231015 ) ;
#3035 = EDGE_CURVE ( 'NONE', #2718, #2649, #813, .T. ) ;
#3036 = AXIS2_PLACEMENT_3D ( 'NONE', #951, #1055, #3152 ) ;
#3037 = VERTEX_POINT ( 'NONE', #3186 ) ;
#3038 = LINE ( 'NONE', #2533, #676 ) ;
#3039 = AXIS2_PLACEMENT_3D ( 'NONE', #595, #1638, #2706 ) ;
#3040 = ORIENTED_EDGE ( 'NONE', *, *, #887, .T. ) ;
#3041 = CARTESIAN_POINT ( 'NONE',  ( -11.42615592729774399, 8.000000000000000000, -8.127091392221689858 ) ) ;
#3042 = ORIENTED_EDGE ( 'NONE', *, *, #306, .T. ) ;
#3043 = CARTESIAN_POINT ( 'NONE',  ( 2.018009963923883543, -6.999999999999999112, 14.35888699675865787 ) ) ;
#3044 = DIRECTION ( 'NONE',  ( 0.000000000000000000, 0.000000000000000000, 1.000000000000000000 ) ) ;
#3045 = DIRECTION ( 'NONE',  ( 0.000000000000000000, 0.000000000000000000, 1.000000000000000000 ) ) ;
#3046 = EDGE_CURVE ( 'NONE', #653, #1177, #3397, .T. ) ;
#3047 = DIRECTION ( 'NONE',  ( -0.000000000000000000, -1.000000000000000000, -0.000000000000000000 ) ) ;
#3048 = ORIENTED_EDGE ( 'NONE', *, *, #1351, .F. ) ;
#3049 = CYLINDRICAL_SURFACE ( 'NONE', #2595, 1.250000000001161737 ) ;
#3050 = DIRECTION ( 'NONE',  ( 0.000000000000000000, 0.000000000000000000, -1.000000000000000000 ) ) ;
#3051 = EDGE_LOOP ( 'NONE', ( #1378, #964, #43, #1662 ) ) ;
#3052 = DIRECTION ( 'NONE',  ( -0.000000000000000000, 1.000000000000000000, -0.000000000000000000 ) ) ;
#3053 = EDGE_CURVE ( 'NONE', #10, #336, #2373, .T. ) ;
#3054 = CARTESIAN_POINT ( 'NONE',  ( 2.018009963923362626, 8.000000000000000000, 15.15888699675972440 ) ) ;
#3055 = ORIENTED_EDGE ( 'NONE', *, *, #940, .T. ) ;
#3056 = VECTOR ( 'NONE', #1892, 1000.000000000000000 ) ;
#3057 = DIRECTION ( 'NONE',  ( -0.000000000000000000, -1.000000000000000000, -0.000000000000000000 ) ) ;
#3058 = ORIENTED_EDGE ( 'NONE', *, *, #463, .T. ) ;
#3059 = CARTESIAN_POINT ( 'NONE',  ( -13.44416589122502792, -5.569848480986660633, -6.231795604532899269 ) ) ;
#3060 = VERTEX_POINT ( 'NONE', #2337 ) ;
#3061 = AXIS2_PLACEMENT_3D ( 'NONE', #3013, #1204, #3079 ) ;
#3062 = CIRCLE ( 'NONE', #137, 0.8000000000011036061 ) ;
#3063 = CARTESIAN_POINT ( 'NONE',  ( 0.000000000000000000, -6.999999999999999112, -13.52500000000000213 ) ) ;
#3064 = CARTESIAN_POINT ( 'NONE',  ( -5.069701424090069075, 8.000000000000000000, 14.49532329104280493 ) ) ;
#3065 = ORIENTED_EDGE ( 'NONE', *, *, #994, .F. ) ;
#3066 = CARTESIAN_POINT ( 'NONE',  ( 2.018009963927235528, -6.000000000000009770, 12.35888699675865965 ) ) ;
#3067 = EDGE_CURVE ( 'NONE', #1744, #1567, #1869, .T. ) ;
#3068 = CARTESIAN_POINT ( 'NONE',  ( -11.42615592729774399, 8.000000000000000000, -8.927091392221690569 ) ) ;
#3069 = VECTOR ( 'NONE', #423, 1000.000000000000000 ) ;
#3070 = ORIENTED_EDGE ( 'NONE', *, *, #2188, .F. ) ;
#3071 = DIRECTION ( 'NONE',  ( 0.000000000000000000, -1.000000000000000000, 0.000000000000000000 ) ) ;
#3072 = ADVANCED_FACE ( 'NONE', ( #2582 ), #469, .F. ) ;
#3073 = VERTEX_POINT ( 'NONE', #2323 ) ;
#3074 = CARTESIAN_POINT ( 'NONE',  ( 7.743281890740514761, 2.000000000000000000, 11.05855259790241085 ) ) ;
#3075 = ORIENTED_EDGE ( 'NONE', *, *, #170, .T. ) ;
#3076 = CARTESIAN_POINT ( 'NONE',  ( 10.39230484541402788, 8.000000000000000000, 5.999999999999557687 ) ) ;
#3077 = ADVANCED_FACE ( 'NONE', ( #759 ), #2869, .T. ) ;
#3078 = DIRECTION ( 'NONE',  ( 0.000000000000000000, 0.000000000000000000, -1.000000000000000000 ) ) ;
#3079 = DIRECTION ( 'NONE',  ( 0.000000000000000000, 0.000000000000000000, 1.000000000000000000 ) ) ;
#3080 = VERTEX_POINT ( 'NONE', #214 ) ;
#3081 = FACE_OUTER_BOUND ( 'NONE', #3198, .T. ) ;
#3082 = FACE_BOUND ( 'NONE', #976, .T. ) ;
#3083 = AXIS2_PLACEMENT_3D ( 'NONE', #2965, #3218, #2198 ) ;
#3084 = VERTEX_POINT ( 'NONE', #1256 ) ;
#3085 = CARTESIAN_POINT ( 'NONE',  ( 0.000000000000000000, -3.549999999999997602, 0.000000000000000000 ) ) ;
#3086 = CARTESIAN_POINT ( 'NONE',  ( -2.018009963918992344, -6.000000000000009770, 14.35888699675190949 ) ) ;
#3087 = VECTOR ( 'NONE', #2548, 1000.000000000000000 ) ;
#3088 = EDGE_CURVE ( 'NONE', #3073, #2472, #1307, .T. ) ;
#3089 = DIRECTION ( 'NONE',  ( 0.000000000000000000, 0.000000000000000000, 1.000000000000000000 ) ) ;
#3090 = AXIS2_PLACEMENT_3D ( 'NONE', #2406, #624, #3217 ) ;
#3091 = AXIS2_PLACEMENT_3D ( 'NONE', #891, #1670, #2670 ) ;
#3092 = DIRECTION ( 'NONE',  ( 0.000000000000000000, 0.000000000000000000, -1.000000000000000000 ) ) ;
#3093 = ORIENTED_EDGE ( 'NONE', *, *, #1324, .T. ) ;
#3094 = DIRECTION ( 'NONE',  ( 0.000000000000000000, 0.000000000000000000, -1.000000000000000000 ) ) ;
#3095 = DIRECTION ( 'NONE',  ( 1.000000000000000000, 0.000000000000000000, 0.000000000000000000 ) ) ;
#3096 = CARTESIAN_POINT ( 'NONE',  ( -10.39230484541249844, 8.000000000000000000, 6.000000000000445866 ) ) ;
#3097 = EDGE_CURVE ( 'NONE', #2804, #1582, #2055, .T. ) ;
#3098 = CARTESIAN_POINT ( 'NONE',  ( 10.39230484541402788, 18.00000000000000355, 7.524999999999558042 ) ) ;
#3099 = VERTEX_POINT ( 'NONE', #1038 ) ;
#3100 = CARTESIAN_POINT ( 'NONE',  ( 2.018009963923883543, -2.600000000000000089, 14.35888699675865787 ) ) ;
#3101 = CARTESIAN_POINT ( 'NONE',  ( -10.39230484541249844, 2.500000000000000444, 6.000000000000445866 ) ) ;
#3102 = ORIENTED_EDGE ( 'NONE', *, *, #3053, .T. ) ;
#3103 = DIRECTION ( 'NONE',  ( 0.000000000000000000, 0.000000000000000000, -1.000000000000000000 ) ) ;
#3104 = LINE ( 'NONE', #957, #141 ) ;
#3105 = ORIENTED_EDGE ( 'NONE', *, *, #1724, .T. ) ;
#3106 = ADVANCED_FACE ( 'NONE', ( #1585 ), #3114, .F. ) ;
#3107 = CARTESIAN_POINT ( 'NONE',  ( -13.12632166458826255, -2.600000000000000089, -9.914208987618323476 ) ) ;
#3108 = ORIENTED_EDGE ( 'NONE', *, *, #849, .F. ) ;
#3109 = CARTESIAN_POINT ( 'NONE',  ( 11.43094197279008384, -2.600000000000000089, -8.893036909064255369 ) ) ;
#3110 = AXIS2_PLACEMENT_3D ( 'NONE', #2951, #1386, #3019 ) ;
#3111 = DIRECTION ( 'NONE',  ( 0.000000000000000000, 1.000000000000000000, 0.000000000000000000 ) ) ;
#3112 = FACE_OUTER_BOUND ( 'NONE', #1543, .T. ) ;
#3113 = ORIENTED_EDGE ( 'NONE', *, *, #2463, .F. ) ;
#3114 = CYLINDRICAL_SURFACE ( 'NONE', #1421, 2.000000000000000000 ) ;
#3115 = AXIS2_PLACEMENT_3D ( 'NONE', #3199, #26, #2940 ) ;
#3116 = AXIS2_PLACEMENT_3D ( 'NONE', #1234, #2297, #1504 ) ;
#3117 = DIRECTION ( 'NONE',  ( 0.000000000000000000, 0.000000000000000000, -1.000000000000000000 ) ) ;
#3118 = VECTOR ( 'NONE', #1150, 1000.000000000000000 ) ;
#3119 = CIRCLE ( 'NONE', #3221, 1.249999999999999334 ) ;
#3120 = ORIENTED_EDGE ( 'NONE', *, *, #681, .T. ) ;
#3121 = DIRECTION ( 'NONE',  ( -0.000000000000000000, -1.000000000000000000, -0.000000000000000000 ) ) ;
#3122 = CIRCLE ( 'NONE', #1128, 5.525000000000016342 ) ;
#3123 = ORIENTED_EDGE ( 'NONE', *, *, #2412, .T. ) ;
#3124 = DIRECTION ( 'NONE',  ( 0.000000000000000000, 1.000000000000000000, 0.000000000000000000 ) ) ;
#3125 = AXIS2_PLACEMENT_3D ( 'NONE', #2802, #969, #2834 ) ;
#3126 = EDGE_LOOP ( 'NONE', ( #1412, #1294, #1028, #1492 ) ) ;
#3127 = FACE_OUTER_BOUND ( 'NONE', #3230, .T. ) ;
#3128 = ORIENTED_EDGE ( 'NONE', *, *, #132, .F. ) ;
#3129 = FACE_BOUND ( 'NONE', #2210, .T. ) ;
#3130 = EDGE_CURVE ( 'NONE', #2276, #2172, #2357, .T. ) ;
#3131 = CARTESIAN_POINT ( 'NONE',  ( -11.42615592729774399, -2.600000000000000089, -9.727091392221691279 ) ) ;
#3132 = FACE_OUTER_BOUND ( 'NONE', #750, .T. ) ;
#3133 = ORIENTED_EDGE ( 'NONE', *, *, #1999, .T. ) ;
#3134 = EDGE_CURVE ( 'NONE', #2472, #3028, #2428, .T. ) ;
#3135 = CARTESIAN_POINT ( 'NONE',  ( -15.55658428700901474, 2.000000000000000000, -2.740679793992554902 ) ) ;
#3136 = DIRECTION ( 'NONE',  ( 0.000000000000000000, 1.000000000000000000, 0.000000000000000000 ) ) ;
#3137 = ORIENTED_EDGE ( 'NONE', *, *, #75, .T. ) ;
#3138 = LINE ( 'NONE', #1552, #363 ) ;
#3139 = ORIENTED_EDGE ( 'NONE', *, *, #562, .T. ) ;
#3140 = CARTESIAN_POINT ( 'NONE',  ( -8.031228112810643083, 2.000000000000000000, -6.000000000000001776 ) ) ;
#3141 = EDGE_CURVE ( 'NONE', #2063, #14, #2, .T. ) ;
#3142 = ORIENTED_EDGE ( 'NONE', *, *, #1836, .T. ) ;
#3143 = CARTESIAN_POINT ( 'NONE',  ( 11.42615592730280660, -2.600000000000000089, -8.927091392227735511 ) ) ;
#3144 = VERTEX_POINT ( 'NONE', #2653 ) ;
#3145 = CARTESIAN_POINT ( 'NONE',  ( 2.265596578422603396E-15, -6.999999999999999112, 18.50000000000000000 ) ) ;
#3146 = AXIS2_PLACEMENT_3D ( 'NONE', #768, #1782, #2824 ) ;
#3147 = CIRCLE ( 'NONE', #70, 0.8000000000000003775 ) ;
#3148 = CARTESIAN_POINT ( 'NONE',  ( -13.41228082094833240, -6.999999999999999112, -5.418913199926619129 ) ) ;
#3149 = DIRECTION ( 'NONE',  ( 0.000000000000000000, 0.000000000000000000, 1.000000000000000000 ) ) ;
#3150 = VERTEX_POINT ( 'NONE', #1290 ) ;
#3151 = AXIS2_PLACEMENT_3D ( 'NONE', #2763, #685, #2247 ) ;
#3152 = DIRECTION ( 'NONE',  ( 0.000000000000000000, 0.000000000000000000, -1.000000000000000000 ) ) ;
#3153 = ADVANCED_FACE ( 'NONE', ( #2600 ), #289, .F. ) ;
#3154 = DIRECTION ( 'NONE',  ( -0.5000000000014479529, 0.000000000000000000, 0.8660254037836027097 ) ) ;
#3155 = ORIENTED_EDGE ( 'NONE', *, *, #2525, .F. ) ;
#3156 = CARTESIAN_POINT ( 'NONE',  ( 2.018009963923362626, -5.569848480986660633, 13.55888699675865183 ) ) ;
#3157 = VERTEX_POINT ( 'NONE', #1568 ) ;
#3158 = CARTESIAN_POINT ( 'NONE',  ( -10.01846749406552917, 8.000000000000000000, -11.63815186838624349 ) ) ;
#3159 = EDGE_CURVE ( 'NONE', #2759, #48, #2810, .T. ) ;
#3160 = CARTESIAN_POINT ( 'NONE',  ( 4.822441440389090950, 8.000000000000000000, 16.30165815351364955 ) ) ;
#3161 = ORIENTED_EDGE ( 'NONE', *, *, #1624, .T. ) ;
#3162 = DIRECTION ( 'NONE',  ( 0.000000000000000000, -0.000000000000000000, 1.000000000000000000 ) ) ;
#3163 = ORIENTED_EDGE ( 'NONE', *, *, #2148, .F. ) ;
#3164 = LINE ( 'NONE', #1002, #2116 ) ;
#3165 = EDGE_LOOP ( 'NONE', ( #527, #2844, #3219, #565 ) ) ;
#3166 = CARTESIAN_POINT ( 'NONE',  ( -11.68023001338113609, -6.000000000000012434, -4.418913199923730772 ) ) ;
#3167 = CARTESIAN_POINT ( 'NONE',  ( 13.44416589121839856, -5.569848480986660633, -4.631795604531075305 ) ) ;
#3168 = ORIENTED_EDGE ( 'NONE', *, *, #2608, .F. ) ;
#3169 = DIRECTION ( 'NONE',  ( 0.000000000000000000, 1.000000000000000000, 0.000000000000000000 ) ) ;
#3170 = VECTOR ( 'NONE', #1793, 1000.000000000000000 ) ;
#3171 = EDGE_CURVE ( 'NONE', #1732, #2826, #1120, .T. ) ;
#3172 = VECTOR ( 'NONE', #429, 1000.000000000000227 ) ;
#3173 = CIRCLE ( 'NONE', #2505, 1.250000000001161737 ) ;
#3174 = ORIENTED_EDGE ( 'NONE', *, *, #1999, .F. ) ;
#3175 = CARTESIAN_POINT ( 'NONE',  ( -7.743281890738405338, 16.00000000000000000, 11.05855259790189216 ) ) ;
#3176 = EDGE_CURVE ( 'NONE', #958, #1844, #864, .T. ) ;
#3177 = AXIS2_PLACEMENT_3D ( 'NONE', #1728, #3071, #2515 ) ;
#3178 = AXIS2_PLACEMENT_3D ( 'NONE', #1936, #2461, #1674 ) ;
#3179 = FACE_OUTER_BOUND ( 'NONE', #1773, .T. ) ;
#3180 = ORIENTED_EDGE ( 'NONE', *, *, #3097, .F. ) ;
#3181 = CYLINDRICAL_SURFACE ( 'NONE', #2787, 18.50000000000000000 ) ;
#3182 = CARTESIAN_POINT ( 'NONE',  ( 2.018009963928906192, -6.999999999999999112, 11.35888699675865965 ) ) ;
#3183 = ORIENTED_EDGE ( 'NONE', *, *, #1095, .T. ) ;
#3184 = LINE ( 'NONE', #811, #1399 ) ;
#3185 = ORIENTED_EDGE ( 'NONE', *, *, #681, .F. ) ;
#3186 = CARTESIAN_POINT ( 'NONE',  ( -13.44862842423849081, -6.999999999999999112, -0.07339747290577335048 ) ) ;
#3187 = EDGE_CURVE ( 'NONE', #740, #1506, #1345, .T. ) ;
#3188 = DIRECTION ( 'NONE',  ( -0.000000000000000000, -1.000000000000000000, -0.000000000000000000 ) ) ;
#3189 = ORIENTED_EDGE ( 'NONE', *, *, #508, .F. ) ;
#3190 = LINE ( 'NONE', #2060, #1854 ) ;
#3191 = ORIENTED_EDGE ( 'NONE', *, *, #2496, .T. ) ;
#3192 = FACE_OUTER_BOUND ( 'NONE', #1357, .T. ) ;
#3193 = ADVANCED_FACE ( 'NONE', ( #610 ), #882, .T. ) ;
#3194 = AXIS2_PLACEMENT_3D ( 'NONE', #1106, #307, #625 ) ;
#3195 = ORIENTED_EDGE ( 'NONE', *, *, #1037, .T. ) ;
#3196 = FACE_BOUND ( 'NONE', #2634, .T. ) ;
#3197 = CARTESIAN_POINT ( 'NONE',  ( 2.018009963923362626, -2.600000000000000089, 15.15888699675972440 ) ) ;
#3198 = EDGE_LOOP ( 'NONE', ( #692, #1715, #1383, #2345 ) ) ;
#3199 = CARTESIAN_POINT ( 'NONE',  ( -9.662220049453852155, -6.000000000000012434, -7.914208987612532553 ) ) ;
#3200 = CIRCLE ( 'NONE', #2035, 17.00000000000000355 ) ;
#3201 = VERTEX_POINT ( 'NONE', #2181 ) ;
#3202 = DIRECTION ( 'NONE',  ( -0.000000000000000000, -1.000000000000000000, -0.000000000000000000 ) ) ;
#3203 = DIRECTION ( 'NONE',  ( 1.734723475976808672E-15, 0.000000000000000000, 1.000000000000000000 ) ) ;
#3204 = ADVANCED_FACE ( 'NONE', ( #556 ), #350, .F. ) ;
#3205 = VERTEX_POINT ( 'NONE', #99 ) ;
#3206 = DIRECTION ( 'NONE',  ( 0.000000000000000000, 0.000000000000000000, 1.000000000000000000 ) ) ;
#3207 = DIRECTION ( 'NONE',  ( 0.000000000000000000, 1.000000000000000000, 0.000000000000000000 ) ) ;
#3208 = CYLINDRICAL_SURFACE ( 'NONE', #3283, 2.000000000000000000 ) ;
#3209 = EDGE_LOOP ( 'NONE', ( #1041, #2961 ) ) ;
#3210 = FACE_OUTER_BOUND ( 'NONE', #917, .T. ) ;
#3211 = ORIENTED_EDGE ( 'NONE', *, *, #1208, .F. ) ;
#3212 = EDGE_CURVE ( 'NONE', #1212, #1310, #826, .T. ) ;
#3213 = DIRECTION ( 'NONE',  ( 0.000000000000000000, 0.000000000000000000, -1.000000000000000000 ) ) ;
#3214 = EDGE_LOOP ( 'NONE', ( #1750, #3133, #1810, #2554 ) ) ;
#3215 = CARTESIAN_POINT ( 'NONE',  ( -11.70642936455880090, 2.000000000000000000, -12.32718587239583741 ) ) ;
#3216 = ORIENTED_EDGE ( 'NONE', *, *, #2728, .F. ) ;
#3217 = DIRECTION ( 'NONE',  ( 0.000000000000000000, 0.000000000000000000, 1.000000000000000000 ) ) ;
#3218 = DIRECTION ( 'NONE',  ( 0.000000000000000000, -1.000000000000000000, 0.000000000000000000 ) ) ;
#3219 = ORIENTED_EDGE ( 'NONE', *, *, #3130, .T. ) ;
#3220 = DIRECTION ( 'NONE',  ( 0.000000000000000000, -1.000000000000000000, 0.000000000000000000 ) ) ;
#3221 = AXIS2_PLACEMENT_3D ( 'NONE', #1713, #2823, #1973 ) ;
#3222 = AXIS2_PLACEMENT_3D ( 'NONE', #2327, #2855, #492 ) ;
#3223 = DIRECTION ( 'NONE',  ( -0.000000000000000000, -1.000000000000000000, -0.000000000000000000 ) ) ;
#3224 = EDGE_CURVE ( 'NONE', #832, #1162, #988, .T. ) ;
#3225 = AXIS2_PLACEMENT_3D ( 'NONE', #2090, #2303, #3149 ) ;
#3226 = CIRCLE ( 'NONE', #251, 2.500000000000000444 ) ;
#3227 = DIRECTION ( 'NONE',  ( -0.000000000000000000, -1.000000000000000000, -0.000000000000000000 ) ) ;
#3228 = DIRECTION ( 'NONE',  ( 0.000000000000000000, 0.000000000000000000, -1.000000000000000000 ) ) ;
#3229 = VERTEX_POINT ( 'NONE', #850 ) ;
#3230 = EDGE_LOOP ( 'NONE', ( #2224, #1656, #1608, #1935 ) ) ;
#3231 = AXIS2_PLACEMENT_3D ( 'NONE', #2044, #455, #3103 ) ;
#3232 = LINE ( 'NONE', #862, #2062 ) ;
#3233 = VERTEX_POINT ( 'NONE', #3236 ) ;
#3234 = EDGE_CURVE ( 'NONE', #3318, #2048, #1887, .T. ) ;
#3235 = PLANE ( 'NONE',  #2678 ) ;
#3236 = CARTESIAN_POINT ( 'NONE',  ( 2.018009963920551986, -6.000000000000009770, 16.35888699675865610 ) ) ;
#3237 = CIRCLE ( 'NONE', #1957, 17.00000000000000000 ) ;
#3238 = LINE ( 'NONE', #1934, #1197 ) ;
#3239 = ADVANCED_FACE ( 'NONE', ( #2196 ), #2469, .T. ) ;
#3240 = ORIENTED_EDGE ( 'NONE', *, *, #3141, .T. ) ;
#3241 = VERTEX_POINT ( 'NONE', #2978 ) ;
#3242 = CARTESIAN_POINT ( 'NONE',  ( 10.39230484541402788, 2.000000000000000000, 5.999999999999557687 ) ) ;
#3243 = EDGE_CURVE ( 'NONE', #1881, #2309, #1875, .T. ) ;
#3244 = DIRECTION ( 'NONE',  ( 0.000000000000000000, 0.000000000000000000, -1.000000000000000000 ) ) ;
#3245 = EDGE_LOOP ( 'NONE', ( #279, #2756, #1826, #50 ) ) ;
#3246 = ORIENTED_EDGE ( 'NONE', *, *, #2537, .T. ) ;
#3247 = ORIENTED_EDGE ( 'NONE', *, *, #2820, .T. ) ;
#3248 = CARTESIAN_POINT ( 'NONE',  ( -2.018009963919514149, -2.600000000000000089, 14.35888699675244062 ) ) ;
#3249 = CARTESIAN_POINT ( 'NONE',  ( -10.39230484541249844, 18.00000000000000355, 7.525000000000446221 ) ) ;
#3250 = CIRCLE ( 'NONE', #2642, 17.47500000000000142 ) ;
#3251 = CARTESIAN_POINT ( 'NONE',  ( -13.44416589122502792, -5.569848480986660633, -4.631795604532896959 ) ) ;
#3252 = VECTOR ( 'NONE', #2073, 1000.000000000000000 ) ;
#3253 = ORIENTED_EDGE ( 'NONE', *, *, #476, .F. ) ;
#3254 = CIRCLE ( 'NONE', #3036, 2.000000000000000000 ) ;
#3255 = CARTESIAN_POINT ( 'NONE',  ( 11.43094197279008384, -2.600000000000000089, -10.89303690906425537 ) ) ;
#3256 = VECTOR ( 'NONE', #3136, 1000.000000000000000 ) ;
#3257 = EDGE_CURVE ( 'NONE', #1250, #2804, #574, .T. ) ;
#3258 = AXIS2_PLACEMENT_3D ( 'NONE', #700, #2557, #415 ) ;
#3259 = CYLINDRICAL_SURFACE ( 'NONE', #679, 0.8000000000005641487 ) ;
#3260 = CARTESIAN_POINT ( 'NONE',  ( 0.000000000000000000, -6.999999999999999112, -18.50000000000000000 ) ) ;
#3261 = PRODUCT_DEFINITION ( '未知', '', #992, #2201 ) ;
#3262 = LINE ( 'NONE', #1682, #1284 ) ;
#3263 = VERTEX_POINT ( 'NONE', #368 ) ;
#3264 = ORIENTED_EDGE ( 'NONE', *, *, #815, .T. ) ;
#3265 = DIRECTION ( 'NONE',  ( -0.4999999999985524357, 0.000000000000000000, -0.8660254037852743725 ) ) ;
#3266 = DIRECTION ( 'NONE',  ( -0.5000000000014479529, 0.000000000000000000, 0.8660254037836027097 ) ) ;
#3267 = CYLINDRICAL_SURFACE ( 'NONE', #58, 1.249999999999999334 ) ;
#3268 = DIRECTION ( 'NONE',  ( 0.000000000000000000, 0.000000000000000000, 1.000000000000000000 ) ) ;
#3269 = ORIENTED_EDGE ( 'NONE', *, *, #79, .F. ) ;
#3270 = CARTESIAN_POINT ( 'NONE',  ( -2.018009963922333672, -6.000000000000009770, 16.35888699675191305 ) ) ;
#3271 = LINE ( 'NONE', #2429, #2621 ) ;
#3272 = ADVANCED_FACE ( 'NONE', ( #1904, #1658, #1410 ), #1621, .T. ) ;
#3273 = CARTESIAN_POINT ( 'NONE',  ( 0.000000000000000000, -6.999999999999999112, 0.000000000000000000 ) ) ;
#3274 = CIRCLE ( 'NONE', #727, 0.9999999999999991118 ) ;
#3275 = AXIS2_PLACEMENT_3D ( 'NONE', #1262, #1877, #2933 ) ;
#3276 = DIRECTION ( 'NONE',  ( 0.000000000000000000, 0.000000000000000000, 1.000000000000000000 ) ) ;
#3277 = EDGE_CURVE ( 'NONE', #2134, #665, #175, .T. ) ;
#3278 = ORIENTED_EDGE ( 'NONE', *, *, #2624, .F. ) ;
#3279 = AXIS2_PLACEMENT_3D ( 'NONE', #870, #1924, #900 ) ;
#3280 = VECTOR ( 'NONE', #160, 1000.000000000000000 ) ;
#3281 = DIRECTION ( 'NONE',  ( 0.000000000000000000, 1.000000000000000000, 0.000000000000000000 ) ) ;
#3282 = CIRCLE ( 'NONE', #959, 10.02499999999999858 ) ;
#3283 = AXIS2_PLACEMENT_3D ( 'NONE', #3001, #92, #617 ) ;
#3284 = VERTEX_POINT ( 'NONE', #1105 ) ;
#3285 = DIRECTION ( 'NONE',  ( -1.674152714607285061E-12, 0.000000000000000000, -1.000000000000000000 ) ) ;
#3286 = DIRECTION ( 'NONE',  ( 0.000000000000000000, 0.000000000000000000, -1.000000000000000000 ) ) ;
#3287 = AXIS2_PLACEMENT_3D ( 'NONE', #1260, #1762, #2839 ) ;
#3288 = CARTESIAN_POINT ( 'NONE',  ( -15.14433162851554826, -2.600000000000000089, -6.418913199929520808 ) ) ;
#3289 = VECTOR ( 'NONE', #1967, 1000.000000000000000 ) ;
#3290 = ADVANCED_FACE ( 'NONE', ( #2164 ), #2962, .T. ) ;
#3291 = CARTESIAN_POINT ( 'NONE',  ( 0.000000000000000000, 2.500000000000000444, -12.00000000000000178 ) ) ;
#3292 = EDGE_LOOP ( 'NONE', ( #1406, #1113, #3048, #1323 ) ) ;
#3293 = CARTESIAN_POINT ( 'NONE',  ( -10.39230484541249844, -6.999999999999999112, 6.000000000000445866 ) ) ;
#3294 = CARTESIAN_POINT ( 'NONE',  ( 13.44862842423934346, 16.00000000000000000, -0.07339747290766225618 ) ) ;
#3295 = CARTESIAN_POINT ( 'NONE',  ( 15.55658428700854579, 2.000000000000000000, -3.740679793994502234 ) ) ;
#3296 = CARTESIAN_POINT ( 'NONE',  ( -10.39230484541249844, -6.999999999999999112, 7.525000000000446221 ) ) ;
#3297 = ORIENTED_EDGE ( 'NONE', *, *, #3046, .T. ) ;
#3298 = ORIENTED_EDGE ( 'NONE', *, *, #2263, .T. ) ;
#3299 = ADVANCED_FACE ( 'NONE', ( #1379 ), #2438, .F. ) ;
#3300 = CARTESIAN_POINT ( 'NONE',  ( 0.000000000000000000, 8.000000000000000000, 0.000000000000000000 ) ) ;
#3301 = EDGE_LOOP ( 'NONE', ( #2385, #1692 ) ) ;
#3302 = ORIENTED_EDGE ( 'NONE', *, *, #1836, .F. ) ;
#3303 = CARTESIAN_POINT ( 'NONE',  ( -2.018009963915649685, -6.000000000000009770, 12.35888699675191482 ) ) ;
#3304 = DIRECTION ( 'NONE',  ( -0.000000000000000000, -1.000000000000000000, -0.000000000000000000 ) ) ;
#3305 = CARTESIAN_POINT ( 'NONE',  ( -10.39230484541249844, 2.000000000000000000, 6.000000000000445866 ) ) ;
#3306 = ORIENTED_EDGE ( 'NONE', *, *, #1580, .F. ) ;
#3307 = AXIS2_PLACEMENT_3D ( 'NONE', #2735, #2470, #932 ) ;
#3308 = CYLINDRICAL_SURFACE ( 'NONE', #769, 1.250000000001678213 ) ;
#3309 = EDGE_CURVE ( 'NONE', #1430, #2852, #1209, .T. ) ;
#3310 = AXIS2_PLACEMENT_3D ( 'NONE', #2648, #1067, #335 ) ;
#3311 = DIRECTION ( 'NONE',  ( 0.000000000000000000, 0.000000000000000000, -1.000000000000000000 ) ) ;
#3312 = CYLINDRICAL_SURFACE ( 'NONE', #3287, 0.8000000000000012657 ) ;
#3313 = CIRCLE ( 'NONE', #383, 2.500000000000000444 ) ;
#3314 = AXIS2_PLACEMENT_3D ( 'NONE', #96, #61, #2435 ) ;
#3315 = DIRECTION ( 'NONE',  ( 0.000000000000000000, -1.000000000000000000, 0.000000000000000000 ) ) ;
#3316 = ORIENTED_EDGE ( 'NONE', *, *, #1482, .F. ) ;
#3317 = CARTESIAN_POINT ( 'NONE',  ( 3.061616997868383634E-16, 2.500000000000000000, -9.500000000000001776 ) ) ;
#3318 = VERTEX_POINT ( 'NONE', #1426 ) ;
#3319 = CYLINDRICAL_SURFACE ( 'NONE', #1503, 1.250000000001643796 ) ;
#3320 = ADVANCED_FACE ( 'NONE', ( #637 ), #2484, .F. ) ;
#3321 = DIRECTION ( 'NONE',  ( -0.000000000000000000, -1.000000000000000000, -0.000000000000000000 ) ) ;
#3322 = DIRECTION ( 'NONE',  ( -0.000000000000000000, -1.000000000000000000, -0.000000000000000000 ) ) ;
#3323 = DIRECTION ( 'NONE',  ( 0.000000000000000000, 1.000000000000000000, 0.000000000000000000 ) ) ;
#3324 = ORIENTED_EDGE ( 'NONE', *, *, #2518, .T. ) ;
#3325 = ADVANCED_FACE ( 'NONE', ( #1237 ), #2480, .F. ) ;
#3326 = DIRECTION ( 'NONE',  ( 0.000000000000000000, 0.000000000000000000, -1.000000000000000000 ) ) ;
#3327 = CARTESIAN_POINT ( 'NONE',  ( -10.39230484541249844, 2.000000000000000000, 3.500000000000445421 ) ) ;
#3328 = ORIENTED_EDGE ( 'NONE', *, *, #1538, .F. ) ;
#3329 = ORIENTED_EDGE ( 'NONE', *, *, #1056, .F. ) ;
#3330 = DIRECTION ( 'NONE',  ( 0.000000000000000000, 0.000000000000000000, -1.000000000000000000 ) ) ;
#3331 = ADVANCED_FACE ( 'NONE', ( #1164 ), #431, .T. ) ;
#3332 = ORIENTED_EDGE ( 'NONE', *, *, #2561, .F. ) ;
#3333 = DIRECTION ( 'NONE',  ( 0.000000000000000000, 1.000000000000000000, 0.000000000000000000 ) ) ;
#3334 = ORIENTED_EDGE ( 'NONE', *, *, #3365, .T. ) ;
#3335 = DIRECTION ( 'NONE',  ( -0.000000000000000000, -1.000000000000000000, -0.000000000000000000 ) ) ;
#3336 = ORIENTED_EDGE ( 'NONE', *, *, #2537, .F. ) ;
#3337 = CYLINDRICAL_SURFACE ( 'NONE', #3151, 10.02500000000000036 ) ;
#3338 = CIRCLE ( 'NONE', #2288, 2.500000000000000444 ) ;
#3339 = AXIS2_PLACEMENT_3D ( 'NONE', #1422, #1439, #2481 ) ;
#3340 = CARTESIAN_POINT ( 'NONE',  ( -8.796194645670258438, -6.999999999999999112, -7.414208987611086599 ) ) ;
#3341 = EDGE_LOOP ( 'NONE', ( #1975, #3014, #231, #2585 ) ) ;
#3342 = CARTESIAN_POINT ( 'NONE',  ( 5.069701424092029285, 8.000000000000000000, 14.49532329104218675 ) ) ;
#3343 = CIRCLE ( 'NONE', #1849, 1.000000000000000000 ) ;
#3344 = ADVANCED_FACE ( 'NONE', ( #965 ), #2797, .F. ) ;
#3345 = FACE_BOUND ( 'NONE', #1806, .T. ) ;
#3346 = CIRCLE ( 'NONE', #1786, 2.500000000000000444 ) ;
#3347 = ORIENTED_EDGE ( 'NONE', *, *, #2113, .T. ) ;
#3348 = CARTESIAN_POINT ( 'NONE',  ( -10.39230484541249844, 2.500000000000000000, 8.500000000000445866 ) ) ;
#3349 = CYLINDRICAL_SURFACE ( 'NONE', #1838, 18.50000000000000000 ) ;
#3350 = FACE_BOUND ( 'NONE', #1857, .T. ) ;
#3351 = EDGE_CURVE ( 'NONE', #884, #1177, #3147, .T. ) ;
#3352 = CARTESIAN_POINT ( 'NONE',  ( 13.44862842423934346, 2.000000000000000000, 1.176602527094015915 ) ) ;
#3353 = EDGE_LOOP ( 'NONE', ( #1602, #923, #115, #3185 ) ) ;
#3354 = CYLINDRICAL_SURFACE ( 'NONE', #1783, 1.999999999999999112 ) ;
#3355 = VERTEX_POINT ( 'NONE', #2279 ) ;
#3356 = CARTESIAN_POINT ( 'NONE',  ( -7.743281890738405338, -6.999999999999999112, 11.05855259790189216 ) ) ;
#3357 = CARTESIAN_POINT ( 'NONE',  ( -13.44416589122502792, -5.569848480986660633, -5.431795604532898558 ) ) ;
#3358 = EDGE_LOOP ( 'NONE', ( #2177, #2997 ) ) ;
#3359 = CARTESIAN_POINT ( 'NONE',  ( 2.018009963920551986, -2.600000000000000089, 16.35888699675865610 ) ) ;
#3360 = DIRECTION ( 'NONE',  ( -0.000000000000000000, 1.000000000000000000, -0.000000000000000000 ) ) ;
#3361 = AXIS2_PLACEMENT_3D ( 'NONE', #669, #1720, #1203 ) ;
#3362 = FACE_OUTER_BOUND ( 'NONE', #3126, .T. ) ;
#3363 = ORIENTED_EDGE ( 'NONE', *, *, #1531, .T. ) ;
#3364 = LINE ( 'NONE', #2550, #2629 ) ;
#3365 = EDGE_CURVE ( 'NONE', #1879, #2519, #283, .T. ) ;
#3366 = CIRCLE ( 'NONE', #219, 2.000000000000000000 ) ;
#3367 = CARTESIAN_POINT ( 'NONE',  ( 11.71690112913514703, -6.000000000000009770, -4.397741121371608664 ) ) ;
#3368 = VECTOR ( 'NONE', #269, 1000.000000000000114 ) ;
#3369 = ORIENTED_EDGE ( 'NONE', *, *, #1450, .T. ) ;
#3370 = VECTOR ( 'NONE', #1796, 1000.000000000000000 ) ;
#3371 = ORIENTED_EDGE ( 'NONE', *, *, #540, .T. ) ;
#3372 = FILL_AREA_STYLE_COLOUR ( '', #1232 ) ;
#3373 = CARTESIAN_POINT ( 'NONE',  ( 0.000000000000000000, 0.000000000000000000, 0.000000000000000000 ) ) ;
#3374 = DIRECTION ( 'NONE',  ( 0.000000000000000000, 0.000000000000000000, -1.000000000000000000 ) ) ;
#3375 = LINE ( 'NONE', #266, #2563 ) ;
#3376 = ORIENTED_EDGE ( 'NONE', *, *, #1981, .T. ) ;
#3377 = ADVANCED_FACE ( 'NONE', ( #397 ), #3337, .F. ) ;
#3378 = CARTESIAN_POINT ( 'NONE',  ( -10.39230484541249844, 18.00000000000000355, 6.000000000000445866 ) ) ;
#3379 = CARTESIAN_POINT ( 'NONE',  ( -11.42615592729774399, -5.569848480986660633, -8.927091392221690569 ) ) ;
#3380 = ORIENTED_EDGE ( 'NONE', *, *, #3171, .T. ) ;
#3381 = DIRECTION ( 'NONE',  ( 0.000000000000000000, 0.000000000000000000, 1.000000000000000000 ) ) ;
#3382 = ORIENTED_EDGE ( 'NONE', *, *, #264, .F. ) ;
#3383 = EDGE_CURVE ( 'NONE', #2577, #226, #2599, .T. ) ;
#3384 = DIRECTION ( 'NONE',  ( 3.469446951953617344E-15, 0.000000000000000000, -1.000000000000000000 ) ) ;
#3385 = FACE_BOUND ( 'NONE', #2753, .T. ) ;
#3386 = EDGE_CURVE ( 'NONE', #578, #1465, #5, .T. ) ;
#3387 = LINE ( 'NONE', #1012, #2495 ) ;
#3388 = VERTEX_POINT ( 'NONE', #145 ) ;
#3389 = CARTESIAN_POINT ( 'NONE',  ( -7.743281890738405338, 2.000000000000000000, 12.30855259790189216 ) ) ;
#3390 = APPLICATION_PROTOCOL_DEFINITION ( 'draft international standard', 'automotive_design', 1998, #337 ) ;
#3391 = AXIS2_PLACEMENT_3D ( 'NONE', #2413, #2966, #613 ) ;
#3392 = LINE ( 'NONE', #1019, #3252 ) ;
#3393 = CIRCLE ( 'NONE', #2559, 0.8000000000005641487 ) ;
#3394 = ORIENTED_EDGE ( 'NONE', *, *, #1960, .F. ) ;
#3395 = CYLINDRICAL_SURFACE ( 'NONE', #196, 1.000000000000000000 ) ;
#3396 = ORIENTED_EDGE ( 'NONE', *, *, #1695, .T. ) ;
#3397 = LINE ( 'NONE', #3416, #1755 ) ;
#3398 = AXIS2_PLACEMENT_3D ( 'NONE', #3352, #2878, #1522 ) ;
#3399 = CARTESIAN_POINT ( 'NONE',  ( 8.031228112810644859, 8.000000000000000000, -6.000000000000003553 ) ) ;
#3400 = EDGE_CURVE ( 'NONE', #1342, #2340, #937, .T. ) ;
#3401 = CIRCLE ( 'NONE', #736, 1.525000000000000355 ) ;
#3402 = AXIS2_PLACEMENT_3D ( 'NONE', #424, #2013, #475 ) ;
#3403 = ORIENTED_EDGE ( 'NONE', *, *, #618, .F. ) ;
#3404 = CARTESIAN_POINT ( 'NONE',  ( 0.000000000000000000, 18.00000000000000355, -13.52500000000000213 ) ) ;
#3405 = CIRCLE ( 'NONE', #2899, 10.02499999999999858 ) ;
#3406 = ORIENTED_EDGE ( 'NONE', *, *, #2239, .F. ) ;
#3407 = DIRECTION ( 'NONE',  ( 0.000000000000000000, 0.000000000000000000, 1.000000000000000000 ) ) ;
#3408 = AXIS2_PLACEMENT_3D ( 'NONE', #599, #1951, #372 ) ;
#3409 = EDGE_LOOP ( 'NONE', ( #2250, #3411, #3380, #2464 ) ) ;
#3410 = FACE_OUTER_BOUND ( 'NONE', #2651, .T. ) ;
#3411 = ORIENTED_EDGE ( 'NONE', *, *, #1986, .T. ) ;
#3412 = EDGE_CURVE ( 'NONE', #1100, #989, #611, .T. ) ;
#3413 = CARTESIAN_POINT ( 'NONE',  ( 3.980102097228898231E-16, 0.000000000000000000, 3.250000000000000444 ) ) ;
#3414 = FACE_OUTER_BOUND ( 'NONE', #511, .T. ) ;
#3415 = VERTEX_POINT ( 'NONE', #2301 ) ;
#3416 = CARTESIAN_POINT ( 'NONE',  ( -11.42615592729774399, -5.569848480986660633, -9.727091392221691279 ) ) ;
#3417 = CARTESIAN_POINT ( 'NONE',  ( 11.01781587252592942, 2.000000000000000000, -11.60205729166666799 ) ) ;
#3418 = EDGE_LOOP ( 'NONE', ( #1083, #3093, #3306, #953 ) ) ;
#3419 = CARTESIAN_POINT ( 'NONE',  ( 11.42615592730280660, -5.569848480986660633, -8.927091392227735511 ) ) ;
#3420 = EDGE_CURVE ( 'NONE', #2575, #1119, #710, .T. ) ;
#3421 = VERTEX_POINT ( 'NONE', #1458 ) ;
#3422 = CARTESIAN_POINT ( 'NONE',  ( -5.705346533498579120, -6.999999999999999112, -10.98515512499303171 ) ) ;
#3423 = CIRCLE ( 'NONE', #2314, 4.525000000000000355 ) ;
#3424 = AXIS2_PLACEMENT_3D ( 'NONE', #3379, #539, #1833 ) ;
#3425 = CIRCLE ( 'NONE', #2477, 4.525000000000000355 ) ;
#3426 = CARTESIAN_POINT ( 'NONE',  ( -10.39230484541249844, 8.000000000000000000, 6.000000000000445866 ) ) ;
ENDSEC;
END-ISO-10303-21;
