ISO-10303-21;
HEADER;
FILE_DESCRIPTION (( 'STEP AP214' ),
    '1' );
FILE_NAME ('行星保持架lower_base轴承公差版本.STEP',
    '2026-07-28T15:11:06',
    ( '' ),
    ( '' ),
    'SwSTEP 2.0',
    'SolidWorks 2022',
    '' );
FILE_SCHEMA (( 'AUTOMOTIVE_DESIGN' ));
ENDSEC;

DATA;
#1 = CYLINDRICAL_SURFACE ( 'NONE', #1232, 2.050000000000001599 ) ;
#2 = CARTESIAN_POINT ( 'NONE',  ( 0.000000000000000000, 7.000000000000000000, 0.000000000000000000 ) ) ;
#3 = DIRECTION ( 'NONE',  ( -0.000000000000000000, 1.000000000000000000, -0.000000000000000000 ) ) ;
#4 = EDGE_CURVE ( 'NONE', #373, #162, #914, .T. ) ;
#5 = DIRECTION ( 'NONE',  ( 0.000000000000000000, 1.000000000000000000, 0.000000000000000000 ) ) ;
#6 = ORIENTED_EDGE ( 'NONE', *, *, #232, .F. ) ;
#7 = SURFACE_STYLE_USAGE ( .BOTH. , #1277 ) ;
#8 = CARTESIAN_POINT ( 'NONE',  ( -13.44416589122528372, 2.000000000000000000, -5.431795604533048660 ) ) ;
#9 = ORIENTED_EDGE ( 'NONE', *, *, #595, .T. ) ;
#10 = EDGE_CURVE ( 'NONE', #116, #1006, #969, .T. ) ;
#11 = DIRECTION ( 'NONE',  ( 0.000000000000000000, 0.000000000000000000, -1.000000000000000000 ) ) ;
#12 = VECTOR ( 'NONE', #1113, 1000.000000000000000 ) ;
#13 = AXIS2_PLACEMENT_3D ( 'NONE', #745, #1499, #851 ) ;
#14 = AXIS2_PLACEMENT_3D ( 'NONE', #124, #485, #1515 ) ;
#15 = CARTESIAN_POINT ( 'NONE',  ( -10.39230484541275601, 2.000000000000000000, 7.525000000000298783 ) ) ;
#16 = CARTESIAN_POINT ( 'NONE',  ( 11.42615592730106044, 1.000000000000000000, -8.927091392227287869 ) ) ;
#17 = ORIENTED_EDGE ( 'NONE', *, *, #1293, .F. ) ;
#18 = DIRECTION ( 'NONE',  ( -0.000000000000000000, -1.000000000000000000, -0.000000000000000000 ) ) ;
#19 = DIRECTION ( 'NONE',  ( 0.000000000000000000, -0.000000000000000000, -1.000000000000000000 ) ) ;
#20 = EDGE_LOOP ( 'NONE', ( #1592, #1467, #522, #1070 ) ) ;
#21 = CIRCLE ( 'NONE', #1051, 1.525000000000001243 ) ;
#22 = ORIENTED_EDGE ( 'NONE', *, *, #295, .F. ) ;
#23 = DIRECTION ( 'NONE',  ( 0.000000000000000000, 0.000000000000000000, 1.000000000000000000 ) ) ;
#24 = EDGE_CURVE ( 'NONE', #789, #514, #1189, .T. ) ;
#25 = DIRECTION ( 'NONE',  ( -0.8660254037844363761, 0.000000000000000000, 0.5000000000000039968 ) ) ;
#26 = DIRECTION ( 'NONE',  ( -0.000000000000000000, -1.000000000000000000, -0.000000000000000000 ) ) ;
#27 = ORIENTED_EDGE ( 'NONE', *, *, #508, .T. ) ;
#28 = EDGE_LOOP ( 'NONE', ( #22, #27, #1413, #56 ) ) ;
#29 = DIRECTION ( 'NONE',  ( 0.000000000000000000, 0.000000000000000000, 1.000000000000000000 ) ) ;
#30 = ORIENTED_EDGE ( 'NONE', *, *, #836, .F. ) ;
#31 = DIRECTION ( 'NONE',  ( 0.000000000000000000, 1.000000000000000000, 0.000000000000000000 ) ) ;
#32 = ORIENTED_EDGE ( 'NONE', *, *, #316, .F. ) ;
#33 = ADVANCED_FACE ( 'NONE', ( #874 ), #615, .F. ) ;
#34 = AXIS2_PLACEMENT_3D ( 'NONE', #1352, #739, #472 ) ;
#35 = AXIS2_PLACEMENT_3D ( 'NONE', #1634, #1624, #353 ) ;
#36 = AXIS2_PLACEMENT_3D ( 'NONE', #44, #547, #953 ) ;
#37 = EDGE_CURVE ( 'NONE', #911, #1422, #889, .T. ) ;
#38 = DIRECTION ( 'NONE',  ( -0.000000000000000000, 1.000000000000000000, 0.000000000000000000 ) ) ;
#39 = ORIENTED_EDGE ( 'NONE', *, *, #660, .F. ) ;
#40 = CIRCLE ( 'NONE', #251, 4.000000000000000000 ) ;
#41 = CIRCLE ( 'NONE', #246, 1.050000000000002265 ) ;
#42 = ORIENTED_EDGE ( 'NONE', *, *, #1149, .F. ) ;
#43 = ORIENTED_EDGE ( 'NONE', *, *, #286, .T. ) ;
#44 = CARTESIAN_POINT ( 'NONE',  ( 0.000000000000000000, 49.31069580434829902, 0.000000000000000000 ) ) ;
#45 = ORIENTED_EDGE ( 'NONE', *, *, #941, .F. ) ;
#46 = CARTESIAN_POINT ( 'NONE',  ( 0.000000000000000000, 2.000000000000000000, 0.000000000000000000 ) ) ;
#47 = VERTEX_POINT ( 'NONE', #112 ) ;
#48 = DIRECTION ( 'NONE',  ( 0.000000000000000000, -0.000000000000000000, -1.000000000000000000 ) ) ;
#49 = ADVANCED_FACE ( 'NONE', ( #473 ), #95, .F. ) ;
#50 = EDGE_LOOP ( 'NONE', ( #1054, #716, #644, #1402 ) ) ;
#51 = DIRECTION ( 'NONE',  ( -0.000000000000000000, 1.000000000000000000, 0.000000000000000000 ) ) ;
#52 = DIRECTION ( 'NONE',  ( 0.000000000000000000, 0.000000000000000000, -1.000000000000000000 ) ) ;
#53 = ORIENTED_EDGE ( 'NONE', *, *, #308, .F. ) ;
#54 = DIRECTION ( 'NONE',  ( -0.000000000000000000, 1.000000000000000000, -0.000000000000000000 ) ) ;
#55 = DIRECTION ( 'NONE',  ( 0.000000000000000000, 0.000000000000000000, 1.000000000000000000 ) ) ;
#56 = ORIENTED_EDGE ( 'NONE', *, *, #918, .F. ) ;
#57 = ADVANCED_FACE ( 'NONE', ( #105 ), #1503, .F. ) ;
#58 = CARTESIAN_POINT ( 'NONE',  ( 1.732705106955376495, 0.000000000000000000, 12.32883745583934854 ) ) ;
#59 = EDGE_CURVE ( 'NONE', #1366, #535, #1137, .T. ) ;
#60 = FACE_OUTER_BOUND ( 'NONE', #545, .T. ) ;
#61 = ORIENTED_EDGE ( 'NONE', *, *, #857, .F. ) ;
#62 = DIRECTION ( 'NONE',  ( -0.000000000000000000, -1.000000000000000000, -0.000000000000000000 ) ) ;
#63 = VERTEX_POINT ( 'NONE', #840 ) ;
#64 = ORIENTED_EDGE ( 'NONE', *, *, #1192, .T. ) ;
#65 = CIRCLE ( 'NONE', #13, 16.54999999999824567 ) ;
#66 = FACE_BOUND ( 'NONE', #1598, .T. ) ;
#67 = AXIS2_PLACEMENT_3D ( 'NONE', #946, #816, #1576 ) ;
#68 = DIRECTION ( 'NONE',  ( 0.000000000000000000, 0.000000000000000000, -1.000000000000000000 ) ) ;
#69 = EDGE_CURVE ( 'NONE', #389, #690, #517, .T. ) ;
#70 = VERTEX_POINT ( 'NONE', #1002 ) ;
#71 = LINE ( 'NONE', #1096, #567 ) ;
#72 = CARTESIAN_POINT ( 'NONE',  ( 1.732705106955376495, 1.000000000000000000, 12.32883745583934854 ) ) ;
#73 = EDGE_LOOP ( 'NONE', ( #597, #802, #1392, #494 ) ) ;
#74 = ORIENTED_EDGE ( 'NONE', *, *, #428, .F. ) ;
#75 = CARTESIAN_POINT ( 'NONE',  ( 0.000000000000000000, 1.000000000000000000, 0.000000000000000000 ) ) ;
#76 = DIRECTION ( 'NONE',  ( 0.000000000000000000, 0.000000000000000000, -1.000000000000000000 ) ) ;
#77 = EDGE_CURVE ( 'NONE', #1325, #834, #529, .T. ) ;
#78 = DIRECTION ( 'NONE',  ( 0.000000000000000000, 1.000000000000000000, 0.000000000000000000 ) ) ;
#79 = ADVANCED_FACE ( 'NONE', ( #866 ), #216, .F. ) ;
#80 = FACE_OUTER_BOUND ( 'NONE', #1519, .T. ) ;
#81 = ORIENTED_EDGE ( 'NONE', *, *, #1339, .T. ) ;
#82 = VERTEX_POINT ( 'NONE', #855 ) ;
#83 = PLANE ( 'NONE',  #1481 ) ;
#84 = CARTESIAN_POINT ( 'NONE',  ( 0.000000000000000000, 1.000000000000000000, 0.000000000000000000 ) ) ;
#85 = LINE ( 'NONE', #587, #1370 ) ;
#86 = ADVANCED_FACE ( 'NONE', ( #369 ), #599, .F. ) ;
#87 = DIRECTION ( 'NONE',  ( 0.000000000000000000, -1.000000000000000000, -0.000000000000000000 ) ) ;
#88 = LINE ( 'NONE', #1307, #1346 ) ;
#89 = ORIENTED_EDGE ( 'NONE', *, *, #1620, .T. ) ;
#90 =( GEOMETRIC_REPRESENTATION_CONTEXT ( 3 ) GLOBAL_UNCERTAINTY_ASSIGNED_CONTEXT ( ( #1437 ) ) GLOBAL_UNIT_ASSIGNED_CONTEXT ( ( #1153, #1284, #901 ) ) REPRESENTATION_CONTEXT ( 'NONE', 'WORKASPACE' ) );
#91 = AXIS2_PLACEMENT_3D ( 'NONE', #258, #766, #145 ) ;
#92 = CIRCLE ( 'NONE', #1136, 2.050000000000001155 ) ;
#93 = EDGE_LOOP ( 'NONE', ( #416, #448, #318, #150 ) ) ;
#94 = DIRECTION ( 'NONE',  ( -0.000000000000000000, -1.000000000000000000, 0.000000000000000000 ) ) ;
#95 = CYLINDRICAL_SURFACE ( 'NONE', #915, 16.54999999999824567 ) ;
#96 = AXIS2_PLACEMENT_3D ( 'NONE', #553, #657, #937 ) ;
#97 = CARTESIAN_POINT ( 'NONE',  ( 0.000000000000000000, 2.000000000000000000, 0.000000000000000000 ) ) ;
#98 = CARTESIAN_POINT ( 'NONE',  ( -11.42615592729752727, 0.000000000000000000, -8.927091392219960397 ) ) ;
#99 = FACE_BOUND ( 'NONE', #1629, .T. ) ;
#100 = ORIENTED_EDGE ( 'NONE', *, *, #581, .T. ) ;
#101 = ADVANCED_FACE ( 'NONE', ( #976 ), #731, .F. ) ;
#102 = APPLICATION_CONTEXT ( 'automotive_design' ) ;
#103 = ORIENTED_EDGE ( 'NONE', *, *, #1311, .T. ) ;
#104 = LINE ( 'NONE', #1513, #751 ) ;
#105 = FACE_OUTER_BOUND ( 'NONE', #339, .T. ) ;
#106 = CARTESIAN_POINT ( 'NONE',  ( 9.810733882408261053, 0.000000000000000000, -7.664985367810109196 ) ) ;
#107 = LINE ( 'NONE', #1116, #863 ) ;
#108 = DIRECTION ( 'NONE',  ( 0.000000000000000000, -1.000000000000000000, 0.000000000000000000 ) ) ;
#109 = ORIENTED_EDGE ( 'NONE', *, *, #1572, .F. ) ;
#110 = ADVANCED_FACE ( 'NONE', ( #1114 ), #1250, .F. ) ;
#111 = CARTESIAN_POINT ( 'NONE',  ( -2.018009963919247696, 1.000000000000000888, 14.35888699675176028 ) ) ;
#112 = CARTESIAN_POINT ( 'NONE',  ( 2.018009963923627748, 1.000000000000000888, 15.40888699675851115 ) ) ;
#113 = CARTESIAN_POINT ( 'NONE',  ( 13.04157797218851833, 0.000000000000000000, -10.18919741664029210 ) ) ;
#114 = CARTESIAN_POINT ( 'NONE',  ( -10.39230484541275601, 2.000000000000000000, 6.000000000000298428 ) ) ;
#115 = DIRECTION ( 'NONE',  ( -0.000000000000000000, 1.000000000000000000, 0.000000000000000000 ) ) ;
#116 = VERTEX_POINT ( 'NONE', #580 ) ;
#117 = CARTESIAN_POINT ( 'NONE',  ( 13.44416589121667016, 1.000000000000000000, -5.431795604531756361 ) ) ;
#118 = VECTOR ( 'NONE', #1424, 1000.000000000000000 ) ;
#119 = AXIS2_PLACEMENT_3D ( 'NONE', #1282, #1297, #146 ) ;
#120 = CARTESIAN_POINT ( 'NONE',  ( 10.39230484541377386, 2.000000000000000000, 5.999999999999706013 ) ) ;
#121 = CIRCLE ( 'NONE', #1582, 2.050000000000001155 ) ;
#122 = ADVANCED_FACE ( 'NONE', ( #740 ), #1480, .F. ) ;
#123 = AXIS2_PLACEMENT_3D ( 'NONE', #1490, #355, #500 ) ;
#124 = CARTESIAN_POINT ( 'NONE',  ( -13.44416589122528372, 1.000000000000000888, -5.431795604533048660 ) ) ;
#125 = CARTESIAN_POINT ( 'NONE',  ( -2.018009963919247696, 2.000000000000000000, 13.30888699675175957 ) ) ;
#126 = VERTEX_POINT ( 'NONE', #209 ) ;
#127 = CARTESIAN_POINT ( 'NONE',  ( 0.000000000000000000, 0.000000000000000000, 0.000000000000000000 ) ) ;
#128 = EDGE_CURVE ( 'NONE', #479, #231, #455, .T. ) ;
#129 = CARTESIAN_POINT ( 'NONE',  ( 0.000000000000000000, 1.000000000000000000, 0.000000000000000000 ) ) ;
#130 = EDGE_LOOP ( 'NONE', ( #1162, #1319, #1135, #605 ) ) ;
#131 = CARTESIAN_POINT ( 'NONE',  ( 2.081899558550500280E-15, 0.000000000000000000, 17.00000000000000000 ) ) ;
#132 = LINE ( 'NONE', #406, #118 ) ;
#133 = LINE ( 'NONE', #1173, #1420 ) ;
#134 = ORIENTED_EDGE ( 'NONE', *, *, #891, .F. ) ;
#135 = ORIENTED_EDGE ( 'NONE', *, *, #1233, .F. ) ;
#136 = CARTESIAN_POINT ( 'NONE',  ( 2.018009963923627748, 2.000000000000000000, 15.40888699675851115 ) ) ;
#137 = AXIS2_PLACEMENT_3D ( 'NONE', #46, #296, #1058 ) ;
#138 = AXIS2_PLACEMENT_3D ( 'NONE', #307, #814, #1060 ) ;
#139 = CIRCLE ( 'NONE', #1580, 1.050000000000000488 ) ;
#140 = CARTESIAN_POINT ( 'NONE',  ( -13.44416589122528372, 1.000000000000000888, -6.481795604533047594 ) ) ;
#141 = ORIENTED_EDGE ( 'NONE', *, *, #399, .T. ) ;
#142 = EDGE_CURVE ( 'NONE', #1304, #1283, #1033, .T. ) ;
#143 = ORIENTED_EDGE ( 'NONE', *, *, #149, .T. ) ;
#144 = DIRECTION ( 'NONE',  ( 0.000000000000000000, 0.000000000000000000, -1.000000000000000000 ) ) ;
#145 = DIRECTION ( 'NONE',  ( 0.000000000000000000, 0.000000000000000000, 1.000000000000000000 ) ) ;
#146 = DIRECTION ( 'NONE',  ( 0.000000000000000000, 0.000000000000000000, -1.000000000000000000 ) ) ;
#147 = EDGE_LOOP ( 'NONE', ( #1562, #979 ) ) ;
#148 = DIRECTION ( 'NONE',  ( 0.000000000000000000, 1.000000000000000000, 0.000000000000000000 ) ) ;
#149 = EDGE_CURVE ( 'NONE', #1419, #1157, #845, .T. ) ;
#150 = ORIENTED_EDGE ( 'NONE', *, *, #4, .T. ) ;
#151 = CYLINDRICAL_SURFACE ( 'NONE', #966, 1.050000000000002265 ) ;
#152 = VERTEX_POINT ( 'NONE', #1272 ) ;
#153 = CARTESIAN_POINT ( 'NONE',  ( 11.54343898935483992, 1.000000000000000000, -4.663852088028924925 ) ) ;
#154 = PLANE ( 'NONE',  #1211 ) ;
#155 = ORIENTED_EDGE ( 'NONE', *, *, #1375, .T. ) ;
#156 =( LENGTH_UNIT ( ) NAMED_UNIT ( * ) SI_UNIT ( .MILLI., .METRE. ) );
#157 = ORIENTED_EDGE ( 'NONE', *, *, #1620, .F. ) ;
#158 = ORIENTED_EDGE ( 'NONE', *, *, #468, .T. ) ;
#159 = CARTESIAN_POINT ( 'NONE',  ( 11.42615592730235186, -18.99999999999999645, -8.927091392228602373 ) ) ;
#160 = VERTEX_POINT ( 'NONE', #1395 ) ;
#161 = CARTESIAN_POINT ( 'NONE',  ( -13.44416589122528372, 1.000000000000000888, -5.431795604533048660 ) ) ;
#162 = VERTEX_POINT ( 'NONE', #131 ) ;
#163 = AXIS2_PLACEMENT_3D ( 'NONE', #362, #1622, #1254 ) ;
#164 = EDGE_CURVE ( 'NONE', #1325, #1057, #1539, .T. ) ;
#165 = DIRECTION ( 'NONE',  ( 0.000000000000000000, 0.000000000000000000, -1.000000000000000000 ) ) ;
#166 = AXIS2_PLACEMENT_3D ( 'NONE', #242, #616, #867 ) ;
#167 = AXIS2_PLACEMENT_3D ( 'NONE', #287, #823, #1337 ) ;
#168 = DIRECTION ( 'NONE',  ( -0.000000000000000000, 1.000000000000000000, -0.000000000000000000 ) ) ;
#169 = VERTEX_POINT ( 'NONE', #385 ) ;
#170 = VECTOR ( 'NONE', #699, 1000.000000000000000 ) ;
#171 = STYLED_ITEM ( 'NONE', ( #504 ), #1271 ) ;
#172 = ORIENTED_EDGE ( 'NONE', *, *, #69, .T. ) ;
#173 = AXIS2_PLACEMENT_3D ( 'NONE', #984, #1128, #482 ) ;
#174 = DIRECTION ( 'NONE',  ( -0.000000000000000000, 1.000000000000000000, -0.000000000000000000 ) ) ;
#175 = VERTEX_POINT ( 'NONE', #890 ) ;
#176 = CARTESIAN_POINT ( 'NONE',  ( 0.000000000000000000, -0.5000000000000000000, 0.000000000000000000 ) ) ;
#177 = AXIS2_PLACEMENT_3D ( 'NONE', #961, #659, #1227 ) ;
#178 = VERTEX_POINT ( 'NONE', #651 ) ;
#179 = EDGE_CURVE ( 'NONE', #178, #919, #980, .T. ) ;
#180 = CARTESIAN_POINT ( 'NONE',  ( 0.000000000000000000, -4.000000000000000000, -4.000000000000000000 ) ) ;
#181 = EDGE_CURVE ( 'NONE', #70, #717, #743, .T. ) ;
#182 = EDGE_LOOP ( 'NONE', ( #685, #429, #1118, #155 ) ) ;
#183 = DIRECTION ( 'NONE',  ( -0.000000000000000000, -1.000000000000000000, -0.000000000000000000 ) ) ;
#184 = ORIENTED_EDGE ( 'NONE', *, *, #1442, .F. ) ;
#185 = DIRECTION ( 'NONE',  ( 0.000000000000000000, 0.000000000000000000, 1.000000000000000000 ) ) ;
#186 = CYLINDRICAL_SURFACE ( 'NONE', #756, 1.050000000000000488 ) ;
#187 = ORIENTED_EDGE ( 'NONE', *, *, #641, .T. ) ;
#188 = FACE_BOUND ( 'NONE', #1298, .T. ) ;
#189 = DIRECTION ( 'NONE',  ( -0.000000000000000000, 1.000000000000000000, -0.000000000000000000 ) ) ;
#190 = CARTESIAN_POINT ( 'NONE',  ( 0.000000000000000000, 0.000000000000000000, 0.000000000000000000 ) ) ;
#191 = DIRECTION ( 'NONE',  ( 0.000000000000000000, 0.000000000000000000, -1.000000000000000000 ) ) ;
#192 = VECTOR ( 'NONE', #1280, 1000.000000000000000 ) ;
#193 = CARTESIAN_POINT ( 'NONE',  ( 2.081899558550500280E-15, 2.000000000000000000, 17.00000000000000000 ) ) ;
#194 = ORIENTED_EDGE ( 'NONE', *, *, #929, .T. ) ;
#195 = CIRCLE ( 'NONE', #724, 2.049999999998969535 ) ;
#196 = AXIS2_PLACEMENT_3D ( 'NONE', #1645, #742, #1617 ) ;
#197 = EDGE_CURVE ( 'NONE', #1024, #413, #1000, .T. ) ;
#198 = AXIS2_PLACEMENT_3D ( 'NONE', #719, #1496, #965 ) ;
#199 = EDGE_LOOP ( 'NONE', ( #1443, #837, #1445, #503 ) ) ;
#200 = EDGE_CURVE ( 'NONE', #1628, #47, #624, .T. ) ;
#201 = DIRECTION ( 'NONE',  ( 0.000000000000000000, -1.000000000000000000, 0.000000000000000000 ) ) ;
#202 = VERTEX_POINT ( 'NONE', #631 ) ;
#203 = DIRECTION ( 'NONE',  ( -0.000000000000000000, -1.000000000000000000, -0.000000000000000000 ) ) ;
#204 = CYLINDRICAL_SURFACE ( 'NONE', #1529, 1.049999999999999822 ) ;
#205 = ORIENTED_EDGE ( 'NONE', *, *, #1353, .T. ) ;
#206 = ORIENTED_EDGE ( 'NONE', *, *, #1583, .F. ) ;
#207 = ADVANCED_FACE ( 'NONE', ( #1007 ), #637, .T. ) ;
#208 = FACE_OUTER_BOUND ( 'NONE', #199, .T. ) ;
#209 = CARTESIAN_POINT ( 'NONE',  ( 11.42615592730235186, 1.000000000000000888, -9.977091392228604860 ) ) ;
#210 = FACE_OUTER_BOUND ( 'NONE', #735, .T. ) ;
#211 = DIRECTION ( 'NONE',  ( 0.000000000000000000, -1.000000000000000000, 0.000000000000000000 ) ) ;
#212 = CARTESIAN_POINT ( 'NONE',  ( 0.000000000000000000, 2.000000000000000000, -17.00000000000000000 ) ) ;
#213 = ORIENTED_EDGE ( 'NONE', *, *, #1375, .F. ) ;
#214 = ORIENTED_EDGE ( 'NONE', *, *, #1194, .F. ) ;
#215 = CARTESIAN_POINT ( 'NONE',  ( 0.000000000000000000, -0.5000000000000000000, 0.000000000000000000 ) ) ;
#216 = CYLINDRICAL_SURFACE ( 'NONE', #421, 2.049999999998969535 ) ;
#217 = DIRECTION ( 'NONE',  ( 0.000000000000000000, 0.000000000000000000, -1.000000000000000000 ) ) ;
#218 = ADVANCED_FACE ( 'NONE', ( #1404 ), #524, .F. ) ;
#219 = DIRECTION ( 'NONE',  ( -0.000000000000000000, 1.000000000000000000, -0.000000000000000000 ) ) ;
#220 = DIRECTION ( 'NONE',  ( 0.000000000000000000, -1.000000000000000000, 0.000000000000000000 ) ) ;
#221 = ORIENTED_EDGE ( 'NONE', *, *, #1384, .F. ) ;
#222 = AXIS2_PLACEMENT_3D ( 'NONE', #440, #1458, #312 ) ;
#223 = AXIS2_PLACEMENT_3D ( 'NONE', #303, #1207, #1062 ) ;
#224 = CIRCLE ( 'NONE', #944, 1.525000000000000355 ) ;
#225 = ORIENTED_EDGE ( 'NONE', *, *, #1642, .F. ) ;
#226 = DIRECTION ( 'NONE',  ( -0.000000000000000000, -1.000000000000000000, -0.000000000000000000 ) ) ;
#227 = CARTESIAN_POINT ( 'NONE',  ( 2.018009963923627748, 1.000000000000000000, 14.35888699675850866 ) ) ;
#228 = DIRECTION ( 'NONE',  ( 0.000000000000000000, -1.000000000000000000, -0.000000000000000000 ) ) ;
#229 = ADVANCED_FACE ( 'NONE', ( #1015 ), #241, .T. ) ;
#230 = CARTESIAN_POINT ( 'NONE',  ( -10.39230484541275601, -5.000000000000000000, 4.475000000000298073 ) ) ;
#231 = VERTEX_POINT ( 'NONE', #136 ) ;
#232 = EDGE_CURVE ( 'NONE', #530, #1168, #21, .T. ) ;
#233 = FACE_BOUND ( 'NONE', #603, .T. ) ;
#234 = DIRECTION ( 'NONE',  ( 0.000000000000000000, 0.000000000000000000, -1.000000000000000000 ) ) ;
#235 = DIRECTION ( 'NONE',  ( -0.000000000000000000, 1.000000000000000000, -0.000000000000000000 ) ) ;
#236 = CARTESIAN_POINT ( 'NONE',  ( 0.000000000000000000, 2.000000000000000000, -4.000000000000000000 ) ) ;
#237 = DIRECTION ( 'NONE',  ( 0.000000000000000000, 1.000000000000000000, 0.000000000000000000 ) ) ;
#238 = ORIENTED_EDGE ( 'NONE', *, *, #972, .T. ) ;
#239 = ORIENTED_EDGE ( 'NONE', *, *, #1485, .T. ) ;
#240 = CARTESIAN_POINT ( 'NONE',  ( 2.018009963923627748, -18.99999999999999645, 14.35888699675850866 ) ) ;
#241 = CYLINDRICAL_SURFACE ( 'NONE', #1516, 12.44999999999927809 ) ;
#242 = CARTESIAN_POINT ( 'NONE',  ( 13.44416589121794559, 2.000000000000000000, -5.431795604533058430 ) ) ;
#243 = DIRECTION ( 'NONE',  ( 0.000000000000000000, 0.000000000000000000, 1.000000000000000000 ) ) ;
#244 = CARTESIAN_POINT ( 'NONE',  ( -2.018009963919247696, 0.000000000000000000, 12.30888699675175957 ) ) ;
#245 = ORIENTED_EDGE ( 'NONE', *, *, #650, .T. ) ;
#246 = AXIS2_PLACEMENT_3D ( 'NONE', #920, #51, #410 ) ;
#247 = CIRCLE ( 'NONE', #166, 1.050000000000002265 ) ;
#248 = AXIS2_PLACEMENT_3D ( 'NONE', #1275, #5, #1518 ) ;
#249 = EDGE_CURVE ( 'NONE', #411, #1599, #257, .T. ) ;
#250 = CARTESIAN_POINT ( 'NONE',  ( 1.347111479062088405E-15, -0.5000000000000000000, -11.00000000000000000 ) ) ;
#251 = AXIS2_PLACEMENT_3D ( 'NONE', #451, #957, #923 ) ;
#252 = ADVANCED_FACE ( 'NONE', ( #1027 ), #1278, .T. ) ;
#253 = CARTESIAN_POINT ( 'NONE',  ( -11.42615592729799978, 1.000000000000000888, -8.927091392221839783 ) ) ;
#254 = CIRCLE ( 'NONE', #1447, 1.050000000000000488 ) ;
#255 = CARTESIAN_POINT ( 'NONE',  ( 10.39230484541377386, 1.000000000000000000, 5.999999999999706013 ) ) ;
#256 = ORIENTED_EDGE ( 'NONE', *, *, #1363, .T. ) ;
#257 = LINE ( 'NONE', #645, #1218 ) ;
#258 = CARTESIAN_POINT ( 'NONE',  ( 11.42615592730235186, 2.000000000000000000, -8.927091392228602373 ) ) ;
#259 = CARTESIAN_POINT ( 'NONE',  ( -11.42615592729799978, -18.99999999999999645, -7.877091392221839072 ) ) ;
#260 = ORIENTED_EDGE ( 'NONE', *, *, #983, .F. ) ;
#261 = EDGE_LOOP ( 'NONE', ( #206, #680, #357, #682 ) ) ;
#262 = AXIS2_PLACEMENT_3D ( 'NONE', #263, #1546, #1140 ) ;
#263 = CARTESIAN_POINT ( 'NONE',  ( -2.018009963919247696, 1.000000000000000888, 14.35888699675176028 ) ) ;
#264 = LINE ( 'NONE', #905, #192 ) ;
#265 = ADVANCED_FACE ( 'NONE', ( #1535 ), #1, .F. ) ;
#266 = FACE_OUTER_BOUND ( 'NONE', #50, .T. ) ;
#267 = ORIENTED_EDGE ( 'NONE', *, *, #77, .F. ) ;
#268 = ORIENTED_EDGE ( 'NONE', *, *, #508, .F. ) ;
#269 = DIRECTION ( 'NONE',  ( -0.000000000000000000, -1.000000000000000000, -0.000000000000000000 ) ) ;
#270 = AXIS2_PLACEMENT_3D ( 'NONE', #1224, #1640, #489 ) ;
#271 = AXIS2_PLACEMENT_3D ( 'NONE', #16, #768, #1156 ) ;
#272 = VECTOR ( 'NONE', #203, 1000.000000000000000 ) ;
#273 = DIRECTION ( 'NONE',  ( 0.000000000000000000, 1.000000000000000000, 0.000000000000000000 ) ) ;
#274 = CARTESIAN_POINT ( 'NONE',  ( 0.000000000000000000, 1.000000000000000000, 0.000000000000000000 ) ) ;
#275 = ORIENTED_EDGE ( 'NONE', *, *, #1233, .T. ) ;
#276 = EDGE_CURVE ( 'NONE', #950, #411, #1601, .T. ) ;
#277 = DIRECTION ( 'NONE',  ( 0.000000000000000000, 0.000000000000000000, 1.000000000000000000 ) ) ;
#278 = ORIENTED_EDGE ( 'NONE', *, *, #468, .F. ) ;
#279 = CARTESIAN_POINT ( 'NONE',  ( 0.000000000000000000, 2.000000000000000000, 0.000000000000000000 ) ) ;
#280 = DIRECTION ( 'NONE',  ( 0.000000000000000000, 0.000000000000000000, 1.000000000000000000 ) ) ;
#281 = FACE_OUTER_BOUND ( 'NONE', #989, .T. ) ;
#282 = CARTESIAN_POINT ( 'NONE',  ( -11.42615592729752727, 1.000000000000000000, -10.97709139221996288 ) ) ;
#283 = ORIENTED_EDGE ( 'NONE', *, *, #1293, .T. ) ;
#284 = CARTESIAN_POINT ( 'NONE',  ( 10.39230484541377386, 2.000000000000000000, 5.999999999999706013 ) ) ;
#285 = ORIENTED_EDGE ( 'NONE', *, *, #200, .T. ) ;
#286 = EDGE_CURVE ( 'NONE', #702, #1448, #1150, .T. ) ;
#287 = CARTESIAN_POINT ( 'NONE',  ( 11.42615592730235186, 1.000000000000000888, -8.927091392228602373 ) ) ;
#288 = DIRECTION ( 'NONE',  ( 0.000000000000000000, 1.000000000000000000, -0.000000000000000000 ) ) ;
#289 = EDGE_LOOP ( 'NONE', ( #810, #947 ) ) ;
#290 = CARTESIAN_POINT ( 'NONE',  ( -11.42615592729799978, -18.99999999999999645, -8.927091392221839783 ) ) ;
#291 = CARTESIAN_POINT ( 'NONE',  ( 13.04157797218851833, 1.000000000000000000, -10.18919741664029210 ) ) ;
#292 = VERTEX_POINT ( 'NONE', #536 ) ;
#293 = ORIENTED_EDGE ( 'NONE', *, *, #1129, .T. ) ;
#294 = ORIENTED_EDGE ( 'NONE', *, *, #1087, .F. ) ;
#295 = EDGE_CURVE ( 'NONE', #458, #796, #636, .T. ) ;
#296 = DIRECTION ( 'NONE',  ( 0.000000000000000000, 1.000000000000000000, 0.000000000000000000 ) ) ;
#297 = ORIENTED_EDGE ( 'NONE', *, *, #1508, .F. ) ;
#298 = EDGE_CURVE ( 'NONE', #573, #1419, #1186, .T. ) ;
#299 = AXIS2_PLACEMENT_3D ( 'NONE', #111, #865, #854 ) ;
#300 = CIRCLE ( 'NONE', #167, 1.050000000000002265 ) ;
#301 = CARTESIAN_POINT ( 'NONE',  ( 0.000000000000000000, 49.31069580434829902, -9.974999999999999645 ) ) ;
#302 = AXIS2_PLACEMENT_3D ( 'NONE', #255, #1234, #1243 ) ;
#303 = CARTESIAN_POINT ( 'NONE',  ( 0.000000000000000000, 0.000000000000000000, 0.000000000000000000 ) ) ;
#304 = ORIENTED_EDGE ( 'NONE', *, *, #673, .F. ) ;
#305 = LINE ( 'NONE', #1196, #1040 ) ;
#306 = ORIENTED_EDGE ( 'NONE', *, *, #1261, .T. ) ;
#307 = CARTESIAN_POINT ( 'NONE',  ( 0.000000000000000000, -0.5000000000000004441, 0.000000000000000000 ) ) ;
#308 = EDGE_CURVE ( 'NONE', #1571, #629, #1030, .T. ) ;
#309 = CARTESIAN_POINT ( 'NONE',  ( 13.44416589121794559, 1.000000000000000888, -6.481795604533060917 ) ) ;
#310 = SURFACE_STYLE_USAGE ( .BOTH. , #799 ) ;
#311 = ORIENTED_EDGE ( 'NONE', *, *, #1454, .F. ) ;
#312 = DIRECTION ( 'NONE',  ( 0.000000000000000000, 0.000000000000000000, 1.000000000000000000 ) ) ;
#313 = ORIENTED_EDGE ( 'NONE', *, *, #501, .F. ) ;
#314 = CARTESIAN_POINT ( 'NONE',  ( -10.39230484541275601, 2.000000000000000000, 6.000000000000298428 ) ) ;
#315 = LINE ( 'NONE', #301, #540 ) ;
#316 = EDGE_CURVE ( 'NONE', #1126, #1039, #1403, .T. ) ;
#317 = DIRECTION ( 'NONE',  ( 0.000000000000000000, 0.000000000000000000, 1.000000000000000000 ) ) ;
#318 = ORIENTED_EDGE ( 'NONE', *, *, #1145, .T. ) ;
#319 = ORIENTED_EDGE ( 'NONE', *, *, #815, .F. ) ;
#320 = CARTESIAN_POINT ( 'NONE',  ( -2.018009963919247696, 1.000000000000000000, 12.30888699675175957 ) ) ;
#321 = ORIENTED_EDGE ( 'NONE', *, *, #298, .T. ) ;
#322 = CARTESIAN_POINT ( 'NONE',  ( -2.018009963919247696, 0.000000000000000000, 14.35888699675176028 ) ) ;
#323 = VECTOR ( 'NONE', #1638, 1000.000000000000000 ) ;
#324 = CARTESIAN_POINT ( 'NONE',  ( -2.018009963919247696, -18.99999999999999645, 15.40888699675176099 ) ) ;
#325 = COLOUR_RGB ( '',1.000000000000000000, 1.000000000000000000, 1.000000000000000000 ) ;
#326 = VECTOR ( 'NONE', #1205, 1000.000000000000000 ) ;
#327 = CARTESIAN_POINT ( 'NONE',  ( -11.42615592729799978, 1.000000000000000888, -9.977091392221840493 ) ) ;
#328 = VERTEX_POINT ( 'NONE', #212 ) ;
#329 = CIRCLE ( 'NONE', #1267, 2.050000000000001599 ) ;
#330 = EDGE_CURVE ( 'NONE', #956, #577, #88, .T. ) ;
#331 = AXIS2_PLACEMENT_3D ( 'NONE', #1541, #273, #1287 ) ;
#332 = ADVANCED_FACE ( 'NONE', ( #1219 ), #1176, .T. ) ;
#333 = VERTEX_POINT ( 'NONE', #327 ) ;
#334 = DIRECTION ( 'NONE',  ( 0.000000000000000000, -0.000000000000000000, -1.000000000000000000 ) ) ;
#335 = DIRECTION ( 'NONE',  ( -0.000000000000000000, -1.000000000000000000, -0.000000000000000000 ) ) ;
#336 = CARTESIAN_POINT ( 'NONE',  ( 11.42615592730106044, 1.000000000000000000, -8.927091392227287869 ) ) ;
#337 = PLANE ( 'NONE',  #1644 ) ;
#338 = CYLINDRICAL_SURFACE ( 'NONE', #886, 1.050000000000002265 ) ;
#339 = EDGE_LOOP ( 'NONE', ( #1091, #1055 ) ) ;
#340 = VERTEX_POINT ( 'NONE', #72 ) ;
#341 = DIRECTION ( 'NONE',  ( 0.000000000000000000, -1.000000000000000000, 0.000000000000000000 ) ) ;
#342 = ADVANCED_FACE ( 'NONE', ( #833 ), #1432, .T. ) ;
#343 = CARTESIAN_POINT ( 'NONE',  ( 0.000000000000000000, 1.000000000000000000, 0.000000000000000000 ) ) ;
#344 = AXIS2_PLACEMENT_3D ( 'NONE', #8, #376, #23 ) ;
#345 = DIRECTION ( 'NONE',  ( -0.000000000000000000, -1.000000000000000000, -0.000000000000000000 ) ) ;
#346 = CARTESIAN_POINT ( 'NONE',  ( 10.39230484541377386, -5.000000000000000000, 7.524999999999707256 ) ) ;
#347 = DIRECTION ( 'NONE',  ( 0.000000000000000000, -1.000000000000000000, -0.000000000000000000 ) ) ;
#348 = VERTEX_POINT ( 'NONE', #582 ) ;
#349 = ORIENTED_EDGE ( 'NONE', *, *, #1013, .F. ) ;
#350 = FACE_OUTER_BOUND ( 'NONE', #704, .T. ) ;
#351 = DIRECTION ( 'NONE',  ( 0.000000000000000000, 0.000000000000000000, -1.000000000000000000 ) ) ;
#352 = EDGE_CURVE ( 'NONE', #411, #950, #1449, .T. ) ;
#353 = DIRECTION ( 'NONE',  ( -0.8660254037844363761, 0.000000000000000000, 0.5000000000000041078 ) ) ;
#354 = ADVANCED_FACE ( 'NONE', ( #1109 ), #151, .F. ) ;
#355 = DIRECTION ( 'NONE',  ( -0.000000000000000000, -1.000000000000000000, -0.000000000000000000 ) ) ;
#356 = CARTESIAN_POINT ( 'NONE',  ( 2.018009963923627748, 1.000000000000000000, 14.35888699675850866 ) ) ;
#357 = ORIENTED_EDGE ( 'NONE', *, *, #857, .T. ) ;
#358 = AXIS2_PLACEMENT_3D ( 'NONE', #284, #148, #1071 ) ;
#359 = AXIS2_PLACEMENT_3D ( 'NONE', #1154, #1416, #1022 ) ;
#360 = AXIS2_PLACEMENT_3D ( 'NONE', #676, #38, #1038 ) ;
#361 = CIRCLE ( 'NONE', #728, 2.049999999998969979 ) ;
#362 = CARTESIAN_POINT ( 'NONE',  ( -1.009004981959623848, 1.000000000000000000, 7.179443498375880139 ) ) ;
#363 = DIRECTION ( 'NONE',  ( 0.000000000000000000, -1.000000000000000000, 0.000000000000000000 ) ) ;
#364 = DIRECTION ( 'NONE',  ( 0.000000000000000000, 0.000000000000000000, -1.000000000000000000 ) ) ;
#365 = DIRECTION ( 'NONE',  ( -0.8660254037844363761, 0.000000000000000000, 0.5000000000000041078 ) ) ;
#366 = FACE_OUTER_BOUND ( 'NONE', #73, .T. ) ;
#367 = VERTEX_POINT ( 'NONE', #1089 ) ;
#368 = FACE_BOUND ( 'NONE', #1637, .T. ) ;
#369 = FACE_OUTER_BOUND ( 'NONE', #1590, .T. ) ;
#370 = CARTESIAN_POINT ( 'NONE',  ( -1.732705106951329510, 1.000000000000000000, 12.32883745583150947 ) ) ;
#371 = CARTESIAN_POINT ( 'NONE',  ( 10.39230484541377386, -5.000000000000000000, 5.999999999999706013 ) ) ;
#372 = DIRECTION ( 'NONE',  ( 0.000000000000000000, 0.000000000000000000, 1.000000000000000000 ) ) ;
#373 = VERTEX_POINT ( 'NONE', #1349 ) ;
#374 = ADVANCED_FACE ( 'NONE', ( #922 ), #204, .F. ) ;
#375 = EDGE_CURVE ( 'NONE', #126, #539, #300, .T. ) ;
#376 = DIRECTION ( 'NONE',  ( 0.000000000000000000, 1.000000000000000000, 0.000000000000000000 ) ) ;
#377 = CARTESIAN_POINT ( 'NONE',  ( 1.221585182149484720E-15, 49.31069580434829902, 9.974999999999999645 ) ) ;
#378 = CARTESIAN_POINT ( 'NONE',  ( -13.44416589122528372, 1.000000000000000888, -4.381795604533048838 ) ) ;
#379 = CARTESIAN_POINT ( 'NONE',  ( 0.000000000000000000, -0.5000000000000000000, 0.000000000000000000 ) ) ;
#380 = ORIENTED_EDGE ( 'NONE', *, *, #10, .F. ) ;
#381 = EDGE_CURVE ( 'NONE', #1414, #367, #910, .T. ) ;
#382 = CIRCLE ( 'NONE', #358, 1.525000000000001243 ) ;
#383 = MECHANICAL_DESIGN_GEOMETRIC_PRESENTATION_REPRESENTATION (  '', ( #464 ), #939 ) ;
#384 = CIRCLE ( 'NONE', #248, 12.44999999999928164 ) ;
#385 = CARTESIAN_POINT ( 'NONE',  ( -2.018009963919247696, 2.000000000000000000, 15.40888699675176099 ) ) ;
#386 = AXIS2_PLACEMENT_3D ( 'NONE', #1635, #722, #1398 ) ;
#387 = AXIS2_PLACEMENT_3D ( 'NONE', #990, #226, #1386 ) ;
#388 = CARTESIAN_POINT ( 'NONE',  ( 2.018009963923627748, -18.99999999999999645, 15.40888699675851115 ) ) ;
#389 = VERTEX_POINT ( 'NONE', #475 ) ;
#390 = CARTESIAN_POINT ( 'NONE',  ( -11.42615592729752727, 1.000000000000000000, -8.927091392219960397 ) ) ;
#391 = ADVANCED_FACE ( 'NONE', ( #970 ), #338, .F. ) ;
#392 = DIRECTION ( 'NONE',  ( -0.000000000000000000, -1.000000000000000000, 0.000000000000000000 ) ) ;
#393 = CARTESIAN_POINT ( 'NONE',  ( 0.000000000000000000, 7.000000000000000000, 0.000000000000000000 ) ) ;
#394 = ORIENTED_EDGE ( 'NONE', *, *, #806, .T. ) ;
#395 = VERTEX_POINT ( 'NONE', #193 ) ;
#396 = DIRECTION ( 'NONE',  ( 0.000000000000000000, 1.000000000000000000, 0.000000000000000000 ) ) ;
#397 = CARTESIAN_POINT ( 'NONE',  ( 0.000000000000000000, 2.000000000000000000, -12.00000000000000178 ) ) ;
#398 = CARTESIAN_POINT ( 'NONE',  ( 2.018009963923627748, 1.000000000000000888, 14.35888699675850866 ) ) ;
#399 = EDGE_CURVE ( 'NONE', #413, #152, #620, .T. ) ;
#400 = DIRECTION ( 'NONE',  ( -0.000000000000000000, 1.000000000000000000, -0.000000000000000000 ) ) ;
#401 = ORIENTED_EDGE ( 'NONE', *, *, #499, .F. ) ;
#402 = ORIENTED_EDGE ( 'NONE', *, *, #69, .F. ) ;
#403 = DIRECTION ( 'NONE',  ( -0.000000000000000000, 1.000000000000000000, -0.000000000000000000 ) ) ;
#404 = CIRCLE ( 'NONE', #1417, 1.525000000000000355 ) ;
#405 = CIRCLE ( 'NONE', #123, 11.00000000000000000 ) ;
#406 = CARTESIAN_POINT ( 'NONE',  ( -2.018009963919247696, 1.000000000000000000, 12.30888699675175957 ) ) ;
#407 = DIRECTION ( 'NONE',  ( 0.000000000000000000, 0.000000000000000000, 1.000000000000000000 ) ) ;
#408 = APPLICATION_PROTOCOL_DEFINITION ( 'draft international standard', 'automotive_design', 1998, #774 ) ;
#409 = EDGE_CURVE ( 'NONE', #539, #126, #1641, .T. ) ;
#410 = DIRECTION ( 'NONE',  ( 0.000000000000000000, 0.000000000000000000, -1.000000000000000000 ) ) ;
#411 = VERTEX_POINT ( 'NONE', #1134 ) ;
#412 = DIRECTION ( 'NONE',  ( -0.000000000000000000, 1.000000000000000000, -0.000000000000000000 ) ) ;
#413 = VERTEX_POINT ( 'NONE', #1117 ) ;
#414 = CARTESIAN_POINT ( 'NONE',  ( -2.018009963919247696, 0.000000000000000000, 14.35888699675176028 ) ) ;
#415 = DIRECTION ( 'NONE',  ( 0.000000000000000000, 0.000000000000000000, 1.000000000000000000 ) ) ;
#416 = ORIENTED_EDGE ( 'NONE', *, *, #1028, .F. ) ;
#417 = ORIENTED_EDGE ( 'NONE', *, *, #1064, .T. ) ;
#418 = EDGE_CURVE ( 'NONE', #962, #852, #195, .T. ) ;
#419 = ORIENTED_EDGE ( 'NONE', *, *, #1119, .T. ) ;
#420 = DIRECTION ( 'NONE',  ( 0.000000000000000000, 0.000000000000000000, -1.000000000000000000 ) ) ;
#421 = AXIS2_PLACEMENT_3D ( 'NONE', #1369, #1615, #1122 ) ;
#422 = ORIENTED_EDGE ( 'NONE', *, *, #1274, .F. ) ;
#423 = DIRECTION ( 'NONE',  ( -0.000000000000000000, -1.000000000000000000, -0.000000000000000000 ) ) ;
#424 = ORIENTED_EDGE ( 'NONE', *, *, #399, .F. ) ;
#425 = ORIENTED_EDGE ( 'NONE', *, *, #581, .F. ) ;
#426 = CARTESIAN_POINT ( 'NONE',  ( 2.018009963923627748, 2.000000000000000000, 14.35888699675850866 ) ) ;
#427 = CARTESIAN_POINT ( 'NONE',  ( -11.42615592729799978, 1.000000000000000888, -7.877091392221839072 ) ) ;
#428 = EDGE_CURVE ( 'NONE', #852, #954, #65, .T. ) ;
#429 = ORIENTED_EDGE ( 'NONE', *, *, #330, .F. ) ;
#430 = CIRCLE ( 'NONE', #938, 2.050000000000002043 ) ;
#431 = AXIS2_PLACEMENT_3D ( 'NONE', #1198, #54, #1347 ) ;
#432 = CIRCLE ( 'NONE', #1133, 2.050000000000002043 ) ;
#433 = CARTESIAN_POINT ( 'NONE',  ( 0.000000000000000000, 49.31069580434829902, 0.000000000000000000 ) ) ;
#434 = AXIS2_PLACEMENT_3D ( 'NONE', #1602, #991, #498 ) ;
#435 = ORIENTED_EDGE ( 'NONE', *, *, #1087, .T. ) ;
#436 = PRODUCT_DEFINITION_FORMATION_WITH_SPECIFIED_SOURCE ( '任何', '', #528, .NOT_KNOWN. ) ;
#437 = CIRCLE ( 'NONE', #1160, 11.00000000000000000 ) ;
#438 = ORIENTED_EDGE ( 'NONE', *, *, #330, .T. ) ;
#439 = FACE_BOUND ( 'NONE', #753, .T. ) ;
#440 = CARTESIAN_POINT ( 'NONE',  ( -2.018009963919247696, -18.99999999999999645, 14.35888699675176028 ) ) ;
#441 = ORIENTED_EDGE ( 'NONE', *, *, #10, .T. ) ;
#442 = EDGE_CURVE ( 'NONE', #954, #789, #1647, .T. ) ;
#443 = DIRECTION ( 'NONE',  ( 0.000000000000000000, -1.000000000000000000, 0.000000000000000000 ) ) ;
#444 = ADVANCED_FACE ( 'NONE', ( #627, #99, #502 ), #610, .T. ) ;
#445 = FACE_OUTER_BOUND ( 'NONE', #28, .T. ) ;
#446 = ORIENTED_EDGE ( 'NONE', *, *, #1430, .F. ) ;
#447 = DIRECTION ( 'NONE',  ( 0.000000000000000000, 0.000000000000000000, -1.000000000000000000 ) ) ;
#448 = ORIENTED_EDGE ( 'NONE', *, *, #1129, .F. ) ;
#449 = DIRECTION ( 'NONE',  ( 0.000000000000000000, -1.000000000000000000, -0.000000000000000000 ) ) ;
#450 = VERTEX_POINT ( 'NONE', #633 ) ;
#451 = CARTESIAN_POINT ( 'NONE',  ( 0.000000000000000000, 2.000000000000000000, 0.000000000000000000 ) ) ;
#452 = DIRECTION ( 'NONE',  ( 0.000000000000000000, 0.000000000000000000, 1.000000000000000000 ) ) ;
#453 = EDGE_CURVE ( 'NONE', #340, #962, #940, .T. ) ;
#454 = CARTESIAN_POINT ( 'NONE',  ( 2.018009963923627748, 1.000000000000000000, 12.30888699675954001 ) ) ;
#455 = CIRCLE ( 'NONE', #1632, 1.050000000000002265 ) ;
#456 = CARTESIAN_POINT ( 'NONE',  ( 13.44416589121794559, -18.99999999999999645, -5.431795604533058430 ) ) ;
#457 = ORIENTED_EDGE ( 'NONE', *, *, #1510, .F. ) ;
#458 = VERTEX_POINT ( 'NONE', #492 ) ;
#459 = LINE ( 'NONE', #712, #323 ) ;
#460 = DIRECTION ( 'NONE',  ( -0.000000000000000000, -1.000000000000000000, -0.000000000000000000 ) ) ;
#461 = CARTESIAN_POINT ( 'NONE',  ( -11.42615592729799978, 2.000000000000000000, -7.877091392221839072 ) ) ;
#462 = CIRCLE ( 'NONE', #299, 1.050000000000000488 ) ;
#463 = CARTESIAN_POINT ( 'NONE',  ( -11.54343898936371282, 0.000000000000000000, -4.663852088029178056 ) ) ;
#464 = STYLED_ITEM ( 'NONE', ( #691 ), #771 ) ;
#465 = DIRECTION ( 'NONE',  ( -0.000000000000000000, 1.000000000000000000, -0.000000000000000000 ) ) ;
#466 = ORIENTED_EDGE ( 'NONE', *, *, #77, .T. ) ;
#467 = CIRCLE ( 'NONE', #805, 1.525000000000000355 ) ;
#468 = EDGE_CURVE ( 'NONE', #577, #63, #432, .T. ) ;
#469 = CIRCLE ( 'NONE', #137, 4.000000000000000000 ) ;
#470 = AXIS2_PLACEMENT_3D ( 'NONE', #414, #1435, #76 ) ;
#471 = ORIENTED_EDGE ( 'NONE', *, *, #1142, .F. ) ;
#472 = DIRECTION ( 'NONE',  ( 0.000000000000000000, -0.000000000000000000, 1.000000000000000000 ) ) ;
#473 = FACE_OUTER_BOUND ( 'NONE', #1613, .T. ) ;
#474 = CARTESIAN_POINT ( 'NONE',  ( -10.39230484541275601, -5.000000000000000000, 7.525000000000298783 ) ) ;
#475 = CARTESIAN_POINT ( 'NONE',  ( 4.898587196589412829E-16, -4.000000000000000000, 4.000000000000000000 ) ) ;
#476 = ORIENTED_EDGE ( 'NONE', *, *, #641, .F. ) ;
#477 = ORIENTED_EDGE ( 'NONE', *, *, #142, .T. ) ;
#478 = ADVANCED_FACE ( 'NONE', ( #366 ), #870, .T. ) ;
#479 = VERTEX_POINT ( 'NONE', #726 ) ;
#480 = EDGE_CURVE ( 'NONE', #487, #169, #139, .T. ) ;
#481 = FACE_OUTER_BOUND ( 'NONE', #1025, .T. ) ;
#482 = DIRECTION ( 'NONE',  ( 0.000000000000000000, 0.000000000000000000, 1.000000000000000000 ) ) ;
#483 = CARTESIAN_POINT ( 'NONE',  ( -10.39230484541275601, -5.000000000000000000, 6.000000000000298428 ) ) ;
#484 = VECTOR ( 'NONE', #1235, 1000.000000000000000 ) ;
#485 = DIRECTION ( 'NONE',  ( 0.000000000000000000, 1.000000000000000000, -0.000000000000000000 ) ) ;
#486 = DIRECTION ( 'NONE',  ( 0.000000000000000000, -0.000000000000000000, -1.000000000000000000 ) ) ;
#487 = VERTEX_POINT ( 'NONE', #125 ) ;
#488 = CARTESIAN_POINT ( 'NONE',  ( 11.42615592730106044, 1.000000000000000000, -8.927091392227287869 ) ) ;
#489 = DIRECTION ( 'NONE',  ( -0.8660254037844362651, 0.000000000000000000, 0.5000000000000038858 ) ) ;
#490 = DIRECTION ( 'NONE',  ( 0.000000000000000000, 1.000000000000000000, 0.000000000000000000 ) ) ;
#491 = DIRECTION ( 'NONE',  ( 0.000000000000000000, 0.000000000000000000, 1.000000000000000000 ) ) ;
#492 = CARTESIAN_POINT ( 'NONE',  ( -10.39230484541275601, 1.000000000000000000, 4.475000000000298073 ) ) ;
#493 = ORIENTED_EDGE ( 'NONE', *, *, #1053, .T. ) ;
#494 = ORIENTED_EDGE ( 'NONE', *, *, #725, .T. ) ;
#495 = CIRCLE ( 'NONE', #119, 11.00000000000000000 ) ;
#496 = CIRCLE ( 'NONE', #302, 1.525000000000001243 ) ;
#497 = CYLINDRICAL_SURFACE ( 'NONE', #387, 2.050000000000000711 ) ;
#498 = DIRECTION ( 'NONE',  ( 0.000000000000000000, 0.000000000000000000, -1.000000000000000000 ) ) ;
#499 = EDGE_CURVE ( 'NONE', #63, #1619, #384, .T. ) ;
#500 = DIRECTION ( 'NONE',  ( 0.000000000000000000, 0.000000000000000000, 1.000000000000000000 ) ) ;
#501 = EDGE_CURVE ( 'NONE', #450, #1563, #1159, .T. ) ;
#502 = FACE_BOUND ( 'NONE', #1471, .T. ) ;
#503 = ORIENTED_EDGE ( 'NONE', *, *, #595, .F. ) ;
#504 = PRESENTATION_STYLE_ASSIGNMENT (( #7 ) ) ;
#505 = DIRECTION ( 'NONE',  ( 0.000000000000000000, 0.000000000000000000, -1.000000000000000000 ) ) ;
#506 = DIRECTION ( 'NONE',  ( -0.000000000000000000, -1.000000000000000000, -0.000000000000000000 ) ) ;
#507 = DIRECTION ( 'NONE',  ( -0.8660254037844363761, 0.000000000000000000, 0.5000000000000041078 ) ) ;
#508 = EDGE_CURVE ( 'NONE', #458, #202, #1376, .T. ) ;
#509 = AXIS2_PLACEMENT_3D ( 'NONE', #593, #412, #1589 ) ;
#510 = EDGE_LOOP ( 'NONE', ( #477, #225, #42, #239 ) ) ;
#511 = SURFACE_STYLE_FILL_AREA ( #894 ) ;
#512 = DIRECTION ( 'NONE',  ( 0.000000000000000000, 0.000000000000000000, -1.000000000000000000 ) ) ;
#513 = DIRECTION ( 'NONE',  ( 0.000000000000000000, -1.000000000000000000, -0.000000000000000000 ) ) ;
#514 = VERTEX_POINT ( 'NONE', #244 ) ;
#515 = ADVANCED_FACE ( 'NONE', ( #1390 ), #762, .F. ) ;
#516 = PRESENTATION_LAYER_ASSIGNMENT (  '', '', ( #464 ) ) ;
#517 = CIRCLE ( 'NONE', #434, 4.000000000000000000 ) ;
#518 = DIRECTION ( 'NONE',  ( 0.000000000000000000, 0.000000000000000000, 1.000000000000000000 ) ) ;
#519 = AXIS2_PLACEMENT_3D ( 'NONE', #1067, #1593, #572 ) ;
#520 = DIRECTION ( 'NONE',  ( -0.000000000000000000, 1.000000000000000000, -0.000000000000000000 ) ) ;
#521 = DIRECTION ( 'NONE',  ( 0.000000000000000000, 0.000000000000000000, -1.000000000000000000 ) ) ;
#522 = ORIENTED_EDGE ( 'NONE', *, *, #59, .F. ) ;
#523 = ADVANCED_FACE ( 'NONE', ( #1050 ), #1193, .F. ) ;
#524 = CYLINDRICAL_SURFACE ( 'NONE', #1625, 1.049999999999999822 ) ;
#525 = EDGE_CURVE ( 'NONE', #1636, #577, #591, .T. ) ;
#526 = CYLINDRICAL_SURFACE ( 'NONE', #565, 1.525000000000001243 ) ;
#527 = ORIENTED_EDGE ( 'NONE', *, *, #1194, .T. ) ;
#528 = PRODUCT ( '行星保持架lower_base轴承公差版本', '行星保持架lower_base轴承公差版本', '', ( #1440 ) ) ;
#529 = CIRCLE ( 'NONE', #1010, 11.00000000000000000 ) ;
#530 = VERTEX_POINT ( 'NONE', #1023 ) ;
#531 = CARTESIAN_POINT ( 'NONE',  ( -13.44416589122528372, -18.99999999999999645, -5.431795604533048660 ) ) ;
#532 = EDGE_CURVE ( 'NONE', #413, #569, #899, .T. ) ;
#533 = DIRECTION ( 'NONE',  ( -0.000000000000000000, 1.000000000000000000, -0.000000000000000000 ) ) ;
#534 = CIRCLE ( 'NONE', #541, 1.050000000000000488 ) ;
#535 = VERTEX_POINT ( 'NONE', #925 ) ;
#536 = CARTESIAN_POINT ( 'NONE',  ( 0.000000000000000000, 0.000000000000000000, 11.00000000000000000 ) ) ;
#537 = AXIS2_PLACEMENT_3D ( 'NONE', #1146, #220, #1005 ) ;
#538 = DIRECTION ( 'NONE',  ( 0.000000000000000000, 0.000000000000000000, 1.000000000000000000 ) ) ;
#539 = VERTEX_POINT ( 'NONE', #638 ) ;
#540 = VECTOR ( 'NONE', #62, 1000.000000000000000 ) ;
#541 = AXIS2_PLACEMENT_3D ( 'NONE', #942, #1333, #1452 ) ;
#542 = ADVANCED_FACE ( 'NONE', ( #266 ), #1312, .F. ) ;
#543 = FACE_OUTER_BOUND ( 'NONE', #1299, .T. ) ;
#544 = ORIENTED_EDGE ( 'NONE', *, *, #1485, .F. ) ;
#545 = EDGE_LOOP ( 'NONE', ( #267, #864, #1099, #1334 ) ) ;
#546 = VERTEX_POINT ( 'NONE', #1289 ) ;
#547 = DIRECTION ( 'NONE',  ( -0.000000000000000000, -1.000000000000000000, -0.000000000000000000 ) ) ;
#548 = LINE ( 'NONE', #670, #968 ) ;
#549 = ORIENTED_EDGE ( 'NONE', *, *, #1311, .F. ) ;
#550 = DIRECTION ( 'NONE',  ( -0.000000000000000000, 1.000000000000000000, -0.000000000000000000 ) ) ;
#551 = CARTESIAN_POINT ( 'NONE',  ( -10.39230484541275601, 1.000000000000000000, 7.525000000000298783 ) ) ;
#552 = ORIENTED_EDGE ( 'NONE', *, *, #375, .F. ) ;
#553 = CARTESIAN_POINT ( 'NONE',  ( 0.000000000000000000, -4.000000000000000000, 0.000000000000000000 ) ) ;
#554 = EDGE_LOOP ( 'NONE', ( #319, #1533, #926, #213 ) ) ;
#555 = CARTESIAN_POINT ( 'NONE',  ( 0.000000000000000000, 1.000000000000000000, 0.000000000000000000 ) ) ;
#556 = ORIENTED_EDGE ( 'NONE', *, *, #560, .T. ) ;
#557 = FACE_OUTER_BOUND ( 'NONE', #770, .T. ) ;
#558 = ORIENTED_EDGE ( 'NONE', *, *, #918, .T. ) ;
#559 = CYLINDRICAL_SURFACE ( 'NONE', #1016, 2.049999999998969535 ) ;
#560 = EDGE_CURVE ( 'NONE', #1565, #679, #1475, .T. ) ;
#561 = DIRECTION ( 'NONE',  ( -0.000000000000000000, 1.000000000000000000, -0.000000000000000000 ) ) ;
#562 = ORIENTED_EDGE ( 'NONE', *, *, #725, .F. ) ;
#563 = CIRCLE ( 'NONE', #35, 2.049999999998969979 ) ;
#564 = AXIS2_PLACEMENT_3D ( 'NONE', #290, #1575, #1079 ) ;
#565 = AXIS2_PLACEMENT_3D ( 'NONE', #1017, #1532, #415 ) ;
#566 = DIRECTION ( 'NONE',  ( 0.000000000000000000, 0.000000000000000000, -1.000000000000000000 ) ) ;
#567 = VECTOR ( 'NONE', #1324, 1000.000000000000000 ) ;
#568 =( NAMED_UNIT ( * ) SI_UNIT ( $, .STERADIAN. ) SOLID_ANGLE_UNIT ( ) );
#569 = VERTEX_POINT ( 'NONE', #1165 ) ;
#570 = AXIS2_PLACEMENT_3D ( 'NONE', #958, #1048, #1558 ) ;
#571 = ADVANCED_FACE ( 'NONE', ( #543 ), #154, .F. ) ;
#572 = DIRECTION ( 'NONE',  ( 0.000000000000000000, 0.000000000000000000, 1.000000000000000000 ) ) ;
#573 = VERTEX_POINT ( 'NONE', #140 ) ;
#574 = FACE_OUTER_BOUND ( 'NONE', #943, .T. ) ;
#575 = DIRECTION ( 'NONE',  ( 0.000000000000000000, 0.000000000000000000, 1.000000000000000000 ) ) ;
#576 = DIRECTION ( 'NONE',  ( 0.000000000000000000, 0.000000000000000000, 1.000000000000000000 ) ) ;
#577 = VERTEX_POINT ( 'NONE', #892 ) ;
#578 = EDGE_LOOP ( 'NONE', ( #1246, #349 ) ) ;
#579 = PLANE ( 'NONE',  #34 ) ;
#580 = CARTESIAN_POINT ( 'NONE',  ( -11.54343898936371460, 1.000000000000000000, -4.663852088029178056 ) ) ;
#581 = EDGE_CURVE ( 'NONE', #950, #82, #1405, .T. ) ;
#582 = CARTESIAN_POINT ( 'NONE',  ( 11.42615592730106044, 1.000000000000000000, -10.97709139222625829 ) ) ;
#583 = ORIENTED_EDGE ( 'NONE', *, *, #295, .T. ) ;
#584 = ORIENTED_EDGE ( 'NONE', *, *, #298, .F. ) ;
#585 = DIRECTION ( 'NONE',  ( 0.000000000000000000, 1.000000000000000000, -0.000000000000000000 ) ) ;
#586 = CARTESIAN_POINT ( 'NONE',  ( 0.000000000000000000, 0.000000000000000000, 0.000000000000000000 ) ) ;
#587 = CARTESIAN_POINT ( 'NONE',  ( -11.42615592729799978, -18.99999999999999645, -9.977091392221840493 ) ) ;
#588 = VECTOR ( 'NONE', #189, 1000.000000000000000 ) ;
#589 = LINE ( 'NONE', #858, #1215 ) ;
#590 = AXIS2_PLACEMENT_3D ( 'NONE', #336, #841, #1566 ) ;
#591 = CIRCLE ( 'NONE', #1549, 16.54999999999824922 ) ;
#592 = ADVANCED_FACE ( 'NONE', ( #647 ), #526, .F. ) ;
#593 = CARTESIAN_POINT ( 'NONE',  ( -10.39230484541275601, 1.000000000000000000, 6.000000000000298428 ) ) ;
#594 = ORIENTED_EDGE ( 'NONE', *, *, #24, .T. ) ;
#595 = EDGE_CURVE ( 'NONE', #47, #231, #1031, .T. ) ;
#596 = AXIS2_PLACEMENT_3D ( 'NONE', #1139, #1534, #1544 ) ;
#597 = ORIENTED_EDGE ( 'NONE', *, *, #164, .F. ) ;
#598 = CARTESIAN_POINT ( 'NONE',  ( 9.810733882408261053, 1.000000000000000000, -7.664985367810110084 ) ) ;
#599 = CYLINDRICAL_SURFACE ( 'NONE', #635, 2.049999999998969535 ) ;
#600 = DIRECTION ( 'NONE',  ( -0.000000000000000000, -1.000000000000000000, -0.000000000000000000 ) ) ;
#601 = DIRECTION ( 'NONE',  ( 0.8660254037844432595, 0.000000000000000000, 0.4999999999999921174 ) ) ;
#602 = DIRECTION ( 'NONE',  ( 0.000000000000000000, -1.000000000000000000, 0.000000000000000000 ) ) ;
#603 = EDGE_LOOP ( 'NONE', ( #921, #1237, #446, #1082, #1538, #297 ) ) ;
#604 = EDGE_CURVE ( 'NONE', #1086, #1422, #1542, .T. ) ;
#605 = ORIENTED_EDGE ( 'NONE', *, *, #501, .T. ) ;
#606 = DIRECTION ( 'NONE',  ( 0.000000000000000000, -1.000000000000000000, 0.000000000000000000 ) ) ;
#607 = DIRECTION ( 'NONE',  ( 0.000000000000000000, -0.000000000000000000, -1.000000000000000000 ) ) ;
#608 = FACE_OUTER_BOUND ( 'NONE', #182, .T. ) ;
#609 = CARTESIAN_POINT ( 'NONE',  ( 4.898587196589412829E-16, 2.000000000000000000, 4.000000000000000000 ) ) ;
#610 = PLANE ( 'NONE',  #537 ) ;
#611 = ORIENTED_EDGE ( 'NONE', *, *, #783, .T. ) ;
#612 = ORIENTED_EDGE ( 'NONE', *, *, #660, .T. ) ;
#613 = FACE_OUTER_BOUND ( 'NONE', #1512, .T. ) ;
#614 = ADVANCED_FACE ( 'NONE', ( #1439 ), #1425, .F. ) ;
#615 = CYLINDRICAL_SURFACE ( 'NONE', #198, 16.54999999999824567 ) ;
#616 = DIRECTION ( 'NONE',  ( 0.000000000000000000, 1.000000000000000000, 0.000000000000000000 ) ) ;
#617 = DIRECTION ( 'NONE',  ( -0.000000000000000000, -1.000000000000000000, -0.000000000000000000 ) ) ;
#618 = ORIENTED_EDGE ( 'NONE', *, *, #836, .T. ) ;
#619 = ORIENTED_EDGE ( 'NONE', *, *, #1273, .T. ) ;
#620 = CIRCLE ( 'NONE', #1265, 2.050000000000001155 ) ;
#621 = AXIS2_PLACEMENT_3D ( 'NONE', #371, #1389, #243 ) ;
#622 = DIRECTION ( 'NONE',  ( -0.000000000000000000, 1.000000000000000000, -0.000000000000000000 ) ) ;
#623 = EDGE_CURVE ( 'NONE', #535, #348, #996, .T. ) ;
#624 = CIRCLE ( 'NONE', #835, 1.050000000000002265 ) ;
#625 = DIRECTION ( 'NONE',  ( -0.000000000000000000, 1.000000000000000000, -0.000000000000000000 ) ) ;
#626 = LINE ( 'NONE', #346, #1077 ) ;
#627 = FACE_OUTER_BOUND ( 'NONE', #853, .T. ) ;
#628 = ORIENTED_EDGE ( 'NONE', *, *, #1300, .F. ) ;
#629 = VERTEX_POINT ( 'NONE', #654 ) ;
#630 = FILL_AREA_STYLE_COLOUR ( '', #1314 ) ;
#631 = CARTESIAN_POINT ( 'NONE',  ( -10.39230484541275601, 2.000000000000000000, 4.475000000000298073 ) ) ;
#632 = EDGE_CURVE ( 'NONE', #834, #1325, #495, .T. ) ;
#633 = CARTESIAN_POINT ( 'NONE',  ( 11.42615592730235186, 2.000000000000000000, -7.877091392228599886 ) ) ;
#634 = ORIENTED_EDGE ( 'NONE', *, *, #1605, .T. ) ;
#635 = AXIS2_PLACEMENT_3D ( 'NONE', #227, #460, #1379 ) ;
#636 = CIRCLE ( 'NONE', #509, 1.525000000000000355 ) ;
#637 = CYLINDRICAL_SURFACE ( 'NONE', #1078, 17.00000000000000000 ) ;
#638 = CARTESIAN_POINT ( 'NONE',  ( 11.42615592730235186, 1.000000000000000888, -7.877091392228599886 ) ) ;
#639 = ORIENTED_EDGE ( 'NONE', *, *, #1149, .T. ) ;
#640 = ORIENTED_EDGE ( 'NONE', *, *, #765, .F. ) ;
#641 = EDGE_CURVE ( 'NONE', #862, #1157, #133, .T. ) ;
#642 = CIRCLE ( 'NONE', #1262, 12.44999999999927809 ) ;
#643 = VECTOR ( 'NONE', #345, 1000.000000000000000 ) ;
#644 = ORIENTED_EDGE ( 'NONE', *, *, #480, .T. ) ;
#645 = CARTESIAN_POINT ( 'NONE',  ( 1.867586368699713573E-16, -5.000000000000000000, -13.52500000000000213 ) ) ;
#646 = VECTOR ( 'NONE', #219, 1000.000000000000000 ) ;
#647 = FACE_OUTER_BOUND ( 'NONE', #825, .T. ) ;
#648 = VERTEX_POINT ( 'NONE', #291 ) ;
#649 = ORIENTED_EDGE ( 'NONE', *, *, #1508, .T. ) ;
#650 = EDGE_CURVE ( 'NONE', #175, #998, #1341, .T. ) ;
#651 = CARTESIAN_POINT ( 'NONE',  ( -2.018009963919247696, 1.000000000000000888, 13.30888699675175957 ) ) ;
#652 = CARTESIAN_POINT ( 'NONE',  ( 15.34489279307850040, 1.000000000000000000, -6.199739121034589573 ) ) ;
#653 = FACE_BOUND ( 'NONE', #666, .T. ) ;
#654 = CARTESIAN_POINT ( 'NONE',  ( 13.44416589121794559, 2.000000000000000000, -6.481795604533060917 ) ) ;
#655 = ORIENTED_EDGE ( 'NONE', *, *, #714, .F. ) ;
#656 = SURFACE_STYLE_FILL_AREA ( #1588 ) ;
#657 = DIRECTION ( 'NONE',  ( 0.000000000000000000, -1.000000000000000000, 0.000000000000000000 ) ) ;
#658 = ORIENTED_EDGE ( 'NONE', *, *, #650, .F. ) ;
#659 = DIRECTION ( 'NONE',  ( 0.000000000000000000, -1.000000000000000000, 0.000000000000000000 ) ) ;
#660 = EDGE_CURVE ( 'NONE', #116, #717, #809, .T. ) ;
#661 = EDGE_CURVE ( 'NONE', #796, #458, #1451, .T. ) ;
#662 = CARTESIAN_POINT ( 'NONE',  ( 0.000000000000000000, -0.5000000000000004441, 0.000000000000000000 ) ) ;
#663 = EDGE_LOOP ( 'NONE', ( #424, #820, #1076, #1406 ) ) ;
#664 = ORIENTED_EDGE ( 'NONE', *, *, #1273, .F. ) ;
#665 = CIRCLE ( 'NONE', #882, 1.050000000000002265 ) ;
#666 = EDGE_LOOP ( 'NONE', ( #556, #981 ) ) ;
#667 = DIRECTION ( 'NONE',  ( -0.000000000000000000, 1.000000000000000000, -0.000000000000000000 ) ) ;
#668 = AXIS2_PLACEMENT_3D ( 'NONE', #875, #880, #364 ) ;
#669 = VECTOR ( 'NONE', #1365, 1000.000000000000000 ) ;
#670 = CARTESIAN_POINT ( 'NONE',  ( 2.081899558550500280E-15, 2.000000000000000000, 17.00000000000000000 ) ) ;
#671 = EDGE_LOOP ( 'NONE', ( #32, #1500, #1182, #544 ) ) ;
#672 = AXIS2_PLACEMENT_3D ( 'NONE', #161, #288, #420 ) ;
#673 = EDGE_CURVE ( 'NONE', #175, #160, #315, .T. ) ;
#674 = AXIS2_PLACEMENT_3D ( 'NONE', #176, #561, #1573 ) ;
#675 = EDGE_CURVE ( 'NONE', #834, #292, #71, .T. ) ;
#676 = CARTESIAN_POINT ( 'NONE',  ( 13.44416589121794559, 1.000000000000000888, -5.431795604533058430 ) ) ;
#677 = ORIENTED_EDGE ( 'NONE', *, *, #783, .F. ) ;
#678 =( NAMED_UNIT ( * ) SI_UNIT ( $, .STERADIAN. ) SOLID_ANGLE_UNIT ( ) );
#679 = VERTEX_POINT ( 'NONE', #309 ) ;
#680 = ORIENTED_EDGE ( 'NONE', *, *, #1028, .T. ) ;
#681 = CARTESIAN_POINT ( 'NONE',  ( -1.732705106951329510, 1.000000000000000000, 12.32883745583150947 ) ) ;
#682 = ORIENTED_EDGE ( 'NONE', *, *, #1145, .F. ) ;
#683 = CARTESIAN_POINT ( 'NONE',  ( 0.000000000000000000, 0.000000000000000000, 0.000000000000000000 ) ) ;
#684 = EDGE_CURVE ( 'NONE', #717, #1414, #1553, .T. ) ;
#685 = ORIENTED_EDGE ( 'NONE', *, *, #525, .T. ) ;
#686 = FACE_OUTER_BOUND ( 'NONE', #1228, .T. ) ;
#687 = ORIENTED_EDGE ( 'NONE', *, *, #994, .T. ) ;
#688 = DIRECTION ( 'NONE',  ( -0.000000000000000000, 1.000000000000000000, -0.000000000000000000 ) ) ;
#689 = CARTESIAN_POINT ( 'NONE',  ( -11.54343898936371460, 1.000000000000000000, -4.663852088029178056 ) ) ;
#690 = VERTEX_POINT ( 'NONE', #180 ) ;
#691 = PRESENTATION_STYLE_ASSIGNMENT (( #310 ) ) ;
#692 = EDGE_LOOP ( 'NONE', ( #584, #1046, #187, #1248 ) ) ;
#693 = DIRECTION ( 'NONE',  ( 0.000000000000000000, 1.000000000000000000, 0.000000000000000000 ) ) ;
#694 = DIRECTION ( 'NONE',  ( 0.000000000000000000, -1.000000000000000000, 0.000000000000000000 ) ) ;
#695 = DIRECTION ( 'NONE',  ( 0.000000000000000000, 1.000000000000000000, 0.000000000000000000 ) ) ;
#696 = CIRCLE ( 'NONE', #359, 1.049999999999999822 ) ;
#697 = DIRECTION ( 'NONE',  ( 0.000000000000000000, 0.000000000000000000, 1.000000000000000000 ) ) ;
#698 = AXIS2_PLACEMENT_3D ( 'NONE', #1483, #1606, #786 ) ;
#699 = DIRECTION ( 'NONE',  ( -0.000000000000000000, 1.000000000000000000, -0.000000000000000000 ) ) ;
#700 = AXIS2_PLACEMENT_3D ( 'NONE', #1336, #211, #191 ) ;
#701 = CARTESIAN_POINT ( 'NONE',  ( -11.42615592729752727, 1.000000000000000000, -8.927091392219960397 ) ) ;
#702 = VERTEX_POINT ( 'NONE', #1080 ) ;
#703 = AXIS2_PLACEMENT_3D ( 'NONE', #1356, #1463, #576 ) ;
#704 = EDGE_LOOP ( 'NONE', ( #1203, #61 ) ) ;
#705 = DIRECTION ( 'NONE',  ( 0.000000000000000000, -1.000000000000000000, -0.000000000000000000 ) ) ;
#706 = DIRECTION ( 'NONE',  ( 0.000000000000000000, 0.000000000000000000, 1.000000000000000000 ) ) ;
#707 = CARTESIAN_POINT ( 'NONE',  ( -2.303314820887164771, 0.000000000000000000, 16.38893653767200931 ) ) ;
#708 = DIRECTION ( 'NONE',  ( -0.000000000000000000, 1.000000000000000000, -0.000000000000000000 ) ) ;
#709 = VERTEX_POINT ( 'NONE', #1199 ) ;
#710 = AXIS2_PLACEMENT_3D ( 'NONE', #586, #1102, #11 ) ;
#711 = ORIENTED_EDGE ( 'NONE', *, *, #418, .F. ) ;
#712 = CARTESIAN_POINT ( 'NONE',  ( -15.34489279307955378, 1.000000000000000000, -6.199739121030583000 ) ) ;
#713 = DIRECTION ( 'NONE',  ( 0.000000000000000000, 1.000000000000000000, 0.000000000000000000 ) ) ;
#714 = EDGE_CURVE ( 'NONE', #1024, #367, #1604, .T. ) ;
#715 = DIRECTION ( 'NONE',  ( 0.000000000000000000, -1.000000000000000000, 0.000000000000000000 ) ) ;
#716 = ORIENTED_EDGE ( 'NONE', *, *, #1442, .T. ) ;
#717 = VERTEX_POINT ( 'NONE', #463 ) ;
#718 = CARTESIAN_POINT ( 'NONE',  ( 10.39230484541377386, 2.000000000000000000, 4.474999999999704769 ) ) ;
#719 = CARTESIAN_POINT ( 'NONE',  ( 0.000000000000000000, 1.000000000000000000, 0.000000000000000000 ) ) ;
#720 = LINE ( 'NONE', #856, #885 ) ;
#721 = CIRCLE ( 'NONE', #596, 12.44999999999927631 ) ;
#722 = DIRECTION ( 'NONE',  ( -0.000000000000000000, -1.000000000000000000, -0.000000000000000000 ) ) ;
#723 = CIRCLE ( 'NONE', #668, 9.974999999999999645 ) ;
#724 = AXIS2_PLACEMENT_3D ( 'NONE', #883, #988, #1492 ) ;
#725 = EDGE_CURVE ( 'NONE', #292, #1057, #437, .T. ) ;
#726 = CARTESIAN_POINT ( 'NONE',  ( 2.018009963923627748, 2.000000000000000000, 13.30888699675850617 ) ) ;
#727 = ORIENTED_EDGE ( 'NONE', *, *, #661, .F. ) ;
#728 = AXIS2_PLACEMENT_3D ( 'NONE', #1509, #87, #507 ) ;
#729 = EDGE_LOOP ( 'NONE', ( #1229, #39, #924, #813 ) ) ;
#730 = DIRECTION ( 'NONE',  ( 0.8660254037844432595, 0.000000000000000000, 0.4999999999999919509 ) ) ;
#731 = CYLINDRICAL_SURFACE ( 'NONE', #1279, 1.050000000000002265 ) ;
#732 = CARTESIAN_POINT ( 'NONE',  ( 13.44416589121794559, 2.000000000000000000, -4.381795604533056832 ) ) ;
#733 = CARTESIAN_POINT ( 'NONE',  ( 11.42615592730106044, 1.000000000000000000, -8.927091392227287869 ) ) ;
#734 = CARTESIAN_POINT ( 'NONE',  ( -2.303314820887164771, 1.000000000000000000, 16.38893653767200931 ) ) ;
#735 = EDGE_LOOP ( 'NONE', ( #1188, #1433, #1621, #664 ) ) ;
#736 = ADVANCED_FACE ( 'NONE', ( #557 ), #186, .F. ) ;
#737 = EDGE_LOOP ( 'NONE', ( #294, #1358 ) ) ;
#738 = EDGE_CURVE ( 'NONE', #919, #169, #1469, .T. ) ;
#739 = DIRECTION ( 'NONE',  ( 0.000000000000000000, 1.000000000000000000, 0.000000000000000000 ) ) ;
#740 = FACE_OUTER_BOUND ( 'NONE', #671, .T. ) ;
#741 = DIRECTION ( 'NONE',  ( 0.000000000000000000, 0.000000000000000000, -1.000000000000000000 ) ) ;
#742 = DIRECTION ( 'NONE',  ( -0.000000000000000000, 1.000000000000000000, -0.000000000000000000 ) ) ;
#743 = CIRCLE ( 'NONE', #955, 12.44999999999927631 ) ;
#744 = AXIS2_PLACEMENT_3D ( 'NONE', #1623, #335, #1354 ) ;
#745 = CARTESIAN_POINT ( 'NONE',  ( 0.000000000000000000, 1.000000000000000000, 0.000000000000000000 ) ) ;
#746 = ORIENTED_EDGE ( 'NONE', *, *, #179, .T. ) ;
#747 = ADVANCED_FACE ( 'NONE', ( #445 ), #967, .F. ) ;
#748 = CARTESIAN_POINT ( 'NONE',  ( 0.000000000000000000, 1.000000000000000000, 0.000000000000000000 ) ) ;
#749 = CARTESIAN_POINT ( 'NONE',  ( 2.018009963923627748, 1.000000000000000888, 13.30888699675850617 ) ) ;
#750 = CARTESIAN_POINT ( 'NONE',  ( 0.000000000000000000, 1.000000000000000000, -10.47500000000000142 ) ) ;
#751 = VECTOR ( 'NONE', #975, 1000.000000000000000 ) ;
#752 = DIRECTION ( 'NONE',  ( 0.8660254037844432595, 0.000000000000000000, 0.4999999999999921174 ) ) ;
#753 = EDGE_LOOP ( 'NONE', ( #221, #1357 ) ) ;
#754 = AXIS2_PLACEMENT_3D ( 'NONE', #1489, #1251, #1388 ) ;
#755 = VECTOR ( 'NONE', #1412, 1000.000000000000000 ) ;
#756 = AXIS2_PLACEMENT_3D ( 'NONE', #1348, #1446, #575 ) ;
#757 = MECHANICAL_DESIGN_GEOMETRIC_PRESENTATION_REPRESENTATION (  '', ( #171 ), #90 ) ;
#758 = CLOSED_SHELL ( 'NONE', ( #332, #1170, #110, #86, #122, #1065, #1525, #342, #973, #592, #747, #542, #1259, #1394, #374, #1421, #391, #792, #101, #354, #218, #736, #1461, #1111, #1247, #1536, #945, #906, #207, #1330, #523, #57, #571, #515, #1161, #478, #1167, #229, #614, #33, #1308, #444, #872, #265, #49, #79, #1385, #252, #1201, #1550, #1473, #760 ) ) ;
#759 = DIRECTION ( 'NONE',  ( 0.000000000000000000, 0.000000000000000000, 1.000000000000000000 ) ) ;
#760 = ADVANCED_FACE ( 'NONE', ( #951 ), #1217, .T. ) ;
#761 = CARTESIAN_POINT ( 'NONE',  ( 11.42615592730235186, 2.000000000000000000, -9.977091392228604860 ) ) ;
#762 = PLANE ( 'NONE',  #1611 ) ;
#763 = ORIENTED_EDGE ( 'NONE', *, *, #1300, .T. ) ;
#764 = DIRECTION ( 'NONE',  ( 0.8660254037844433705, 0.000000000000000000, 0.4999999999999919509 ) ) ;
#765 = EDGE_CURVE ( 'NONE', #690, #389, #913, .T. ) ;
#766 = DIRECTION ( 'NONE',  ( 0.000000000000000000, 1.000000000000000000, 0.000000000000000000 ) ) ;
#767 = EDGE_CURVE ( 'NONE', #852, #709, #831, .T. ) ;
#768 = DIRECTION ( 'NONE',  ( 0.000000000000000000, -1.000000000000000000, -0.000000000000000000 ) ) ;
#769 = ORIENTED_EDGE ( 'NONE', *, *, #442, .T. ) ;
#770 = EDGE_LOOP ( 'NONE', ( #457, #1560, #1276, #634 ) ) ;
#771 = ADVANCED_BREP_SHAPE_REPRESENTATION ( '行星保持架lower_base轴承公差版本', ( #1271, #223 ), #1210 ) ;
#772 = CARTESIAN_POINT ( 'NONE',  ( -2.018009963919247696, -18.99999999999999645, 14.35888699675176028 ) ) ;
#773 = ORIENTED_EDGE ( 'NONE', *, *, #897, .F. ) ;
#774 = APPLICATION_CONTEXT ( 'automotive_design' ) ;
#775 = VECTOR ( 'NONE', #688, 1000.000000000000000 ) ;
#776 = VECTOR ( 'NONE', #400, 1000.000000000000000 ) ;
#777 = ORIENTED_EDGE ( 'NONE', *, *, #1454, .T. ) ;
#778 = DIRECTION ( 'NONE',  ( 0.000000000000000000, 0.000000000000000000, -1.000000000000000000 ) ) ;
#779 = AXIS2_PLACEMENT_3D ( 'NONE', #733, #228, #365 ) ;
#780 = AXIS2_PLACEMENT_3D ( 'NONE', #343, #1361, #607 ) ;
#781 = CARTESIAN_POINT ( 'NONE',  ( 0.000000000000000000, -5.000000000000000000, -10.47500000000000142 ) ) ;
#782 = EDGE_LOOP ( 'NONE', ( #1175, #214, #380, #612 ) ) ;
#783 = EDGE_CURVE ( 'NONE', #962, #818, #1596, .T. ) ;
#784 = FACE_BOUND ( 'NONE', #737, .T. ) ;
#785 = EDGE_LOOP ( 'NONE', ( #1220, #1306, #1327, #425 ) ) ;
#786 = DIRECTION ( 'NONE',  ( 0.000000000000000000, 0.000000000000000000, -1.000000000000000000 ) ) ;
#787 = ORIENTED_EDGE ( 'NONE', *, *, #1510, .T. ) ;
#788 = DIRECTION ( 'NONE',  ( -0.000000000000000000, -1.000000000000000000, -0.000000000000000000 ) ) ;
#789 = VERTEX_POINT ( 'NONE', #707 ) ;
#790 = ORIENTED_EDGE ( 'NONE', *, *, #197, .T. ) ;
#791 = FACE_BOUND ( 'NONE', #289, .T. ) ;
#792 = ADVANCED_FACE ( 'NONE', ( #1226, #80 ), #337, .T. ) ;
#793 = EDGE_LOOP ( 'NONE', ( #157, #658, #827, #1063 ) ) ;
#794 = DIRECTION ( 'NONE',  ( -0.000000000000000000, -1.000000000000000000, 0.000000000000000000 ) ) ;
#795 = CARTESIAN_POINT ( 'NONE',  ( -11.42615592729752727, 0.000000000000000000, -8.927091392219960397 ) ) ;
#796 = VERTEX_POINT ( 'NONE', #551 ) ;
#797 = DIRECTION ( 'NONE',  ( 0.000000000000000000, 0.000000000000000000, -1.000000000000000000 ) ) ;
#798 = ORIENTED_EDGE ( 'NONE', *, *, #442, .F. ) ;
#799 = SURFACE_SIDE_STYLE ('',( #656 ) ) ;
#800 = ORIENTED_EDGE ( 'NONE', *, *, #532, .F. ) ;
#801 = AXIS2_PLACEMENT_3D ( 'NONE', #847, #341, #1495 ) ;
#802 = ORIENTED_EDGE ( 'NONE', *, *, #632, .F. ) ;
#803 = CARTESIAN_POINT ( 'NONE',  ( 11.54343898935483992, 1.000000000000000000, -4.663852088028924925 ) ) ;
#804 = VERTEX_POINT ( 'NONE', #1567 ) ;
#805 = AXIS2_PLACEMENT_3D ( 'NONE', #1409, #1049, #1540 ) ;
#806 = EDGE_CURVE ( 'NONE', #1448, #530, #626, .T. ) ;
#807 = VECTOR ( 'NONE', #174, 1000.000000000000000 ) ;
#808 = DIRECTION ( 'NONE',  ( -0.000000000000000000, 1.000000000000000000, -0.000000000000000000 ) ) ;
#809 = LINE ( 'NONE', #689, #326 ) ;
#810 = ORIENTED_EDGE ( 'NONE', *, *, #972, .F. ) ;
#811 = FACE_OUTER_BOUND ( 'NONE', #1342, .T. ) ;
#812 = CARTESIAN_POINT ( 'NONE',  ( 1.347111479062088405E-15, 0.000000000000000000, -11.00000000000000000 ) ) ;
#813 = ORIENTED_EDGE ( 'NONE', *, *, #869, .T. ) ;
#814 = DIRECTION ( 'NONE',  ( -0.000000000000000000, 1.000000000000000000, -0.000000000000000000 ) ) ;
#815 = EDGE_CURVE ( 'NONE', #348, #648, #1530, .T. ) ;
#816 = DIRECTION ( 'NONE',  ( -0.000000000000000000, 1.000000000000000000, -0.000000000000000000 ) ) ;
#817 = EDGE_CURVE ( 'NONE', #1628, #479, #107, .T. ) ;
#818 = VERTEX_POINT ( 'NONE', #1143 ) ;
#819 = CARTESIAN_POINT ( 'NONE',  ( 0.000000000000000000, 0.000000000000000000, 0.000000000000000000 ) ) ;
#820 = ORIENTED_EDGE ( 'NONE', *, *, #532, .T. ) ;
#821 = LINE ( 'NONE', #1586, #1264 ) ;
#822 = DIRECTION ( 'NONE',  ( -0.000000000000000000, -1.000000000000000000, -0.000000000000000000 ) ) ;
#823 = DIRECTION ( 'NONE',  ( -0.000000000000000000, 1.000000000000000000, 0.000000000000000000 ) ) ;
#824 = VERTEX_POINT ( 'NONE', #609 ) ;
#825 = EDGE_LOOP ( 'NONE', ( #1112, #844, #103, #871 ) ) ;
#826 = CARTESIAN_POINT ( 'NONE',  ( 0.000000000000000000, 2.000000000000000000, 0.000000000000000000 ) ) ;
#827 = ORIENTED_EDGE ( 'NONE', *, *, #673, .T. ) ;
#828 = AXIS2_PLACEMENT_3D ( 'NONE', #398, #520, #165 ) ;
#829 = AXIS2_PLACEMENT_3D ( 'NONE', #662, #1179, #797 ) ;
#830 = VECTOR ( 'NONE', #917, 1000.000000000000000 ) ;
#831 = LINE ( 'NONE', #1482, #1242 ) ;
#832 = VECTOR ( 'NONE', #934, 1000.000000000000000 ) ;
#833 = FACE_OUTER_BOUND ( 'NONE', #261, .T. ) ;
#834 = VERTEX_POINT ( 'NONE', #850 ) ;
#835 = AXIS2_PLACEMENT_3D ( 'NONE', #1296, #403, #144 ) ;
#836 = EDGE_CURVE ( 'NONE', #1619, #546, #361, .T. ) ;
#837 = ORIENTED_EDGE ( 'NONE', *, *, #817, .T. ) ;
#838 = EDGE_CURVE ( 'NONE', #126, #1563, #1252, .T. ) ;
#839 = LINE ( 'NONE', #598, #12 ) ;
#840 = CARTESIAN_POINT ( 'NONE',  ( 11.54343898935483992, 0.000000000000000000, -4.663852088028924925 ) ) ;
#841 = DIRECTION ( 'NONE',  ( -0.000000000000000000, -1.000000000000000000, -0.000000000000000000 ) ) ;
#842 = DIRECTION ( 'NONE',  ( -0.000000000000000000, -1.000000000000000000, -0.000000000000000000 ) ) ;
#843 = CARTESIAN_POINT ( 'NONE',  ( -13.44416589122528372, -18.99999999999999645, -5.431795604533048660 ) ) ;
#844 = ORIENTED_EDGE ( 'NONE', *, *, #1142, .T. ) ;
#845 = CIRCLE ( 'NONE', #344, 1.049999999999999822 ) ;
#846 = ORIENTED_EDGE ( 'NONE', *, *, #1583, .T. ) ;
#847 = CARTESIAN_POINT ( 'NONE',  ( 2.018009963923627748, 0.000000000000000000, 14.35888699675850866 ) ) ;
#848 = CARTESIAN_POINT ( 'NONE',  ( -11.42615592729752727, 1.000000000000000000, -8.927091392219960397 ) ) ;
#849 = CYLINDRICAL_SURFACE ( 'NONE', #754, 16.54999999999824567 ) ;
#850 = CARTESIAN_POINT ( 'NONE',  ( 0.000000000000000000, -0.5000000000000000000, 11.00000000000000000 ) ) ;
#851 = DIRECTION ( 'NONE',  ( 0.000000000000000000, 0.000000000000000000, -1.000000000000000000 ) ) ;
#852 = VERTEX_POINT ( 'NONE', #995 ) ;
#853 = EDGE_LOOP ( 'NONE', ( #306, #441, #1594, #790, #141 ) ) ;
#854 = DIRECTION ( 'NONE',  ( 0.000000000000000000, 0.000000000000000000, -1.000000000000000000 ) ) ;
#855 = CARTESIAN_POINT ( 'NONE',  ( 0.000000000000000000, 2.000000000000000000, -10.47500000000000142 ) ) ;
#856 = CARTESIAN_POINT ( 'NONE',  ( 11.42615592730106044, 1.000000000000000000, -10.97709139222625829 ) ) ;
#857 = EDGE_CURVE ( 'NONE', #162, #373, #1373, .T. ) ;
#858 = CARTESIAN_POINT ( 'NONE',  ( -9.810733882403599893, 1.000000000000000000, -7.664985367802548133 ) ) ;
#859 = CIRCLE ( 'NONE', #138, 9.974999999999999645 ) ;
#860 = AXIS2_PLACEMENT_3D ( 'NONE', #379, #1627, #1268 ) ;
#861 = DIRECTION ( 'NONE',  ( 0.000000000000000000, 0.000000000000000000, -1.000000000000000000 ) ) ;
#862 = VERTEX_POINT ( 'NONE', #378 ) ;
#863 = VECTOR ( 'NONE', #3, 1000.000000000000000 ) ;
#864 = ORIENTED_EDGE ( 'NONE', *, *, #164, .T. ) ;
#865 = DIRECTION ( 'NONE',  ( -0.000000000000000000, 1.000000000000000000, -0.000000000000000000 ) ) ;
#866 = FACE_OUTER_BOUND ( 'NONE', #782, .T. ) ;
#867 = DIRECTION ( 'NONE',  ( 0.000000000000000000, 0.000000000000000000, 1.000000000000000000 ) ) ;
#868 = DIRECTION ( 'NONE',  ( 0.000000000000000000, 1.000000000000000000, 0.000000000000000000 ) ) ;
#869 = EDGE_CURVE ( 'NONE', #152, #70, #589, .T. ) ;
#870 = CYLINDRICAL_SURFACE ( 'NONE', #860, 11.00000000000000000 ) ;
#871 = ORIENTED_EDGE ( 'NONE', *, *, #806, .F. ) ;
#872 = ADVANCED_FACE ( 'NONE', ( #1124 ), #881, .T. ) ;
#873 = FACE_BOUND ( 'NONE', #1383, .T. ) ;
#874 = FACE_OUTER_BOUND ( 'NONE', #900, .T. ) ;
#875 = CARTESIAN_POINT ( 'NONE',  ( 0.000000000000000000, -4.000000000000000000, 0.000000000000000000 ) ) ;
#876 = FACE_OUTER_BOUND ( 'NONE', #1177, .T. ) ;
#877 = DIRECTION ( 'NONE',  ( -0.000000000000000000, 1.000000000000000000, -0.000000000000000000 ) ) ;
#878 = EDGE_LOOP ( 'NONE', ( #562, #45 ) ) ;
#879 = CARTESIAN_POINT ( 'NONE',  ( -11.42615592729752727, 1.000000000000000000, -8.927091392219960397 ) ) ;
#880 = DIRECTION ( 'NONE',  ( 0.000000000000000000, -1.000000000000000000, 0.000000000000000000 ) ) ;
#881 = CYLINDRICAL_SURFACE ( 'NONE', #386, 12.44999999999927809 ) ;
#882 = AXIS2_PLACEMENT_3D ( 'NONE', #426, #693, #277 ) ;
#883 = CARTESIAN_POINT ( 'NONE',  ( 2.018009963923627748, 1.000000000000000000, 14.35888699675850866 ) ) ;
#884 = EDGE_LOOP ( 'NONE', ( #1457, #1290, #260, #1253, #1524 ) ) ;
#885 = VECTOR ( 'NONE', #986, 1000.000000000000000 ) ;
#886 = AXIS2_PLACEMENT_3D ( 'NONE', #159, #667, #29 ) ;
#887 = AXIS2_PLACEMENT_3D ( 'NONE', #240, #1001, #1092 ) ;
#888 = EDGE_CURVE ( 'NONE', #202, #1377, #224, .T. ) ;
#889 = CIRCLE ( 'NONE', #173, 1.050000000000000488 ) ;
#890 = CARTESIAN_POINT ( 'NONE',  ( 0.000000000000000000, -0.5000000000000004441, -9.974999999999999645 ) ) ;
#891 = EDGE_CURVE ( 'NONE', #1448, #702, #496, .T. ) ;
#892 = CARTESIAN_POINT ( 'NONE',  ( 15.34489279307850040, 0.000000000000000000, -6.199739121034589573 ) ) ;
#893 = VERTEX_POINT ( 'NONE', #236 ) ;
#894 = FILL_AREA_STYLE ('',( #630 ) ) ;
#895 = ORIENTED_EDGE ( 'NONE', *, *, #838, .T. ) ;
#896 = DIRECTION ( 'NONE',  ( -0.000000000000000000, 1.000000000000000000, -0.000000000000000000 ) ) ;
#897 = EDGE_CURVE ( 'NONE', #573, #862, #1476, .T. ) ;
#898 = DIRECTION ( 'NONE',  ( -0.000000000000000000, -1.000000000000000000, -0.000000000000000000 ) ) ;
#899 = LINE ( 'NONE', #282, #755 ) ;
#900 = EDGE_LOOP ( 'NONE', ( #419, #798, #74, #1295 ) ) ;
#901 =( NAMED_UNIT ( * ) SI_UNIT ( $, .STERADIAN. ) SOLID_ANGLE_UNIT ( ) );
#902 = AXIS2_PLACEMENT_3D ( 'NONE', #904, #1021, #1415 ) ;
#903 = ORIENTED_EDGE ( 'NONE', *, *, #765, .T. ) ;
#904 = CARTESIAN_POINT ( 'NONE',  ( 0.000000000000000000, 1.000000000000000000, 0.000000000000000000 ) ) ;
#905 = CARTESIAN_POINT ( 'NONE',  ( 13.04157797218851833, 1.000000000000000000, -10.18919741664029210 ) ) ;
#906 = ADVANCED_FACE ( 'NONE', ( #1107 ), #1364, .F. ) ;
#907 = CARTESIAN_POINT ( 'NONE',  ( -2.018009963919247696, 1.000000000000000000, 14.35888699675176028 ) ) ;
#908 = EDGE_LOOP ( 'NONE', ( #628, #1367 ) ) ;
#909 = AXIS2_PLACEMENT_3D ( 'NONE', #1468, #550, #185 ) ;
#910 = CIRCLE ( 'NONE', #1240, 16.54999999999824567 ) ;
#911 = VERTEX_POINT ( 'NONE', #1132 ) ;
#912 = CARTESIAN_POINT ( 'NONE',  ( 0.000000000000000000, 2.000000000000000000, 0.000000000000000000 ) ) ;
#913 = CIRCLE ( 'NONE', #700, 4.000000000000000000 ) ;
#914 = CIRCLE ( 'NONE', #1401, 17.00000000000000000 ) ;
#915 = AXIS2_PLACEMENT_3D ( 'NONE', #84, #1633, #1239 ) ;
#916 = FACE_BOUND ( 'NONE', #1090, .T. ) ;
#917 = DIRECTION ( 'NONE',  ( -0.000000000000000000, 1.000000000000000000, -0.000000000000000000 ) ) ;
#918 = EDGE_CURVE ( 'NONE', #796, #1377, #1498, .T. ) ;
#919 = VERTEX_POINT ( 'NONE', #978 ) ;
#920 = CARTESIAN_POINT ( 'NONE',  ( 13.44416589121794559, 1.000000000000000888, -5.431795604533058430 ) ) ;
#921 = ORIENTED_EDGE ( 'NONE', *, *, #1192, .F. ) ;
#922 = FACE_OUTER_BOUND ( 'NONE', #1607, .T. ) ;
#923 = DIRECTION ( 'NONE',  ( 0.000000000000000000, 0.000000000000000000, 1.000000000000000000 ) ) ;
#924 = ORIENTED_EDGE ( 'NONE', *, *, #1261, .F. ) ;
#925 = CARTESIAN_POINT ( 'NONE',  ( 9.810733882408261053, 1.000000000000000000, -7.664985367810110084 ) ) ;
#926 = ORIENTED_EDGE ( 'NONE', *, *, #1561, .T. ) ;
#927 = EDGE_LOOP ( 'NONE', ( #109, #1034, #1285, #618 ) ) ;
#928 = ORIENTED_EDGE ( 'NONE', *, *, #1408, .F. ) ;
#929 = EDGE_CURVE ( 'NONE', #367, #569, #92, .T. ) ;
#930 = EDGE_LOOP ( 'NONE', ( #552, #895, #256, #1543 ) ) ;
#931 = CARTESIAN_POINT ( 'NONE',  ( -13.04157797219145465, 1.000000000000000000, -10.18919741663737355 ) ) ;
#932 = ORIENTED_EDGE ( 'NONE', *, *, #59, .T. ) ;
#933 = LINE ( 'NONE', #370, #1073 ) ;
#934 = DIRECTION ( 'NONE',  ( -0.000000000000000000, -1.000000000000000000, -0.000000000000000000 ) ) ;
#935 = APPLICATION_PROTOCOL_DEFINITION ( 'draft international standard', 'automotive_design', 1998, #102 ) ;
#936 = ORIENTED_EDGE ( 'NONE', *, *, #381, .T. ) ;
#937 = DIRECTION ( 'NONE',  ( 0.000000000000000000, 0.000000000000000000, -1.000000000000000000 ) ) ;
#938 = AXIS2_PLACEMENT_3D ( 'NONE', #117, #449, #1554 ) ;
#939 =( GEOMETRIC_REPRESENTATION_CONTEXT ( 3 ) GLOBAL_UNCERTAINTY_ASSIGNED_CONTEXT ( ( #1646 ) ) GLOBAL_UNIT_ASSIGNED_CONTEXT ( ( #156, #1052, #678 ) ) REPRESENTATION_CONTEXT ( 'NONE', 'WORKASPACE' ) );
#940 = CIRCLE ( 'NONE', #1104, 2.049999999998969535 ) ;
#941 = EDGE_CURVE ( 'NONE', #1057, #292, #405, .T. ) ;
#942 = CARTESIAN_POINT ( 'NONE',  ( -2.018009963919247696, 2.000000000000000000, 14.35888699675176028 ) ) ;
#943 = EDGE_LOOP ( 'NONE', ( #1310, #1350, #9, #763 ) ) ;
#944 = AXIS2_PLACEMENT_3D ( 'NONE', #114, #1381, #987 ) ;
#945 = ADVANCED_FACE ( 'NONE', ( #876 ), #1004, .F. ) ;
#946 = CARTESIAN_POINT ( 'NONE',  ( -10.39230484541275601, -5.000000000000000000, 6.000000000000298428 ) ) ;
#947 = ORIENTED_EDGE ( 'NONE', *, *, #960, .F. ) ;
#948 = FACE_BOUND ( 'NONE', #908, .T. ) ;
#949 = LINE ( 'NONE', #1326, #588 ) ;
#950 = VERTEX_POINT ( 'NONE', #750 ) ;
#951 = FACE_OUTER_BOUND ( 'NONE', #793, .T. ) ;
#952 = EDGE_LOOP ( 'NONE', ( #245, #1110 ) ) ;
#953 = DIRECTION ( 'NONE',  ( 0.000000000000000000, 0.000000000000000000, -1.000000000000000000 ) ) ;
#954 = VERTEX_POINT ( 'NONE', #1266 ) ;
#955 = AXIS2_PLACEMENT_3D ( 'NONE', #127, #1163, #764 ) ;
#956 = VERTEX_POINT ( 'NONE', #652 ) ;
#957 = DIRECTION ( 'NONE',  ( 0.000000000000000000, 1.000000000000000000, 0.000000000000000000 ) ) ;
#958 = CARTESIAN_POINT ( 'NONE',  ( -13.44416589122477745, 1.000000000000000000, -5.431795604531149735 ) ) ;
#959 = DIRECTION ( 'NONE',  ( -0.000000000000000000, 1.000000000000000000, -0.000000000000000000 ) ) ;
#960 = EDGE_CURVE ( 'NONE', #1599, #82, #467, .T. ) ;
#961 = CARTESIAN_POINT ( 'NONE',  ( -2.018009963919247696, 1.000000000000000000, 14.35888699675176028 ) ) ;
#962 = VERTEX_POINT ( 'NONE', #1171 ) ;
#963 = ORIENTED_EDGE ( 'NONE', *, *, #428, .T. ) ;
#964 = FACE_BOUND ( 'NONE', #884, .T. ) ;
#965 = DIRECTION ( 'NONE',  ( 0.000000000000000000, 0.000000000000000000, -1.000000000000000000 ) ) ;
#966 = AXIS2_PLACEMENT_3D ( 'NONE', #456, #465, #1301 ) ;
#967 = CYLINDRICAL_SURFACE ( 'NONE', #67, 1.525000000000000355 ) ;
#968 = VECTOR ( 'NONE', #1213, 1000.000000000000000 ) ;
#969 = CIRCLE ( 'NONE', #570, 2.049999999998969535 ) ;
#970 = FACE_OUTER_BOUND ( 'NONE', #930, .T. ) ;
#971 = ORIENTED_EDGE ( 'NONE', *, *, #1013, .T. ) ;
#972 = EDGE_CURVE ( 'NONE', #82, #1599, #1045, .T. ) ;
#973 = ADVANCED_FACE ( 'NONE', ( #1436 ), #1202, .F. ) ;
#974 = EDGE_LOOP ( 'NONE', ( #1195, #1084, #769, #594 ) ) ;
#975 = DIRECTION ( 'NONE',  ( -0.000000000000000000, -1.000000000000000000, -0.000000000000000000 ) ) ;
#976 = FACE_OUTER_BOUND ( 'NONE', #130, .T. ) ;
#977 = DIRECTION ( 'NONE',  ( 0.000000000000000000, 0.000000000000000000, -1.000000000000000000 ) ) ;
#978 = CARTESIAN_POINT ( 'NONE',  ( -2.018009963919247696, 1.000000000000000888, 15.40888699675176099 ) ) ;
#979 = ORIENTED_EDGE ( 'NONE', *, *, #375, .T. ) ;
#980 = CIRCLE ( 'NONE', #262, 1.050000000000000488 ) ;
#981 = ORIENTED_EDGE ( 'NONE', *, *, #1281, .T. ) ;
#982 = CYLINDRICAL_SURFACE ( 'NONE', #1180, 2.049999999998969535 ) ;
#983 = EDGE_CURVE ( 'NONE', #569, #70, #121, .T. ) ;
#984 = CARTESIAN_POINT ( 'NONE',  ( -11.42615592729799978, 2.000000000000000000, -8.927091392221839783 ) ) ;
#985 = AXIS2_PLACEMENT_3D ( 'NONE', #848, #1093, #234 ) ;
#986 = DIRECTION ( 'NONE',  ( -0.000000000000000000, -1.000000000000000000, -0.000000000000000000 ) ) ;
#987 = DIRECTION ( 'NONE',  ( 0.000000000000000000, 0.000000000000000000, 1.000000000000000000 ) ) ;
#988 = DIRECTION ( 'NONE',  ( 0.000000000000000000, -1.000000000000000000, 0.000000000000000000 ) ) ;
#989 = EDGE_LOOP ( 'NONE', ( #135, #787, #1484, #1574 ) ) ;
#990 = CARTESIAN_POINT ( 'NONE',  ( 13.44416589121667016, 1.000000000000000000, -5.431795604531756361 ) ) ;
#991 = DIRECTION ( 'NONE',  ( 0.000000000000000000, -1.000000000000000000, 0.000000000000000000 ) ) ;
#992 = EDGE_CURVE ( 'NONE', #1366, #63, #1075, .T. ) ;
#993 = CYLINDRICAL_SURFACE ( 'NONE', #1610, 1.525000000000000355 ) ;
#994 = EDGE_CURVE ( 'NONE', #954, #1126, #329, .T. ) ;
#995 = CARTESIAN_POINT ( 'NONE',  ( 2.303314820890933312, 1.000000000000000000, 16.38893653767095770 ) ) ;
#996 = CIRCLE ( 'NONE', #271, 2.049999999998969979 ) ;
#997 = CARTESIAN_POINT ( 'NONE',  ( 11.42615592730235186, 1.000000000000000888, -8.927091392228602373 ) ) ;
#998 = VERTEX_POINT ( 'NONE', #1343 ) ;
#999 = AXIS2_PLACEMENT_3D ( 'NONE', #1069, #959, #566 ) ;
#1000 = CIRCLE ( 'NONE', #1138, 2.050000000000001155 ) ;
#1001 = DIRECTION ( 'NONE',  ( -0.000000000000000000, 1.000000000000000000, -0.000000000000000000 ) ) ;
#1002 = CARTESIAN_POINT ( 'NONE',  ( -9.810733882403599893, 0.000000000000000000, -7.664985367802548133 ) ) ;
#1003 = DIRECTION ( 'NONE',  ( 0.000000000000000000, 0.000000000000000000, 1.000000000000000000 ) ) ;
#1004 = CYLINDRICAL_SURFACE ( 'NONE', #621, 1.525000000000001243 ) ;
#1005 = DIRECTION ( 'NONE',  ( 0.8660254037844432595, 0.000000000000000000, 0.4999999999999919509 ) ) ;
#1006 = VERTEX_POINT ( 'NONE', #1444 ) ;
#1007 = FACE_OUTER_BOUND ( 'NONE', #93, .T. ) ;
#1008 = DIRECTION ( 'NONE',  ( 0.000000000000000000, 0.000000000000000000, 1.000000000000000000 ) ) ;
#1009 = DIRECTION ( 'NONE',  ( -0.000000000000000000, 1.000000000000000000, -0.000000000000000000 ) ) ;
#1010 = AXIS2_PLACEMENT_3D ( 'NONE', #1514, #363, #351 ) ;
#1011 = CARTESIAN_POINT ( 'NONE',  ( 11.42615592730235186, 2.000000000000000000, -8.927091392228602373 ) ) ;
#1012 = ORIENTED_EDGE ( 'NONE', *, *, #623, .T. ) ;
#1013 = EDGE_CURVE ( 'NONE', #824, #893, #40, .T. ) ;
#1014 = EDGE_CURVE ( 'NONE', #862, #573, #1184, .T. ) ;
#1015 = FACE_OUTER_BOUND ( 'NONE', #510, .T. ) ;
#1016 = AXIS2_PLACEMENT_3D ( 'NONE', #1570, #1450, #1591 ) ;
#1017 = CARTESIAN_POINT ( 'NONE',  ( 10.39230484541377386, -5.000000000000000000, 5.999999999999706013 ) ) ;
#1018 = ORIENTED_EDGE ( 'NONE', *, *, #992, .F. ) ;
#1019 = CIRCLE ( 'NONE', #1528, 1.050000000000000488 ) ;
#1020 = EDGE_CURVE ( 'NONE', #648, #956, #1612, .T. ) ;
#1021 = DIRECTION ( 'NONE',  ( -0.000000000000000000, -1.000000000000000000, -0.000000000000000000 ) ) ;
#1022 = DIRECTION ( 'NONE',  ( 0.000000000000000000, 0.000000000000000000, 1.000000000000000000 ) ) ;
#1023 = CARTESIAN_POINT ( 'NONE',  ( 10.39230484541377386, 2.000000000000000000, 7.524999999999707256 ) ) ;
#1024 = VERTEX_POINT ( 'NONE', #931 ) ;
#1025 = EDGE_LOOP ( 'NONE', ( #158, #1018, #422, #438 ) ) ;
#1026 = EDGE_LOOP ( 'NONE', ( #932, #1012, #1236, #1391, #1555 ) ) ;
#1027 = FACE_OUTER_BOUND ( 'NONE', #20, .T. ) ;
#1028 = EDGE_CURVE ( 'NONE', #395, #162, #548, .T. ) ;
#1029 = PRODUCT_DEFINITION_CONTEXT ( 'detailed design', #774, 'design' ) ;
#1030 = CIRCLE ( 'NONE', #703, 1.050000000000002265 ) ;
#1031 = LINE ( 'NONE', #388, #1292 ) ;
#1032 = ORIENTED_EDGE ( 'NONE', *, *, #1095, .F. ) ;
#1033 = CIRCLE ( 'NONE', #710, 12.44999999999927809 ) ;
#1034 = ORIENTED_EDGE ( 'NONE', *, *, #623, .F. ) ;
#1035 = DIRECTION ( 'NONE',  ( -0.000000000000000000, 1.000000000000000000, -0.000000000000000000 ) ) ;
#1036 = DIRECTION ( 'NONE',  ( 0.000000000000000000, 1.000000000000000000, 0.000000000000000000 ) ) ;
#1037 = LINE ( 'NONE', #1164, #1270 ) ;
#1038 = DIRECTION ( 'NONE',  ( 0.000000000000000000, 0.000000000000000000, -1.000000000000000000 ) ) ;
#1039 = VERTEX_POINT ( 'NONE', #681 ) ;
#1040 = VECTOR ( 'NONE', #1564, 1000.000000000000000 ) ;
#1041 = VECTOR ( 'NONE', #877, 1000.000000000000000 ) ;
#1042 = VECTOR ( 'NONE', #183, 1000.000000000000000 ) ;
#1043 = ORIENTED_EDGE ( 'NONE', *, *, #37, .F. ) ;
#1044 = DIRECTION ( 'NONE',  ( -0.000000000000000000, -1.000000000000000000, -0.000000000000000000 ) ) ;
#1045 = CIRCLE ( 'NONE', #1345, 1.525000000000000355 ) ;
#1046 = ORIENTED_EDGE ( 'NONE', *, *, #1014, .F. ) ;
#1047 = LINE ( 'NONE', #1557, #1108 ) ;
#1048 = DIRECTION ( 'NONE',  ( -0.000000000000000000, -1.000000000000000000, 0.000000000000000000 ) ) ;
#1049 = DIRECTION ( 'NONE',  ( 0.000000000000000000, 1.000000000000000000, 0.000000000000000000 ) ) ;
#1050 = FACE_OUTER_BOUND ( 'NONE', #1166, .T. ) ;
#1051 = AXIS2_PLACEMENT_3D ( 'NONE', #120, #396, #518 ) ;
#1052 =( NAMED_UNIT ( * ) PLANE_ANGLE_UNIT ( ) SI_UNIT ( $, .RADIAN. ) );
#1053 = EDGE_CURVE ( 'NONE', #893, #824, #469, .T. ) ;
#1054 = ORIENTED_EDGE ( 'NONE', *, *, #179, .F. ) ;
#1055 = ORIENTED_EDGE ( 'NONE', *, *, #352, .T. ) ;
#1056 = DIRECTION ( 'NONE',  ( -0.000000000000000000, 1.000000000000000000, -0.000000000000000000 ) ) ;
#1057 = VERTEX_POINT ( 'NONE', #812 ) ;
#1058 = DIRECTION ( 'NONE',  ( 0.000000000000000000, 0.000000000000000000, 1.000000000000000000 ) ) ;
#1059 = ORIENTED_EDGE ( 'NONE', *, *, #767, .F. ) ;
#1060 = DIRECTION ( 'NONE',  ( 0.000000000000000000, 0.000000000000000000, -1.000000000000000000 ) ) ;
#1061 = DIRECTION ( 'NONE',  ( 0.000000000000000000, 0.000000000000000000, -1.000000000000000000 ) ) ;
#1062 = DIRECTION ( 'NONE',  ( 1.000000000000000000, 0.000000000000000000, 0.000000000000000000 ) ) ;
#1063 = ORIENTED_EDGE ( 'NONE', *, *, #1517, .F. ) ;
#1064 = EDGE_CURVE ( 'NONE', #824, #389, #305, .T. ) ;
#1065 = ADVANCED_FACE ( 'NONE', ( #60 ), #1321, .T. ) ;
#1066 = ORIENTED_EDGE ( 'NONE', *, *, #1561, .F. ) ;
#1067 = CARTESIAN_POINT ( 'NONE',  ( 0.000000000000000000, -5.000000000000000000, -12.00000000000000178 ) ) ;
#1068 = ORIENTED_EDGE ( 'NONE', *, *, #249, .F. ) ;
#1069 = CARTESIAN_POINT ( 'NONE',  ( -10.39230484541275601, 1.000000000000000000, 6.000000000000298428 ) ) ;
#1070 = ORIENTED_EDGE ( 'NONE', *, *, #992, .T. ) ;
#1071 = DIRECTION ( 'NONE',  ( 0.000000000000000000, 0.000000000000000000, 1.000000000000000000 ) ) ;
#1072 = CIRCLE ( 'NONE', #801, 2.049999999998969535 ) ;
#1073 = VECTOR ( 'NONE', #506, 1000.000000000000000 ) ;
#1074 = AXIS2_PLACEMENT_3D ( 'NONE', #393, #26, #521 ) ;
#1075 = LINE ( 'NONE', #803, #1042 ) ;
#1076 = ORIENTED_EDGE ( 'NONE', *, *, #983, .T. ) ;
#1077 = VECTOR ( 'NONE', #1374, 1000.000000000000000 ) ;
#1078 = AXIS2_PLACEMENT_3D ( 'NONE', #912, #18, #512 ) ;
#1079 = DIRECTION ( 'NONE',  ( 0.000000000000000000, 0.000000000000000000, 1.000000000000000000 ) ) ;
#1080 = CARTESIAN_POINT ( 'NONE',  ( 10.39230484541377386, 1.000000000000000000, 4.474999999999704769 ) ) ;
#1081 = ORIENTED_EDGE ( 'NONE', *, *, #1608, .F. ) ;
#1082 = ORIENTED_EDGE ( 'NONE', *, *, #24, .F. ) ;
#1083 = CARTESIAN_POINT ( 'NONE',  ( 1.347111479062088405E-15, -0.5000000000000000000, -11.00000000000000000 ) ) ;
#1084 = ORIENTED_EDGE ( 'NONE', *, *, #994, .F. ) ;
#1085 = CARTESIAN_POINT ( 'NONE',  ( -2.018009963919247696, 1.000000000000000000, 14.35888699675176028 ) ) ;
#1086 = VERTEX_POINT ( 'NONE', #427 ) ;
#1087 = EDGE_CURVE ( 'NONE', #169, #487, #534, .T. ) ;
#1088 = CYLINDRICAL_SURFACE ( 'NONE', #431, 1.050000000000002265 ) ;
#1089 = CARTESIAN_POINT ( 'NONE',  ( -13.04157797219145465, 0.000000000000000000, -10.18919741663737355 ) ) ;
#1090 = EDGE_LOOP ( 'NONE', ( #311, #1197 ) ) ;
#1091 = ORIENTED_EDGE ( 'NONE', *, *, #276, .T. ) ;
#1092 = DIRECTION ( 'NONE',  ( 0.000000000000000000, 0.000000000000000000, 1.000000000000000000 ) ) ;
#1093 = DIRECTION ( 'NONE',  ( -0.000000000000000000, -1.000000000000000000, -0.000000000000000000 ) ) ;
#1094 = CYLINDRICAL_SURFACE ( 'NONE', #909, 1.050000000000002265 ) ;
#1095 = EDGE_CURVE ( 'NONE', #679, #629, #949, .T. ) ;
#1096 = CARTESIAN_POINT ( 'NONE',  ( 0.000000000000000000, -0.5000000000000000000, 11.00000000000000000 ) ) ;
#1097 = DIRECTION ( 'NONE',  ( 0.000000000000000000, 0.000000000000000000, -1.000000000000000000 ) ) ;
#1098 = ORIENTED_EDGE ( 'NONE', *, *, #308, .T. ) ;
#1099 = ORIENTED_EDGE ( 'NONE', *, *, #941, .T. ) ;
#1100 = FACE_BOUND ( 'NONE', #952, .T. ) ;
#1101 = PRESENTATION_LAYER_ASSIGNMENT (  '', '', ( #171 ) ) ;
#1102 = DIRECTION ( 'NONE',  ( -0.000000000000000000, 1.000000000000000000, -0.000000000000000000 ) ) ;
#1103 = CIRCLE ( 'NONE', #1548, 1.050000000000000488 ) ;
#1104 = AXIS2_PLACEMENT_3D ( 'NONE', #356, #108, #861 ) ;
#1105 = FACE_OUTER_BOUND ( 'NONE', #1579, .T. ) ;
#1106 = AXIS2_PLACEMENT_3D ( 'NONE', #1522, #868, #491 ) ;
#1107 = FACE_OUTER_BOUND ( 'NONE', #1568, .T. ) ;
#1108 = VECTOR ( 'NONE', #1600, 1000.000000000000000 ) ;
#1109 = FACE_OUTER_BOUND ( 'NONE', #1494, .T. ) ;
#1110 = ORIENTED_EDGE ( 'NONE', *, *, #1408, .T. ) ;
#1111 = ADVANCED_FACE ( 'NONE', ( #686 ), #1584, .F. ) ;
#1112 = ORIENTED_EDGE ( 'NONE', *, *, #286, .F. ) ;
#1113 = DIRECTION ( 'NONE',  ( -0.000000000000000000, -1.000000000000000000, -0.000000000000000000 ) ) ;
#1114 = FACE_OUTER_BOUND ( 'NONE', #663, .T. ) ;
#1115 = FACE_OUTER_BOUND ( 'NONE', #1459, .T. ) ;
#1116 = CARTESIAN_POINT ( 'NONE',  ( 2.018009963923627748, -18.99999999999999645, 13.30888699675850617 ) ) ;
#1117 = CARTESIAN_POINT ( 'NONE',  ( -11.42615592729752727, 1.000000000000000000, -10.97709139221996288 ) ) ;
#1118 = ORIENTED_EDGE ( 'NONE', *, *, #1020, .F. ) ;
#1119 = EDGE_CURVE ( 'NONE', #709, #789, #1472, .T. ) ;
#1120 = EDGE_LOOP ( 'NONE', ( #1431, #1043 ) ) ;
#1121 = FACE_OUTER_BOUND ( 'NONE', #1441, .T. ) ;
#1122 = DIRECTION ( 'NONE',  ( 0.000000000000000000, 0.000000000000000000, -1.000000000000000000 ) ) ;
#1123 = CYLINDRICAL_SURFACE ( 'NONE', #1158, 4.000000000000000000 ) ;
#1124 = FACE_OUTER_BOUND ( 'NONE', #729, .T. ) ;
#1125 = ORIENTED_EDGE ( 'NONE', *, *, #897, .T. ) ;
#1126 = VERTEX_POINT ( 'NONE', #320 ) ;
#1127 = CARTESIAN_POINT ( 'NONE',  ( 0.000000000000000000, 1.000000000000000000, 0.000000000000000000 ) ) ;
#1128 = DIRECTION ( 'NONE',  ( 0.000000000000000000, 1.000000000000000000, 0.000000000000000000 ) ) ;
#1129 = EDGE_CURVE ( 'NONE', #328, #395, #1320, .T. ) ;
#1130 = LINE ( 'NONE', #1616, #643 ) ;
#1131 = CIRCLE ( 'NONE', #1504, 2.049999999998969535 ) ;
#1132 = CARTESIAN_POINT ( 'NONE',  ( -11.42615592729799978, 2.000000000000000000, -9.977091392221840493 ) ) ;
#1133 = AXIS2_PLACEMENT_3D ( 'NONE', #1399, #347, #1511 ) ;
#1134 = CARTESIAN_POINT ( 'NONE',  ( 1.867586368699712834E-16, 1.000000000000000000, -13.52500000000000213 ) ) ;
#1135 = ORIENTED_EDGE ( 'NONE', *, *, #1428, .T. ) ;
#1136 = AXIS2_PLACEMENT_3D ( 'NONE', #98, #1257, #601 ) ;
#1137 = CIRCLE ( 'NONE', #270, 12.44999999999928164 ) ;
#1138 = AXIS2_PLACEMENT_3D ( 'NONE', #879, #1169, #1148 ) ;
#1139 = CARTESIAN_POINT ( 'NONE',  ( 0.000000000000000000, 1.000000000000000000, 0.000000000000000000 ) ) ;
#1140 = DIRECTION ( 'NONE',  ( 0.000000000000000000, 0.000000000000000000, -1.000000000000000000 ) ) ;
#1141 = DIRECTION ( 'NONE',  ( -0.000000000000000000, -1.000000000000000000, -0.000000000000000000 ) ) ;
#1142 = EDGE_CURVE ( 'NONE', #702, #1168, #1047, .T. ) ;
#1143 = CARTESIAN_POINT ( 'NONE',  ( 2.018009963923627748, 0.000000000000000000, 12.30888699675954001 ) ) ;
#1144 = UNCERTAINTY_MEASURE_WITH_UNIT (LENGTH_MEASURE( 1.000000000000000082E-05 ), #1643, 'distance_accuracy_value', 'NONE');
#1145 = EDGE_CURVE ( 'NONE', #328, #373, #104, .T. ) ;
#1146 = CARTESIAN_POINT ( 'NONE',  ( -5.713077963648763635, 1.000000000000000000, -4.463545696109980199 ) ) ;
#1147 = ORIENTED_EDGE ( 'NONE', *, *, #1014, .T. ) ;
#1148 = DIRECTION ( 'NONE',  ( 0.8660254037844432595, 0.000000000000000000, 0.4999999999999921174 ) ) ;
#1149 = EDGE_CURVE ( 'NONE', #1039, #340, #642, .T. ) ;
#1150 = CIRCLE ( 'NONE', #1360, 1.525000000000001243 ) ;
#1151 = DIRECTION ( 'NONE',  ( 0.000000000000000000, 0.000000000000000000, 1.000000000000000000 ) ) ;
#1152 = ORIENTED_EDGE ( 'NONE', *, *, #661, .T. ) ;
#1153 =( LENGTH_UNIT ( ) NAMED_UNIT ( * ) SI_UNIT ( .MILLI., .METRE. ) );
#1154 = CARTESIAN_POINT ( 'NONE',  ( -13.44416589122528372, 2.000000000000000000, -5.431795604533048660 ) ) ;
#1155 = AXIS2_PLACEMENT_3D ( 'NONE', #75, #94, #730 ) ;
#1156 = DIRECTION ( 'NONE',  ( -0.8660254037844363761, 0.000000000000000000, 0.5000000000000041078 ) ) ;
#1157 = VERTEX_POINT ( 'NONE', #1249 ) ;
#1158 = AXIS2_PLACEMENT_3D ( 'NONE', #2, #1141, #977 ) ;
#1159 = CIRCLE ( 'NONE', #1505, 1.050000000000002265 ) ;
#1160 = AXIS2_PLACEMENT_3D ( 'NONE', #683, #423, #55 ) ;
#1161 = ADVANCED_FACE ( 'NONE', ( #613, #1100 ), #83, .T. ) ;
#1162 = ORIENTED_EDGE ( 'NONE', *, *, #838, .F. ) ;
#1163 = DIRECTION ( 'NONE',  ( 0.000000000000000000, 1.000000000000000000, 0.000000000000000000 ) ) ;
#1164 = CARTESIAN_POINT ( 'NONE',  ( 0.000000000000000000, 7.000000000000000000, -4.000000000000000000 ) ) ;
#1165 = CARTESIAN_POINT ( 'NONE',  ( -11.42615592729752727, 0.000000000000000000, -10.97709139221996288 ) ) ;
#1166 = EDGE_LOOP ( 'NONE', ( #1648, #971, #81, #903 ) ) ;
#1167 = ADVANCED_FACE ( 'NONE', ( #1121, #368, #873 ), #1614, .T. ) ;
#1168 = VERTEX_POINT ( 'NONE', #718 ) ;
#1169 = DIRECTION ( 'NONE',  ( -0.000000000000000000, -1.000000000000000000, 0.000000000000000000 ) ) ;
#1170 = ADVANCED_FACE ( 'NONE', ( #1630 ), #982, .F. ) ;
#1171 = CARTESIAN_POINT ( 'NONE',  ( 2.018009963923627748, 1.000000000000000000, 12.30888699675954001 ) ) ;
#1172 = PLANE ( 'NONE',  #1291 ) ;
#1173 = CARTESIAN_POINT ( 'NONE',  ( -13.44416589122528372, -18.99999999999999645, -4.381795604533048838 ) ) ;
#1174 = CARTESIAN_POINT ( 'NONE',  ( 13.44416589121794559, -18.99999999999999645, -4.381795604533056832 ) ) ;
#1175 = ORIENTED_EDGE ( 'NONE', *, *, #684, .T. ) ;
#1176 = CYLINDRICAL_SURFACE ( 'NONE', #36, 9.974999999999999645 ) ;
#1177 = EDGE_LOOP ( 'NONE', ( #471, #134, #394, #1426 ) ) ;
#1178 = EDGE_CURVE ( 'NONE', #1006, #1024, #1527, .T. ) ;
#1179 = DIRECTION ( 'NONE',  ( -0.000000000000000000, 1.000000000000000000, -0.000000000000000000 ) ) ;
#1180 = AXIS2_PLACEMENT_3D ( 'NONE', #488, #1238, #1487 ) ;
#1181 = VECTOR ( 'NONE', #600, 1000.000000000000000 ) ;
#1182 = ORIENTED_EDGE ( 'NONE', *, *, #1430, .T. ) ;
#1183 = AXIS2_PLACEMENT_3D ( 'NONE', #279, #1556, #447 ) ;
#1184 = CIRCLE ( 'NONE', #672, 1.049999999999999822 ) ;
#1185 = EDGE_LOOP ( 'NONE', ( #293, #846 ) ) ;
#1186 = LINE ( 'NONE', #1470, #484 ) ;
#1187 = AXIS2_PLACEMENT_3D ( 'NONE', #826, #31, #538 ) ;
#1188 = ORIENTED_EDGE ( 'NONE', *, *, #1281, .F. ) ;
#1189 = CIRCLE ( 'NONE', #470, 2.050000000000001599 ) ;
#1190 = ORIENTED_EDGE ( 'NONE', *, *, #453, .F. ) ;
#1191 = PLANE ( 'NONE',  #331 ) ;
#1192 = EDGE_CURVE ( 'NONE', #1283, #818, #1072, .T. ) ;
#1193 = CYLINDRICAL_SURFACE ( 'NONE', #1074, 4.000000000000000000 ) ;
#1194 = EDGE_CURVE ( 'NONE', #1006, #1414, #459, .T. ) ;
#1195 = ORIENTED_EDGE ( 'NONE', *, *, #1393, .F. ) ;
#1196 = CARTESIAN_POINT ( 'NONE',  ( 4.898587196589412829E-16, 7.000000000000000000, 4.000000000000000000 ) ) ;
#1197 = ORIENTED_EDGE ( 'NONE', *, *, #888, .F. ) ;
#1198 = CARTESIAN_POINT ( 'NONE',  ( 2.018009963923627748, -18.99999999999999645, 14.35888699675850866 ) ) ;
#1199 = CARTESIAN_POINT ( 'NONE',  ( 2.303314820890933312, 0.000000000000000000, 16.38893653767095770 ) ) ;
#1200 = EDGE_LOOP ( 'NONE', ( #1152, #583 ) ) ;
#1201 = ADVANCED_FACE ( 'NONE', ( #481 ), #497, .F. ) ;
#1202 = CYLINDRICAL_SURFACE ( 'NONE', #519, 1.525000000000000355 ) ;
#1203 = ORIENTED_EDGE ( 'NONE', *, *, #4, .F. ) ;
#1204 = AXIS2_PLACEMENT_3D ( 'NONE', #1407, #896, #778 ) ;
#1205 = DIRECTION ( 'NONE',  ( -0.000000000000000000, -1.000000000000000000, -0.000000000000000000 ) ) ;
#1206 = ORIENTED_EDGE ( 'NONE', *, *, #525, .F. ) ;
#1207 = DIRECTION ( 'NONE',  ( 0.000000000000000000, 0.000000000000000000, 1.000000000000000000 ) ) ;
#1208 = ORIENTED_EDGE ( 'NONE', *, *, #276, .F. ) ;
#1209 = CARTESIAN_POINT ( 'NONE',  ( -1.732705106951329510, 0.000000000000000000, 12.32883745583150947 ) ) ;
#1210 =( GEOMETRIC_REPRESENTATION_CONTEXT ( 3 ) GLOBAL_UNCERTAINTY_ASSIGNED_CONTEXT ( ( #1144 ) ) GLOBAL_UNIT_ASSIGNED_CONTEXT ( ( #1643, #1263, #568 ) ) REPRESENTATION_CONTEXT ( 'NONE', 'WORKASPACE' ) );
#1211 = AXIS2_PLACEMENT_3D ( 'NONE', #274, #1551, #19 ) ;
#1212 = PRODUCT_DEFINITION ( '未知', '', #436, #1029 ) ;
#1213 = DIRECTION ( 'NONE',  ( -0.000000000000000000, -1.000000000000000000, -0.000000000000000000 ) ) ;
#1214 = ORIENTED_EDGE ( 'NONE', *, *, #453, .T. ) ;
#1215 = VECTOR ( 'NONE', #617, 1000.000000000000000 ) ;
#1216 = CARTESIAN_POINT ( 'NONE',  ( -13.44416589122528372, 2.000000000000000000, -6.481795604533047594 ) ) ;
#1217 = CYLINDRICAL_SURFACE ( 'NONE', #1318, 9.974999999999999645 ) ;
#1218 = VECTOR ( 'NONE', #622, 1000.000000000000000 ) ;
#1219 = FACE_OUTER_BOUND ( 'NONE', #1316, .T. ) ;
#1220 = ORIENTED_EDGE ( 'NONE', *, *, #352, .F. ) ;
#1221 = ORIENTED_EDGE ( 'NONE', *, *, #891, .T. ) ;
#1222 = EDGE_CURVE ( 'NONE', #919, #178, #462, .T. ) ;
#1223 = DIRECTION ( 'NONE',  ( 0.000000000000000000, 0.000000000000000000, -1.000000000000000000 ) ) ;
#1224 = CARTESIAN_POINT ( 'NONE',  ( 0.000000000000000000, 1.000000000000000000, 0.000000000000000000 ) ) ;
#1225 = DIRECTION ( 'NONE',  ( 0.000000000000000000, 0.000000000000000000, -1.000000000000000000 ) ) ;
#1226 = FACE_BOUND ( 'NONE', #1493, .T. ) ;
#1227 = DIRECTION ( 'NONE',  ( 0.000000000000000000, 0.000000000000000000, -1.000000000000000000 ) ) ;
#1228 = EDGE_LOOP ( 'NONE', ( #184, #1269, #1331, #435 ) ) ;
#1229 = ORIENTED_EDGE ( 'NONE', *, *, #181, .T. ) ;
#1230 = DIRECTION ( 'NONE',  ( -0.000000000000000000, 1.000000000000000000, -0.000000000000000000 ) ) ;
#1231 = DIRECTION ( 'NONE',  ( 0.000000000000000000, 0.000000000000000000, 1.000000000000000000 ) ) ;
#1232 = AXIS2_PLACEMENT_3D ( 'NONE', #390, #269, #505 ) ;
#1233 = EDGE_CURVE ( 'NONE', #333, #1086, #254, .T. ) ;
#1234 = DIRECTION ( 'NONE',  ( -0.000000000000000000, 1.000000000000000000, -0.000000000000000000 ) ) ;
#1235 = DIRECTION ( 'NONE',  ( -0.000000000000000000, 1.000000000000000000, -0.000000000000000000 ) ) ;
#1236 = ORIENTED_EDGE ( 'NONE', *, *, #815, .T. ) ;
#1237 = ORIENTED_EDGE ( 'NONE', *, *, #142, .F. ) ;
#1238 = DIRECTION ( 'NONE',  ( -0.000000000000000000, -1.000000000000000000, -0.000000000000000000 ) ) ;
#1239 = DIRECTION ( 'NONE',  ( 0.000000000000000000, 0.000000000000000000, -1.000000000000000000 ) ) ;
#1240 = AXIS2_PLACEMENT_3D ( 'NONE', #1618, #794, #1423 ) ;
#1241 = DIRECTION ( 'NONE',  ( 0.000000000000000000, 0.000000000000000000, 1.000000000000000000 ) ) ;
#1242 = VECTOR ( 'NONE', #842, 1000.000000000000000 ) ;
#1243 = DIRECTION ( 'NONE',  ( 0.000000000000000000, 0.000000000000000000, -1.000000000000000000 ) ) ;
#1244 = EDGE_CURVE ( 'NONE', #535, #1619, #839, .T. ) ;
#1245 = DIRECTION ( 'NONE',  ( 0.000000000000000000, 0.000000000000000000, -1.000000000000000000 ) ) ;
#1246 = ORIENTED_EDGE ( 'NONE', *, *, #1053, .F. ) ;
#1247 = ADVANCED_FACE ( 'NONE', ( #1378, #964, #233, #350, #1478 ), #579, .F. ) ;
#1248 = ORIENTED_EDGE ( 'NONE', *, *, #1384, .T. ) ;
#1249 = CARTESIAN_POINT ( 'NONE',  ( -13.44416589122528372, 2.000000000000000000, -4.381795604533048838 ) ) ;
#1250 = CYLINDRICAL_SURFACE ( 'NONE', #985, 2.050000000000001599 ) ;
#1251 = DIRECTION ( 'NONE',  ( -0.000000000000000000, -1.000000000000000000, -0.000000000000000000 ) ) ;
#1252 = LINE ( 'NONE', #1626, #1507 ) ;
#1253 = ORIENTED_EDGE ( 'NONE', *, *, #929, .F. ) ;
#1254 = DIRECTION ( 'NONE',  ( 0.000000000000000000, -0.000000000000000000, -1.000000000000000000 ) ) ;
#1255 = CARTESIAN_POINT ( 'NONE',  ( 2.018009963923627748, 2.000000000000000000, 14.35888699675850866 ) ) ;
#1256 = CARTESIAN_POINT ( 'NONE',  ( 13.44416589121794559, 1.000000000000000888, -4.381795604533056832 ) ) ;
#1257 = DIRECTION ( 'NONE',  ( -0.000000000000000000, -1.000000000000000000, 0.000000000000000000 ) ) ;
#1258 = ORIENTED_EDGE ( 'NONE', *, *, #1642, .T. ) ;
#1259 = ADVANCED_FACE ( 'NONE', ( #208 ), #1368, .F. ) ;
#1260 = DIRECTION ( 'NONE',  ( 0.000000000000000000, 0.000000000000000000, -1.000000000000000000 ) ) ;
#1261 = EDGE_CURVE ( 'NONE', #152, #116, #721, .T. ) ;
#1262 = AXIS2_PLACEMENT_3D ( 'NONE', #1127, #1230, #1223 ) ;
#1263 =( NAMED_UNIT ( * ) PLANE_ANGLE_UNIT ( ) SI_UNIT ( $, .RADIAN. ) );
#1264 = VECTOR ( 'NONE', #808, 1000.000000000000000 ) ;
#1265 = AXIS2_PLACEMENT_3D ( 'NONE', #701, #1597, #752 ) ;
#1266 = CARTESIAN_POINT ( 'NONE',  ( -2.303314820887164771, 1.000000000000000000, 16.38893653767200931 ) ) ;
#1267 = AXIS2_PLACEMENT_3D ( 'NONE', #1085, #201, #52 ) ;
#1268 = DIRECTION ( 'NONE',  ( 0.000000000000000000, 0.000000000000000000, 1.000000000000000000 ) ) ;
#1269 = ORIENTED_EDGE ( 'NONE', *, *, #1222, .F. ) ;
#1270 = VECTOR ( 'NONE', #898, 1000.000000000000000 ) ;
#1271 = MANIFOLD_SOLID_BREP ( '切除-拉伸6', #758 ) ;
#1272 = CARTESIAN_POINT ( 'NONE',  ( -9.810733882403599893, 1.000000000000000000, -7.664985367802548133 ) ) ;
#1273 = EDGE_CURVE ( 'NONE', #1565, #1571, #1332, .T. ) ;
#1274 = EDGE_CURVE ( 'NONE', #956, #1366, #430, .T. ) ;
#1275 = CARTESIAN_POINT ( 'NONE',  ( 0.000000000000000000, 0.000000000000000000, 0.000000000000000000 ) ) ;
#1276 = ORIENTED_EDGE ( 'NONE', *, *, #604, .T. ) ;
#1277 = SURFACE_SIDE_STYLE ('',( #511 ) ) ;
#1278 = CYLINDRICAL_SURFACE ( 'NONE', #902, 12.44999999999927809 ) ;
#1279 = AXIS2_PLACEMENT_3D ( 'NONE', #1387, #1488, #706 ) ;
#1280 = DIRECTION ( 'NONE',  ( -0.000000000000000000, -1.000000000000000000, -0.000000000000000000 ) ) ;
#1281 = EDGE_CURVE ( 'NONE', #679, #1565, #41, .T. ) ;
#1282 = CARTESIAN_POINT ( 'NONE',  ( 0.000000000000000000, -0.5000000000000000000, 0.000000000000000000 ) ) ;
#1283 = VERTEX_POINT ( 'NONE', #58 ) ;
#1284 =( NAMED_UNIT ( * ) PLANE_ANGLE_UNIT ( ) SI_UNIT ( $, .RADIAN. ) );
#1285 = ORIENTED_EDGE ( 'NONE', *, *, #1244, .T. ) ;
#1286 = DIRECTION ( 'NONE',  ( -0.000000000000000000, 1.000000000000000000, -0.000000000000000000 ) ) ;
#1287 = DIRECTION ( 'NONE',  ( 0.000000000000000000, -0.000000000000000000, 1.000000000000000000 ) ) ;
#1288 = AXIS2_PLACEMENT_3D ( 'NONE', #555, #705, #1466 ) ;
#1289 = CARTESIAN_POINT ( 'NONE',  ( 11.42615592730106044, 0.000000000000000000, -10.97709139222625829 ) ) ;
#1290 = ORIENTED_EDGE ( 'NONE', *, *, #181, .F. ) ;
#1291 = AXIS2_PLACEMENT_3D ( 'NONE', #1547, #392, #25 ) ;
#1292 = VECTOR ( 'NONE', #168, 1000.000000000000000 ) ;
#1293 = EDGE_CURVE ( 'NONE', #160, #804, #1609, .T. ) ;
#1294 = AXIS2_PLACEMENT_3D ( 'NONE', #1329, #1455, #1462 ) ;
#1295 = ORIENTED_EDGE ( 'NONE', *, *, #767, .T. ) ;
#1296 = CARTESIAN_POINT ( 'NONE',  ( 2.018009963923627748, 1.000000000000000888, 14.35888699675850866 ) ) ;
#1297 = DIRECTION ( 'NONE',  ( 0.000000000000000000, -1.000000000000000000, 0.000000000000000000 ) ) ;
#1298 = EDGE_LOOP ( 'NONE', ( #53, #1081 ) ) ;
#1299 = EDGE_LOOP ( 'NONE', ( #1221, #43 ) ) ;
#1300 = EDGE_CURVE ( 'NONE', #231, #479, #665, .T. ) ;
#1301 = DIRECTION ( 'NONE',  ( 0.000000000000000000, 0.000000000000000000, 1.000000000000000000 ) ) ;
#1302 = CYLINDRICAL_SURFACE ( 'NONE', #564, 1.050000000000000488 ) ;
#1303 = DIRECTION ( 'NONE',  ( -0.000000000000000000, 1.000000000000000000, -0.000000000000000000 ) ) ;
#1304 = VERTEX_POINT ( 'NONE', #1209 ) ;
#1305 = FACE_BOUND ( 'NONE', #1569, .T. ) ;
#1306 = ORIENTED_EDGE ( 'NONE', *, *, #249, .T. ) ;
#1307 = CARTESIAN_POINT ( 'NONE',  ( 15.34489279307850040, 1.000000000000000000, -6.199739121034589573 ) ) ;
#1308 = ADVANCED_FACE ( 'NONE', ( #811 ), #559, .F. ) ;
#1309 = DIRECTION ( 'NONE',  ( -0.000000000000000000, -1.000000000000000000, 0.000000000000000000 ) ) ;
#1310 = ORIENTED_EDGE ( 'NONE', *, *, #817, .F. ) ;
#1311 = EDGE_CURVE ( 'NONE', #1168, #530, #382, .T. ) ;
#1312 = CYLINDRICAL_SURFACE ( 'NONE', #1317, 1.050000000000000488 ) ;
#1313 = SHAPE_DEFINITION_REPRESENTATION ( #1479, #771 ) ;
#1314 = COLOUR_RGB ( '',1.000000000000000000, 1.000000000000000000, 1.000000000000000000 ) ;
#1315 = CIRCLE ( 'NONE', #1502, 17.00000000000000000 ) ;
#1316 = EDGE_LOOP ( 'NONE', ( #928, #89, #17, #304 ) ) ;
#1317 = AXIS2_PLACEMENT_3D ( 'NONE', #772, #533, #407 ) ;
#1318 = AXIS2_PLACEMENT_3D ( 'NONE', #433, #822, #1061 ) ;
#1319 = ORIENTED_EDGE ( 'NONE', *, *, #409, .F. ) ;
#1320 = CIRCLE ( 'NONE', #1187, 17.00000000000000000 ) ;
#1321 = CYLINDRICAL_SURFACE ( 'NONE', #674, 11.00000000000000000 ) ;
#1322 = ORIENTED_EDGE ( 'NONE', *, *, #1363, .F. ) ;
#1323 = CARTESIAN_POINT ( 'NONE',  ( 10.39230484541377386, 1.000000000000000000, 7.524999999999707256 ) ) ;
#1324 = DIRECTION ( 'NONE',  ( -0.000000000000000000, 1.000000000000000000, -0.000000000000000000 ) ) ;
#1325 = VERTEX_POINT ( 'NONE', #1083 ) ;
#1326 = CARTESIAN_POINT ( 'NONE',  ( 13.44416589121794559, -18.99999999999999645, -6.481795604533060917 ) ) ;
#1327 = ORIENTED_EDGE ( 'NONE', *, *, #960, .T. ) ;
#1328 = CARTESIAN_POINT ( 'NONE',  ( -15.34489279307955378, 0.000000000000000000, -6.199739121030583000 ) ) ;
#1329 = CARTESIAN_POINT ( 'NONE',  ( -13.44416589122477745, 0.000000000000000000, -5.431795604531149735 ) ) ;
#1330 = ADVANCED_FACE ( 'NONE', ( #1581, #439, #784, #948, #188, #66, #1429, #791, #1305, #916, #1531 ), #1191, .T. ) ;
#1331 = ORIENTED_EDGE ( 'NONE', *, *, #738, .T. ) ;
#1332 = LINE ( 'NONE', #1174, #807 ) ;
#1333 = DIRECTION ( 'NONE',  ( 0.000000000000000000, 1.000000000000000000, 0.000000000000000000 ) ) ;
#1334 = ORIENTED_EDGE ( 'NONE', *, *, #675, .F. ) ;
#1335 = CARTESIAN_POINT ( 'NONE',  ( -2.018009963919247696, -18.99999999999999645, 13.30888699675175957 ) ) ;
#1336 = CARTESIAN_POINT ( 'NONE',  ( 0.000000000000000000, -4.000000000000000000, 0.000000000000000000 ) ) ;
#1337 = DIRECTION ( 'NONE',  ( 0.000000000000000000, 0.000000000000000000, -1.000000000000000000 ) ) ;
#1338 = ORIENTED_EDGE ( 'NONE', *, *, #714, .T. ) ;
#1339 = EDGE_CURVE ( 'NONE', #893, #690, #1037, .T. ) ;
#1340 = CIRCLE ( 'NONE', #1474, 2.050000000000001599 ) ;
#1341 = CIRCLE ( 'NONE', #829, 9.974999999999999645 ) ;
#1342 = EDGE_LOOP ( 'NONE', ( #677, #1190, #1258, #64 ) ) ;
#1343 = CARTESIAN_POINT ( 'NONE',  ( 1.221585182149484720E-15, -0.5000000000000004441, 9.974999999999999645 ) ) ;
#1344 = ORIENTED_EDGE ( 'NONE', *, *, #560, .F. ) ;
#1345 = AXIS2_PLACEMENT_3D ( 'NONE', #397, #1036, #280 ) ;
#1346 = VECTOR ( 'NONE', #1044, 1000.000000000000000 ) ;
#1347 = DIRECTION ( 'NONE',  ( 0.000000000000000000, 0.000000000000000000, 1.000000000000000000 ) ) ;
#1348 = CARTESIAN_POINT ( 'NONE',  ( -11.42615592729799978, -18.99999999999999645, -8.927091392221839783 ) ) ;
#1349 = CARTESIAN_POINT ( 'NONE',  ( 0.000000000000000000, 0.000000000000000000, -17.00000000000000000 ) ) ;
#1350 = ORIENTED_EDGE ( 'NONE', *, *, #1353, .F. ) ;
#1351 = EDGE_LOOP ( 'NONE', ( #800, #1585, #1338, #194 ) ) ;
#1352 = CARTESIAN_POINT ( 'NONE',  ( 0.000000000000000000, 0.000000000000000000, 0.000000000000000000 ) ) ;
#1353 = EDGE_CURVE ( 'NONE', #47, #1628, #1578, .T. ) ;
#1354 = DIRECTION ( 'NONE',  ( 0.000000000000000000, 0.000000000000000000, -1.000000000000000000 ) ) ;
#1355 = CARTESIAN_POINT ( 'NONE',  ( 0.000000000000000000, -4.000000000000000000, 0.000000000000000000 ) ) ;
#1356 = CARTESIAN_POINT ( 'NONE',  ( 13.44416589121794559, 2.000000000000000000, -5.431795604533058430 ) ) ;
#1357 = ORIENTED_EDGE ( 'NONE', *, *, #149, .F. ) ;
#1358 = ORIENTED_EDGE ( 'NONE', *, *, #480, .F. ) ;
#1359 = DIRECTION ( 'NONE',  ( 0.000000000000000000, 0.000000000000000000, -1.000000000000000000 ) ) ;
#1360 = AXIS2_PLACEMENT_3D ( 'NONE', #1520, #1056, #1097 ) ;
#1361 = DIRECTION ( 'NONE',  ( 0.000000000000000000, -1.000000000000000000, 0.000000000000000000 ) ) ;
#1362 = CARTESIAN_POINT ( 'NONE',  ( 2.018009963923627748, 0.000000000000000000, 14.35888699675850866 ) ) ;
#1363 = EDGE_CURVE ( 'NONE', #1563, #450, #1639, .T. ) ;
#1364 = CYLINDRICAL_SURFACE ( 'NONE', #196, 1.525000000000000355 ) ;
#1365 = DIRECTION ( 'NONE',  ( -0.000000000000000000, -1.000000000000000000, -0.000000000000000000 ) ) ;
#1366 = VERTEX_POINT ( 'NONE', #153 ) ;
#1367 = ORIENTED_EDGE ( 'NONE', *, *, #128, .F. ) ;
#1368 = CYLINDRICAL_SURFACE ( 'NONE', #887, 1.050000000000002265 ) ;
#1369 = CARTESIAN_POINT ( 'NONE',  ( -13.44416589122477745, 1.000000000000000000, -5.431795604531149735 ) ) ;
#1370 = VECTOR ( 'NONE', #625, 1000.000000000000000 ) ;
#1371 = AXIS2_PLACEMENT_3D ( 'NONE', #997, #115, #1245 ) ;
#1372 = CARTESIAN_POINT ( 'NONE',  ( 1.867586368699712834E-16, 2.000000000000000000, -13.52500000000000213 ) ) ;
#1373 = CIRCLE ( 'NONE', #1106, 17.00000000000000000 ) ;
#1374 = DIRECTION ( 'NONE',  ( -0.000000000000000000, 1.000000000000000000, -0.000000000000000000 ) ) ;
#1375 = EDGE_CURVE ( 'NONE', #648, #1636, #264, .T. ) ;
#1376 = LINE ( 'NONE', #230, #1041 ) ;
#1377 = VERTEX_POINT ( 'NONE', #15 ) ;
#1378 = FACE_BOUND ( 'NONE', #1453, .T. ) ;
#1379 = DIRECTION ( 'NONE',  ( 0.000000000000000000, 0.000000000000000000, -1.000000000000000000 ) ) ;
#1380 = DIRECTION ( 'NONE',  ( 0.000000000000000000, 1.000000000000000000, -0.000000000000000000 ) ) ;
#1381 = DIRECTION ( 'NONE',  ( 0.000000000000000000, 1.000000000000000000, 0.000000000000000000 ) ) ;
#1382 = CARTESIAN_POINT ( 'NONE',  ( -2.018009963919247696, 2.000000000000000000, 14.35888699675176028 ) ) ;
#1383 = EDGE_LOOP ( 'NONE', ( #205, #285 ) ) ;
#1384 = EDGE_CURVE ( 'NONE', #1157, #1419, #696, .T. ) ;
#1385 = ADVANCED_FACE ( 'NONE', ( #1410, #653, #1438 ), #1172, .T. ) ;
#1386 = DIRECTION ( 'NONE',  ( 0.000000000000000000, 0.000000000000000000, -1.000000000000000000 ) ) ;
#1387 = CARTESIAN_POINT ( 'NONE',  ( 11.42615592730235186, -18.99999999999999645, -8.927091392228602373 ) ) ;
#1388 = DIRECTION ( 'NONE',  ( 0.000000000000000000, 0.000000000000000000, -1.000000000000000000 ) ) ;
#1389 = DIRECTION ( 'NONE',  ( -0.000000000000000000, 1.000000000000000000, -0.000000000000000000 ) ) ;
#1390 = FACE_OUTER_BOUND ( 'NONE', #1200, .T. ) ;
#1391 = ORIENTED_EDGE ( 'NONE', *, *, #1020, .T. ) ;
#1392 = ORIENTED_EDGE ( 'NONE', *, *, #675, .T. ) ;
#1393 = EDGE_CURVE ( 'NONE', #1126, #514, #132, .T. ) ;
#1394 = ADVANCED_FACE ( 'NONE', ( #281 ), #1302, .F. ) ;
#1395 = CARTESIAN_POINT ( 'NONE',  ( 0.000000000000000000, -4.000000000000000000, -9.974999999999999645 ) ) ;
#1396 = AXIS2_PLACEMENT_3D ( 'NONE', #819, #694, #68 ) ;
#1397 = DIRECTION ( 'NONE',  ( 0.000000000000000000, 1.000000000000000000, 0.000000000000000000 ) ) ;
#1398 = DIRECTION ( 'NONE',  ( 0.000000000000000000, 0.000000000000000000, -1.000000000000000000 ) ) ;
#1399 = CARTESIAN_POINT ( 'NONE',  ( 13.44416589121667016, 0.000000000000000000, -5.431795604531756361 ) ) ;
#1400 = ORIENTED_EDGE ( 'NONE', *, *, #1339, .F. ) ;
#1401 = AXIS2_PLACEMENT_3D ( 'NONE', #190, #695, #452 ) ;
#1402 = ORIENTED_EDGE ( 'NONE', *, *, #738, .F. ) ;
#1403 = CIRCLE ( 'NONE', #177, 2.050000000000001599 ) ;
#1404 = FACE_OUTER_BOUND ( 'NONE', #692, .T. ) ;
#1405 = LINE ( 'NONE', #781, #830 ) ;
#1406 = ORIENTED_EDGE ( 'NONE', *, *, #869, .F. ) ;
#1407 = CARTESIAN_POINT ( 'NONE',  ( 0.000000000000000000, 1.000000000000000000, -12.00000000000000178 ) ) ;
#1408 = EDGE_CURVE ( 'NONE', #998, #175, #859, .T. ) ;
#1409 = CARTESIAN_POINT ( 'NONE',  ( 0.000000000000000000, 2.000000000000000000, -12.00000000000000178 ) ) ;
#1410 = FACE_OUTER_BOUND ( 'NONE', #1026, .T. ) ;
#1411 = PRODUCT_RELATED_PRODUCT_CATEGORY ( 'part', '', ( #528 ) ) ;
#1412 = DIRECTION ( 'NONE',  ( -0.000000000000000000, -1.000000000000000000, -0.000000000000000000 ) ) ;
#1413 = ORIENTED_EDGE ( 'NONE', *, *, #888, .T. ) ;
#1414 = VERTEX_POINT ( 'NONE', #1328 ) ;
#1415 = DIRECTION ( 'NONE',  ( 0.000000000000000000, 0.000000000000000000, -1.000000000000000000 ) ) ;
#1416 = DIRECTION ( 'NONE',  ( 0.000000000000000000, 1.000000000000000000, 0.000000000000000000 ) ) ;
#1417 = AXIS2_PLACEMENT_3D ( 'NONE', #314, #78, #697 ) ;
#1418 = DIRECTION ( 'NONE',  ( 0.000000000000000000, 0.000000000000000000, -1.000000000000000000 ) ) ;
#1419 = VERTEX_POINT ( 'NONE', #1216 ) ;
#1420 = VECTOR ( 'NONE', #1303, 1000.000000000000000 ) ;
#1421 = ADVANCED_FACE ( 'NONE', ( #210 ), #1094, .F. ) ;
#1422 = VERTEX_POINT ( 'NONE', #461 ) ;
#1423 = DIRECTION ( 'NONE',  ( 0.8660254037844432595, 0.000000000000000000, 0.4999999999999919509 ) ) ;
#1424 = DIRECTION ( 'NONE',  ( -0.000000000000000000, -1.000000000000000000, -0.000000000000000000 ) ) ;
#1425 = CYLINDRICAL_SURFACE ( 'NONE', #1552, 2.050000000000001599 ) ;
#1426 = ORIENTED_EDGE ( 'NONE', *, *, #232, .T. ) ;
#1427 = ORIENTED_EDGE ( 'NONE', *, *, #1631, .T. ) ;
#1428 = EDGE_CURVE ( 'NONE', #539, #450, #821, .T. ) ;
#1429 = FACE_BOUND ( 'NONE', #578, .T. ) ;
#1430 = EDGE_CURVE ( 'NONE', #514, #1304, #1340, .T. ) ;
#1431 = ORIENTED_EDGE ( 'NONE', *, *, #1605, .F. ) ;
#1432 = CYLINDRICAL_SURFACE ( 'NONE', #1183, 17.00000000000000000 ) ;
#1433 = ORIENTED_EDGE ( 'NONE', *, *, #1095, .T. ) ;
#1434 = DIRECTION ( 'NONE',  ( 0.8660254037844432595, 0.000000000000000000, 0.4999999999999921174 ) ) ;
#1435 = DIRECTION ( 'NONE',  ( 0.000000000000000000, -1.000000000000000000, 0.000000000000000000 ) ) ;
#1436 = FACE_OUTER_BOUND ( 'NONE', #785, .T. ) ;
#1437 = UNCERTAINTY_MEASURE_WITH_UNIT (LENGTH_MEASURE( 1.000000000000000082E-05 ), #1153, 'distance_accuracy_value', 'NONE');
#1438 = FACE_BOUND ( 'NONE', #147, .T. ) ;
#1439 = FACE_OUTER_BOUND ( 'NONE', #974, .T. ) ;
#1440 = PRODUCT_CONTEXT ( 'NONE', #102, 'mechanical' ) ;
#1441 = EDGE_LOOP ( 'NONE', ( #639, #1214, #1464, #963, #687, #1577 ) ) ;
#1442 = EDGE_CURVE ( 'NONE', #178, #487, #1460, .T. ) ;
#1443 = ORIENTED_EDGE ( 'NONE', *, *, #200, .F. ) ;
#1444 = CARTESIAN_POINT ( 'NONE',  ( -15.34489279307955378, 1.000000000000000000, -6.199739121030583000 ) ) ;
#1445 = ORIENTED_EDGE ( 'NONE', *, *, #128, .T. ) ;
#1446 = DIRECTION ( 'NONE',  ( -0.000000000000000000, 1.000000000000000000, -0.000000000000000000 ) ) ;
#1447 = AXIS2_PLACEMENT_3D ( 'NONE', #1501, #585, #1359 ) ;
#1448 = VERTEX_POINT ( 'NONE', #1323 ) ;
#1449 = CIRCLE ( 'NONE', #698, 1.525000000000000355 ) ;
#1450 = DIRECTION ( 'NONE',  ( -0.000000000000000000, -1.000000000000000000, -0.000000000000000000 ) ) ;
#1451 = CIRCLE ( 'NONE', #999, 1.525000000000000355 ) ;
#1452 = DIRECTION ( 'NONE',  ( 0.000000000000000000, 0.000000000000000000, 1.000000000000000000 ) ) ;
#1453 = EDGE_LOOP ( 'NONE', ( #30, #401, #278, #1206, #1066 ) ) ;
#1454 = EDGE_CURVE ( 'NONE', #1377, #202, #404, .T. ) ;
#1455 = DIRECTION ( 'NONE',  ( -0.000000000000000000, -1.000000000000000000, 0.000000000000000000 ) ) ;
#1456 = FILL_AREA_STYLE_COLOUR ( '', #325 ) ;
#1457 = ORIENTED_EDGE ( 'NONE', *, *, #684, .F. ) ;
#1458 = DIRECTION ( 'NONE',  ( -0.000000000000000000, 1.000000000000000000, -0.000000000000000000 ) ) ;
#1459 = EDGE_LOOP ( 'NONE', ( #268, #727, #558, #777 ) ) ;
#1460 = LINE ( 'NONE', #1335, #775 ) ;
#1461 = ADVANCED_FACE ( 'NONE', ( #574 ), #1088, .F. ) ;
#1462 = DIRECTION ( 'NONE',  ( 0.8660254037844433705, 0.000000000000000000, 0.4999999999999918954 ) ) ;
#1463 = DIRECTION ( 'NONE',  ( 0.000000000000000000, 1.000000000000000000, 0.000000000000000000 ) ) ;
#1464 = ORIENTED_EDGE ( 'NONE', *, *, #418, .T. ) ;
#1465 = ORIENTED_EDGE ( 'NONE', *, *, #632, .T. ) ;
#1466 = DIRECTION ( 'NONE',  ( -0.8660254037844363761, 0.000000000000000000, 0.5000000000000039968 ) ) ;
#1467 = ORIENTED_EDGE ( 'NONE', *, *, #1244, .F. ) ;
#1468 = CARTESIAN_POINT ( 'NONE',  ( 13.44416589121794559, -18.99999999999999645, -5.431795604533058430 ) ) ;
#1469 = LINE ( 'NONE', #324, #170 ) ;
#1470 = CARTESIAN_POINT ( 'NONE',  ( -13.44416589122528372, -18.99999999999999645, -6.481795604533047594 ) ) ;
#1471 = EDGE_LOOP ( 'NONE', ( #1147, #1125 ) ) ;
#1472 = CIRCLE ( 'NONE', #1396, 16.54999999999824567 ) ;
#1473 = ADVANCED_FACE ( 'NONE', ( #1595 ), #1603, .F. ) ;
#1474 = AXIS2_PLACEMENT_3D ( 'NONE', #322, #443, #1225 ) ;
#1475 = CIRCLE ( 'NONE', #360, 1.050000000000002265 ) ;
#1476 = CIRCLE ( 'NONE', #14, 1.049999999999999822 ) ;
#1477 = ORIENTED_EDGE ( 'NONE', *, *, #1517, .T. ) ;
#1478 = FACE_BOUND ( 'NONE', #878, .T. ) ;
#1479 = PRODUCT_DEFINITION_SHAPE ( 'NONE', 'NONE',  #1212 ) ;
#1480 = CYLINDRICAL_SURFACE ( 'NONE', #744, 2.050000000000001599 ) ;
#1481 = AXIS2_PLACEMENT_3D ( 'NONE', #215, #606, #334 ) ;
#1482 = CARTESIAN_POINT ( 'NONE',  ( 2.303314820890933312, 1.000000000000000000, 16.38893653767095770 ) ) ;
#1483 = CARTESIAN_POINT ( 'NONE',  ( 0.000000000000000000, 1.000000000000000000, -12.00000000000000178 ) ) ;
#1484 = ORIENTED_EDGE ( 'NONE', *, *, #37, .T. ) ;
#1485 = EDGE_CURVE ( 'NONE', #1039, #1304, #933, .T. ) ;
#1486 = ORIENTED_EDGE ( 'NONE', *, *, #1178, .F. ) ;
#1487 = DIRECTION ( 'NONE',  ( 0.000000000000000000, 0.000000000000000000, -1.000000000000000000 ) ) ;
#1488 = DIRECTION ( 'NONE',  ( -0.000000000000000000, 1.000000000000000000, -0.000000000000000000 ) ) ;
#1489 = CARTESIAN_POINT ( 'NONE',  ( 0.000000000000000000, 1.000000000000000000, 0.000000000000000000 ) ) ;
#1490 = CARTESIAN_POINT ( 'NONE',  ( 0.000000000000000000, 0.000000000000000000, 0.000000000000000000 ) ) ;
#1491 = VECTOR ( 'NONE', #1286, 1000.000000000000000 ) ;
#1492 = DIRECTION ( 'NONE',  ( 0.000000000000000000, 0.000000000000000000, -1.000000000000000000 ) ) ;
#1493 = EDGE_LOOP ( 'NONE', ( #640, #402 ) ) ;
#1494 = EDGE_LOOP ( 'NONE', ( #1032, #1344, #619, #1098 ) ) ;
#1495 = DIRECTION ( 'NONE',  ( 0.000000000000000000, 0.000000000000000000, -1.000000000000000000 ) ) ;
#1496 = DIRECTION ( 'NONE',  ( -0.000000000000000000, -1.000000000000000000, -0.000000000000000000 ) ) ;
#1497 = DIRECTION ( 'NONE',  ( 0.000000000000000000, -1.000000000000000000, 0.000000000000000000 ) ) ;
#1498 = LINE ( 'NONE', #474, #646 ) ;
#1499 = DIRECTION ( 'NONE',  ( 0.000000000000000000, -1.000000000000000000, 0.000000000000000000 ) ) ;
#1500 = ORIENTED_EDGE ( 'NONE', *, *, #1393, .T. ) ;
#1501 = CARTESIAN_POINT ( 'NONE',  ( -11.42615592729799978, 1.000000000000000888, -8.927091392221839783 ) ) ;
#1502 = AXIS2_PLACEMENT_3D ( 'NONE', #97, #490, #1241 ) ;
#1503 = PLANE ( 'NONE',  #780 ) ;
#1504 = AXIS2_PLACEMENT_3D ( 'NONE', #1362, #1497, #217 ) ;
#1505 = AXIS2_PLACEMENT_3D ( 'NONE', #1011, #1523, #372 ) ;
#1506 = CARTESIAN_POINT ( 'NONE',  ( -11.42615592729799978, 2.000000000000000000, -8.927091392221839783 ) ) ;
#1507 = VECTOR ( 'NONE', #1009, 1000.000000000000000 ) ;
#1508 = EDGE_CURVE ( 'NONE', #818, #709, #1131, .T. ) ;
#1509 = CARTESIAN_POINT ( 'NONE',  ( 11.42615592730106044, 0.000000000000000000, -8.927091392227287869 ) ) ;
#1510 = EDGE_CURVE ( 'NONE', #333, #911, #85, .T. ) ;
#1511 = DIRECTION ( 'NONE',  ( -0.8660254037844362651, 0.000000000000000000, 0.5000000000000041078 ) ) ;
#1512 = EDGE_LOOP ( 'NONE', ( #1465, #466 ) ) ;
#1513 = CARTESIAN_POINT ( 'NONE',  ( 0.000000000000000000, 2.000000000000000000, -17.00000000000000000 ) ) ;
#1514 = CARTESIAN_POINT ( 'NONE',  ( 0.000000000000000000, -0.5000000000000000000, 0.000000000000000000 ) ) ;
#1515 = DIRECTION ( 'NONE',  ( 0.000000000000000000, 0.000000000000000000, -1.000000000000000000 ) ) ;
#1516 = AXIS2_PLACEMENT_3D ( 'NONE', #748, #1526, #1260 ) ;
#1517 = EDGE_CURVE ( 'NONE', #804, #160, #723, .T. ) ;
#1518 = DIRECTION ( 'NONE',  ( -0.8660254037844362651, 0.000000000000000000, 0.5000000000000038858 ) ) ;
#1519 = EDGE_LOOP ( 'NONE', ( #283, #1477 ) ) ;
#1520 = CARTESIAN_POINT ( 'NONE',  ( 10.39230484541377386, 1.000000000000000000, 5.999999999999706013 ) ) ;
#1521 = LINE ( 'NONE', #377, #1181 ) ;
#1522 = CARTESIAN_POINT ( 'NONE',  ( 0.000000000000000000, 0.000000000000000000, 0.000000000000000000 ) ) ;
#1523 = DIRECTION ( 'NONE',  ( 0.000000000000000000, 1.000000000000000000, 0.000000000000000000 ) ) ;
#1524 = ORIENTED_EDGE ( 'NONE', *, *, #381, .F. ) ;
#1525 = ADVANCED_FACE ( 'NONE', ( #1105 ), #1123, .F. ) ;
#1526 = DIRECTION ( 'NONE',  ( -0.000000000000000000, -1.000000000000000000, -0.000000000000000000 ) ) ;
#1527 = CIRCLE ( 'NONE', #1155, 16.54999999999824567 ) ;
#1528 = AXIS2_PLACEMENT_3D ( 'NONE', #1506, #1397, #1003 ) ;
#1529 = AXIS2_PLACEMENT_3D ( 'NONE', #843, #708, #317 ) ;
#1530 = CIRCLE ( 'NONE', #779, 2.049999999998969979 ) ;
#1531 = FACE_OUTER_BOUND ( 'NONE', #1185, .T. ) ;
#1532 = DIRECTION ( 'NONE',  ( -0.000000000000000000, 1.000000000000000000, -0.000000000000000000 ) ) ;
#1533 = ORIENTED_EDGE ( 'NONE', *, *, #1572, .T. ) ;
#1534 = DIRECTION ( 'NONE',  ( 0.000000000000000000, 1.000000000000000000, 0.000000000000000000 ) ) ;
#1535 = FACE_OUTER_BOUND ( 'NONE', #1351, .T. ) ;
#1536 = ADVANCED_FACE ( 'NONE', ( #1115 ), #993, .F. ) ;
#1537 = CARTESIAN_POINT ( 'NONE',  ( 0.000000000000000000, 0.000000000000000000, 0.000000000000000000 ) ) ;
#1538 = ORIENTED_EDGE ( 'NONE', *, *, #1119, .F. ) ;
#1539 = LINE ( 'NONE', #250, #1491 ) ;
#1540 = DIRECTION ( 'NONE',  ( 0.000000000000000000, 0.000000000000000000, 1.000000000000000000 ) ) ;
#1541 = CARTESIAN_POINT ( 'NONE',  ( 0.000000000000000000, 2.000000000000000000, 0.000000000000000000 ) ) ;
#1542 = LINE ( 'NONE', #259, #776 ) ;
#1543 = ORIENTED_EDGE ( 'NONE', *, *, #1428, .F. ) ;
#1544 = DIRECTION ( 'NONE',  ( 0.8660254037844433705, 0.000000000000000000, 0.4999999999999919509 ) ) ;
#1545 = ORIENTED_EDGE ( 'NONE', *, *, #1222, .T. ) ;
#1546 = DIRECTION ( 'NONE',  ( -0.000000000000000000, 1.000000000000000000, -0.000000000000000000 ) ) ;
#1547 = CARTESIAN_POINT ( 'NONE',  ( 6.722082945608335081, 1.000000000000000000, -2.715897802265878180 ) ) ;
#1548 = AXIS2_PLACEMENT_3D ( 'NONE', #253, #1380, #741 ) ;
#1549 = AXIS2_PLACEMENT_3D ( 'NONE', #1537, #513, #1559 ) ;
#1550 = ADVANCED_FACE ( 'NONE', ( #608 ), #849, .F. ) ;
#1551 = DIRECTION ( 'NONE',  ( 0.000000000000000000, -1.000000000000000000, 0.000000000000000000 ) ) ;
#1552 = AXIS2_PLACEMENT_3D ( 'NONE', #907, #788, #1418 ) ;
#1553 = CIRCLE ( 'NONE', #1294, 2.049999999998969535 ) ;
#1554 = DIRECTION ( 'NONE',  ( -0.8660254037844362651, 0.000000000000000000, 0.5000000000000041078 ) ) ;
#1555 = ORIENTED_EDGE ( 'NONE', *, *, #1274, .T. ) ;
#1556 = DIRECTION ( 'NONE',  ( -0.000000000000000000, -1.000000000000000000, -0.000000000000000000 ) ) ;
#1557 = CARTESIAN_POINT ( 'NONE',  ( 10.39230484541377386, -5.000000000000000000, 4.474999999999704769 ) ) ;
#1558 = DIRECTION ( 'NONE',  ( 0.8660254037844433705, 0.000000000000000000, 0.4999999999999918954 ) ) ;
#1559 = DIRECTION ( 'NONE',  ( -0.8660254037844363761, 0.000000000000000000, 0.5000000000000039968 ) ) ;
#1560 = ORIENTED_EDGE ( 'NONE', *, *, #1631, .F. ) ;
#1561 = EDGE_CURVE ( 'NONE', #546, #1636, #563, .T. ) ;
#1562 = ORIENTED_EDGE ( 'NONE', *, *, #409, .T. ) ;
#1563 = VERTEX_POINT ( 'NONE', #761 ) ;
#1564 = DIRECTION ( 'NONE',  ( -0.000000000000000000, -1.000000000000000000, -0.000000000000000000 ) ) ;
#1565 = VERTEX_POINT ( 'NONE', #1256 ) ;
#1566 = DIRECTION ( 'NONE',  ( 0.000000000000000000, 0.000000000000000000, -1.000000000000000000 ) ) ;
#1567 = CARTESIAN_POINT ( 'NONE',  ( 1.221585182149484720E-15, -4.000000000000000000, 9.974999999999999645 ) ) ;
#1568 = EDGE_LOOP ( 'NONE', ( #1068, #1208, #100, #238 ) ) ;
#1569 = EDGE_LOOP ( 'NONE', ( #6, #549 ) ) ;
#1570 = CARTESIAN_POINT ( 'NONE',  ( 2.018009963923627748, 1.000000000000000000, 14.35888699675850866 ) ) ;
#1571 = VERTEX_POINT ( 'NONE', #732 ) ;
#1572 = EDGE_CURVE ( 'NONE', #348, #546, #720, .T. ) ;
#1573 = DIRECTION ( 'NONE',  ( 0.000000000000000000, 0.000000000000000000, 1.000000000000000000 ) ) ;
#1574 = ORIENTED_EDGE ( 'NONE', *, *, #604, .F. ) ;
#1575 = DIRECTION ( 'NONE',  ( -0.000000000000000000, 1.000000000000000000, -0.000000000000000000 ) ) ;
#1576 = DIRECTION ( 'NONE',  ( 0.000000000000000000, 0.000000000000000000, 1.000000000000000000 ) ) ;
#1577 = ORIENTED_EDGE ( 'NONE', *, *, #316, .T. ) ;
#1578 = CIRCLE ( 'NONE', #828, 1.050000000000002265 ) ;
#1579 = EDGE_LOOP ( 'NONE', ( #493, #417, #172, #1400 ) ) ;
#1580 = AXIS2_PLACEMENT_3D ( 'NONE', #1382, #237, #1151 ) ;
#1581 = FACE_BOUND ( 'NONE', #1120, .T. ) ;
#1582 = AXIS2_PLACEMENT_3D ( 'NONE', #795, #1309, #1434 ) ;
#1583 = EDGE_CURVE ( 'NONE', #395, #328, #1315, .T. ) ;
#1584 = CYLINDRICAL_SURFACE ( 'NONE', #222, 1.050000000000000488 ) ;
#1585 = ORIENTED_EDGE ( 'NONE', *, *, #197, .F. ) ;
#1586 = CARTESIAN_POINT ( 'NONE',  ( 11.42615592730235186, -18.99999999999999645, -7.877091392228599886 ) ) ;
#1587 = CARTESIAN_POINT ( 'NONE',  ( -13.04157797219145465, 1.000000000000000000, -10.18919741663737355 ) ) ;
#1588 = FILL_AREA_STYLE ('',( #1456 ) ) ;
#1589 = DIRECTION ( 'NONE',  ( 0.000000000000000000, 0.000000000000000000, -1.000000000000000000 ) ) ;
#1590 = EDGE_LOOP ( 'NONE', ( #711, #611, #649, #1059 ) ) ;
#1591 = DIRECTION ( 'NONE',  ( 0.000000000000000000, 0.000000000000000000, -1.000000000000000000 ) ) ;
#1592 = ORIENTED_EDGE ( 'NONE', *, *, #499, .T. ) ;
#1593 = DIRECTION ( 'NONE',  ( -0.000000000000000000, 1.000000000000000000, -0.000000000000000000 ) ) ;
#1594 = ORIENTED_EDGE ( 'NONE', *, *, #1178, .T. ) ;
#1595 = FACE_OUTER_BOUND ( 'NONE', #927, .T. ) ;
#1596 = LINE ( 'NONE', #454, #272 ) ;
#1597 = DIRECTION ( 'NONE',  ( -0.000000000000000000, -1.000000000000000000, 0.000000000000000000 ) ) ;
#1598 = EDGE_LOOP ( 'NONE', ( #313, #1322 ) ) ;
#1599 = VERTEX_POINT ( 'NONE', #1372 ) ;
#1600 = DIRECTION ( 'NONE',  ( -0.000000000000000000, 1.000000000000000000, -0.000000000000000000 ) ) ;
#1601 = CIRCLE ( 'NONE', #1204, 1.525000000000000355 ) ;
#1602 = CARTESIAN_POINT ( 'NONE',  ( 0.000000000000000000, -4.000000000000000000, 0.000000000000000000 ) ) ;
#1603 = CYLINDRICAL_SURFACE ( 'NONE', #590, 2.049999999998969535 ) ;
#1604 = LINE ( 'NONE', #1587, #832 ) ;
#1605 = EDGE_CURVE ( 'NONE', #1422, #911, #1019, .T. ) ;
#1606 = DIRECTION ( 'NONE',  ( -0.000000000000000000, 1.000000000000000000, -0.000000000000000000 ) ) ;
#1607 = EDGE_LOOP ( 'NONE', ( #773, #321, #143, #476 ) ) ;
#1608 = EDGE_CURVE ( 'NONE', #629, #1571, #247, .T. ) ;
#1609 = CIRCLE ( 'NONE', #96, 9.974999999999999645 ) ;
#1610 = AXIS2_PLACEMENT_3D ( 'NONE', #483, #235, #1008 ) ;
#1611 = AXIS2_PLACEMENT_3D ( 'NONE', #129, #602, #486 ) ;
#1612 = CIRCLE ( 'NONE', #1288, 16.54999999999824922 ) ;
#1613 = EDGE_LOOP ( 'NONE', ( #936, #655, #1486, #527 ) ) ;
#1614 = PLANE ( 'NONE',  #163 ) ;
#1615 = DIRECTION ( 'NONE',  ( -0.000000000000000000, -1.000000000000000000, -0.000000000000000000 ) ) ;
#1616 = CARTESIAN_POINT ( 'NONE',  ( 1.732705106955376495, 1.000000000000000000, 12.32883745583934854 ) ) ;
#1617 = DIRECTION ( 'NONE',  ( 0.000000000000000000, 0.000000000000000000, 1.000000000000000000 ) ) ;
#1618 = CARTESIAN_POINT ( 'NONE',  ( 0.000000000000000000, 0.000000000000000000, 0.000000000000000000 ) ) ;
#1619 = VERTEX_POINT ( 'NONE', #106 ) ;
#1620 = EDGE_CURVE ( 'NONE', #998, #804, #1521, .T. ) ;
#1621 = ORIENTED_EDGE ( 'NONE', *, *, #1608, .T. ) ;
#1622 = DIRECTION ( 'NONE',  ( 0.000000000000000000, -1.000000000000000000, 0.000000000000000000 ) ) ;
#1623 = CARTESIAN_POINT ( 'NONE',  ( -2.018009963919247696, 1.000000000000000000, 14.35888699675176028 ) ) ;
#1624 = DIRECTION ( 'NONE',  ( 0.000000000000000000, -1.000000000000000000, -0.000000000000000000 ) ) ;
#1625 = AXIS2_PLACEMENT_3D ( 'NONE', #531, #1035, #759 ) ;
#1626 = CARTESIAN_POINT ( 'NONE',  ( 11.42615592730235186, -18.99999999999999645, -9.977091392228604860 ) ) ;
#1627 = DIRECTION ( 'NONE',  ( -0.000000000000000000, 1.000000000000000000, -0.000000000000000000 ) ) ;
#1628 = VERTEX_POINT ( 'NONE', #749 ) ;
#1629 = EDGE_LOOP ( 'NONE', ( #1427, #275 ) ) ;
#1630 = FACE_OUTER_BOUND ( 'NONE', #554, .T. ) ;
#1631 = EDGE_CURVE ( 'NONE', #1086, #333, #1103, .T. ) ;
#1632 = AXIS2_PLACEMENT_3D ( 'NONE', #1255, #713, #1231 ) ;
#1633 = DIRECTION ( 'NONE',  ( -0.000000000000000000, -1.000000000000000000, -0.000000000000000000 ) ) ;
#1634 = CARTESIAN_POINT ( 'NONE',  ( 11.42615592730106044, 0.000000000000000000, -8.927091392227287869 ) ) ;
#1635 = CARTESIAN_POINT ( 'NONE',  ( 0.000000000000000000, 1.000000000000000000, 0.000000000000000000 ) ) ;
#1636 = VERTEX_POINT ( 'NONE', #113 ) ;
#1637 = EDGE_LOOP ( 'NONE', ( #1545, #746 ) ) ;
#1638 = DIRECTION ( 'NONE',  ( -0.000000000000000000, -1.000000000000000000, -0.000000000000000000 ) ) ;
#1639 = CIRCLE ( 'NONE', #91, 1.050000000000002265 ) ;
#1640 = DIRECTION ( 'NONE',  ( 0.000000000000000000, 1.000000000000000000, 0.000000000000000000 ) ) ;
#1641 = CIRCLE ( 'NONE', #1371, 1.050000000000002265 ) ;
#1642 = EDGE_CURVE ( 'NONE', #340, #1283, #1130, .T. ) ;
#1643 =( LENGTH_UNIT ( ) NAMED_UNIT ( * ) SI_UNIT ( .MILLI., .METRE. ) );
#1644 = AXIS2_PLACEMENT_3D ( 'NONE', #1355, #715, #48 ) ;
#1645 = CARTESIAN_POINT ( 'NONE',  ( 0.000000000000000000, -5.000000000000000000, -12.00000000000000178 ) ) ;
#1646 = UNCERTAINTY_MEASURE_WITH_UNIT (LENGTH_MEASURE( 1.000000000000000082E-05 ), #156, 'distance_accuracy_value', 'NONE');
#1647 = LINE ( 'NONE', #734, #669 ) ;
#1648 = ORIENTED_EDGE ( 'NONE', *, *, #1064, .F. ) ;
ENDSEC;
END-ISO-10303-21;
