ISO-10303-21;
HEADER;
FILE_DESCRIPTION (( 'STEP AP214' ),
    '1' );
FILE_NAME ('Êä³ö¶Ë¸Çv1.0.STEP',
    '2026-08-16T14:42:33',
    ( '' ),
    ( '' ),
    'SwSTEP 2.0',
    'SolidWorks 2024',
    '' );
FILE_SCHEMA (( 'AUTOMOTIVE_DESIGN' ));
ENDSEC;

DATA;
#1 = DIRECTION ( 'NONE',  ( 1.000000000000000000, 0.000000000000000000, 0.000000000000000000 ) ) ;
#2 = CIRCLE ( 'NONE', #2324, 1.050000000000000488 ) ;
#3 = VERTEX_POINT ( 'NONE', #2448 ) ;
#4 = VERTEX_POINT ( 'NONE', #2157 ) ;
#5 = DIRECTION ( 'NONE',  ( -0.5739351457012090707, -0.8189007562146538577, 0.000000000000000000 ) ) ;
#6 = CIRCLE ( 'NONE', #2862, 1.999999999999351186 ) ;
#7 = DIRECTION ( 'NONE',  ( 1.000000000000000000, 0.000000000000000000, 0.000000000000000000 ) ) ;
#8 = ORIENTED_EDGE ( 'NONE', *, *, #1293, .T. ) ;
#9 = VECTOR ( 'NONE', #314, 1000.000000000000000 ) ;
#10 = ORIENTED_EDGE ( 'NONE', *, *, #3164, .T. ) ;
#11 = FACE_OUTER_BOUND ( 'NONE', #2483, .T. ) ;
#12 = ORIENTED_EDGE ( 'NONE', *, *, #1645, .F. ) ;
#13 = FACE_OUTER_BOUND ( 'NONE', #679, .T. ) ;
#14 = DIRECTION ( 'NONE',  ( -0.000000000000000000, 0.000000000000000000, -1.000000000000000000 ) ) ;
#15 = PRODUCT_RELATED_PRODUCT_CATEGORY ( 'part', '', ( #114 ) ) ;
#16 = AXIS2_PLACEMENT_3D ( 'NONE', #912, #2015, #381 ) ;
#17 = CARTESIAN_POINT ( 'NONE',  ( 45.42852697238594573, 3.378819091186667567, 2.000000000000000000 ) ) ;
#18 = CARTESIAN_POINT ( 'NONE',  ( 36.71818125524792009, -5.600237423932064473, 0.000000000000000000 ) ) ;
#19 = VECTOR ( 'NONE', #3417, 1000.000000000000114 ) ;
#20 = ADVANCED_FACE ( 'NONE', ( #3510 ), #3531, .F. ) ;
#21 = AXIS2_PLACEMENT_3D ( 'NONE', #1510, #1443, #38 ) ;
#22 = ORIENTED_EDGE ( 'NONE', *, *, #3607, .T. ) ;
#23 = CIRCLE ( 'NONE', #1826, 20.50000000000000711 ) ;
#24 = AXIS2_PLACEMENT_3D ( 'NONE', #1600, #1782, #124 ) ;
#25 = DIRECTION ( 'NONE',  ( 0.000000000000000000, 0.000000000000000000, 1.000000000000000000 ) ) ;
#26 = CARTESIAN_POINT ( 'NONE',  ( 47.42852697238529913, 3.378819091186667567, 0.000000000000000000 ) ) ;
#27 = ORIENTED_EDGE ( 'NONE', *, *, #1442, .F. ) ;
#28 = ORIENTED_EDGE ( 'NONE', *, *, #1575, .F. ) ;
#29 = DIRECTION ( 'NONE',  ( -0.000000000000000000, -0.000000000000000000, 1.000000000000000000 ) ) ;
#30 = AXIS2_PLACEMENT_3D ( 'NONE', #2980, #463, #2679 ) ;
#31 = LINE ( 'NONE', #3371, #3153 ) ;
#32 = DIRECTION ( 'NONE',  ( -0.000000000000000000, -0.000000000000000000, -1.000000000000000000 ) ) ;
#33 = VECTOR ( 'NONE', #2124, 1000.000000000000000 ) ;
#34 = DIRECTION ( 'NONE',  ( -0.000000000000000000, -0.000000000000000000, 1.000000000000000000 ) ) ;
#35 = DIRECTION ( 'NONE',  ( -1.000000000000000000, 0.000000000000000000, 0.000000000000000000 ) ) ;
#36 = ORIENTED_EDGE ( 'NONE', *, *, #1936, .T. ) ;
#37 = EDGE_CURVE ( 'NONE', #2705, #2596, #2906, .T. ) ;
#38 = DIRECTION ( 'NONE',  ( -0.9961564309107828752, 0.08759203819463656782, 0.000000000000000000 ) ) ;
#39 = DIRECTION ( 'NONE',  ( -1.000000000000000000, 0.000000000000000000, 0.000000000000000000 ) ) ;
#40 = DIRECTION ( 'NONE',  ( -0.000000000000000000, 0.000000000000000000, -1.000000000000000000 ) ) ;
#41 = EDGE_LOOP ( 'NONE', ( #2495, #1487, #1016, #3512 ) ) ;
#42 = EDGE_LOOP ( 'NONE', ( #3028, #1055, #413, #3236 ) ) ;
#43 = DIRECTION ( 'NONE',  ( 3.491481338843133355E-15, -1.000000000000000000, 0.000000000000000000 ) ) ;
#44 = CARTESIAN_POINT ( 'NONE',  ( 36.71818125524792009, -5.600237423932064473, 2.000000000000000000 ) ) ;
#45 = DIRECTION ( 'NONE',  ( -0.000000000000000000, -0.000000000000000000, -1.000000000000000000 ) ) ;
#46 = DIRECTION ( 'NONE',  ( -0.000000000000000000, -0.000000000000000000, -1.000000000000000000 ) ) ;
#47 = CLOSED_SHELL ( 'NONE', ( #570, #3036, #20, #1848, #1915, #589, #965, #2209, #3235, #2348, #3588, #312, #822, #3181, #1687, #3066, #541, #1319, #2690, #762, #1204, #920, #1101, #1509, #2473, #656, #100, #3411, #3349, #2360, #897, #1390, #3341, #1336, #2258, #471, #2734, #2005, #2309, #1573, #1488, #3611, #1468, #935, #2533, #354, #552, #1750, #2506, #388, #2868, #630, #1981, #2737, #2466, #2539, #1506, #2739, #3609, #205, #2620, #584, #3389, #3474, #1001, #2787, #3303, #2815, #3254, #811, #1937, #1007, #1672, #2805, #369, #1170, #542, #247, #2511, #1603, #1793, #2158, #1864, #2783, #81, #1969, #3100, #767, #2761, #1494, #1463, #1366, #594, #361, #149, #1856, #627, #2830, #1730, #1190, #3545, #230, #3438, #2442, #2248 ) ) ;
#48 = LINE ( 'NONE', #1779, #358 ) ;
#49 = VECTOR ( 'NONE', #1224, 1000.000000000000000 ) ;
#50 = ORIENTED_EDGE ( 'NONE', *, *, #1819, .T. ) ;
#51 = PRODUCT_DEFINITION_CONTEXT ( 'detailed design', #235, 'design' ) ;
#52 = DIRECTION ( 'NONE',  ( -0.5739351457012072943, -0.8189007562146550789, 0.000000000000000000 ) ) ;
#53 =( LENGTH_UNIT ( ) NAMED_UNIT ( * ) SI_UNIT ( .MILLI., .METRE. ) );
#54 = CARTESIAN_POINT ( 'NONE',  ( 50.68586042541623726, 9.629412986673806074, 6.000000000000000000 ) ) ;
#55 = LINE ( 'NONE', #1062, #1951 ) ;
#56 = ORIENTED_EDGE ( 'NONE', *, *, #1103, .F. ) ;
#57 = VERTEX_POINT ( 'NONE', #216 ) ;
#58 = EDGE_CURVE ( 'NONE', #477, #412, #3275, .T. ) ;
#59 = DIRECTION ( 'NONE',  ( -0.8660254037844452579, 0.4999999999999886202, 0.000000000000000000 ) ) ;
#60 = FACE_OUTER_BOUND ( 'NONE', #366, .T. ) ;
#61 = EDGE_CURVE ( 'NONE', #3198, #1491, #761, .T. ) ;
#62 = ORIENTED_EDGE ( 'NONE', *, *, #3354, .F. ) ;
#63 = CYLINDRICAL_SURFACE ( 'NONE', #309, 1.050000000000005818 ) ;
#64 = LINE ( 'NONE', #2804, #1136 ) ;
#65 = LINE ( 'NONE', #2356, #2884 ) ;
#66 = CARTESIAN_POINT ( 'NONE',  ( 49.79351200364038021, 30.27504272577854394, 2.000000000000000000 ) ) ;
#67 = AXIS2_PLACEMENT_3D ( 'NONE', #83, #592, #349 ) ;
#68 = CARTESIAN_POINT ( 'NONE',  ( 38.81445548852256877, 40.98538844291566363, 2.000000000000000000 ) ) ;
#69 = SURFACE_SIDE_STYLE ('',( #907 ) ) ;
#70 = PLANE ( 'NONE',  #1590 ) ;
#71 = CIRCLE ( 'NONE', #2813, 1.250000000000001110 ) ;
#72 = LINE ( 'NONE', #2608, #325 ) ;
#73 = VECTOR ( 'NONE', #1756, 1000.000000000000000 ) ;
#74 = ORIENTED_EDGE ( 'NONE', *, *, #1696, .T. ) ;
#75 = CIRCLE ( 'NONE', #791, 1.250000000000001110 ) ;
#76 = ORIENTED_EDGE ( 'NONE', *, *, #3138, .T. ) ;
#77 = CARTESIAN_POINT ( 'NONE',  ( 25.31820655458890812, 18.87506802511944315, -25.05000000000000426 ) ) ;
#78 = DIRECTION ( 'NONE',  ( -0.5000000000000103251, 0.8660254037844328234, 0.000000000000000000 ) ) ;
#79 = AXIS2_PLACEMENT_3D ( 'NONE', #516, #3366, #1149 ) ;
#80 = ORIENTED_EDGE ( 'NONE', *, *, #2325, .F. ) ;
#81 = ADVANCED_FACE ( 'NONE', ( #511 ), #1614, .F. ) ;
#82 = DIRECTION ( 'NONE',  ( 0.000000000000000000, 0.000000000000000000, 1.000000000000000000 ) ) ;
#83 = CARTESIAN_POINT ( 'NONE',  ( 3.207886136792633014, 34.37131695905236484, 2.000000000000001776 ) ) ;
#84 = VECTOR ( 'NONE', #3306, 1000.000000000000000 ) ;
#85 = ORIENTED_EDGE ( 'NONE', *, *, #3203, .T. ) ;
#86 = AXIS2_PLACEMENT_3D ( 'NONE', #3200, #902, #1267 ) ;
#87 = DIRECTION ( 'NONE',  ( -1.000000000000000000, 0.000000000000000000, 0.000000000000000000 ) ) ;
#88 = CARTESIAN_POINT ( 'NONE',  ( 9.256905473733350931, 38.03321531524403554, 0.000000000000000000 ) ) ;
#89 = CARTESIAN_POINT ( 'NONE',  ( 25.31820655458890812, 18.87506802511944315, 0.000000000000000000 ) ) ;
#90 = AXIS2_PLACEMENT_3D ( 'NONE', #3163, #1753, #364 ) ;
#91 = FACE_OUTER_BOUND ( 'NONE', #1947, .T. ) ;
#92 = DIRECTION ( 'NONE',  ( 0.000000000000000000, 0.000000000000000000, 1.000000000000000000 ) ) ;
#93 = ORIENTED_EDGE ( 'NONE', *, *, #1976, .F. ) ;
#94 = VERTEX_POINT ( 'NONE', #1381 ) ;
#95 = CARTESIAN_POINT ( 'NONE',  ( 47.86191496572860160, 0.6327761988846949404, 2.000000000000000000 ) ) ;
#96 = CARTESIAN_POINT ( 'NONE',  ( 40.12950763544459676, -0.2830792650050373283, 14.00000000000000000 ) ) ;
#97 = ORIENTED_EDGE ( 'NONE', *, *, #2229, .F. ) ;
#98 = LINE ( 'NONE', #332, #9 ) ;
#99 = CARTESIAN_POINT ( 'NONE',  ( 25.31820655458890812, 18.87506802511944315, 2.000000000000000000 ) ) ;
#100 = ADVANCED_FACE ( 'NONE', ( #546 ), #2537, .F. ) ;
#101 = EDGE_CURVE ( 'NONE', #2201, #1448, #3259, .T. ) ;
#102 = EDGE_CURVE ( 'NONE', #2431, #1469, #170, .T. ) ;
#103 = LINE ( 'NONE', #1172, #2618 ) ;
#104 = AXIS2_PLACEMENT_3D ( 'NONE', #54, #3230, #634 ) ;
#105 = EDGE_CURVE ( 'NONE', #157, #2080, #1683, .T. ) ;
#106 = CARTESIAN_POINT ( 'NONE',  ( 49.94029933770856644, 23.20548913390874901, 14.00000000000000000 ) ) ;
#107 = CARTESIAN_POINT ( 'NONE',  ( 50.69946376408944388, 32.90331746919400047, 2.000000000000000000 ) ) ;
#108 = ORIENTED_EDGE ( 'NONE', *, *, #290, .F. ) ;
#109 = VERTEX_POINT ( 'NONE', #272 ) ;
#110 = LINE ( 'NONE', #638, #2398 ) ;
#111 = CIRCLE ( 'NONE', #1567, 29.00000000000002132 ) ;
#112 = CARTESIAN_POINT ( 'NONE',  ( 52.21443018918072454, 16.51008299386435141, 2.000000000000000000 ) ) ;
#113 = VERTEX_POINT ( 'NONE', #617 ) ;
#114 = PRODUCT ( '\X2\8f9351fa7aef76d6\X0\v1.0', '\X2\8f9351fa7aef76d6\X0\v1.0', '', ( #3012 ) ) ;
#115 = LINE ( 'NONE', #2691, #1358 ) ;
#116 = DIRECTION ( 'NONE',  ( -0.000000000000000000, 0.000000000000000000, 1.000000000000000000 ) ) ;
#117 = ORIENTED_EDGE ( 'NONE', *, *, #2603, .F. ) ;
#118 = VERTEX_POINT ( 'NONE', #1396 ) ;
#119 = FACE_BOUND ( 'NONE', #1633, .T. ) ;
#120 = AXIS2_PLACEMENT_3D ( 'NONE', #1520, #1004, #3515 ) ;
#121 = FACE_OUTER_BOUND ( 'NONE', #1919, .T. ) ;
#122 = DIRECTION ( 'NONE',  ( 1.000000000000000000, 0.000000000000000000, 0.000000000000000000 ) ) ;
#123 = EDGE_CURVE ( 'NONE', #3167, #3082, #642, .T. ) ;
#124 = DIRECTION ( 'NONE',  ( -1.000000000000000000, 0.000000000000000000, 0.000000000000000000 ) ) ;
#125 = EDGE_CURVE ( 'NONE', #2174, #1393, #2671, .T. ) ;
#126 = ORIENTED_EDGE ( 'NONE', *, *, #340, .F. ) ;
#127 = AXIS2_PLACEMENT_3D ( 'NONE', #2732, #2716, #2475 ) ;
#128 = ORIENTED_EDGE ( 'NONE', *, *, #1870, .F. ) ;
#129 = AXIS2_PLACEMENT_3D ( 'NONE', #1829, #2410, #469 ) ;
#130 = CARTESIAN_POINT ( 'NONE',  ( 53.96277664726218859, 14.34863408592079992, 2.000000000000000000 ) ) ;
#131 = LINE ( 'NONE', #2062, #2424 ) ;
#132 = AXIS2_PLACEMENT_3D ( 'NONE', #3052, #3578, #2997 ) ;
#133 = AXIS2_PLACEMENT_3D ( 'NONE', #921, #3448, #1762 ) ;
#134 = EDGE_LOOP ( 'NONE', ( #1097, #1958, #2988, #3380 ) ) ;
#135 = ORIENTED_EDGE ( 'NONE', *, *, #421, .F. ) ;
#136 = CARTESIAN_POINT ( 'NONE',  ( 52.21443018918072454, 16.51008299386435141, 2.000000000000000000 ) ) ;
#137 = AXIS2_PLACEMENT_3D ( 'NONE', #342, #1446, #2280 ) ;
#138 = CYLINDRICAL_SURFACE ( 'NONE', #2102, 1.250000000000001110 ) ;
#139 = CYLINDRICAL_SURFACE ( 'NONE', #3518, 1.250000000000001110 ) ;
#140 = ORIENTED_EDGE ( 'NONE', *, *, #2021, .F. ) ;
#141 = EDGE_LOOP ( 'NONE', ( #1802, #998, #564, #3605 ) ) ;
#142 = PLANE ( 'NONE',  #3150 ) ;
#143 = CIRCLE ( 'NONE', #3464, 1.249999999999994227 ) ;
#144 = DIRECTION ( 'NONE',  ( -1.000000000000000000, 0.000000000000000000, 0.000000000000000000 ) ) ;
#145 = DIRECTION ( 'NONE',  ( -0.000000000000000000, -0.000000000000000000, 1.000000000000000000 ) ) ;
#146 = FACE_OUTER_BOUND ( 'NONE', #141, .T. ) ;
#147 = VECTOR ( 'NONE', #1909, 1000.000000000000000 ) ;
#148 = ORIENTED_EDGE ( 'NONE', *, *, #2141, .T. ) ;
#149 = ADVANCED_FACE ( 'NONE', ( #1429 ), #3586, .F. ) ;
#150 = EDGE_CURVE ( 'NONE', #2081, #380, #238, .T. ) ;
#151 = VERTEX_POINT ( 'NONE', #2482 ) ;
#152 = CIRCLE ( 'NONE', #104, 1.010000000000004006 ) ;
#153 = CARTESIAN_POINT ( 'NONE',  ( 35.66818125524793004, -5.600237423932064473, 5.999999999999998224 ) ) ;
#154 = CARTESIAN_POINT ( 'NONE',  ( 27.68319158584427697, 45.77129165971123825, 0.000000000000000000 ) ) ;
#155 = EDGE_CURVE ( 'NONE', #3551, #1365, #2733, .T. ) ;
#156 = ORIENTED_EDGE ( 'NONE', *, *, #384, .T. ) ;
#157 = VERTEX_POINT ( 'NONE', #2745 ) ;
#158 = DIRECTION ( 'NONE',  ( 0.000000000000000000, 0.000000000000000000, -1.000000000000000000 ) ) ;
#159 = CARTESIAN_POINT ( 'NONE',  ( 12.86823185393006774, 43.35037347417103604, 5.999999999999998224 ) ) ;
#160 = DIRECTION ( 'NONE',  ( 0.9064927944092917578, 0.4222212852095847957, 0.000000000000000000 ) ) ;
#161 = EDGE_CURVE ( 'NONE', #2484, #3149, #820, .T. ) ;
#162 = EDGE_LOOP ( 'NONE', ( #3496, #930 ) ) ;
#163 = ORIENTED_EDGE ( 'NONE', *, *, #2892, .T. ) ;
#164 = CARTESIAN_POINT ( 'NONE',  ( 40.28489535596634852, 43.71451701906301679, 0.000000000000000000 ) ) ;
#165 = DIRECTION ( 'NONE',  ( 0.9961564309107828752, -0.08759203819463656782, 0.000000000000000000 ) ) ;
#166 = EDGE_CURVE ( 'NONE', #1616, #1656, #1917, .T. ) ;
#167 = DIRECTION ( 'NONE',  ( 0.000000000000000000, 0.000000000000000000, 1.000000000000000000 ) ) ;
#168 = DIRECTION ( 'NONE',  ( -0.08759203819464000951, -0.9961564309107825421, 0.000000000000000000 ) ) ;
#169 = ORIENTED_EDGE ( 'NONE', *, *, #3170, .T. ) ;
#170 = CIRCLE ( 'NONE', #701, 1.250000000000001110 ) ;
#171 = ORIENTED_EDGE ( 'NONE', *, *, #3492, .T. ) ;
#172 = DIRECTION ( 'NONE',  ( -1.000000000000000000, 0.000000000000000000, 0.000000000000000000 ) ) ;
#173 = ORIENTED_EDGE ( 'NONE', *, *, #719, .T. ) ;
#174 = MECHANICAL_DESIGN_GEOMETRIC_PRESENTATION_REPRESENTATION (  '', ( #1276 ), #2560 ) ;
#175 = EDGE_CURVE ( 'NONE', #1448, #2315, #890, .T. ) ;
#176 = ORIENTED_EDGE ( 'NONE', *, *, #3022, .T. ) ;
#177 = AXIS2_PLACEMENT_3D ( 'NONE', #2010, #3415, #2900 ) ;
#178 = EDGE_LOOP ( 'NONE', ( #2609, #3296, #3258, #1271 ) ) ;
#179 = CARTESIAN_POINT ( 'NONE',  ( 25.69087872402335648, 45.94647573610046010, 0.000000000000000000 ) ) ;
#180 = CARTESIAN_POINT ( 'NONE',  ( 29.84464049378784978, 47.51963811779266678, 0.000000000000000000 ) ) ;
#181 = CARTESIAN_POINT ( 'NONE',  ( -1.578017080002894090, 21.24005305637471963, 0.000000000000000000 ) ) ;
#182 = EDGE_CURVE ( 'NONE', #1347, #1522, #3197, .T. ) ;
#183 = AXIS2_PLACEMENT_3D ( 'NONE', #1141, #3087, #2245 ) ;
#184 = AXIS2_PLACEMENT_3D ( 'NONE', #576, #1621, #1087 ) ;
#185 = ORIENTED_EDGE ( 'NONE', *, *, #1486, .F. ) ;
#186 = CARTESIAN_POINT ( 'NONE',  ( 29.67550444766519391, 45.59610758332200930, 2.000000000000000000 ) ) ;
#187 = CARTESIAN_POINT ( 'NONE',  ( 39.76445548852191791, 40.98538844291566363, 5.999999999999998224 ) ) ;
#188 = EDGE_CURVE ( 'NONE', #466, #1092, #2082, .T. ) ;
#189 = CARTESIAN_POINT ( 'NONE',  ( -3.676731690862765412, 19.41687624067645856, 2.000000000000000000 ) ) ;
#190 = DIRECTION ( 'NONE',  ( 1.000000000000000000, 0.000000000000000000, 0.000000000000000000 ) ) ;
#191 = CARTESIAN_POINT ( 'NONE',  ( -0.04944731623848785951, 28.12072306356488838, 3.000000000000000000 ) ) ;
#192 = ORIENTED_EDGE ( 'NONE', *, *, #2079, .F. ) ;
#193 = AXIS2_PLACEMENT_3D ( 'NONE', #2376, #3222, #3478 ) ;
#194 = VERTEX_POINT ( 'NONE', #2200 ) ;
#195 = CARTESIAN_POINT ( 'NONE',  ( 25.31820655458890812, 18.87506802511944315, 2.000000000000000000 ) ) ;
#196 = ORIENTED_EDGE ( 'NONE', *, *, #101, .T. ) ;
#197 = CIRCLE ( 'NONE', #193, 29.00000000000002842 ) ;
#198 = EDGE_LOOP ( 'NONE', ( #1574, #460 ) ) ;
#199 = CIRCLE ( 'NONE', #785, 29.00000000000002842 ) ;
#200 = VERTEX_POINT ( 'NONE', #841 ) ;
#201 = EDGE_CURVE ( 'NONE', #1718, #1787, #990, .T. ) ;
#202 = LINE ( 'NONE', #515, #1902 ) ;
#203 = CIRCLE ( 'NONE', #2111, 1.999999999999349409 ) ;
#204 = LINE ( 'NONE', #1578, #482 ) ;
#205 = ADVANCED_FACE ( 'NONE', ( #306, #2250 ), #1412, .T. ) ;
#206 = ORIENTED_EDGE ( 'NONE', *, *, #855, .F. ) ;
#207 = CARTESIAN_POINT ( 'NONE',  ( 47.56820655458891167, 18.87506802511944315, 1.950000000000000400 ) ) ;
#208 = FACE_OUTER_BOUND ( 'NONE', #3182, .T. ) ;
#209 = EDGE_CURVE ( 'NONE', #3294, #1812, #1974, .T. ) ;
#210 = CARTESIAN_POINT ( 'NONE',  ( 52.38834890492724838, 29.27734629155801827, 0.000000000000000000 ) ) ;
#211 = DIRECTION ( 'NONE',  ( 0.9961564309107825421, -0.08759203819464000951, 0.000000000000000000 ) ) ;
#212 = ORIENTED_EDGE ( 'NONE', *, *, #102, .F. ) ;
#213 = MANIFOLD_SOLID_BREP ( '\X2\52079664\X0\-\X2\62c94f38\X0\6', #47 ) ;
#214 = VERTEX_POINT ( 'NONE', #2327 ) ;
#215 = DIRECTION ( 'NONE',  ( -1.000000000000000000, 0.000000000000000000, 0.000000000000000000 ) ) ;
#216 = CARTESIAN_POINT ( 'NONE',  ( -0.5280170800028931577, 21.24005305637472318, 5.999999999999998224 ) ) ;
#217 = EDGE_LOOP ( 'NONE', ( #549, #3193, #1554, #50 ) ) ;
#218 = CIRCLE ( 'NONE', #2955, 1.050000000000000933 ) ;
#219 = ORIENTED_EDGE ( 'NONE', *, *, #1442, .T. ) ;
#220 = PLANE ( 'NONE',  #1963 ) ;
#221 = CARTESIAN_POINT ( 'NONE',  ( 18.00741485232489225, -4.613500373794265919, 0.000000000000000000 ) ) ;
#222 = FACE_BOUND ( 'NONE', #1833, .T. ) ;
#223 = AXIS2_PLACEMENT_3D ( 'NONE', #2393, #3592, #732 ) ;
#224 = ORIENTED_EDGE ( 'NONE', *, *, #1980, .F. ) ;
#225 = CARTESIAN_POINT ( 'NONE',  ( 32.62899825685308741, 42.36363642403309626, 6.000000000000000000 ) ) ;
#226 = CARTESIAN_POINT ( 'NONE',  ( 11.28995711051462081, 44.25632523462012813, 0.000000000000000000 ) ) ;
#227 = EDGE_CURVE ( 'NONE', #1522, #151, #2568, .T. ) ;
#228 = LINE ( 'NONE', #2440, #444 ) ;
#229 = CARTESIAN_POINT ( 'NONE',  ( 47.56820655458891167, 18.87506802511944315, 6.000000000000000000 ) ) ;
#230 = ADVANCED_FACE ( 'NONE', ( #1460 ), #1193, .F. ) ;
#231 = EDGE_LOOP ( 'NONE', ( #800, #3102, #3452, #117 ) ) ;
#232 = ORIENTED_EDGE ( 'NONE', *, *, #518, .F. ) ;
#233 = CARTESIAN_POINT ( 'NONE',  ( -0.2070988944626362960, 7.475093324460505784, 2.000000000000001776 ) ) ;
#234 = DIRECTION ( 'NONE',  ( -0.000000000000000000, 0.000000000000000000, -1.000000000000000000 ) ) ;
#235 = APPLICATION_CONTEXT ( 'automotive_design' ) ;
#236 = ORIENTED_EDGE ( 'NONE', *, *, #700, .T. ) ;
#237 = ORIENTED_EDGE ( 'NONE', *, *, #855, .T. ) ;
#238 = CIRCLE ( 'NONE', #2374, 1.010000000000004006 ) ;
#239 = CYLINDRICAL_SURFACE ( 'NONE', #2017, 1.999999999999351186 ) ;
#240 = DIRECTION ( 'NONE',  ( -1.000000000000000000, 0.000000000000000000, 0.000000000000000000 ) ) ;
#241 = FACE_BOUND ( 'NONE', #2913, .T. ) ;
#242 = EDGE_LOOP ( 'NONE', ( #8, #362, #2305, #892, #1022 ) ) ;
#243 = CARTESIAN_POINT ( 'NONE',  ( 42.62950763544459676, -0.2830792650050371617, 14.00000000000000000 ) ) ;
#244 = DIRECTION ( 'NONE',  ( 0.000000000000000000, 0.000000000000000000, -1.000000000000000000 ) ) ;
#245 = CARTESIAN_POINT ( 'NONE',  ( 25.86001477014602301, 47.87000627057111046, 2.000000000000000000 ) ) ;
#246 = CARTESIAN_POINT ( 'NONE',  ( 43.56049838082389414, 41.41877643625893768, 0.000000000000000000 ) ) ;
#247 = ADVANCED_FACE ( 'NONE', ( #1763 ), #1746, .F. ) ;
#248 = VECTOR ( 'NONE', #2677, 1000.000000000000000 ) ;
#249 = ORIENTED_EDGE ( 'NONE', *, *, #125, .F. ) ;
#250 = ORIENTED_EDGE ( 'NONE', *, *, #2193, .T. ) ;
#251 = EDGE_CURVE ( 'NONE', #2341, #3419, #3395, .T. ) ;
#252 = CARTESIAN_POINT ( 'NONE',  ( 46.28065668098325602, 1.741017578757879436, 2.000000000000000000 ) ) ;
#253 = DIRECTION ( 'NONE',  ( 0.000000000000000000, 0.000000000000000000, 1.000000000000000000 ) ) ;
#254 = AXIS2_PLACEMENT_3D ( 'NONE', #968, #3261, #2066 ) ;
#255 = ORIENTED_EDGE ( 'NONE', *, *, #671, .F. ) ;
#256 = ORIENTED_EDGE ( 'NONE', *, *, #281, .T. ) ;
#257 = DIRECTION ( 'NONE',  ( -0.000000000000000000, -0.000000000000000000, -1.000000000000000000 ) ) ;
#258 = CARTESIAN_POINT ( 'NONE',  ( 7.075914728353914107, -3.668640386020050048, 2.000000000000000000 ) ) ;
#259 = AXIS2_PLACEMENT_3D ( 'NONE', #2394, #1026, #2125 ) ;
#260 = AXIS2_PLACEMENT_3D ( 'NONE', #1194, #2313, #2569 ) ;
#261 = EDGE_LOOP ( 'NONE', ( #1514, #3092, #3547, #554 ) ) ;
#262 = AXIS2_PLACEMENT_3D ( 'NONE', #1262, #1345, #2947 ) ;
#263 = DIRECTION ( 'NONE',  ( -0.000000000000000000, -0.000000000000000000, -1.000000000000000000 ) ) ;
#264 = DIRECTION ( 'NONE',  ( 1.000000000000000000, 0.000000000000000000, 0.000000000000000000 ) ) ;
#265 = AXIS2_PLACEMENT_3D ( 'NONE', #1112, #3075, #875 ) ;
#266 = CARTESIAN_POINT ( 'NONE',  ( 16.75741485232489580, -4.613500373794265919, 6.000000000000000000 ) ) ;
#267 = DIRECTION ( 'NONE',  ( -0.000000000000000000, 0.000000000000000000, -1.000000000000000000 ) ) ;
#268 = AXIS2_PLACEMENT_3D ( 'NONE', #601, #2992, #1701 ) ;
#269 = ORIENTED_EDGE ( 'NONE', *, *, #2950, .T. ) ;
#270 = ORIENTED_EDGE ( 'NONE', *, *, #1339, .F. ) ;
#271 = CARTESIAN_POINT ( 'NONE',  ( 53.26443018918072880, 16.51008299386434430, 5.999999999999998224 ) ) ;
#272 = CARTESIAN_POINT ( 'NONE',  ( -2.628017080002895245, 21.24005305637472318, 5.999999999999998224 ) ) ;
#273 = AXIS2_PLACEMENT_3D ( 'NONE', #629, #2531, #2909 ) ;
#274 = EDGE_CURVE ( 'NONE', #2047, #1846, #2797, .T. ) ;
#275 = ORIENTED_EDGE ( 'NONE', *, *, #3170, .F. ) ;
#276 = ORIENTED_EDGE ( 'NONE', *, *, #2969, .F. ) ;
#277 = EDGE_CURVE ( 'NONE', #1448, #2484, #633, .T. ) ;
#278 = VECTOR ( 'NONE', #3412, 1000.000000000000000 ) ;
#279 = FACE_BOUND ( 'NONE', #1261, .T. ) ;
#280 = LINE ( 'NONE', #258, #1242 ) ;
#281 = EDGE_CURVE ( 'NONE', #3226, #942, #2322, .T. ) ;
#282 = ORIENTED_EDGE ( 'NONE', *, *, #1597, .F. ) ;
#283 = AXIS2_PLACEMENT_3D ( 'NONE', #2353, #1516, #707 ) ;
#284 = EDGE_CURVE ( 'NONE', #1723, #2392, #1688, .T. ) ;
#285 = CARTESIAN_POINT ( 'NONE',  ( 36.71818125524792009, -5.600237423932064473, 5.999999999999998224 ) ) ;
#286 = DIRECTION ( 'NONE',  ( 1.000000000000000000, 0.000000000000000000, 0.000000000000000000 ) ) ;
#287 = DIRECTION ( 'NONE',  ( -0.9064927944092917578, -0.4222212852095847957, 0.000000000000000000 ) ) ;
#288 = DIRECTION ( 'NONE',  ( -0.000000000000000000, -0.000000000000000000, 1.000000000000000000 ) ) ;
#289 = ORIENTED_EDGE ( 'NONE', *, *, #384, .F. ) ;
#290 = EDGE_CURVE ( 'NONE', #2121, #2096, #1455, .T. ) ;
#291 = EDGE_LOOP ( 'NONE', ( #966, #3277, #2794, #297 ) ) ;
#292 = CARTESIAN_POINT ( 'NONE',  ( -1.753201156392117266, 19.24774019455379559, 2.000000000000000000 ) ) ;
#293 = DIRECTION ( 'NONE',  ( 0.000000000000000000, 0.000000000000000000, -1.000000000000000000 ) ) ;
#294 = ORIENTED_EDGE ( 'NONE', *, *, #3365, .T. ) ;
#295 = ORIENTED_EDGE ( 'NONE', *, *, #790, .T. ) ;
#296 = CARTESIAN_POINT ( 'NONE',  ( 35.66818125524793004, -5.600237423932064473, 2.000000000000001776 ) ) ;
#297 = ORIENTED_EDGE ( 'NONE', *, *, #2534, .T. ) ;
#298 = EDGE_CURVE ( 'NONE', #2669, #2705, #2740, .T. ) ;
#299 = FACE_OUTER_BOUND ( 'NONE', #823, .T. ) ;
#300 = CARTESIAN_POINT ( 'NONE',  ( -3.326363538084339933, 23.40150196431828178, 2.000000000000000000 ) ) ;
#301 = DIRECTION ( 'NONE',  ( 1.000000000000000000, 0.000000000000000000, 0.000000000000000000 ) ) ;
#302 = DIRECTION ( 'NONE',  ( 0.000000000000000000, 0.000000000000000000, 1.000000000000000000 ) ) ;
#303 = AXIS2_PLACEMENT_3D ( 'NONE', #3020, #561, #1377 ) ;
#304 = ORIENTED_EDGE ( 'NONE', *, *, #105, .F. ) ;
#305 = CARTESIAN_POINT ( 'NONE',  ( 36.71818125524792009, -5.600237423932064473, 2.000000000000001776 ) ) ;
#306 = FACE_OUTER_BOUND ( 'NONE', #3217, .T. ) ;
#307 = CARTESIAN_POINT ( 'NONE',  ( 27.68319158584427697, 45.77129165971123825, 2.000000000000000000 ) ) ;
#308 = ORIENTED_EDGE ( 'NONE', *, *, #1341, .T. ) ;
#309 = AXIS2_PLACEMENT_3D ( 'NONE', #2878, #1217, #948 ) ;
#310 = EDGE_LOOP ( 'NONE', ( #1165, #773, #2870, #2128 ) ) ;
#311 = LINE ( 'NONE', #1416, #2890 ) ;
#312 = ADVANCED_FACE ( 'NONE', ( #683 ), #2346, .F. ) ;
#313 = ORIENTED_EDGE ( 'NONE', *, *, #1181, .T. ) ;
#314 = DIRECTION ( 'NONE',  ( 0.000000000000000000, -0.000000000000000000, -1.000000000000000000 ) ) ;
#315 = CARTESIAN_POINT ( 'NONE',  ( 50.15765554853264518, 3.908379223742264319, 2.000000000000000000 ) ) ;
#316 = EDGE_CURVE ( 'NONE', #728, #1234, #3191, .T. ) ;
#317 = CIRCLE ( 'NONE', #503, 1.009999999999999787 ) ;
#318 = DIRECTION ( 'NONE',  ( -0.000000000000000000, 0.000000000000000000, -1.000000000000000000 ) ) ;
#319 = DIRECTION ( 'NONE',  ( -1.000000000000000000, 0.000000000000000000, 0.000000000000000000 ) ) ;
#320 = AXIS2_PLACEMENT_3D ( 'NONE', #3336, #1622, #1318 ) ;
#321 = AXIS2_PLACEMENT_3D ( 'NONE', #840, #599, #582 ) ;
#322 = AXIS2_PLACEMENT_3D ( 'NONE', #1422, #1985, #1739 ) ;
#323 = ORIENTED_EDGE ( 'NONE', *, *, #3385, .F. ) ;
#324 = DIRECTION ( 'NONE',  ( 0.000000000000000000, 0.000000000000000000, 1.000000000000000000 ) ) ;
#325 = VECTOR ( 'NONE', #1532, 1000.000000000000000 ) ;
#326 = CARTESIAN_POINT ( 'NONE',  ( 27.68319158584427697, 45.77129165971123825, 5.999999999999998224 ) ) ;
#327 = CARTESIAN_POINT ( 'NONE',  ( 4.257886136792626175, 34.37131695905236484, 2.000000000000001776 ) ) ;
#328 = ORIENTED_EDGE ( 'NONE', *, *, #2875, .F. ) ;
#329 = VERTEX_POINT ( 'NONE', #2552 ) ;
#330 = CARTESIAN_POINT ( 'NONE',  ( 35.72048482102739797, -8.195074325218932643, 2.000000000000000000 ) ) ;
#331 = AXIS2_PLACEMENT_3D ( 'NONE', #1407, #3288, #853 ) ;
#332 = CARTESIAN_POINT ( 'NONE',  ( 29.67550444766519391, 45.59610758332200930, 2.000000000000000000 ) ) ;
#333 = DIRECTION ( 'NONE',  ( -0.8660254037844452579, 0.4999999999999886202, 0.000000000000000000 ) ) ;
#334 = AXIS2_PLACEMENT_3D ( 'NONE', #881, #604, #2840 ) ;
#335 = DIRECTION ( 'NONE',  ( -0.000000000000000000, -0.000000000000000000, -1.000000000000000000 ) ) ;
#336 = FACE_OUTER_BOUND ( 'NONE', #310, .T. ) ;
#337 = ORIENTED_EDGE ( 'NONE', *, *, #1674, .F. ) ;
#338 = PLANE ( 'NONE',  #21 ) ;
#339 = DIRECTION ( 'NONE',  ( -0.000000000000000000, -0.000000000000000000, -1.000000000000000000 ) ) ;
#340 = EDGE_CURVE ( 'NONE', #857, #566, #111, .T. ) ;
#341 = CARTESIAN_POINT ( 'NONE',  ( 52.21443018918072454, 16.51008299386435141, 0.000000000000000000 ) ) ;
#342 = CARTESIAN_POINT ( 'NONE',  ( 3.207886136792633014, 34.37131695905236484, 27.00000000000000355 ) ) ;
#343 = ORIENTED_EDGE ( 'NONE', *, *, #3118, .T. ) ;
#344 = ORIENTED_EDGE ( 'NONE', *, *, #1056, .T. ) ;
#345 = DIRECTION ( 'NONE',  ( -0.000000000000000000, -0.000000000000000000, -1.000000000000000000 ) ) ;
#346 = LINE ( 'NONE', #894, #806 ) ;
#347 = VERTEX_POINT ( 'NONE', #1257 ) ;
#348 = DIRECTION ( 'NONE',  ( -0.000000000000000000, -0.000000000000000000, -1.000000000000000000 ) ) ;
#349 = DIRECTION ( 'NONE',  ( -1.000000000000000000, 0.000000000000000000, 0.000000000000000000 ) ) ;
#350 = AXIS2_PLACEMENT_3D ( 'NONE', #2765, #600, #1161 ) ;
#351 = DIRECTION ( 'NONE',  ( -1.000000000000000000, 0.000000000000000000, 0.000000000000000000 ) ) ;
#352 = DIRECTION ( 'NONE',  ( 1.000000000000000000, 0.000000000000000000, 0.000000000000000000 ) ) ;
#353 = AXIS2_PLACEMENT_3D ( 'NONE', #2719, #211, #3484 ) ;
#354 = ADVANCED_FACE ( 'NONE', ( #2426, #2365 ), #3544, .T. ) ;
#355 = DIRECTION ( 'NONE',  ( -1.052797695765233742E-14, 1.000000000000000000, 0.000000000000000000 ) ) ;
#356 = SURFACE_STYLE_USAGE ( .BOTH. , #69 ) ;
#357 = CARTESIAN_POINT ( 'NONE',  ( 0.4787575606452834642, 33.84175682649679828, 2.000000000000000000 ) ) ;
#358 = VECTOR ( 'NONE', #887, 1000.000000000000000 ) ;
#359 = CARTESIAN_POINT ( 'NONE',  ( 0.4787575606452834642, 33.84175682649679828, 2.000000000000000000 ) ) ;
#360 = ORIENTED_EDGE ( 'NONE', *, *, #3524, .F. ) ;
#361 = ADVANCED_FACE ( 'NONE', ( #1052 ), #1012, .F. ) ;
#362 = ORIENTED_EDGE ( 'NONE', *, *, #2488, .T. ) ;
#363 = LINE ( 'NONE', #2626, #3224 ) ;
#364 = DIRECTION ( 'NONE',  ( 0.5000000000000038858, -0.8660254037844362651, 0.000000000000000000 ) ) ;
#365 = AXIS2_PLACEMENT_3D ( 'NONE', #3265, #2996, #3482 ) ;
#366 = EDGE_LOOP ( 'NONE', ( #2629, #2089, #1482, #3088 ) ) ;
#367 = PLANE ( 'NONE',  #2163 ) ;
#368 = CARTESIAN_POINT ( 'NONE',  ( -0.06305065491171712999, 4.846818581045061691, 2.000000000000000000 ) ) ;
#369 = ADVANCED_FACE ( 'NONE', ( #3561 ), #2150, .F. ) ;
#370 = CIRCLE ( 'NONE', #1130, 20.50000000000000711 ) ;
#371 = CARTESIAN_POINT ( 'NONE',  ( 20.79177261539016541, -9.769502067553823110, 2.000000000000000000 ) ) ;
#372 = AXIS2_PLACEMENT_3D ( 'NONE', #77, #2574, #1752 ) ;
#373 = AXIS2_PLACEMENT_3D ( 'NONE', #1403, #2824, #3116 ) ;
#374 = CARTESIAN_POINT ( 'NONE',  ( 12.86823185393006774, 43.35037347417103604, 2.000000000000001776 ) ) ;
#375 = DIRECTION ( 'NONE',  ( -0.5000000000000103251, 0.8660254037844328234, 0.000000000000000000 ) ) ;
#376 = LINE ( 'NONE', #717, #3471 ) ;
#377 = FACE_BOUND ( 'NONE', #3470, .T. ) ;
#378 = CIRCLE ( 'NONE', #3399, 29.00000000000002487 ) ;
#379 = VERTEX_POINT ( 'NONE', #3268 ) ;
#380 = VERTEX_POINT ( 'NONE', #703 ) ;
#381 = DIRECTION ( 'NONE',  ( -1.000000000000000000, 0.000000000000000000, -0.000000000000000000 ) ) ;
#382 = DIRECTION ( 'NONE',  ( 0.000000000000000000, 0.000000000000000000, 1.000000000000000000 ) ) ;
#383 = EDGE_CURVE ( 'NONE', #1270, #2669, #2942, .T. ) ;
#384 = EDGE_CURVE ( 'NONE', #214, #1734, #993, .T. ) ;
#385 = ORIENTED_EDGE ( 'NONE', *, *, #1605, .F. ) ;
#386 = FACE_OUTER_BOUND ( 'NONE', #2175, .T. ) ;
#387 = LINE ( 'NONE', #1218, #1309 ) ;
#388 = ADVANCED_FACE ( 'NONE', ( #1881 ), #2661, .F. ) ;
#389 = DIRECTION ( 'NONE',  ( 0.000000000000000000, -0.000000000000000000, -1.000000000000000000 ) ) ;
#390 = AXIS2_PLACEMENT_3D ( 'NONE', #2006, #710, #2630 ) ;
#391 = DIRECTION ( 'NONE',  ( -0.9064927944092946444, -0.4222212852095785229, 0.000000000000000000 ) ) ;
#392 = DIRECTION ( 'NONE',  ( -1.000000000000000000, 0.000000000000000000, 0.000000000000000000 ) ) ;
#393 = CIRCLE ( 'NONE', #3416, 1.050000000000007594 ) ;
#394 = ORIENTED_EDGE ( 'NONE', *, *, #3097, .F. ) ;
#395 = ORIENTED_EDGE ( 'NONE', *, *, #719, .F. ) ;
#396 = CYLINDRICAL_SURFACE ( 'NONE', #1472, 1.999999999999351186 ) ;
#397 = LINE ( 'NONE', #1229, #1434 ) ;
#398 = VERTEX_POINT ( 'NONE', #3233 ) ;
#399 = CARTESIAN_POINT ( 'NONE',  ( 0.8429011055373636374, 7.475093324460512889, 2.000000000000000000 ) ) ;
#400 = DIRECTION ( 'NONE',  ( -0.000000000000000000, 0.000000000000000000, -1.000000000000000000 ) ) ;
#401 = ORIENTED_EDGE ( 'NONE', *, *, #1508, .T. ) ;
#402 = EDGE_CURVE ( 'NONE', #1368, #3110, #1278, .T. ) ;
#403 = ORIENTED_EDGE ( 'NONE', *, *, #274, .T. ) ;
#404 = CARTESIAN_POINT ( 'NONE',  ( 41.86445548852191934, 40.98538844291566363, 27.00000000000000355 ) ) ;
#405 = CARTESIAN_POINT ( 'NONE',  ( 24.94553438515464450, -8.196339685861572022, 0.000000000000000000 ) ) ;
#406 = EDGE_CURVE ( 'NONE', #768, #455, #1565, .T. ) ;
#407 = EDGE_LOOP ( 'NONE', ( #85, #76, #108, #676 ) ) ;
#408 = ORIENTED_EDGE ( 'NONE', *, *, #2802, .T. ) ;
#409 = CARTESIAN_POINT ( 'NONE',  ( 9.821957620655901167, -3.235252392676773781, 2.000000000000000000 ) ) ;
#410 = CIRCLE ( 'NONE', #885, 1.250000000000000888 ) ;
#411 = DIRECTION ( 'NONE',  ( 0.000000000000000000, -0.000000000000000000, -1.000000000000000000 ) ) ;
#412 = VERTEX_POINT ( 'NONE', #2093 ) ;
#413 = ORIENTED_EDGE ( 'NONE', *, *, #182, .F. ) ;
#414 = DIRECTION ( 'NONE',  ( 0.8189007562146598529, -0.5739351457012005220, 0.000000000000000000 ) ) ;
#415 = VECTOR ( 'NONE', #2242, 1000.000000000000000 ) ;
#416 = DIRECTION ( 'NONE',  ( 0.000000000000000000, 0.000000000000000000, 1.000000000000000000 ) ) ;
#417 = DIRECTION ( 'NONE',  ( -1.000000000000000000, 0.000000000000000000, 0.000000000000000000 ) ) ;
#418 = CIRCLE ( 'NONE', #838, 1.999999999999353406 ) ;
#419 = ORIENTED_EDGE ( 'NONE', *, *, #1105, .F. ) ;
#420 = DIRECTION ( 'NONE',  ( -1.000000000000000000, 0.000000000000000000, 0.000000000000000000 ) ) ;
#421 = EDGE_CURVE ( 'NONE', #380, #3551, #506, .T. ) ;
#422 = EDGE_CURVE ( 'NONE', #2927, #1675, #425, .T. ) ;
#423 = AXIS2_PLACEMENT_3D ( 'NONE', #1503, #1268, #2357 ) ;
#424 = DIRECTION ( 'NONE',  ( 1.000000000000000000, 0.000000000000000000, 0.000000000000000000 ) ) ;
#425 = LINE ( 'NONE', #758, #593 ) ;
#426 = CARTESIAN_POINT ( 'NONE',  ( 51.19029933770856644, 23.20548913390874901, 0.000000000000000000 ) ) ;
#427 = VERTEX_POINT ( 'NONE', #1844 ) ;
#428 = CIRCLE ( 'NONE', #1707, 29.00000000000002132 ) ;
#429 = ORIENTED_EDGE ( 'NONE', *, *, #518, .T. ) ;
#430 = CIRCLE ( 'NONE', #726, 1.049999999999995381 ) ;
#431 = DIRECTION ( 'NONE',  ( -1.000000000000000000, 0.000000000000000000, 0.000000000000000000 ) ) ;
#432 = DIRECTION ( 'NONE',  ( -0.000000000000000000, -0.000000000000000000, -1.000000000000000000 ) ) ;
#433 = AXIS2_PLACEMENT_3D ( 'NONE', #99, #2911, #417 ) ;
#434 = CIRCLE ( 'NONE', #3517, 1.250000000000001110 ) ;
#435 = ORIENTED_EDGE ( 'NONE', *, *, #1122, .F. ) ;
#436 = EDGE_LOOP ( 'NONE', ( #3392, #519, #171, #2646 ) ) ;
#437 = DIRECTION ( 'NONE',  ( 1.000000000000000000, 0.000000000000000000, 0.000000000000000000 ) ) ;
#438 = CYLINDRICAL_SURFACE ( 'NONE', #3506, 1.049999999999995381 ) ;
#439 = CARTESIAN_POINT ( 'NONE',  ( 48.94906943322148152, 32.08802831459653504, 2.000000000000000000 ) ) ;
#440 = VERTEX_POINT ( 'NONE', #2680 ) ;
#441 = ORIENTED_EDGE ( 'NONE', *, *, #1486, .T. ) ;
#442 = CARTESIAN_POINT ( 'NONE',  ( 24.77639833903199928, -10.11987022033223482, 2.000000000000000000 ) ) ;
#443 = DIRECTION ( 'NONE',  ( 1.000000000000000000, 0.000000000000000000, 0.000000000000000000 ) ) ;
#444 = VECTOR ( 'NONE', #1376, 1000.000000000000000 ) ;
#445 = EDGE_CURVE ( 'NONE', #2267, #214, #1118, .T. ) ;
#446 = CARTESIAN_POINT ( 'NONE',  ( 42.45225700095068788, 39.83751815151361342, 2.000000000000000000 ) ) ;
#447 = CARTESIAN_POINT ( 'NONE',  ( 29.84464049378785688, 47.51963811779266678, 0.000000000000000000 ) ) ;
#448 = VERTEX_POINT ( 'NONE', #1300 ) ;
#449 = ORIENTED_EDGE ( 'NONE', *, *, #3164, .F. ) ;
#450 = AXIS2_PLACEMENT_3D ( 'NONE', #573, #1705, #1673 ) ;
#451 = EDGE_CURVE ( 'NONE', #3488, #1104, #410, .T. ) ;
#452 = CARTESIAN_POINT ( 'NONE',  ( 10.35151775321146950, -5.964380968824130491, 2.000000000000000000 ) ) ;
#453 = EDGE_LOOP ( 'NONE', ( #1226, #1441, #2746, #1538 ) ) ;
#454 = ORIENTED_EDGE ( 'NONE', *, *, #953, .F. ) ;
#455 = VERTEX_POINT ( 'NONE', #229 ) ;
#456 = LINE ( 'NONE', #1024, #33 ) ;
#457 = CARTESIAN_POINT ( 'NONE',  ( 35.72048482102739797, -8.195074325218932643, 0.000000000000000000 ) ) ;
#458 = FACE_OUTER_BOUND ( 'NONE', #3420, .T. ) ;
#459 = ORIENTED_EDGE ( 'NONE', *, *, #3354, .T. ) ;
#460 = ORIENTED_EDGE ( 'NONE', *, *, #2939, .F. ) ;
#461 = CARTESIAN_POINT ( 'NONE',  ( 49.94029933770856644, 23.20548913390874901, 0.000000000000000000 ) ) ;
#462 = LINE ( 'NONE', #3141, #1816 ) ;
#463 = DIRECTION ( 'NONE',  ( 0.000000000000000000, 0.000000000000000000, 1.000000000000000000 ) ) ;
#464 = DIRECTION ( 'NONE',  ( 0.08759203819464210505, 0.9961564309107823201, 0.000000000000000000 ) ) ;
#465 = FACE_OUTER_BOUND ( 'NONE', #1043, .T. ) ;
#466 = VERTEX_POINT ( 'NONE', #1338 ) ;
#467 = EDGE_CURVE ( 'NONE', #2951, #2926, #2441, .T. ) ;
#468 = ORIENTED_EDGE ( 'NONE', *, *, #1292, .T. ) ;
#469 = DIRECTION ( 'NONE',  ( 1.000000000000000000, 0.000000000000000000, 0.000000000000000000 ) ) ;
#470 = ORIENTED_EDGE ( 'NONE', *, *, #2325, .T. ) ;
#471 = ADVANCED_FACE ( 'NONE', ( #2701 ), #1321, .F. ) ;
#472 = ORIENTED_EDGE ( 'NONE', *, *, #609, .T. ) ;
#473 = ORIENTED_EDGE ( 'NONE', *, *, #1122, .T. ) ;
#474 = DIRECTION ( 'NONE',  ( 0.9961564309107835413, -0.08759203819462957341, 0.000000000000000000 ) ) ;
#475 = CARTESIAN_POINT ( 'NONE',  ( 25.31820655458890812, 18.87506802511944315, 1.950000000000000400 ) ) ;
#476 = PLANE ( 'NONE',  #2343 ) ;
#477 = VERTEX_POINT ( 'NONE', #2492 ) ;
#478 = DIRECTION ( 'NONE',  ( -0.000000000000000000, -0.000000000000000000, -1.000000000000000000 ) ) ;
#479 = DIRECTION ( 'NONE',  ( 1.000000000000000000, 0.000000000000000000, 0.000000000000000000 ) ) ;
#480 = CIRCLE ( 'NONE', #3212, 1.009999999999999787 ) ;
#481 = CARTESIAN_POINT ( 'NONE',  ( 12.10524626511206492, 42.50593090375215155, 0.000000000000000000 ) ) ;
#482 = VECTOR ( 'NONE', #3460, 1000.000000000000000 ) ;
#483 = DIRECTION ( 'NONE',  ( 1.000000000000000000, 0.000000000000000000, 0.000000000000000000 ) ) ;
#484 = FACE_OUTER_BOUND ( 'NONE', #933, .T. ) ;
#485 = ORIENTED_EDGE ( 'NONE', *, *, #1666, .T. ) ;
#486 = CIRCLE ( 'NONE', #259, 1.050000000000002265 ) ;
#487 = ORIENTED_EDGE ( 'NONE', *, *, #1654, .T. ) ;
#488 = CARTESIAN_POINT ( 'NONE',  ( 25.31820655458890812, 18.87506802511944315, 2.000000000000000000 ) ) ;
#489 = ORIENTED_EDGE ( 'NONE', *, *, #402, .T. ) ;
#490 = AXIS2_PLACEMENT_3D ( 'NONE', #1214, #2317, #3436 ) ;
#491 = ORIENTED_EDGE ( 'NONE', *, *, #2084, .F. ) ;
#492 = CARTESIAN_POINT ( 'NONE',  ( 47.42852697238529913, 3.378819091186667567, 2.000000000000000000 ) ) ;
#493 = VECTOR ( 'NONE', #814, 1000.000000000000000 ) ;
#494 = EDGE_CURVE ( 'NONE', #427, #3435, #999, .T. ) ;
#495 = CARTESIAN_POINT ( 'NONE',  ( 26.63319158584427271, 45.77129165971123825, 5.999999999999998224 ) ) ;
#496 = VECTOR ( 'NONE', #52, 1000.000000000000114 ) ;
#497 = EDGE_CURVE ( 'NONE', #2096, #2121, #2912, .T. ) ;
#498 = CIRCLE ( 'NONE', #961, 1.999999999999349409 ) ;
#499 = ORIENTED_EDGE ( 'NONE', *, *, #879, .T. ) ;
#500 = EDGE_CURVE ( 'NONE', #768, #663, #3495, .T. ) ;
#501 = CARTESIAN_POINT ( 'NONE',  ( 10.50690547373335093, 38.03321531524403554, 14.00000000000000000 ) ) ;
#502 = DIRECTION ( 'NONE',  ( -0.000000000000000000, -0.000000000000000000, -1.000000000000000000 ) ) ;
#503 = AXIS2_PLACEMENT_3D ( 'NONE', #191, #779, #2720 ) ;
#504 = CIRCLE ( 'NONE', #3067, 1.050000000000002265 ) ;
#505 = DIRECTION ( 'NONE',  ( 1.000000000000000000, 0.000000000000000000, 0.000000000000000000 ) ) ;
#506 = LINE ( 'NONE', #3213, #2152 ) ;
#507 = DIRECTION ( 'NONE',  ( 0.000000000000000000, -0.000000000000000000, -1.000000000000000000 ) ) ;
#508 = ORIENTED_EDGE ( 'NONE', *, *, #3118, .F. ) ;
#509 = ORIENTED_EDGE ( 'NONE', *, *, #675, .T. ) ;
#510 = DIRECTION ( 'NONE',  ( 0.9961564309107826531, -0.08759203819463864948, 0.000000000000000000 ) ) ;
#511 = FACE_OUTER_BOUND ( 'NONE', #793, .T. ) ;
#512 = ORIENTED_EDGE ( 'NONE', *, *, #3429, .F. ) ;
#513 = CIRCLE ( 'NONE', #283, 1.250000000000001110 ) ;
#514 = EDGE_LOOP ( 'NONE', ( #435, #1048 ) ) ;
#515 = CARTESIAN_POINT ( 'NONE',  ( 35.12899825685308741, 42.36363642403309626, 14.00000000000000000 ) ) ;
#516 = CARTESIAN_POINT ( 'NONE',  ( 9.821957620655901167, -3.235252392676773781, 2.000000000000000000 ) ) ;
#517 = FACE_BOUND ( 'NONE', #1427, .T. ) ;
#518 = EDGE_CURVE ( 'NONE', #2657, #3045, #3339, .T. ) ;
#519 = ORIENTED_EDGE ( 'NONE', *, *, #2993, .T. ) ;
#520 = LINE ( 'NONE', #1913, #1928 ) ;
#521 = DIRECTION ( 'NONE',  ( -1.000000000000000000, 0.000000000000000000, 0.000000000000000000 ) ) ;
#522 = EDGE_CURVE ( 'NONE', #1888, #1491, #596, .T. ) ;
#523 = FACE_OUTER_BOUND ( 'NONE', #2467, .T. ) ;
#524 = FACE_OUTER_BOUND ( 'NONE', #2908, .T. ) ;
#525 = EDGE_LOOP ( 'NONE', ( #3064, #1904 ) ) ;
#526 = EDGE_LOOP ( 'NONE', ( #1014, #995, #2896, #2213 ) ) ;
#527 = DIRECTION ( 'NONE',  ( -1.000000000000000000, 0.000000000000000000, 0.000000000000000000 ) ) ;
#528 = ORIENTED_EDGE ( 'NONE', *, *, #102, .T. ) ;
#529 = AXIS2_PLACEMENT_3D ( 'NONE', #2724, #234, #1346 ) ;
#530 = VERTEX_POINT ( 'NONE', #246 ) ;
#531 = ORIENTED_EDGE ( 'NONE', *, *, #1037, .T. ) ;
#532 = CARTESIAN_POINT ( 'NONE',  ( -1.751935795749490321, 8.472789758681049221, 0.000000000000000000 ) ) ;
#533 = DIRECTION ( 'NONE',  ( 0.000000000000000000, -0.000000000000000000, -1.000000000000000000 ) ) ;
#534 = FACE_BOUND ( 'NONE', #2638, .T. ) ;
#535 = EDGE_LOOP ( 'NONE', ( #1778, #977, #337, #2903 ) ) ;
#536 = CARTESIAN_POINT ( 'NONE',  ( -1.751935795749490321, 8.472789758681049221, 2.000000000000000000 ) ) ;
#537 = CARTESIAN_POINT ( 'NONE',  ( 38.53116684406592185, -4.755794853513170217, 2.000000000000000000 ) ) ;
#538 = VECTOR ( 'NONE', #1840, 1000.000000000000000 ) ;
#539 = CARTESIAN_POINT ( 'NONE',  ( 48.69029933770855934, 23.20548913390874901, 0.000000000000000000 ) ) ;
#540 = DIRECTION ( 'NONE',  ( -1.000000000000000000, 0.000000000000000000, 0.000000000000000000 ) ) ;
#541 = ADVANCED_FACE ( 'NONE', ( #3307 ), #854, .T. ) ;
#542 = ADVANCED_FACE ( 'NONE', ( #2793 ), #2736, .F. ) ;
#543 = VERTEX_POINT ( 'NONE', #1408 ) ;
#544 = ORIENTED_EDGE ( 'NONE', *, *, #2087, .T. ) ;
#545 = DIRECTION ( 'NONE',  ( 0.000000000000000000, 0.000000000000000000, -1.000000000000000000 ) ) ;
#546 = FACE_OUTER_BOUND ( 'NONE', #1498, .T. ) ;
#547 = ORIENTED_EDGE ( 'NONE', *, *, #1221, .T. ) ;
#548 = EDGE_CURVE ( 'NONE', #655, #728, #1064, .T. ) ;
#549 = ORIENTED_EDGE ( 'NONE', *, *, #2827, .F. ) ;
#550 = CARTESIAN_POINT ( 'NONE',  ( 37.76818125524791725, -5.600237423932064473, 2.000000000000001776 ) ) ;
#551 =( NAMED_UNIT ( * ) PLANE_ANGLE_UNIT ( ) SI_UNIT ( $, .RADIAN. ) );
#552 = ADVANCED_FACE ( 'NONE', ( #524 ), #3325, .F. ) ;
#553 = CIRCLE ( 'NONE', #127, 1.999999999999351186 ) ;
#554 = ORIENTED_EDGE ( 'NONE', *, *, #2160, .F. ) ;
#555 = CIRCLE ( 'NONE', #846, 1.999999999999348743 ) ;
#556 = CARTESIAN_POINT ( 'NONE',  ( 41.37950763544459676, -0.2830792650050373283, 14.00000000000000000 ) ) ;
#557 = CARTESIAN_POINT ( 'NONE',  ( 22.95322152333372756, -8.021155609472369719, 2.000000000000000000 ) ) ;
#558 = PRODUCT_DEFINITION_FORMATION_WITH_SPECIFIED_SOURCE ( 'ä»', '', #114, .NOT_KNOWN. ) ;
#559 = VECTOR ( 'NONE', #2567, 1000.000000000000114 ) ;
#560 = CARTESIAN_POINT ( 'NONE',  ( 40.81445548852191507, 40.98538844291566363, 2.000000000000000000 ) ) ;
#561 = DIRECTION ( 'NONE',  ( -0.000000000000000000, -0.000000000000000000, 1.000000000000000000 ) ) ;
#562 = CIRCLE ( 'NONE', #3520, 1.009999999999999787 ) ;
#563 = CIRCLE ( 'NONE', #906, 1.050000000000002265 ) ;
#564 = ORIENTED_EDGE ( 'NONE', *, *, #422, .T. ) ;
#565 = EDGE_CURVE ( 'NONE', #113, #3, #828, .T. ) ;
#566 = VERTEX_POINT ( 'NONE', #816 ) ;
#567 = DIRECTION ( 'NONE',  ( 1.000000000000000000, 0.000000000000000000, 0.000000000000000000 ) ) ;
#568 = DIRECTION ( 'NONE',  ( -0.000000000000000000, -0.000000000000000000, -1.000000000000000000 ) ) ;
#569 = ORIENTED_EDGE ( 'NONE', *, *, #3119, .T. ) ;
#570 = ADVANCED_FACE ( 'NONE', ( #1660 ), #1956, .F. ) ;
#571 = ORIENTED_EDGE ( 'NONE', *, *, #2950, .F. ) ;
#572 = VECTOR ( 'NONE', #335, 1000.000000000000000 ) ;
#573 = CARTESIAN_POINT ( 'NONE',  ( 7.075914728353914107, -3.668640386020050048, 2.000000000000000000 ) ) ;
#574 = ORIENTED_EDGE ( 'NONE', *, *, #1775, .F. ) ;
#575 = AXIS2_PLACEMENT_3D ( 'NONE', #1133, #3095, #3352 ) ;
#576 = CARTESIAN_POINT ( 'NONE',  ( 13.91823185393006845, 43.35037347417103604, 27.00000000000000355 ) ) ;
#577 = CYLINDRICAL_SURFACE ( 'NONE', #322, 1.050000000000000488 ) ;
#578 = EDGE_CURVE ( 'NONE', #3556, #2460, #772, .T. ) ;
#579 = DIRECTION ( 'NONE',  ( -1.000000000000000000, 0.000000000000000000, 0.000000000000000000 ) ) ;
#580 = CARTESIAN_POINT ( 'NONE',  ( 0.8429011055373636374, 7.475093324460512889, 2.000000000000000000 ) ) ;
#581 = ORIENTED_EDGE ( 'NONE', *, *, #3428, .F. ) ;
#582 = DIRECTION ( 'NONE',  ( -1.000000000000000000, 0.000000000000000000, 0.000000000000000000 ) ) ;
#583 = DIRECTION ( 'NONE',  ( -0.9961564309107824311, 0.08759203819464210505, 0.000000000000000000 ) ) ;
#584 = ADVANCED_FACE ( 'NONE', ( #2512 ), #1971, .F. ) ;
#585 = ORIENTED_EDGE ( 'NONE', *, *, #166, .T. ) ;
#586 = EDGE_CURVE ( 'NONE', #2951, #3575, #1927, .T. ) ;
#587 = ORIENTED_EDGE ( 'NONE', *, *, #2564, .T. ) ;
#588 = DIRECTION ( 'NONE',  ( 0.000000000000000000, -0.000000000000000000, -1.000000000000000000 ) ) ;
#589 = ADVANCED_FACE ( 'NONE', ( #2809 ), #1359, .F. ) ;
#590 = ORIENTED_EDGE ( 'NONE', *, *, #2668, .F. ) ;
#591 = LINE ( 'NONE', #2754, #3329 ) ;
#592 = DIRECTION ( 'NONE',  ( 0.000000000000000000, -0.000000000000000000, 1.000000000000000000 ) ) ;
#593 = VECTOR ( 'NONE', #2383, 1000.000000000000000 ) ;
#594 = ADVANCED_FACE ( 'NONE', ( #1157 ), #3136, .F. ) ;
#595 = CARTESIAN_POINT ( 'NONE',  ( 15.73121744274807376, 44.19481604458990631, 0.000000000000000000 ) ) ;
#596 = LINE ( 'NONE', #3582, #3497 ) ;
#597 = AXIS2_PLACEMENT_3D ( 'NONE', #798, #302, #3039 ) ;
#598 = EDGE_LOOP ( 'NONE', ( #12, #1871, #1286, #2331 ) ) ;
#599 = DIRECTION ( 'NONE',  ( -0.000000000000000000, -0.000000000000000000, -1.000000000000000000 ) ) ;
#600 = DIRECTION ( 'NONE',  ( 0.000000000000000000, 0.000000000000000000, -1.000000000000000000 ) ) ;
#601 = CARTESIAN_POINT ( 'NONE',  ( 16.75741485232489580, -4.613500373794265919, 0.000000000000000000 ) ) ;
#602 = VERTEX_POINT ( 'NONE', #2829 ) ;
#603 = ORIENTED_EDGE ( 'NONE', *, *, #2106, .F. ) ;
#604 = DIRECTION ( 'NONE',  ( -0.000000000000000000, -0.000000000000000000, -1.000000000000000000 ) ) ;
#605 = AXIS2_PLACEMENT_3D ( 'NONE', #914, #2018, #2048 ) ;
#606 = ORIENTED_EDGE ( 'NONE', *, *, #3284, .F. ) ;
#607 = DIRECTION ( 'NONE',  ( -0.000000000000000000, -0.000000000000000000, 1.000000000000000000 ) ) ;
#608 = PLANE ( 'NONE',  #3579 ) ;
#609 = EDGE_CURVE ( 'NONE', #1890, #1907, #1727, .T. ) ;
#610 = CIRCLE ( 'NONE', #2337, 1.999999999999353406 ) ;
#611 = LINE ( 'NONE', #1712, #572 ) ;
#612 = VECTOR ( 'NONE', #615, 1000.000000000000000 ) ;
#613 = VECTOR ( 'NONE', #3169, 1000.000000000000000 ) ;
#614 = ORIENTED_EDGE ( 'NONE', *, *, #3454, .T. ) ;
#615 = DIRECTION ( 'NONE',  ( -0.000000000000000000, -0.000000000000000000, -1.000000000000000000 ) ) ;
#616 = AXIS2_PLACEMENT_3D ( 'NONE', #3142, #1481, #2920 ) ;
#617 = CARTESIAN_POINT ( 'NONE',  ( 2.157886136792639409, 34.37131695905236484, 5.999999999999998224 ) ) ;
#618 = FACE_OUTER_BOUND ( 'NONE', #950, .T. ) ;
#619 = ORIENTED_EDGE ( 'NONE', *, *, #1314, .T. ) ;
#620 = ORIENTED_EDGE ( 'NONE', *, *, #2993, .F. ) ;
#621 = CARTESIAN_POINT ( 'NONE',  ( 49.79351200364038021, 30.27504272577854394, 0.000000000000000000 ) ) ;
#622 = DIRECTION ( 'NONE',  ( 0.000000000000000000, 0.000000000000000000, -1.000000000000000000 ) ) ;
#623 = AXIS2_PLACEMENT_3D ( 'NONE', #560, #2776, #1391 ) ;
#624 = ORIENTED_EDGE ( 'NONE', *, *, #2185, .T. ) ;
#625 = DIRECTION ( 'NONE',  ( 0.000000000000000000, 0.000000000000000000, -1.000000000000000000 ) ) ;
#626 = FACE_OUTER_BOUND ( 'NONE', #231, .T. ) ;
#627 = ADVANCED_FACE ( 'NONE', ( #336 ), #1493, .F. ) ;
#628 = CIRCLE ( 'NONE', #90, 29.00000000000003553 ) ;
#629 = CARTESIAN_POINT ( 'NONE',  ( -0.06305065491171712999, 4.846818581045061691, 2.000000000000000000 ) ) ;
#630 = ADVANCED_FACE ( 'NONE', ( #2845, #119 ), #2605, .T. ) ;
#631 = ORIENTED_EDGE ( 'NONE', *, *, #2131, .T. ) ;
#632 = LINE ( 'NONE', #2881, #496 ) ;
#633 = LINE ( 'NONE', #2592, #2977 ) ;
#634 = DIRECTION ( 'NONE',  ( -1.000000000000000000, 0.000000000000000000, 0.000000000000000000 ) ) ;
#635 = CARTESIAN_POINT ( 'NONE',  ( 45.81820655458891878, 18.87506802511944315, -25.05000000000000426 ) ) ;
#636 = ORIENTED_EDGE ( 'NONE', *, *, #689, .F. ) ;
#637 = VERTEX_POINT ( 'NONE', #1439 ) ;
#638 = CARTESIAN_POINT ( 'NONE',  ( 11.45975913308468286, -4.383122684078817777, 2.000000000000000000 ) ) ;
#639 = CARTESIAN_POINT ( 'NONE',  ( 47.79351200364102681, 30.27504272577854394, 2.000000000000000000 ) ) ;
#640 = CARTESIAN_POINT ( 'NONE',  ( 28.73319158584427768, 45.77129165971123825, 27.00000000000000355 ) ) ;
#641 = CARTESIAN_POINT ( 'NONE',  ( 9.821957620656053933, -3.235252392676878141, 2.000000000000001776 ) ) ;
#642 = CIRCLE ( 'NONE', #1343, 1.999999999999349409 ) ;
#643 = LINE ( 'NONE', #3477, #2774 ) ;
#644 = CARTESIAN_POINT ( 'NONE',  ( 25.31820655458890812, 18.87506802511944315, 0.000000000000000000 ) ) ;
#645 = VECTOR ( 'NONE', #464, 1000.000000000000114 ) ;
#646 = EDGE_CURVE ( 'NONE', #714, #1965, #48, .T. ) ;
#647 = CARTESIAN_POINT ( 'NONE',  ( 50.15765554853264518, 3.908379223742264319, 2.000000000000000000 ) ) ;
#648 = FILL_AREA_STYLE_COLOUR ( '', #3035 ) ;
#649 = DIRECTION ( 'NONE',  ( -0.000000000000000000, -0.000000000000000000, 1.000000000000000000 ) ) ;
#650 = CARTESIAN_POINT ( 'NONE',  ( 25.31820655458890812, 18.87506802511944315, 6.000000000000000000 ) ) ;
#651 = EDGE_CURVE ( 'NONE', #865, #2657, #103, .T. ) ;
#652 = EDGE_CURVE ( 'NONE', #1895, #3176, #1119, .T. ) ;
#653 = EDGE_LOOP ( 'NONE', ( #585, #1560 ) ) ;
#654 = VECTOR ( 'NONE', #850, 1000.000000000000000 ) ;
#655 = VERTEX_POINT ( 'NONE', #1188 ) ;
#656 = ADVANCED_FACE ( 'NONE', ( #2861 ), #2295, .F. ) ;
#657 = PLANE ( 'NONE',  #16 ) ;
#658 = CARTESIAN_POINT ( 'NONE',  ( 0.8429011055373636374, 7.475093324460505784, 5.999999999999998224 ) ) ;
#659 = ORIENTED_EDGE ( 'NONE', *, *, #2939, .T. ) ;
#660 = CIRCLE ( 'NONE', #2922, 1.250000000000001110 ) ;
#661 = DIRECTION ( 'NONE',  ( 1.000000000000000000, 0.000000000000000000, 0.000000000000000000 ) ) ;
#662 = LINE ( 'NONE', #2931, #73 ) ;
#663 = VERTEX_POINT ( 'NONE', #1207 ) ;
#664 = LINE ( 'NONE', #501, #2094 ) ;
#665 = AXIS2_PLACEMENT_3D ( 'NONE', #830, #1931, #2546 ) ;
#666 = CARTESIAN_POINT ( 'NONE',  ( 2.774498143449349641, 37.11735985135435101, 2.000000000000000000 ) ) ;
#667 = DIRECTION ( 'NONE',  ( 1.000000000000000000, 0.000000000000000000, 0.000000000000000000 ) ) ;
#668 = AXIS2_PLACEMENT_3D ( 'NONE', #488, #2706, #2077 ) ;
#669 = CARTESIAN_POINT ( 'NONE',  ( 11.28995711051462081, 44.25632523462012813, 2.000000000000000000 ) ) ;
#670 = ORIENTED_EDGE ( 'NONE', *, *, #1056, .F. ) ;
#671 = EDGE_CURVE ( 'NONE', #2444, #4, #2310, .T. ) ;
#672 = ORIENTED_EDGE ( 'NONE', *, *, #2141, .F. ) ;
#673 = FACE_OUTER_BOUND ( 'NONE', #3604, .T. ) ;
#674 = CARTESIAN_POINT ( 'NONE',  ( 4.818206554588904567, 18.87506802511944670, 1.950000000000000400 ) ) ;
#675 = EDGE_CURVE ( 'NONE', #466, #1382, #664, .T. ) ;
#676 = ORIENTED_EDGE ( 'NONE', *, *, #3140, .F. ) ;
#677 = CARTESIAN_POINT ( 'NONE',  ( 47.42852697238529913, 3.378819091186667567, 2.000000000000000000 ) ) ;
#678 = DIRECTION ( 'NONE',  ( -1.000000000000000000, 0.000000000000000000, 0.000000000000000000 ) ) ;
#679 = EDGE_LOOP ( 'NONE', ( #2522, #2480, #1483, #1150, #1414, #1245, #1751, #1553, #1324, #1990, #2555, #3370, #62, #2986, #3027, #2454, #904, #1230, #2409, #470, #1806, #2799, #2451, #1649, #1263, #128, #2779, #2419 ) ) ;
#680 = DIRECTION ( 'NONE',  ( -1.000000000000000000, 0.000000000000000000, 0.000000000000000000 ) ) ;
#681 = VECTOR ( 'NONE', #411, 1000.000000000000000 ) ;
#682 = CARTESIAN_POINT ( 'NONE',  ( -0.5280170800028931577, 21.24005305637472318, 2.000000000000001776 ) ) ;
#683 = FACE_OUTER_BOUND ( 'NONE', #3546, .T. ) ;
#684 = FACE_BOUND ( 'NONE', #1783, .T. ) ;
#685 = ORIENTED_EDGE ( 'NONE', *, *, #2044, .F. ) ;
#686 = ORIENTED_EDGE ( 'NONE', *, *, #3013, .T. ) ;
#687 = CYLINDRICAL_SURFACE ( 'NONE', #2050, 1.250000000000000888 ) ;
#688 = CARTESIAN_POINT ( 'NONE',  ( 47.79351200364102681, 30.27504272577854394, 0.000000000000000000 ) ) ;
#689 = EDGE_CURVE ( 'NONE', #3074, #3252, #736, .T. ) ;
#690 = EDGE_LOOP ( 'NONE', ( #2319, #2949, #1000, #614 ) ) ;
#691 = ORIENTED_EDGE ( 'NONE', *, *, #2967, .T. ) ;
#692 = EDGE_CURVE ( 'NONE', #3240, #2202, #2, .T. ) ;
#693 = DIRECTION ( 'NONE',  ( 1.000000000000000000, 0.000000000000000000, 0.000000000000000000 ) ) ;
#694 = LINE ( 'NONE', #1792, #1476 ) ;
#695 = EDGE_CURVE ( 'NONE', #2315, #3149, #2658, .T. ) ;
#696 = CARTESIAN_POINT ( 'NONE',  ( 25.31820655458890812, 18.87506802511944315, 0.000000000000000000 ) ) ;
#697 = ORIENTED_EDGE ( 'NONE', *, *, #3231, .T. ) ;
#698 = ORIENTED_EDGE ( 'NONE', *, *, #2350, .T. ) ;
#699 = CARTESIAN_POINT ( 'NONE',  ( 11.28995711051462081, 44.25632523462012813, 0.000000000000000000 ) ) ;
#700 = EDGE_CURVE ( 'NONE', #1469, #2431, #3562, .T. ) ;
#701 = AXIS2_PLACEMENT_3D ( 'NONE', #1992, #293, #2497 ) ;
#702 = DIRECTION ( 'NONE',  ( 0.000000000000000000, 0.000000000000000000, 1.000000000000000000 ) ) ;
#703 = CARTESIAN_POINT ( 'NONE',  ( 49.67586042541623215, 9.629412986673806074, 3.000000000000000000 ) ) ;
#704 = EDGE_LOOP ( 'NONE', ( #1344, #2498 ) ) ;
#705 = ORIENTED_EDGE ( 'NONE', *, *, #2850, .T. ) ;
#706 = CARTESIAN_POINT ( 'NONE',  ( 24.94553438515464450, -8.196339685861572022, 2.000000000000000000 ) ) ;
#707 = DIRECTION ( 'NONE',  ( -1.000000000000000000, 0.000000000000000000, 0.000000000000000000 ) ) ;
#708 = ORIENTED_EDGE ( 'NONE', *, *, #742, .F. ) ;
#709 = ORIENTED_EDGE ( 'NONE', *, *, #3532, .T. ) ;
#710 = DIRECTION ( 'NONE',  ( 0.000000000000000000, -0.000000000000000000, -1.000000000000000000 ) ) ;
#711 = CARTESIAN_POINT ( 'NONE',  ( 50.84351200364036316, 30.27504272577854749, 2.000000000000001776 ) ) ;
#712 = FACE_BOUND ( 'NONE', #3400, .T. ) ;
#713 = ORIENTED_EDGE ( 'NONE', *, *, #3519, .T. ) ;
#714 = VERTEX_POINT ( 'NONE', #442 ) ;
#715 = EDGE_CURVE ( 'NONE', #543, #2431, #2342, .T. ) ;
#716 = DIRECTION ( 'NONE',  ( -0.000000000000000000, -0.000000000000000000, -1.000000000000000000 ) ) ;
#717 = CARTESIAN_POINT ( 'NONE',  ( 40.28489535596634852, 43.71451701906301679, 2.000000000000000000 ) ) ;
#718 = CIRCLE ( 'NONE', #254, 1.050000000000005818 ) ;
#719 = EDGE_CURVE ( 'NONE', #2231, #3226, #1235, .T. ) ;
#720 = DIRECTION ( 'NONE',  ( -1.040834085586421889E-14, 1.000000000000000000, 0.000000000000000000 ) ) ;
#721 = DIRECTION ( 'NONE',  ( 1.000000000000000000, 0.000000000000000000, 0.000000000000000000 ) ) ;
#722 = DIRECTION ( 'NONE',  ( 1.000000000000000000, 0.000000000000000000, 0.000000000000000000 ) ) ;
#723 = EDGE_LOOP ( 'NONE', ( #3005, #219 ) ) ;
#724 = CIRCLE ( 'NONE', #2816, 1.250000000000001110 ) ;
#725 = ORIENTED_EDGE ( 'NONE', *, *, #832, .T. ) ;
#726 = AXIS2_PLACEMENT_3D ( 'NONE', #1845, #1566, #1588 ) ;
#727 = CARTESIAN_POINT ( 'NONE',  ( 41.37950763544459676, -0.2830792650050373283, 0.000000000000000000 ) ) ;
#728 = VERTEX_POINT ( 'NONE', #1561 ) ;
#729 = CIRCLE ( 'NONE', #433, 29.00000000000002487 ) ;
#730 = VERTEX_POINT ( 'NONE', #3463 ) ;
#731 = EDGE_LOOP ( 'NONE', ( #2181, #3215 ) ) ;
#732 = DIRECTION ( 'NONE',  ( -1.000000000000000000, 0.000000000000000000, 0.000000000000000000 ) ) ;
#733 = CARTESIAN_POINT ( 'NONE',  ( 9.256905473733350931, 38.03321531524403554, 14.00000000000000000 ) ) ;
#734 = DIRECTION ( 'NONE',  ( 0.4999999999999919509, 0.8660254037844432595, 0.000000000000000000 ) ) ;
#735 = ORIENTED_EDGE ( 'NONE', *, *, #3383, .F. ) ;
#736 = LINE ( 'NONE', #1296, #538 ) ;
#737 = LINE ( 'NONE', #1841, #2874 ) ;
#738 = EDGE_CURVE ( 'NONE', #118, #3176, #755, .T. ) ;
#739 = AXIS2_PLACEMENT_3D ( 'NONE', #136, #158, #3135 ) ;
#740 = DIRECTION ( 'NONE',  ( 0.000000000000000000, 0.000000000000000000, 1.000000000000000000 ) ) ;
#741 = CARTESIAN_POINT ( 'NONE',  ( 47.56820655458891167, 18.87506802511944315, 1.950000000000000400 ) ) ;
#742 = EDGE_CURVE ( 'NONE', #4, #1812, #989, .T. ) ;
#743 = DIRECTION ( 'NONE',  ( -0.000000000000000000, -0.000000000000000000, -1.000000000000000000 ) ) ;
#744 = VERTEX_POINT ( 'NONE', #1524 ) ;
#745 = VERTEX_POINT ( 'NONE', #1858 ) ;
#746 = CIRCLE ( 'NONE', #2778, 1.050000000000005818 ) ;
#747 = DIRECTION ( 'NONE',  ( 0.8189007562146570773, -0.5739351457012044078, 0.000000000000000000 ) ) ;
#748 = ORIENTED_EDGE ( 'NONE', *, *, #2588, .F. ) ;
#749 = VERTEX_POINT ( 'NONE', #186 ) ;
#750 = ORIENTED_EDGE ( 'NONE', *, *, #2246, .F. ) ;
#751 = CARTESIAN_POINT ( 'NONE',  ( 53.96277664726218859, 14.34863408592079992, 2.000000000000000000 ) ) ;
#752 = CARTESIAN_POINT ( 'NONE',  ( 10.35151775321146950, -5.964380968824130491, 2.000000000000000000 ) ) ;
#753 = FACE_BOUND ( 'NONE', #525, .T. ) ;
#754 = ORIENTED_EDGE ( 'NONE', *, *, #1869, .F. ) ;
#755 = LINE ( 'NONE', #2978, #2801 ) ;
#756 = CARTESIAN_POINT ( 'NONE',  ( -0.5280170800028931577, 21.24005305637472318, 27.00000000000000355 ) ) ;
#757 = CARTESIAN_POINT ( 'NONE',  ( 47.42852697238529913, 3.378819091186667567, 2.000000000000000000 ) ) ;
#758 = CARTESIAN_POINT ( 'NONE',  ( 52.03924611279152401, 14.51777013204343447, 2.000000000000000000 ) ) ;
#759 = DIRECTION ( 'NONE',  ( -1.000000000000000000, 0.000000000000000000, 0.000000000000000000 ) ) ;
#760 = ORIENTED_EDGE ( 'NONE', *, *, #3407, .F. ) ;
#761 = CIRCLE ( 'NONE', #3552, 1.999999999999350742 ) ;
#762 = ADVANCED_FACE ( 'NONE', ( #973 ), #3522, .F. ) ;
#763 = EDGE_LOOP ( 'NONE', ( #3310, #1177, #3057, #28 ) ) ;
#764 = CARTESIAN_POINT ( 'NONE',  ( 40.28489535596634852, 43.71451701906301679, 0.000000000000000000 ) ) ;
#765 = VERTEX_POINT ( 'NONE', #2380 ) ;
#766 = EDGE_LOOP ( 'NONE', ( #344, #509, #250, #2990 ) ) ;
#767 = ADVANCED_FACE ( 'NONE', ( #2696, #2639 ), #142, .T. ) ;
#768 = VERTEX_POINT ( 'NONE', #207 ) ;
#769 = CARTESIAN_POINT ( 'NONE',  ( 29.67550444766519391, 45.59610758332200930, 0.000000000000000000 ) ) ;
#770 = DIRECTION ( 'NONE',  ( -0.000000000000000000, -0.000000000000000000, -1.000000000000000000 ) ) ;
#771 = CARTESIAN_POINT ( 'NONE',  ( 25.31820655458890812, 18.87506802511944315, 6.000000000000000000 ) ) ;
#772 = CIRCLE ( 'NONE', #1457, 1.999999999999351186 ) ;
#773 = ORIENTED_EDGE ( 'NONE', *, *, #1935, .T. ) ;
#774 = DIRECTION ( 'NONE',  ( -0.000000000000000000, 0.000000000000000000, -1.000000000000000000 ) ) ;
#775 = DIRECTION ( 'NONE',  ( 0.000000000000000000, 0.000000000000000000, 1.000000000000000000 ) ) ;
#776 = EDGE_CURVE ( 'NONE', #2460, #2514, #1255, .T. ) ;
#777 = CARTESIAN_POINT ( 'NONE',  ( -0.04944731623848785951, 28.12072306356488838, 6.000000000000000000 ) ) ;
#778 = CARTESIAN_POINT ( 'NONE',  ( 8.771957620656046117, -3.235252392676878141, 27.00000000000000355 ) ) ;
#779 = DIRECTION ( 'NONE',  ( 0.000000000000000000, 0.000000000000000000, 1.000000000000000000 ) ) ;
#780 = EDGE_LOOP ( 'NONE', ( #1410, #3355, #449, #1838 ) ) ;
#781 = ORIENTED_EDGE ( 'NONE', *, *, #101, .F. ) ;
#782 = CARTESIAN_POINT ( 'NONE',  ( -1.578017080002894090, 21.24005305637471963, 2.000000000000000000 ) ) ;
#783 = CARTESIAN_POINT ( 'NONE',  ( 22.95322152333372756, -8.021155609472369719, 0.000000000000000000 ) ) ;
#784 = ORIENTED_EDGE ( 'NONE', *, *, #2826, .T. ) ;
#785 = AXIS2_PLACEMENT_3D ( 'NONE', #1247, #1179, #1228 ) ;
#786 = EDGE_LOOP ( 'NONE', ( #981, #713, #468, #3444 ) ) ;
#787 = DIRECTION ( 'NONE',  ( -1.000000000000000000, 0.000000000000000000, 0.000000000000000000 ) ) ;
#788 = CIRCLE ( 'NONE', #954, 1.049999999999993605 ) ;
#789 = DIRECTION ( 'NONE',  ( 0.000000000000000000, 0.000000000000000000, -1.000000000000000000 ) ) ;
#790 = EDGE_CURVE ( 'NONE', #2921, #1250, #3540, .T. ) ;
#791 = AXIS2_PLACEMENT_3D ( 'NONE', #2199, #545, #1428 ) ;
#792 = CIRCLE ( 'NONE', #3345, 1.999999999999353406 ) ;
#793 = EDGE_LOOP ( 'NONE', ( #1360, #603, #2907, #1533 ) ) ;
#794 = DIRECTION ( 'NONE',  ( 0.9064927944092937562, 0.4222212852095804103, 0.000000000000000000 ) ) ;
#795 = CARTESIAN_POINT ( 'NONE',  ( 20.96090866151281418, -7.845971533083154092, 0.000000000000000000 ) ) ;
#796 = CIRCLE ( 'NONE', #623, 1.999999999999349409 ) ;
#797 = DIRECTION ( 'NONE',  ( 0.000000000000000000, 0.000000000000000000, 1.000000000000000000 ) ) ;
#798 = CARTESIAN_POINT ( 'NONE',  ( 25.31820655458890812, 18.87506802511944315, 1.950000000000000400 ) ) ;
#799 = CARTESIAN_POINT ( 'NONE',  ( 27.68319158584427697, 45.77129165971123825, 2.000000000000000000 ) ) ;
#800 = ORIENTED_EDGE ( 'NONE', *, *, #3279, .T. ) ;
#801 = ORIENTED_EDGE ( 'NONE', *, *, #3469, .T. ) ;
#802 = CYLINDRICAL_SURFACE ( 'NONE', #1084, 1.999999999999349409 ) ;
#803 = ORIENTED_EDGE ( 'NONE', *, *, #2564, .F. ) ;
#804 = CIRCLE ( 'NONE', #390, 1.999999999999351630 ) ;
#805 = ORIENTED_EDGE ( 'NONE', *, *, #3507, .T. ) ;
#806 = VECTOR ( 'NONE', #1996, 1000.000000000000000 ) ;
#807 = ORIENTED_EDGE ( 'NONE', *, *, #2502, .T. ) ;
#808 = CARTESIAN_POINT ( 'NONE',  ( 25.68319158584493067, 45.77129165971123825, 0.000000000000000000 ) ) ;
#809 = CARTESIAN_POINT ( 'NONE',  ( 25.31820655458890457, 18.87506802511944315, 2.000000000000000000 ) ) ;
#810 = DIRECTION ( 'NONE',  ( -0.4999999999999980571, -0.8660254037844398178, 0.000000000000000000 ) ) ;
#811 = ADVANCED_FACE ( 'NONE', ( #2363 ), #2937, .F. ) ;
#812 = ORIENTED_EDGE ( 'NONE', *, *, #451, .T. ) ;
#813 = CARTESIAN_POINT ( 'NONE',  ( 24.77639833903199928, -10.11987022033223482, 0.000000000000000000 ) ) ;
#814 = DIRECTION ( 'NONE',  ( -0.000000000000000000, 0.000000000000000000, -1.000000000000000000 ) ) ;
#815 = FACE_OUTER_BOUND ( 'NONE', #1828, .T. ) ;
#816 = CARTESIAN_POINT ( 'NONE',  ( 53.96277664726218148, 14.34863408592080702, 0.000000000000000000 ) ) ;
#817 = ORIENTED_EDGE ( 'NONE', *, *, #1942, .F. ) ;
#818 = ORIENTED_EDGE ( 'NONE', *, *, #1264, .F. ) ;
#819 = CARTESIAN_POINT ( 'NONE',  ( 49.79351200364038021, 30.27504272577854394, 2.000000000000000000 ) ) ;
#820 = LINE ( 'NONE', #2812, #3317 ) ;
#821 = AXIS2_PLACEMENT_3D ( 'NONE', #1129, #253, #3603 ) ;
#822 = ADVANCED_FACE ( 'NONE', ( #3499 ), #3189, .F. ) ;
#823 = EDGE_LOOP ( 'NONE', ( #2437, #2236, #1684, #2070 ) ) ;
#824 = ORIENTED_EDGE ( 'NONE', *, *, #3271, .F. ) ;
#825 = CARTESIAN_POINT ( 'NONE',  ( 50.15765554853264518, 3.908379223742264319, 2.000000000000000000 ) ) ;
#826 = DIRECTION ( 'NONE',  ( 1.000000000000000000, 0.000000000000000000, 0.000000000000000000 ) ) ;
#827 = ORIENTED_EDGE ( 'NONE', *, *, #2378, .T. ) ;
#828 = CIRCLE ( 'NONE', #3559, 1.049999999999993605 ) ;
#829 = CYLINDRICAL_SURFACE ( 'NONE', #2384, 1.049999999999995381 ) ;
#830 = CARTESIAN_POINT ( 'NONE',  ( 39.34645599866337307, -6.506189184381145019, 2.000000000000000000 ) ) ;
#831 = CIRCLE ( 'NONE', #2858, 1.049999999999995381 ) ;
#832 = EDGE_CURVE ( 'NONE', #1329, #859, #3210, .T. ) ;
#833 = CARTESIAN_POINT ( 'NONE',  ( 53.96277664726218148, 14.34863408592080702, 2.000000000000000000 ) ) ;
#834 = CARTESIAN_POINT ( 'NONE',  ( -0.04944731623848785951, 28.12072306356488838, 3.000000000000000000 ) ) ;
#835 = CIRCLE ( 'NONE', #2503, 1.250000000000001110 ) ;
#836 = EDGE_CURVE ( 'NONE', #2449, #2837, #1692, .T. ) ;
#837 = ORIENTED_EDGE ( 'NONE', *, *, #298, .T. ) ;
#838 = AXIS2_PLACEMENT_3D ( 'NONE', #3386, #1724, #1984 ) ;
#839 = VERTEX_POINT ( 'NONE', #2207 ) ;
#840 = CARTESIAN_POINT ( 'NONE',  ( 47.42852697238529913, 3.378819091186667567, 27.00000000000000355 ) ) ;
#841 = CARTESIAN_POINT ( 'NONE',  ( 24.00322152333373182, -8.021155609472369719, 5.999999999999998224 ) ) ;
#842 = CIRCLE ( 'NONE', #423, 1.049999999999995381 ) ;
#843 = ORIENTED_EDGE ( 'NONE', *, *, #3086, .F. ) ;
#844 = EDGE_LOOP ( 'NONE', ( #631, #1629 ) ) ;
#845 = CARTESIAN_POINT ( 'NONE',  ( 39.34645599866337307, -6.506189184381145019, 0.000000000000000000 ) ) ;
#846 = AXIS2_PLACEMENT_3D ( 'NONE', #799, #2738, #2513 ) ;
#847 = ORIENTED_EDGE ( 'NONE', *, *, #3086, .T. ) ;
#848 = AXIS2_PLACEMENT_3D ( 'NONE', #1356, #502, #2191 ) ;
#849 = VECTOR ( 'NONE', #391, 1000.000000000000000 ) ;
#850 = DIRECTION ( 'NONE',  ( -0.000000000000000000, -0.000000000000000000, -1.000000000000000000 ) ) ;
#851 = DIRECTION ( 'NONE',  ( -1.000000000000000000, 0.000000000000000000, 0.000000000000000000 ) ) ;
#852 = CIRCLE ( 'NONE', #1189, 29.00000000000002132 ) ;
#853 = DIRECTION ( 'NONE',  ( 1.000000000000000000, 0.000000000000000000, 0.000000000000000000 ) ) ;
#854 = CYLINDRICAL_SURFACE ( 'NONE', #1691, 29.00000000000002132 ) ;
#855 = EDGE_CURVE ( 'NONE', #1638, #3331, #3320, .T. ) ;
#856 = AXIS2_PLACEMENT_3D ( 'NONE', #2570, #1497, #2314 ) ;
#857 = VERTEX_POINT ( 'NONE', #3017 ) ;
#858 = CIRCLE ( 'NONE', #30, 29.00000000000002132 ) ;
#859 = VERTEX_POINT ( 'NONE', #225 ) ;
#860 = EDGE_CURVE ( 'NONE', #1983, #637, #1334, .T. ) ;
#861 = DIRECTION ( 'NONE',  ( -0.000000000000000000, -0.000000000000000000, -1.000000000000000000 ) ) ;
#862 = CARTESIAN_POINT ( 'NONE',  ( 25.86001477014602301, 47.87000627057111046, 2.000000000000000000 ) ) ;
#863 = AXIS2_PLACEMENT_3D ( 'NONE', #1564, #1011, #1821 ) ;
#864 = VERTEX_POINT ( 'NONE', #1967 ) ;
#865 = VERTEX_POINT ( 'NONE', #536 ) ;
#866 = DIRECTION ( 'NONE',  ( 0.000000000000000000, -0.000000000000000000, -1.000000000000000000 ) ) ;
#867 = ORIENTED_EDGE ( 'NONE', *, *, #1264, .T. ) ;
#868 = AXIS2_PLACEMENT_3D ( 'NONE', #3065, #3606, #1117 ) ;
#869 = DIRECTION ( 'NONE',  ( -0.000000000000000000, -0.000000000000000000, -1.000000000000000000 ) ) ;
#870 = CYLINDRICAL_SURFACE ( 'NONE', #900, 1.050000000000002265 ) ;
#871 = APPLICATION_CONTEXT ( 'automotive_design' ) ;
#872 = CARTESIAN_POINT ( 'NONE',  ( -1.059447316238487646, 28.12072306356488838, 3.000000000000000000 ) ) ;
#873 = DIRECTION ( 'NONE',  ( -0.8660254037844452579, 0.4999999999999886202, 0.000000000000000000 ) ) ;
#874 = ORIENTED_EDGE ( 'NONE', *, *, #1770, .T. ) ;
#875 = DIRECTION ( 'NONE',  ( -0.8189007562146570773, 0.5739351457012044078, 0.000000000000000000 ) ) ;
#876 = DIRECTION ( 'NONE',  ( -1.047444401652940007E-14, 1.000000000000000000, 0.000000000000000000 ) ) ;
#877 = FACE_OUTER_BOUND ( 'NONE', #2479, .T. ) ;
#878 = ORIENTED_EDGE ( 'NONE', *, *, #1295, .T. ) ;
#879 = EDGE_CURVE ( 'NONE', #2060, #1847, #1138, .T. ) ;
#880 = ORIENTED_EDGE ( 'NONE', *, *, #406, .F. ) ;
#881 = CARTESIAN_POINT ( 'NONE',  ( 16.75741485232489580, -4.613500373794265919, 14.00000000000000000 ) ) ;
#882 = EDGE_CURVE ( 'NONE', #1749, #2047, #520, .T. ) ;
#883 = DIRECTION ( 'NONE',  ( 1.000000000000000000, 0.000000000000000000, 0.000000000000000000 ) ) ;
#884 = DIRECTION ( 'NONE',  ( 0.000000000000000000, 0.000000000000000000, -1.000000000000000000 ) ) ;
#885 = AXIS2_PLACEMENT_3D ( 'NONE', #2981, #1035, #483 ) ;
#886 = DIRECTION ( 'NONE',  ( 1.000000000000000000, 0.000000000000000000, 0.000000000000000000 ) ) ;
#887 = DIRECTION ( 'NONE',  ( -0.000000000000000000, -0.000000000000000000, -1.000000000000000000 ) ) ;
#888 = ORIENTED_EDGE ( 'NONE', *, *, #209, .T. ) ;
#889 = DIRECTION ( 'NONE',  ( 0.000000000000000000, 0.000000000000000000, -1.000000000000000000 ) ) ;
#890 = LINE ( 'NONE', #1113, #1114 ) ;
#891 = CARTESIAN_POINT ( 'NONE',  ( 40.12950763544459676, -0.2830792650050373283, 0.000000000000000000 ) ) ;
#892 = ORIENTED_EDGE ( 'NONE', *, *, #3542, .T. ) ;
#893 = ORIENTED_EDGE ( 'NONE', *, *, #3383, .T. ) ;
#894 = CARTESIAN_POINT ( 'NONE',  ( 10.87195762065606175, -3.235252392676878141, 27.00000000000000355 ) ) ;
#895 = EDGE_CURVE ( 'NONE', #2743, #530, #2387, .T. ) ;
#896 = ORIENTED_EDGE ( 'NONE', *, *, #3564, .T. ) ;
#897 = ADVANCED_FACE ( 'NONE', ( #1067 ), #2167, .F. ) ;
#898 = CARTESIAN_POINT ( 'NONE',  ( 41.37950763544459676, -0.2830792650050373283, 6.000000000000000000 ) ) ;
#899 = CARTESIAN_POINT ( 'NONE',  ( -0.06305065491172753833, 4.846818581045055474, 2.000000000000000000 ) ) ;
#900 = AXIS2_PLACEMENT_3D ( 'NONE', #2243, #1203, #851 ) ;
#901 = AXIS2_PLACEMENT_3D ( 'NONE', #1535, #996, #215 ) ;
#902 = DIRECTION ( 'NONE',  ( -0.000000000000000000, 0.000000000000000000, -1.000000000000000000 ) ) ;
#903 = AXIS2_PLACEMENT_3D ( 'NONE', #3425, #400, #678 ) ;
#904 = ORIENTED_EDGE ( 'NONE', *, *, #316, .F. ) ;
#905 = LINE ( 'NONE', #666, #1759 ) ;
#906 = AXIS2_PLACEMENT_3D ( 'NONE', #2253, #3030, #1910 ) ;
#907 = SURFACE_STYLE_FILL_AREA ( #3123 ) ;
#908 = CARTESIAN_POINT ( 'NONE',  ( -3.326363538084339933, 23.40150196431828888, 0.000000000000000000 ) ) ;
#909 = CARTESIAN_POINT ( 'NONE',  ( 40.81445548852191507, 40.98538844291566363, 27.00000000000000355 ) ) ;
#910 = ORIENTED_EDGE ( 'NONE', *, *, #1440, .T. ) ;
#911 = ORIENTED_EDGE ( 'NONE', *, *, #277, .T. ) ;
#912 = CARTESIAN_POINT ( 'NONE',  ( 40.81445548852191507, 40.98538844291566363, 2.000000000000000000 ) ) ;
#913 = VECTOR ( 'NONE', #1659, 1000.000000000000000 ) ;
#914 = CARTESIAN_POINT ( 'NONE',  ( 25.31820655458890812, 18.87506802511944315, 1.950000000000000400 ) ) ;
#915 = FACE_OUTER_BOUND ( 'NONE', #962, .T. ) ;
#916 = VECTOR ( 'NONE', #318, 1000.000000000000000 ) ;
#917 = EDGE_CURVE ( 'NONE', #865, #3556, #2731, .T. ) ;
#918 = CIRCLE ( 'NONE', #2359, 1.050000000000000488 ) ;
#919 = CARTESIAN_POINT ( 'NONE',  ( 40.81445548852191507, 40.98538844291566363, 2.000000000000000000 ) ) ;
#920 = ADVANCED_FACE ( 'NONE', ( #2772 ), #829, .F. ) ;
#921 = CARTESIAN_POINT ( 'NONE',  ( 13.91823185393006845, 43.35037347417103604, 2.000000000000001776 ) ) ;
#922 = PRESENTATION_STYLE_ASSIGNMENT (( #356 ) ) ;
#923 = LINE ( 'NONE', #756, #1997 ) ;
#924 = FACE_BOUND ( 'NONE', #1342, .T. ) ;
#925 = ORIENTED_EDGE ( 'NONE', *, *, #274, .F. ) ;
#926 = ORIENTED_EDGE ( 'NONE', *, *, #1032, .T. ) ;
#927 = CARTESIAN_POINT ( 'NONE',  ( 8.771957620656046117, -3.235252392676878141, 2.000000000000001776 ) ) ;
#928 = DIRECTION ( 'NONE',  ( 1.000000000000000000, 0.000000000000000000, 0.000000000000000000 ) ) ;
#929 = EDGE_CURVE ( 'NONE', #1787, #1718, #831, .T. ) ;
#930 = ORIENTED_EDGE ( 'NONE', *, *, #1386, .F. ) ;
#931 = DIRECTION ( 'NONE',  ( 0.000000000000000000, 0.000000000000000000, 1.000000000000000000 ) ) ;
#932 = LINE ( 'NONE', #1811, #1999 ) ;
#933 = EDGE_LOOP ( 'NONE', ( #691, #896, #163, #2688 ) ) ;
#934 = DIRECTION ( 'NONE',  ( -0.000000000000000000, -0.000000000000000000, -1.000000000000000000 ) ) ;
#935 = ADVANCED_FACE ( 'NONE', ( #13 ), #1676, .T. ) ;
#936 = AXIS2_PLACEMENT_3D ( 'NONE', #1444, #2607, #122 ) ;
#937 = DIRECTION ( 'NONE',  ( -1.000000000000000000, 0.000000000000000000, 0.000000000000000000 ) ) ;
#938 = EDGE_CURVE ( 'NONE', #1491, #1965, #2489, .T. ) ;
#939 = CARTESIAN_POINT ( 'NONE',  ( -0.001541464881515963725, 9.288078913278512871, 2.000000000000000000 ) ) ;
#940 = AXIS2_PLACEMENT_3D ( 'NONE', #1695, #3360, #873 ) ;
#941 = PLANE ( 'NONE',  #1244 ) ;
#942 = VERTEX_POINT ( 'NONE', #1657 ) ;
#943 = VERTEX_POINT ( 'NONE', #1639 ) ;
#944 = DIRECTION ( 'NONE',  ( -1.000000000000000000, 0.000000000000000000, 0.000000000000000000 ) ) ;
#945 = CARTESIAN_POINT ( 'NONE',  ( 40.28489535596634852, 43.71451701906301679, 2.000000000000000000 ) ) ;
#946 = AXIS2_PLACEMENT_3D ( 'NONE', #898, #1202, #661 ) ;
#947 = ORIENTED_EDGE ( 'NONE', *, *, #715, .F. ) ;
#948 = DIRECTION ( 'NONE',  ( -1.000000000000000000, 0.000000000000000000, 0.000000000000000000 ) ) ;
#949 = CARTESIAN_POINT ( 'NONE',  ( 38.81445548852256877, 40.98538844291566363, 0.000000000000000000 ) ) ;
#950 = EDGE_LOOP ( 'NONE', ( #206, #686, #709, #2984 ) ) ;
#951 = CARTESIAN_POINT ( 'NONE',  ( 41.37950763544459676, -0.2830792650050373283, 14.00000000000000000 ) ) ;
#952 = CIRCLE ( 'NONE', #490, 1.010000000000004006 ) ;
#953 = EDGE_CURVE ( 'NONE', #3575, #839, #591, .T. ) ;
#954 = AXIS2_PLACEMENT_3D ( 'NONE', #1121, #1640, #264 ) ;
#955 = CARTESIAN_POINT ( 'NONE',  ( 8.006905473733349154, 38.03321531524403554, 0.000000000000000000 ) ) ;
#956 = DIRECTION ( 'NONE',  ( 0.000000000000000000, 0.000000000000000000, -1.000000000000000000 ) ) ;
#957 = AXIS2_PLACEMENT_3D ( 'NONE', #1208, #1495, #2312 ) ;
#958 = PLANE ( 'NONE',  #3113 ) ;
#959 = VERTEX_POINT ( 'NONE', #1373 ) ;
#960 = EDGE_CURVE ( 'NONE', #2388, #566, #1930, .T. ) ;
#961 = AXIS2_PLACEMENT_3D ( 'NONE', #1258, #3157, #2849 ) ;
#962 = EDGE_LOOP ( 'NONE', ( #587, #1714, #2119, #2397 ) ) ;
#963 = CARTESIAN_POINT ( 'NONE',  ( 52.03924611279152401, 14.51777013204343447, 0.000000000000000000 ) ) ;
#964 = CYLINDRICAL_SURFACE ( 'NONE', #1722, 1.010000000000004006 ) ;
#965 = ADVANCED_FACE ( 'NONE', ( #299 ), #3051, .F. ) ;
#966 = ORIENTED_EDGE ( 'NONE', *, *, #3014, .T. ) ;
#967 = ORIENTED_EDGE ( 'NONE', *, *, #1220, .F. ) ;
#968 = CARTESIAN_POINT ( 'NONE',  ( 22.95322152333372756, -8.021155609472369719, 2.000000000000001776 ) ) ;
#969 = LINE ( 'NONE', #2067, #2760 ) ;
#970 = DIRECTION ( 'NONE',  ( 0.000000000000000000, 0.000000000000000000, 1.000000000000000000 ) ) ;
#971 = EDGE_CURVE ( 'NONE', #1284, #2099, #2224, .T. ) ;
#972 = ORIENTED_EDGE ( 'NONE', *, *, #1425, .T. ) ;
#973 = FACE_OUTER_BOUND ( 'NONE', #2487, .T. ) ;
#974 = DIRECTION ( 'NONE',  ( 0.000000000000000000, -0.000000000000000000, -1.000000000000000000 ) ) ;
#975 = DIRECTION ( 'NONE',  ( -0.000000000000000000, -0.000000000000000000, -1.000000000000000000 ) ) ;
#976 = CARTESIAN_POINT ( 'NONE',  ( 2.157886136792639409, 34.37131695905236484, 2.000000000000001776 ) ) ;
#977 = ORIENTED_EDGE ( 'NONE', *, *, #422, .F. ) ;
#978 = ORIENTED_EDGE ( 'NONE', *, *, #3322, .T. ) ;
#979 = FACE_OUTER_BOUND ( 'NONE', #1517, .T. ) ;
#980 = LINE ( 'NONE', #3180, #3361 ) ;
#981 = ORIENTED_EDGE ( 'NONE', *, *, #1125, .F. ) ;
#982 = ORIENTED_EDGE ( 'NONE', *, *, #1654, .F. ) ;
#983 = LINE ( 'NONE', #1987, #278 ) ;
#984 = DIRECTION ( 'NONE',  ( -1.000000000000000000, 0.000000000000000000, 0.000000000000000000 ) ) ;
#985 = CARTESIAN_POINT ( 'NONE',  ( -0.001541464881515963725, 9.288078913278512871, 2.000000000000000000 ) ) ;
#986 = EDGE_CURVE ( 'NONE', #3045, #2514, #6, .T. ) ;
#987 = ORIENTED_EDGE ( 'NONE', *, *, #1690, .T. ) ;
#988 = ORIENTED_EDGE ( 'NONE', *, *, #578, .T. ) ;
#989 = LINE ( 'NONE', #164, #248 ) ;
#990 = CIRCLE ( 'NONE', #2971, 1.049999999999995381 ) ;
#991 = AXIS2_PLACEMENT_3D ( 'NONE', #2516, #3364, #876 ) ;
#992 = CARTESIAN_POINT ( 'NONE',  ( 40.81445548852191507, 40.98538844291566363, 2.000000000000001776 ) ) ;
#993 = LINE ( 'NONE', #778, #3323 ) ;
#994 = ORIENTED_EDGE ( 'NONE', *, *, #565, .T. ) ;
#995 = ORIENTED_EDGE ( 'NONE', *, *, #646, .F. ) ;
#996 = DIRECTION ( 'NONE',  ( -0.000000000000000000, -0.000000000000000000, -1.000000000000000000 ) ) ;
#997 = ORIENTED_EDGE ( 'NONE', *, *, #578, .F. ) ;
#998 = ORIENTED_EDGE ( 'NONE', *, *, #2037, .F. ) ;
#999 = CIRCLE ( 'NONE', #2499, 1.999999999999351630 ) ;
#1000 = ORIENTED_EDGE ( 'NONE', *, *, #1316, .F. ) ;
#1001 = ADVANCED_FACE ( 'NONE', ( #2031 ), #1168, .F. ) ;
#1002 = CARTESIAN_POINT ( 'NONE',  ( -3.676731690862772517, 19.41687624067645856, 0.000000000000000000 ) ) ;
#1003 = VECTOR ( 'NONE', #1606, 1000.000000000000114 ) ;
#1004 = DIRECTION ( 'NONE',  ( 0.000000000000000000, 0.000000000000000000, 1.000000000000000000 ) ) ;
#1005 = CYLINDRICAL_SURFACE ( 'NONE', #2114, 1.999999999999349409 ) ;
#1006 = VERTEX_POINT ( 'NONE', #1436 ) ;
#1007 = ADVANCED_FACE ( 'NONE', ( #386, #1183 ), #367, .T. ) ;
#1008 = VERTEX_POINT ( 'NONE', #3151 ) ;
#1009 = CARTESIAN_POINT ( 'NONE',  ( 33.87899825685308741, 42.36363642403309626, 6.000000000000000000 ) ) ;
#1010 = DIRECTION ( 'NONE',  ( 0.5739351457012090707, 0.8189007562146538577, -0.000000000000000000 ) ) ;
#1011 = DIRECTION ( 'NONE',  ( -0.000000000000000000, -0.000000000000000000, -1.000000000000000000 ) ) ;
#1012 = PLANE ( 'NONE',  #353 ) ;
#1013 = VECTOR ( 'NONE', #2712, 1000.000000000000000 ) ;
#1014 = ORIENTED_EDGE ( 'NONE', *, *, #938, .T. ) ;
#1015 = AXIS2_PLACEMENT_3D ( 'NONE', #1453, #2563, #3099 ) ;
#1016 = ORIENTED_EDGE ( 'NONE', *, *, #2556, .F. ) ;
#1017 = CIRCLE ( 'NONE', #1240, 1.050000000000002265 ) ;
#1018 = FACE_OUTER_BOUND ( 'NONE', #2146, .T. ) ;
#1019 = EDGE_LOOP ( 'NONE', ( #3129, #972, #3114, #2198 ) ) ;
#1020 = VECTOR ( 'NONE', #3070, 1000.000000000000000 ) ;
#1021 = VECTOR ( 'NONE', #2177, 1000.000000000000000 ) ;
#1022 = ORIENTED_EDGE ( 'NONE', *, *, #2180, .T. ) ;
#1023 = ORIENTED_EDGE ( 'NONE', *, *, #2889, .F. ) ;
#1024 = CARTESIAN_POINT ( 'NONE',  ( 50.84351200364036316, 30.27504272577854749, 27.00000000000000355 ) ) ;
#1025 = CIRCLE ( 'NONE', #2344, 22.25000000000000355 ) ;
#1026 = DIRECTION ( 'NONE',  ( -0.000000000000000000, -0.000000000000000000, 1.000000000000000000 ) ) ;
#1027 = FACE_BOUND ( 'NONE', #1080, .T. ) ;
#1028 = ORIENTED_EDGE ( 'NONE', *, *, #3322, .F. ) ;
#1029 = CARTESIAN_POINT ( 'NONE',  ( 52.21443018918072454, 16.51008299386434430, 27.00000000000000355 ) ) ;
#1030 = CARTESIAN_POINT ( 'NONE',  ( 24.77639833903199928, -10.11987022033223482, 2.000000000000000000 ) ) ;
#1031 = EDGE_CURVE ( 'NONE', #2926, #839, #418, .T. ) ;
#1032 = EDGE_CURVE ( 'NONE', #2372, #3308, #31, .T. ) ;
#1033 = EDGE_CURVE ( 'NONE', #2372, #730, #480, .T. ) ;
#1034 = CYLINDRICAL_SURFACE ( 'NONE', #1191, 1.050000000000007594 ) ;
#1035 = DIRECTION ( 'NONE',  ( 0.000000000000000000, 0.000000000000000000, 1.000000000000000000 ) ) ;
#1036 = LINE ( 'NONE', #2406, #2871 ) ;
#1037 = EDGE_CURVE ( 'NONE', #1754, #765, #1470, .T. ) ;
#1038 = VERTEX_POINT ( 'NONE', #2823 ) ;
#1039 = EDGE_LOOP ( 'NONE', ( #2934, #3282 ) ) ;
#1040 = AXIS2_PLACEMENT_3D ( 'NONE', #1166, #1926, #43 ) ;
#1041 = FACE_OUTER_BOUND ( 'NONE', #766, .T. ) ;
#1042 = ORIENTED_EDGE ( 'NONE', *, *, #1404, .T. ) ;
#1043 = EDGE_LOOP ( 'NONE', ( #3319, #705, #3023, #289 ) ) ;
#1044 = ORIENTED_EDGE ( 'NONE', *, *, #1425, .F. ) ;
#1045 = DIRECTION ( 'NONE',  ( 0.000000000000000000, 0.000000000000000000, 1.000000000000000000 ) ) ;
#1046 = DIRECTION ( 'NONE',  ( 1.000000000000000000, 0.000000000000000000, 0.000000000000000000 ) ) ;
#1047 = FACE_BOUND ( 'NONE', #2902, .T. ) ;
#1048 = ORIENTED_EDGE ( 'NONE', *, *, #1221, .F. ) ;
#1049 = CARTESIAN_POINT ( 'NONE',  ( 15.50741485232490113, -4.613500373794265919, 14.00000000000000000 ) ) ;
#1050 = CARTESIAN_POINT ( 'NONE',  ( 27.68319158584427697, 45.77129165971123825, 2.000000000000000000 ) ) ;
#1051 = DIRECTION ( 'NONE',  ( -0.000000000000000000, -0.000000000000000000, -1.000000000000000000 ) ) ;
#1052 = FACE_OUTER_BOUND ( 'NONE', #3177, .T. ) ;
#1053 = CARTESIAN_POINT ( 'NONE',  ( 48.74351200364037595, 30.27504272577854749, 2.000000000000001776 ) ) ;
#1054 = EDGE_CURVE ( 'NONE', #749, #2669, #98, .T. ) ;
#1055 = ORIENTED_EDGE ( 'NONE', *, *, #2767, .F. ) ;
#1056 = EDGE_CURVE ( 'NONE', #1092, #466, #835, .T. ) ;
#1057 = CYLINDRICAL_SURFACE ( 'NONE', #262, 1.250000000000001110 ) ;
#1058 = ORIENTED_EDGE ( 'NONE', *, *, #1770, .F. ) ;
#1059 = ORIENTED_EDGE ( 'NONE', *, *, #986, .F. ) ;
#1060 = ORIENTED_EDGE ( 'NONE', *, *, #2694, .F. ) ;
#1061 = LINE ( 'NONE', #2689, #1325 ) ;
#1062 = CARTESIAN_POINT ( 'NONE',  ( 39.34645599866337307, -6.506189184381145019, 2.000000000000000000 ) ) ;
#1063 = FACE_BOUND ( 'NONE', #1807, .T. ) ;
#1064 = CIRCLE ( 'NONE', #3148, 29.00000000000002487 ) ;
#1065 = VECTOR ( 'NONE', #2421, 1000.000000000000000 ) ;
#1066 = ORIENTED_EDGE ( 'NONE', *, *, #2087, .F. ) ;
#1067 = FACE_OUTER_BOUND ( 'NONE', #1698, .T. ) ;
#1068 = DIRECTION ( 'NONE',  ( 0.000000000000000000, 0.000000000000000000, 1.000000000000000000 ) ) ;
#1069 = CYLINDRICAL_SURFACE ( 'NONE', #1713, 1.050000000000000044 ) ;
#1070 = DIRECTION ( 'NONE',  ( 0.000000000000000000, 0.000000000000000000, 1.000000000000000000 ) ) ;
#1071 = CARTESIAN_POINT ( 'NONE',  ( 12.10524626511206492, 42.50593090375215155, 2.000000000000000000 ) ) ;
#1072 = EDGE_LOOP ( 'NONE', ( #878, #2241, #308, #472 ) ) ;
#1073 = ORIENTED_EDGE ( 'NONE', *, *, #1246, .F. ) ;
#1074 = CYLINDRICAL_SURFACE ( 'NONE', #321, 1.049999999999995381 ) ;
#1075 = ORIENTED_EDGE ( 'NONE', *, *, #3119, .F. ) ;
#1076 = AXIS2_PLACEMENT_3D ( 'NONE', #1374, #2773, #1914 ) ;
#1077 = EDGE_CURVE ( 'NONE', #1663, #1983, #3565, .T. ) ;
#1078 = ORIENTED_EDGE ( 'NONE', *, *, #3451, .T. ) ;
#1079 = VECTOR ( 'NONE', #2151, 1000.000000000000114 ) ;
#1080 = EDGE_LOOP ( 'NONE', ( #140, #2140 ) ) ;
#1081 = DIRECTION ( 'NONE',  ( 0.000000000000000000, 0.000000000000000000, -1.000000000000000000 ) ) ;
#1082 = CARTESIAN_POINT ( 'NONE',  ( 14.91592828815061722, 45.94521037545788289, 0.000000000000000000 ) ) ;
#1083 = CARTESIAN_POINT ( 'NONE',  ( 0.4787575606452834642, 33.84175682649679828, 0.000000000000000000 ) ) ;
#1084 = AXIS2_PLACEMENT_3D ( 'NONE', #819, #861, #1395 ) ;
#1085 = ORIENTED_EDGE ( 'NONE', *, *, #2396, .T. ) ;
#1086 = EDGE_CURVE ( 'NONE', #1718, #2838, #2001, .T. ) ;
#1087 = DIRECTION ( 'NONE',  ( -1.000000000000000000, 0.000000000000000000, 0.000000000000000000 ) ) ;
#1088 = CARTESIAN_POINT ( 'NONE',  ( 40.28489535596634852, 43.71451701906301679, 2.000000000000000000 ) ) ;
#1089 = CIRCLE ( 'NONE', #2007, 29.00000000000002132 ) ;
#1090 = LINE ( 'NONE', #2169, #84 ) ;
#1091 = DIRECTION ( 'NONE',  ( -0.000000000000000000, -0.000000000000000000, -1.000000000000000000 ) ) ;
#1092 = VERTEX_POINT ( 'NONE', #1755 ) ;
#1093 = EDGE_CURVE ( 'NONE', #3110, #1857, #1409, .T. ) ;
#1094 = ORIENTED_EDGE ( 'NONE', *, *, #1605, .T. ) ;
#1095 = DIRECTION ( 'NONE',  ( 0.000000000000000000, 0.000000000000000000, -1.000000000000000000 ) ) ;
#1096 = CARTESIAN_POINT ( 'NONE',  ( 13.91823185393006845, 43.35037347417103604, 2.000000000000000000 ) ) ;
#1097 = ORIENTED_EDGE ( 'NONE', *, *, #1580, .T. ) ;
#1098 = VECTOR ( 'NONE', #866, 1000.000000000000000 ) ;
#1099 = ORIENTED_EDGE ( 'NONE', *, *, #58, .T. ) ;
#1100 = DIRECTION ( 'NONE',  ( -0.08759203819462957341, -0.9961564309107835413, 0.000000000000000000 ) ) ;
#1101 = ADVANCED_FACE ( 'NONE', ( #2562 ), #63, .F. ) ;
#1102 = CARTESIAN_POINT ( 'NONE',  ( 0.000000000000000000, 0.000000000000000000, 0.000000000000000000 ) ) ;
#1103 = EDGE_CURVE ( 'NONE', #2957, #602, #3445, .T. ) ;
#1104 = VERTEX_POINT ( 'NONE', #3168 ) ;
#1105 = EDGE_CURVE ( 'NONE', #2174, #1656, #3133, .T. ) ;
#1106 = DIRECTION ( 'NONE',  ( -0.000000000000000000, -0.000000000000000000, -1.000000000000000000 ) ) ;
#1107 = CARTESIAN_POINT ( 'NONE',  ( 54.31820655458893299, 18.87506802511944670, 0.000000000000000000 ) ) ;
#1108 = CARTESIAN_POINT ( 'NONE',  ( 20.79177261539016541, -9.769502067553823110, 0.000000000000000000 ) ) ;
#1109 = DIRECTION ( 'NONE',  ( -0.000000000000000000, -0.000000000000000000, -1.000000000000000000 ) ) ;
#1110 = ORIENTED_EDGE ( 'NONE', *, *, #281, .F. ) ;
#1111 = ORIENTED_EDGE ( 'NONE', *, *, #895, .T. ) ;
#1112 = CARTESIAN_POINT ( 'NONE',  ( 2.774498143449349641, 37.11735985135435811, 2.000000000000000000 ) ) ;
#1113 = CARTESIAN_POINT ( 'NONE',  ( 52.38834890492724838, 29.27734629155801827, 2.000000000000000000 ) ) ;
#1114 = VECTOR ( 'NONE', #3044, 1000.000000000000000 ) ;
#1115 = ORIENTED_EDGE ( 'NONE', *, *, #175, .T. ) ;
#1116 = ORIENTED_EDGE ( 'NONE', *, *, #2308, .F. ) ;
#1117 = DIRECTION ( 'NONE',  ( 1.000000000000000000, 0.000000000000000000, 0.000000000000000000 ) ) ;
#1118 = CIRCLE ( 'NONE', #2617, 1.050000000000007594 ) ;
#1119 = CIRCLE ( 'NONE', #1571, 29.00000000000002132 ) ;
#1120 = DIRECTION ( 'NONE',  ( -0.000000000000000000, -0.000000000000000000, -1.000000000000000000 ) ) ;
#1121 = CARTESIAN_POINT ( 'NONE',  ( 3.207886136792633014, 34.37131695905236484, 5.999999999999998224 ) ) ;
#1122 = EDGE_CURVE ( 'NONE', #543, #1280, #660, .T. ) ;
#1123 = AXIS2_PLACEMENT_3D ( 'NONE', #556, #1120, #1402 ) ;
#1124 = CARTESIAN_POINT ( 'NONE',  ( 50.63795457405927181, 28.46205713696054573, 2.000000000000000000 ) ) ;
#1125 = EDGE_CURVE ( 'NONE', #2367, #448, #1697, .T. ) ;
#1126 = CARTESIAN_POINT ( 'NONE',  ( 0.8429011055373636374, 7.475093324460512889, 2.000000000000000000 ) ) ;
#1127 = ORIENTED_EDGE ( 'NONE', *, *, #738, .T. ) ;
#1128 = LINE ( 'NONE', #3061, #3287 ) ;
#1129 = CARTESIAN_POINT ( 'NONE',  ( 50.68586042541623726, 9.629412986673806074, 6.000000000000000000 ) ) ;
#1130 = AXIS2_PLACEMENT_3D ( 'NONE', #475, #1290, #693 ) ;
#1131 = ORIENTED_EDGE ( 'NONE', *, *, #2507, .F. ) ;
#1132 = EDGE_LOOP ( 'NONE', ( #2713, #2064, #3600, #459 ) ) ;
#1133 = CARTESIAN_POINT ( 'NONE',  ( 49.79351200364037311, 30.27504272577854749, 2.000000000000001776 ) ) ;
#1134 = VECTOR ( 'NONE', #2682, 1000.000000000000114 ) ;
#1135 = ORIENTED_EDGE ( 'NONE', *, *, #1454, .T. ) ;
#1136 = VECTOR ( 'NONE', #45, 1000.000000000000000 ) ;
#1137 = CIRCLE ( 'NONE', #2463, 29.00000000000002132 ) ;
#1138 = LINE ( 'NONE', #3083, #2450 ) ;
#1139 = DIRECTION ( 'NONE',  ( 1.000000000000000000, 0.000000000000000000, 0.000000000000000000 ) ) ;
#1140 = DIRECTION ( 'NONE',  ( -1.000000000000000000, 0.000000000000000000, 0.000000000000000000 ) ) ;
#1141 = CARTESIAN_POINT ( 'NONE',  ( 47.86191496572860160, 0.6327761988846880570, 2.000000000000000000 ) ) ;
#1142 = EDGE_CURVE ( 'NONE', #448, #1852, #204, .T. ) ;
#1143 = CIRCLE ( 'NONE', #1599, 29.00000000000002842 ) ;
#1144 = CIRCLE ( 'NONE', #1602, 29.00000000000002132 ) ;
#1145 = ORIENTED_EDGE ( 'NONE', *, *, #1877, .F. ) ;
#1146 = LINE ( 'NONE', #1960, #1653 ) ;
#1147 = DIRECTION ( 'NONE',  ( 0.000000000000000000, 0.000000000000000000, 1.000000000000000000 ) ) ;
#1148 = EDGE_CURVE ( 'NONE', #1347, #2586, #115, .T. ) ;
#1149 = DIRECTION ( 'NONE',  ( 1.000000000000000000, 0.000000000000000000, 0.000000000000000000 ) ) ;
#1150 = ORIENTED_EDGE ( 'NONE', *, *, #1877, .T. ) ;
#1151 = ORIENTED_EDGE ( 'NONE', *, *, #651, .T. ) ;
#1152 = FACE_OUTER_BOUND ( 'NONE', #1719, .T. ) ;
#1153 = VECTOR ( 'NONE', #2559, 1000.000000000000000 ) ;
#1154 = CARTESIAN_POINT ( 'NONE',  ( 9.821957620655901167, -3.235252392676773781, 2.000000000000000000 ) ) ;
#1155 = DIRECTION ( 'NONE',  ( -0.000000000000000000, -0.000000000000000000, -1.000000000000000000 ) ) ;
#1156 = CARTESIAN_POINT ( 'NONE',  ( 1.687343675956250122, 5.662107735642512019, 0.000000000000000000 ) ) ;
#1157 = FACE_OUTER_BOUND ( 'NONE', #3534, .T. ) ;
#1158 = EDGE_CURVE ( 'NONE', #214, #2267, #2863, .T. ) ;
#1159 = VERTEX_POINT ( 'NONE', #711 ) ;
#1160 = LINE ( 'NONE', #1478, #2636 ) ;
#1161 = DIRECTION ( 'NONE',  ( -0.8660254037844449249, 0.4999999999999889533, 0.000000000000000000 ) ) ;
#1162 = CARTESIAN_POINT ( 'NONE',  ( 22.95322152333372756, -8.021155609472369719, 2.000000000000000000 ) ) ;
#1163 = ORIENTED_EDGE ( 'NONE', *, *, #125, .T. ) ;
#1164 = EDGE_CURVE ( 'NONE', #1865, #379, #3243, .T. ) ;
#1165 = ORIENTED_EDGE ( 'NONE', *, *, #860, .F. ) ;
#1166 = CARTESIAN_POINT ( 'NONE',  ( 3.207886136792633014, 34.37131695905237194, 2.000000000000000000 ) ) ;
#1167 = AXIS2_PLACEMENT_3D ( 'NONE', #1922, #3377, #2465 ) ;
#1168 = CYLINDRICAL_SURFACE ( 'NONE', #3272, 1.999999999999349409 ) ;
#1169 = FACE_OUTER_BOUND ( 'NONE', #1978, .T. ) ;
#1170 = ADVANCED_FACE ( 'NONE', ( #1836, #2632 ), #3536, .T. ) ;
#1171 = CARTESIAN_POINT ( 'NONE',  ( 25.31820655458890812, 18.87506802511944315, 6.000000000000000000 ) ) ;
#1172 = CARTESIAN_POINT ( 'NONE',  ( -1.751935795749490321, 8.472789758681049221, 2.000000000000000000 ) ) ;
#1173 = VERTEX_POINT ( 'NONE', #1810 ) ;
#1174 = DIRECTION ( 'NONE',  ( -1.000000000000000000, 0.000000000000000000, 0.000000000000000000 ) ) ;
#1175 = DIRECTION ( 'NONE',  ( -0.000000000000000000, -0.000000000000000000, 1.000000000000000000 ) ) ;
#1176 = CARTESIAN_POINT ( 'NONE',  ( 40.81445548852191507, 40.98538844291566363, 27.00000000000000355 ) ) ;
#1177 = ORIENTED_EDGE ( 'NONE', *, *, #201, .T. ) ;
#1178 = VERTEX_POINT ( 'NONE', #2335 ) ;
#1179 = DIRECTION ( 'NONE',  ( 0.000000000000000000, 0.000000000000000000, -1.000000000000000000 ) ) ;
#1180 = DIRECTION ( 'NONE',  ( -0.8189007562146538577, 0.5739351457012090707, 0.000000000000000000 ) ) ;
#1181 = EDGE_CURVE ( 'NONE', #440, #744, #718, .T. ) ;
#1182 = ORIENTED_EDGE ( 'NONE', *, *, #2917, .F. ) ;
#1183 = FACE_BOUND ( 'NONE', #3050, .T. ) ;
#1184 = LINE ( 'NONE', #300, #1419 ) ;
#1185 = CIRCLE ( 'NONE', #260, 1.050000000000002265 ) ;
#1186 = AXIS2_PLACEMENT_3D ( 'NONE', #696, #1794, #1500 ) ;
#1187 = CARTESIAN_POINT ( 'NONE',  ( 25.31820655458890812, 18.87506802511944315, 1.950000000000000400 ) ) ;
#1188 = CARTESIAN_POINT ( 'NONE',  ( 39.34645599866337307, -6.506189184381145019, 2.000000000000000000 ) ) ;
#1189 = AXIS2_PLACEMENT_3D ( 'NONE', #3152, #2894, #2616 ) ;
#1190 = ADVANCED_FACE ( 'NONE', ( #2930 ), #138, .F. ) ;
#1191 = AXIS2_PLACEMENT_3D ( 'NONE', #3267, #1051, #144 ) ;
#1192 = LINE ( 'NONE', #647, #2000 ) ;
#1193 = CYLINDRICAL_SURFACE ( 'NONE', #936, 1.010000000000004006 ) ;
#1194 = CARTESIAN_POINT ( 'NONE',  ( 40.81445548852191507, 40.98538844291566363, 5.999999999999998224 ) ) ;
#1195 = DIRECTION ( 'NONE',  ( 0.4222212852095753588, -0.9064927944092961987, 0.000000000000000000 ) ) ;
#1196 = ORIENTED_EDGE ( 'NONE', *, *, #2850, .F. ) ;
#1197 = EDGE_LOOP ( 'NONE', ( #3301, #1302 ) ) ;
#1198 = CARTESIAN_POINT ( 'NONE',  ( 0.6961137714692339218, 14.54464691633031137, 14.00000000000000000 ) ) ;
#1199 = LINE ( 'NONE', #1536, #3302 ) ;
#1200 = ORIENTED_EDGE ( 'NONE', *, *, #3570, .T. ) ;
#1201 = EDGE_CURVE ( 'NONE', #1846, #1776, #1252, .T. ) ;
#1202 = DIRECTION ( 'NONE',  ( 0.000000000000000000, 0.000000000000000000, 1.000000000000000000 ) ) ;
#1203 = DIRECTION ( 'NONE',  ( -0.000000000000000000, -0.000000000000000000, -1.000000000000000000 ) ) ;
#1204 = ADVANCED_FACE ( 'NONE', ( #3184 ), #438, .F. ) ;
#1205 = AXIS2_PLACEMENT_3D ( 'NONE', #2952, #1081, #787 ) ;
#1206 = EDGE_CURVE ( 'NONE', #1104, #3488, #2566, .T. ) ;
#1207 = CARTESIAN_POINT ( 'NONE',  ( 3.068206554588906343, 18.87506802511944670, 1.950000000000000400 ) ) ;
#1208 = CARTESIAN_POINT ( 'NONE',  ( 25.31820655458890812, 18.87506802511944315, 0.000000000000000000 ) ) ;
#1209 = DIRECTION ( 'NONE',  ( 1.000000000000000000, 0.000000000000000000, 0.000000000000000000 ) ) ;
#1210 = DIRECTION ( 'NONE',  ( 0.8189007562146558561, -0.5739351457012061841, 0.000000000000000000 ) ) ;
#1211 = FACE_OUTER_BOUND ( 'NONE', #1872, .T. ) ;
#1212 = EDGE_LOOP ( 'NONE', ( #988, #3566, #1920, #1950 ) ) ;
#1213 = VERTEX_POINT ( 'NONE', #159 ) ;
#1214 = CARTESIAN_POINT ( 'NONE',  ( 50.68586042541623726, 9.629412986673806074, 3.000000000000000000 ) ) ;
#1215 = CARTESIAN_POINT ( 'NONE',  ( -0.04944731623848785951, 28.12072306356488838, 6.000000000000000000 ) ) ;
#1216 = ORIENTED_EDGE ( 'NONE', *, *, #175, .F. ) ;
#1217 = DIRECTION ( 'NONE',  ( -0.000000000000000000, -0.000000000000000000, -1.000000000000000000 ) ) ;
#1218 = CARTESIAN_POINT ( 'NONE',  ( 38.53116684406592185, -4.755794853513170217, 2.000000000000000000 ) ) ;
#1219 = AXIS2_PLACEMENT_3D ( 'NONE', #1682, #568, #2233 ) ;
#1220 = EDGE_CURVE ( 'NONE', #2392, #1723, #842, .T. ) ;
#1221 = EDGE_CURVE ( 'NONE', #1280, #543, #2571, .T. ) ;
#1222 = AXIS2_PLACEMENT_3D ( 'NONE', #2865, #3449, #375 ) ;
#1223 = CARTESIAN_POINT ( 'NONE',  ( 50.69946376408944388, 32.90331746919400757, 2.000000000000000000 ) ) ;
#1224 = DIRECTION ( 'NONE',  ( -0.000000000000000000, -0.000000000000000000, -1.000000000000000000 ) ) ;
#1225 = FACE_BOUND ( 'NONE', #198, .T. ) ;
#1226 = ORIENTED_EDGE ( 'NONE', *, *, #2427, .F. ) ;
#1227 = ORIENTED_EDGE ( 'NONE', *, *, #2423, .T. ) ;
#1228 = DIRECTION ( 'NONE',  ( 1.000000000000000000, 0.000000000000000000, 0.000000000000000000 ) ) ;
#1229 = CARTESIAN_POINT ( 'NONE',  ( 51.19029933770856644, 23.20548913390874901, 14.00000000000000000 ) ) ;
#1230 = ORIENTED_EDGE ( 'NONE', *, *, #548, .F. ) ;
#1231 = DIRECTION ( 'NONE',  ( 0.8660254037844415942, -0.4999999999999949485, 0.000000000000000000 ) ) ;
#1232 = LINE ( 'NONE', #3461, #613 ) ;
#1233 = ORIENTED_EDGE ( 'NONE', *, *, #445, .T. ) ;
#1234 = VERTEX_POINT ( 'NONE', #2615 ) ;
#1235 = LINE ( 'NONE', #699, #3384 ) ;
#1236 = CIRCLE ( 'NONE', #129, 22.25000000000000355 ) ;
#1237 = VECTOR ( 'NONE', #1815, 1000.000000000000000 ) ;
#1238 = CARTESIAN_POINT ( 'NONE',  ( 10.87195762065606175, -3.235252392676878141, 5.999999999999998224 ) ) ;
#1239 = DIRECTION ( 'NONE',  ( -0.9064927944092908696, -0.4222212852095867386, 0.000000000000000000 ) ) ;
#1240 = AXIS2_PLACEMENT_3D ( 'NONE', #3414, #2326, #3155 ) ;
#1241 = DIRECTION ( 'NONE',  ( 0.000000000000000000, 0.000000000000000000, 1.000000000000000000 ) ) ;
#1242 = VECTOR ( 'NONE', #2204, 1000.000000000000114 ) ;
#1243 = ORIENTED_EDGE ( 'NONE', *, *, #383, .F. ) ;
#1244 = AXIS2_PLACEMENT_3D ( 'NONE', #669, #2867, #1195 ) ;
#1245 = ORIENTED_EDGE ( 'NONE', *, *, #1260, .F. ) ;
#1246 = EDGE_CURVE ( 'NONE', #602, #2957, #370, .T. ) ;
#1247 = CARTESIAN_POINT ( 'NONE',  ( 25.31820655458890812, 18.87506802511944315, 2.000000000000000000 ) ) ;
#1248 = LINE ( 'NONE', #96, #2132 ) ;
#1249 = EDGE_LOOP ( 'NONE', ( #2966, #1394, #2710, #2541 ) ) ;
#1250 = VERTEX_POINT ( 'NONE', #2910 ) ;
#1251 = LINE ( 'NONE', #2375, #2127 ) ;
#1252 = LINE ( 'NONE', #2085, #1642 ) ;
#1253 = CARTESIAN_POINT ( 'NONE',  ( 33.87899825685308741, 42.36363642403309626, 14.00000000000000000 ) ) ;
#1254 = ORIENTED_EDGE ( 'NONE', *, *, #1201, .T. ) ;
#1255 = LINE ( 'NONE', #1317, #1065 ) ;
#1256 = DIRECTION ( 'NONE',  ( 1.000000000000000000, 0.000000000000000000, 0.000000000000000000 ) ) ;
#1257 = CARTESIAN_POINT ( 'NONE',  ( -0.2070988944626362960, 7.475093324460505784, 5.999999999999998224 ) ) ;
#1258 = CARTESIAN_POINT ( 'NONE',  ( 40.81445548852191507, 40.98538844291566363, 0.000000000000000000 ) ) ;
#1259 = ORIENTED_EDGE ( 'NONE', *, *, #105, .T. ) ;
#1260 = EDGE_CURVE ( 'NONE', #3332, #865, #197, .T. ) ;
#1261 = EDGE_LOOP ( 'NONE', ( #2301, #2753 ) ) ;
#1262 = CARTESIAN_POINT ( 'NONE',  ( 49.94029933770856644, 23.20548913390874901, 14.00000000000000000 ) ) ;
#1263 = ORIENTED_EDGE ( 'NONE', *, *, #960, .F. ) ;
#1264 = EDGE_CURVE ( 'NONE', #1234, #1294, #2953, .T. ) ;
#1265 = ORIENTED_EDGE ( 'NONE', *, *, #1033, .T. ) ;
#1266 = ORIENTED_EDGE ( 'NONE', *, *, #1530, .F. ) ;
#1267 = DIRECTION ( 'NONE',  ( 3.469446951954742654E-15, -1.000000000000000000, 0.000000000000000000 ) ) ;
#1268 = DIRECTION ( 'NONE',  ( 0.000000000000000000, 0.000000000000000000, 1.000000000000000000 ) ) ;
#1269 = CARTESIAN_POINT ( 'NONE',  ( 49.67586042541623215, 9.629412986673806074, 6.000000000000000000 ) ) ;
#1270 = VERTEX_POINT ( 'NONE', #180 ) ;
#1271 = ORIENTED_EDGE ( 'NONE', *, *, #2806, .F. ) ;
#1272 = EDGE_CURVE ( 'NONE', #1595, #1847, #486, .T. ) ;
#1273 = DIRECTION ( 'NONE',  ( -1.000000000000000000, 0.000000000000000000, 0.000000000000000000 ) ) ;
#1274 = LINE ( 'NONE', #2297, #19 ) ;
#1275 = VECTOR ( 'NONE', #3549, 1000.000000000000000 ) ;
#1276 = STYLED_ITEM ( 'NONE', ( #922 ), #213 ) ;
#1277 = DIRECTION ( 'NONE',  ( -1.000000000000000000, 0.000000000000000000, 0.000000000000000000 ) ) ;
#1278 = LINE ( 'NONE', #2642, #645 ) ;
#1279 = ORIENTED_EDGE ( 'NONE', *, *, #2556, .T. ) ;
#1280 = VERTEX_POINT ( 'NONE', #1854 ) ;
#1281 = DIRECTION ( 'NONE',  ( -0.000000000000000000, -0.000000000000000000, -1.000000000000000000 ) ) ;
#1282 = AXIS2_PLACEMENT_3D ( 'NONE', #834, #288, #3072 ) ;
#1283 = ORIENTED_EDGE ( 'NONE', *, *, #2806, .T. ) ;
#1284 = VERTEX_POINT ( 'NONE', #1993 ) ;
#1285 = AXIS2_PLACEMENT_3D ( 'NONE', #1388, #1106, #3304 ) ;
#1286 = ORIENTED_EDGE ( 'NONE', *, *, #494, .T. ) ;
#1287 = DIRECTION ( 'NONE',  ( -1.000000000000000000, 0.000000000000000000, 0.000000000000000000 ) ) ;
#1288 = EDGE_CURVE ( 'NONE', #730, #1173, #1874, .T. ) ;
#1289 = PRODUCT_DEFINITION_SHAPE ( 'NONE', 'NONE',  #1505 ) ;
#1290 = DIRECTION ( 'NONE',  ( 0.000000000000000000, 0.000000000000000000, 1.000000000000000000 ) ) ;
#1291 = DIRECTION ( 'NONE',  ( -0.000000000000000000, -0.000000000000000000, -1.000000000000000000 ) ) ;
#1292 = EDGE_CURVE ( 'NONE', #2080, #1852, #2052, .T. ) ;
#1293 = EDGE_CURVE ( 'NONE', #2247, #2214, #2178, .T. ) ;
#1294 = VERTEX_POINT ( 'NONE', #2184 ) ;
#1295 = EDGE_CURVE ( 'NONE', #1907, #1888, #2289, .T. ) ;
#1296 = CARTESIAN_POINT ( 'NONE',  ( 39.76445548852191791, 40.98538844291566363, 27.00000000000000355 ) ) ;
#1297 = DIRECTION ( 'NONE',  ( -0.000000000000000000, -0.000000000000000000, -1.000000000000000000 ) ) ;
#1298 = AXIS2_PLACEMENT_3D ( 'NONE', #2973, #2104, #1791 ) ;
#1299 = FACE_OUTER_BOUND ( 'NONE', #598, .T. ) ;
#1300 = CARTESIAN_POINT ( 'NONE',  ( 48.57639726378732092, 5.016620603615463025, 2.000000000000000000 ) ) ;
#1301 = DIRECTION ( 'NONE',  ( -0.4999999999999980571, -0.8660254037844397068, 0.000000000000000000 ) ) ;
#1302 = ORIENTED_EDGE ( 'NONE', *, *, #155, .F. ) ;
#1303 = EDGE_CURVE ( 'NONE', #3488, #3171, #3554, .T. ) ;
#1304 = CIRCLE ( 'NONE', #3574, 1.250000000000000888 ) ;
#1305 = ORIENTED_EDGE ( 'NONE', *, *, #1164, .F. ) ;
#1306 = CIRCLE ( 'NONE', #2288, 1.999999999999350075 ) ;
#1307 = CYLINDRICAL_SURFACE ( 'NONE', #901, 1.250000000000001110 ) ;
#1308 = ORIENTED_EDGE ( 'NONE', *, *, #1550, .T. ) ;
#1309 = VECTOR ( 'NONE', #3443, 1000.000000000000000 ) ;
#1310 = ORIENTED_EDGE ( 'NONE', *, *, #1581, .F. ) ;
#1311 = ORIENTED_EDGE ( 'NONE', *, *, #2790, .F. ) ;
#1312 = DIRECTION ( 'NONE',  ( -0.000000000000000000, -0.000000000000000000, -1.000000000000000000 ) ) ;
#1313 = DIRECTION ( 'NONE',  ( -0.5739351457012090707, -0.8189007562146538577, 0.000000000000000000 ) ) ;
#1314 = EDGE_CURVE ( 'NONE', #1650, #1865, #2525, .T. ) ;
#1315 = VERTEX_POINT ( 'NONE', #221 ) ;
#1316 = EDGE_CURVE ( 'NONE', #3246, #655, #55, .T. ) ;
#1317 = CARTESIAN_POINT ( 'NONE',  ( 1.687343675956250122, 5.662107735642512019, 2.000000000000000000 ) ) ;
#1318 = DIRECTION ( 'NONE',  ( -1.000000000000000000, 0.000000000000000000, 0.000000000000000000 ) ) ;
#1319 = ADVANCED_FACE ( 'NONE', ( #3573 ), #1892, .F. ) ;
#1320 = DIRECTION ( 'NONE',  ( 1.000000000000000000, 0.000000000000000000, -0.000000000000000000 ) ) ;
#1321 = CYLINDRICAL_SURFACE ( 'NONE', #1741, 1.050000000000005818 ) ;
#1322 = DIRECTION ( 'NONE',  ( -0.000000000000000000, -0.000000000000000000, -1.000000000000000000 ) ) ;
#1323 = ORIENTED_EDGE ( 'NONE', *, *, #2251, .T. ) ;
#1324 = ORIENTED_EDGE ( 'NONE', *, *, #738, .F. ) ;
#1325 = VECTOR ( 'NONE', #3010, 1000.000000000000000 ) ;
#1326 = DIRECTION ( 'NONE',  ( -0.08759203819463864948, -0.9961564309107826531, 0.000000000000000000 ) ) ;
#1327 = CARTESIAN_POINT ( 'NONE',  ( 54.31314480004058254, 18.33325980956263734, 2.000000000000000000 ) ) ;
#1328 = ORIENTED_EDGE ( 'NONE', *, *, #1711, .T. ) ;
#1329 = VERTEX_POINT ( 'NONE', #3011 ) ;
#1330 = CARTESIAN_POINT ( 'NONE',  ( 54.31820655458893299, 18.87506802511944670, 6.000000000000000000 ) ) ;
#1331 = DIRECTION ( 'NONE',  ( -1.000000000000000000, 0.000000000000000000, 0.000000000000000000 ) ) ;
#1332 =( NAMED_UNIT ( * ) SI_UNIT ( $, .STERADIAN. ) SOLID_ANGLE_UNIT ( ) );
#1333 = VERTEX_POINT ( 'NONE', #327 ) ;
#1334 = LINE ( 'NONE', #243, #3501 ) ;
#1335 = CARTESIAN_POINT ( 'NONE',  ( 14.96823185393006916, 43.35037347417103604, 2.000000000000001776 ) ) ;
#1336 = ADVANCED_FACE ( 'NONE', ( #618 ), #1635, .F. ) ;
#1337 = CARTESIAN_POINT ( 'NONE',  ( 1.687343675956250122, 5.662107735642512019, 2.000000000000000000 ) ) ;
#1338 = CARTESIAN_POINT ( 'NONE',  ( 10.50690547373335093, 38.03321531524403554, 6.000000000000000000 ) ) ;
#1339 = EDGE_CURVE ( 'NONE', #1998, #3074, #563, .T. ) ;
#1340 = DIRECTION ( 'NONE',  ( 0.000000000000000000, 0.000000000000000000, -1.000000000000000000 ) ) ;
#1341 = EDGE_CURVE ( 'NONE', #714, #1890, #1143, .T. ) ;
#1342 = EDGE_LOOP ( 'NONE', ( #212, #3550 ) ) ;
#1343 = AXIS2_PLACEMENT_3D ( 'NONE', #2264, #3090, #3348 ) ;
#1344 = ORIENTED_EDGE ( 'NONE', *, *, #290, .T. ) ;
#1345 = DIRECTION ( 'NONE',  ( -0.000000000000000000, -0.000000000000000000, -1.000000000000000000 ) ) ;
#1346 = DIRECTION ( 'NONE',  ( -1.000000000000000000, 0.000000000000000000, 0.000000000000000000 ) ) ;
#1347 = VERTEX_POINT ( 'NONE', #2728 ) ;
#1348 = VECTOR ( 'NONE', #1729, 1000.000000000000000 ) ;
#1349 = ORIENTED_EDGE ( 'NONE', *, *, #2328, .F. ) ;
#1350 = DIRECTION ( 'NONE',  ( 0.9064927944092908696, 0.4222212852095867386, 0.000000000000000000 ) ) ;
#1351 = DIRECTION ( 'NONE',  ( 0.8660254037844345998, 0.5000000000000071054, 0.000000000000000000 ) ) ;
#1352 = FACE_BOUND ( 'NONE', #3026, .T. ) ;
#1353 = AXIS2_PLACEMENT_3D ( 'NONE', #1126, #267, #2212 ) ;
#1354 = VERTEX_POINT ( 'NONE', #1082 ) ;
#1355 = CARTESIAN_POINT ( 'NONE',  ( 36.71818125524792009, -5.600237423932064473, 27.00000000000000355 ) ) ;
#1356 = CARTESIAN_POINT ( 'NONE',  ( 40.81445548852191507, 40.98538844291566363, 2.000000000000000000 ) ) ;
#1357 = DIRECTION ( 'NONE',  ( -0.000000000000000000, -0.000000000000000000, -1.000000000000000000 ) ) ;
#1358 = VECTOR ( 'NONE', #2144, 1000.000000000000000 ) ;
#1359 = CYLINDRICAL_SURFACE ( 'NONE', #1637, 1.249999999999996003 ) ;
#1360 = ORIENTED_EDGE ( 'NONE', *, *, #123, .T. ) ;
#1361 = EDGE_LOOP ( 'NONE', ( #672, #2351, #1308, #1042 ) ) ;
#1362 = LINE ( 'NONE', #2215, #2340 ) ;
#1363 = DIRECTION ( 'NONE',  ( -0.000000000000000000, -0.000000000000000000, -1.000000000000000000 ) ) ;
#1364 = VECTOR ( 'NONE', #3500, 1000.000000000000000 ) ;
#1365 = VERTEX_POINT ( 'NONE', #1717 ) ;
#1366 = ADVANCED_FACE ( 'NONE', ( #877, #3379 ), #2751, .T. ) ;
#1367 = VECTOR ( 'NONE', #2332, 1000.000000000000000 ) ;
#1368 = VERTEX_POINT ( 'NONE', #1975 ) ;
#1369 = DIRECTION ( 'NONE',  ( -0.000000000000000000, -0.000000000000000000, -1.000000000000000000 ) ) ;
#1370 = DIRECTION ( 'NONE',  ( 0.000000000000000000, 0.000000000000000000, -1.000000000000000000 ) ) ;
#1371 = AXIS2_PLACEMENT_3D ( 'NONE', #1176, #2814, #2435 ) ;
#1372 = ORIENTED_EDGE ( 'NONE', *, *, #1031, .T. ) ;
#1373 = CARTESIAN_POINT ( 'NONE',  ( 4.355756428194676566, 36.00911847148115186, 2.000000000000000000 ) ) ;
#1374 = CARTESIAN_POINT ( 'NONE',  ( -1.578017080002894090, 21.24005305637472318, 5.999999999999998224 ) ) ;
#1375 = AXIS2_PLACEMENT_3D ( 'NONE', #919, #2844, #351 ) ;
#1376 = DIRECTION ( 'NONE',  ( -0.000000000000000000, 0.000000000000000000, -1.000000000000000000 ) ) ;
#1377 = DIRECTION ( 'NONE',  ( 1.000000000000000000, 0.000000000000000000, 0.000000000000000000 ) ) ;
#1378 = ORIENTED_EDGE ( 'NONE', *, *, #695, .T. ) ;
#1379 = ORIENTED_EDGE ( 'NONE', *, *, #1668, .F. ) ;
#1380 = LINE ( 'NONE', #2481, #2117 ) ;
#1381 = CARTESIAN_POINT ( 'NONE',  ( 42.45225700095068788, 39.83751815151361342, 0.000000000000000000 ) ) ;
#1382 = VERTEX_POINT ( 'NONE', #3091 ) ;
#1383 = VECTOR ( 'NONE', #1948, 1000.000000000000000 ) ;
#1384 = ORIENTED_EDGE ( 'NONE', *, *, #467, .F. ) ;
#1385 = PLANE ( 'NONE',  #1040 ) ;
#1386 = EDGE_CURVE ( 'NONE', #1315, #1250, #2055, .T. ) ;
#1387 = VERTEX_POINT ( 'NONE', #891 ) ;
#1388 = CARTESIAN_POINT ( 'NONE',  ( 25.31820655458890812, 18.87506802511944315, 6.000000000000000000 ) ) ;
#1389 = DIRECTION ( 'NONE',  ( 0.000000000000000000, -0.000000000000000000, -1.000000000000000000 ) ) ;
#1390 = ADVANCED_FACE ( 'NONE', ( #3107 ), #2836, .F. ) ;
#1391 = DIRECTION ( 'NONE',  ( -1.000000000000000000, 0.000000000000000000, 0.000000000000000000 ) ) ;
#1392 = DIRECTION ( 'NONE',  ( -1.000000000000000000, 0.000000000000000000, 0.000000000000000000 ) ) ;
#1393 = VERTEX_POINT ( 'NONE', #495 ) ;
#1394 = ORIENTED_EDGE ( 'NONE', *, *, #2470, .F. ) ;
#1395 = DIRECTION ( 'NONE',  ( -1.000000000000000000, 0.000000000000000000, 0.000000000000000000 ) ) ;
#1396 = CARTESIAN_POINT ( 'NONE',  ( 7.075914728353921213, -3.668640386020050048, 2.000000000000000000 ) ) ;
#1397 = ORIENTED_EDGE ( 'NONE', *, *, #2694, .T. ) ;
#1398 = ORIENTED_EDGE ( 'NONE', *, *, #1303, .F. ) ;
#1399 = FACE_OUTER_BOUND ( 'NONE', #1072, .T. ) ;
#1400 = EDGE_CURVE ( 'NONE', #2197, #2099, #2293, .T. ) ;
#1401 = VECTOR ( 'NONE', #1988, 1000.000000000000114 ) ;
#1402 = DIRECTION ( 'NONE',  ( -1.000000000000000000, 0.000000000000000000, 0.000000000000000000 ) ) ;
#1403 = CARTESIAN_POINT ( 'NONE',  ( 25.31820655458890812, 18.87506802511944315, 0.000000000000000000 ) ) ;
#1404 = EDGE_CURVE ( 'NONE', #94, #3458, #498, .T. ) ;
#1405 = VECTOR ( 'NONE', #794, 1000.000000000000000 ) ;
#1406 = EDGE_CURVE ( 'NONE', #3008, #1354, #2587, .T. ) ;
#1407 = CARTESIAN_POINT ( 'NONE',  ( -0.04944731623848785951, 28.12072306356488838, 3.000000000000000000 ) ) ;
#1408 = CARTESIAN_POINT ( 'NONE',  ( 48.69029933770855934, 23.20548913390874901, 6.000000000000000000 ) ) ;
#1409 = CIRCLE ( 'NONE', #1989, 29.00000000000002487 ) ;
#1410 = ORIENTED_EDGE ( 'NONE', *, *, #2021, .T. ) ;
#1411 = DIRECTION ( 'NONE',  ( -0.000000000000000000, 0.000000000000000000, 1.000000000000000000 ) ) ;
#1412 = PLANE ( 'NONE',  #991 ) ;
#1413 = DIRECTION ( 'NONE',  ( -0.8660254037844380415, -0.5000000000000009992, 0.000000000000000000 ) ) ;
#1414 = ORIENTED_EDGE ( 'NONE', *, *, #651, .F. ) ;
#1415 = ORIENTED_EDGE ( 'NONE', *, *, #3127, .F. ) ;
#1416 = CARTESIAN_POINT ( 'NONE',  ( 3.068206554588906343, 18.87506802511944670, 1.950000000000000400 ) ) ;
#1417 = VECTOR ( 'NONE', #3567, 1000.000000000000000 ) ;
#1418 = ORIENTED_EDGE ( 'NONE', *, *, #652, .F. ) ;
#1419 = VECTOR ( 'NONE', #14, 1000.000000000000000 ) ;
#1420 = AXIS2_PLACEMENT_3D ( 'NONE', #3293, #1940, #3043 ) ;
#1421 = DIRECTION ( 'NONE',  ( 0.000000000000000000, 0.000000000000000000, -1.000000000000000000 ) ) ;
#1422 = CARTESIAN_POINT ( 'NONE',  ( 13.91823185393006845, 43.35037347417103604, 27.00000000000000355 ) ) ;
#1423 = FACE_OUTER_BOUND ( 'NONE', #1361, .T. ) ;
#1424 = CARTESIAN_POINT ( 'NONE',  ( 16.75741485232489580, -4.613500373794265919, 14.00000000000000000 ) ) ;
#1425 = EDGE_CURVE ( 'NONE', #2282, #1038, #3192, .T. ) ;
#1426 = CIRCLE ( 'NONE', #2530, 1.050000000000002265 ) ;
#1427 = EDGE_LOOP ( 'NONE', ( #670, #3068 ) ) ;
#1428 = DIRECTION ( 'NONE',  ( -1.000000000000000000, 0.000000000000000000, 0.000000000000000000 ) ) ;
#1429 = FACE_OUTER_BOUND ( 'NONE', #134, .T. ) ;
#1430 = DIRECTION ( 'NONE',  ( -0.000000000000000000, -0.000000000000000000, -1.000000000000000000 ) ) ;
#1431 = VERTEX_POINT ( 'NONE', #1748 ) ;
#1432 = ORIENTED_EDGE ( 'NONE', *, *, #565, .F. ) ;
#1433 = CARTESIAN_POINT ( 'NONE',  ( -3.681793445411113197, 18.87506802511944315, 0.000000000000000000 ) ) ;
#1434 = VECTOR ( 'NONE', #2333, 1000.000000000000000 ) ;
#1435 = VERTEX_POINT ( 'NONE', #976 ) ;
#1436 = CARTESIAN_POINT ( 'NONE',  ( -1.402833003613678020, 23.23236591819563657, 0.000000000000000000 ) ) ;
#1437 = CARTESIAN_POINT ( 'NONE',  ( 22.95322152333372756, -8.021155609472369719, 5.999999999999998224 ) ) ;
#1438 = DIRECTION ( 'NONE',  ( -1.000000000000000000, 0.000000000000000000, 0.000000000000000000 ) ) ;
#1439 = CARTESIAN_POINT ( 'NONE',  ( 42.62950763544459676, -0.2830792650050371617, 0.000000000000000000 ) ) ;
#1440 = EDGE_CURVE ( 'NONE', #2837, #1006, #72, .T. ) ;
#1441 = ORIENTED_EDGE ( 'NONE', *, *, #3251, .T. ) ;
#1442 = EDGE_CURVE ( 'NONE', #663, #768, #1025, .T. ) ;
#1443 = DIRECTION ( 'NONE',  ( 0.08759203819463656782, 0.9961564309107828752, 0.000000000000000000 ) ) ;
#1444 = CARTESIAN_POINT ( 'NONE',  ( 50.68586042541623726, 9.629412986673806074, 3.000000000000000000 ) ) ;
#1445 = DIRECTION ( 'NONE',  ( 0.000000000000000000, 0.000000000000000000, -1.000000000000000000 ) ) ;
#1446 = DIRECTION ( 'NONE',  ( -0.000000000000000000, -0.000000000000000000, -1.000000000000000000 ) ) ;
#1447 = ORIENTED_EDGE ( 'NONE', *, *, #917, .F. ) ;
#1448 = VERTEX_POINT ( 'NONE', #2883 ) ;
#1449 = LINE ( 'NONE', #2597, #2695 ) ;
#1450 = CARTESIAN_POINT ( 'NONE',  ( 18.00741485232489225, -4.613500373794265919, 14.00000000000000000 ) ) ;
#1451 = EDGE_LOOP ( 'NONE', ( #1254, #574, #3346, #698 ) ) ;
#1452 = DIRECTION ( 'NONE',  ( -0.8660254037844380415, -0.5000000000000009992, 0.000000000000000000 ) ) ;
#1453 = CARTESIAN_POINT ( 'NONE',  ( 0.8429011055373636374, 7.475093324460505784, 2.000000000000001776 ) ) ;
#1454 = EDGE_CURVE ( 'NONE', #2625, #455, #2408, .T. ) ;
#1455 = CIRCLE ( 'NONE', #1982, 1.050000000000000933 ) ;
#1456 = FACE_OUTER_BOUND ( 'NONE', #217, .T. ) ;
#1457 = AXIS2_PLACEMENT_3D ( 'NONE', #580, #3599, #1679 ) ;
#1458 = DIRECTION ( 'NONE',  ( -0.000000000000000000, -0.000000000000000000, -1.000000000000000000 ) ) ;
#1459 = AXIS2_PLACEMENT_3D ( 'NONE', #1029, #478, #1273 ) ;
#1460 = FACE_OUTER_BOUND ( 'NONE', #3108, .T. ) ;
#1461 = DIRECTION ( 'NONE',  ( -0.5739351457012061841, -0.8189007562146558561, 0.000000000000000000 ) ) ;
#1462 = FACE_BOUND ( 'NONE', #2544, .T. ) ;
#1463 = ADVANCED_FACE ( 'NONE', ( #2025 ), #941, .F. ) ;
#1464 = EDGE_LOOP ( 'NONE', ( #807, #1078 ) ) ;
#1465 = ORIENTED_EDGE ( 'NONE', *, *, #3271, .T. ) ;
#1466 = CARTESIAN_POINT ( 'NONE',  ( 36.71818125524792009, -5.600237423932064473, 2.000000000000000000 ) ) ;
#1467 = DIRECTION ( 'NONE',  ( 0.5000000000000044409, -0.8660254037844361541, 0.000000000000000000 ) ) ;
#1468 = ADVANCED_FACE ( 'NONE', ( #1225, #377, #1764, #1732, #1462, #924, #684, #1211 ), #3398, .F. ) ;
#1469 = VERTEX_POINT ( 'NONE', #426 ) ;
#1470 = LINE ( 'NONE', #1709, #1745 ) ;
#1471 = DIRECTION ( 'NONE',  ( -0.9064927944092946444, -0.4222212852095785229, 0.000000000000000000 ) ) ;
#1472 = AXIS2_PLACEMENT_3D ( 'NONE', #409, #2352, #3162 ) ;
#1473 = AXIS2_PLACEMENT_3D ( 'NONE', #341, #1445, #2553 ) ;
#1474 = AXIS2_PLACEMENT_3D ( 'NONE', #757, #3000, #720 ) ;
#1475 = DIRECTION ( 'NONE',  ( -0.000000000000000000, -0.000000000000000000, -1.000000000000000000 ) ) ;
#1476 = VECTOR ( 'NONE', #1837, 1000.000000000000000 ) ;
#1477 = VECTOR ( 'NONE', #3502, 1000.000000000000114 ) ;
#1478 = CARTESIAN_POINT ( 'NONE',  ( 12.86823185393006774, 43.35037347417103604, 27.00000000000000355 ) ) ;
#1479 = CARTESIAN_POINT ( 'NONE',  ( 40.28489535596634852, 43.71451701906301679, 2.000000000000000000 ) ) ;
#1480 = DIRECTION ( 'NONE',  ( 1.000000000000000000, 0.000000000000000000, 0.000000000000000000 ) ) ;
#1481 = DIRECTION ( 'NONE',  ( 0.000000000000000000, 0.000000000000000000, 1.000000000000000000 ) ) ;
#1482 = ORIENTED_EDGE ( 'NONE', *, *, #3040, .F. ) ;
#1483 = ORIENTED_EDGE ( 'NONE', *, *, #2875, .T. ) ;
#1484 = CARTESIAN_POINT ( 'NONE',  ( 8.184156108227126580, -2.087382101274730228, 2.000000000000000000 ) ) ;
#1485 = LINE ( 'NONE', #2598, #3016 ) ;
#1486 = EDGE_CURVE ( 'NONE', #2201, #2743, #3433, .T. ) ;
#1487 = ORIENTED_EDGE ( 'NONE', *, *, #1148, .F. ) ;
#1488 = ADVANCED_FACE ( 'NONE', ( #2057 ), #2643, .F. ) ;
#1489 = DIRECTION ( 'NONE',  ( 0.8660254037844417052, -0.4999999999999948375, 0.000000000000000000 ) ) ;
#1490 = CARTESIAN_POINT ( 'NONE',  ( 10.35151775321146950, -5.964380968824130491, 0.000000000000000000 ) ) ;
#1491 = VERTEX_POINT ( 'NONE', #405 ) ;
#1492 = AXIS2_PLACEMENT_3D ( 'NONE', #658, #382, #2318 ) ;
#1493 = CYLINDRICAL_SURFACE ( 'NONE', #2035, 1.250000000000001110 ) ;
#1494 = ADVANCED_FACE ( 'NONE', ( #2594 ), #958, .F. ) ;
#1495 = DIRECTION ( 'NONE',  ( 0.000000000000000000, 0.000000000000000000, 1.000000000000000000 ) ) ;
#1496 = CARTESIAN_POINT ( 'NONE',  ( 27.68319158584427697, 45.77129165971123825, 0.000000000000000000 ) ) ;
#1497 = DIRECTION ( 'NONE',  ( 0.000000000000000000, 0.000000000000000000, 1.000000000000000000 ) ) ;
#1498 = EDGE_LOOP ( 'NONE', ( #994, #3096, #1502, #581 ) ) ;
#1499 = ORIENTED_EDGE ( 'NONE', *, *, #1181, .F. ) ;
#1500 = DIRECTION ( 'NONE',  ( 1.000000000000000000, 0.000000000000000000, 0.000000000000000000 ) ) ;
#1501 = DIRECTION ( 'NONE',  ( -0.000000000000000000, -0.000000000000000000, -1.000000000000000000 ) ) ;
#1502 = ORIENTED_EDGE ( 'NONE', *, *, #3368, .F. ) ;
#1503 = CARTESIAN_POINT ( 'NONE',  ( 49.79351200364037311, 30.27504272577854749, 5.999999999999998224 ) ) ;
#1504 = DIRECTION ( 'NONE',  ( 0.5000000000000044409, -0.8660254037844361541, 0.000000000000000000 ) ) ;
#1505 = PRODUCT_DEFINITION ( 'æœ', '', #558, #51 ) ;
#1506 = ADVANCED_FACE ( 'NONE', ( #146 ), #2012, .F. ) ;
#1507 = ORIENTED_EDGE ( 'NONE', *, *, #832, .F. ) ;
#1508 = EDGE_CURVE ( 'NONE', #2316, #602, #1512, .T. ) ;
#1509 = ADVANCED_FACE ( 'NONE', ( #465 ), #1882, .F. ) ;
#1510 = CARTESIAN_POINT ( 'NONE',  ( -3.326363538084339933, 23.40150196431828888, 2.000000000000000000 ) ) ;
#1511 = VECTOR ( 'NONE', #1918, 1000.000000000000000 ) ;
#1512 = LINE ( 'NONE', #635, #2468 ) ;
#1513 = ORIENTED_EDGE ( 'NONE', *, *, #3276, .F. ) ;
#1514 = ORIENTED_EDGE ( 'NONE', *, *, #2508, .T. ) ;
#1515 = DIRECTION ( 'NONE',  ( 0.4999999999999925615, 0.8660254037844430375, 0.000000000000000000 ) ) ;
#1516 = DIRECTION ( 'NONE',  ( 0.000000000000000000, 0.000000000000000000, -1.000000000000000000 ) ) ;
#1517 = EDGE_LOOP ( 'NONE', ( #2635, #2014, #2771, #1568 ) ) ;
#1518 = ORIENTED_EDGE ( 'NONE', *, *, #1033, .F. ) ;
#1519 = DIRECTION ( 'NONE',  ( -0.000000000000000000, 0.000000000000000000, -1.000000000000000000 ) ) ;
#1520 = CARTESIAN_POINT ( 'NONE',  ( 9.821957620656053933, -3.235252392676878141, 5.999999999999998224 ) ) ;
#1521 = FACE_OUTER_BOUND ( 'NONE', #2683, .T. ) ;
#1522 = VERTEX_POINT ( 'NONE', #1071 ) ;
#1523 = ORIENTED_EDGE ( 'NONE', *, *, #929, .T. ) ;
#1524 = CARTESIAN_POINT ( 'NONE',  ( 24.00322152333373182, -8.021155609472369719, 2.000000000000001776 ) ) ;
#1525 = AXIS2_PLACEMENT_3D ( 'NONE', #2130, #2659, #2593 ) ;
#1526 = VECTOR ( 'NONE', #1735, 1000.000000000000000 ) ;
#1527 = VECTOR ( 'NONE', #160, 1000.000000000000000 ) ;
#1528 = CARTESIAN_POINT ( 'NONE',  ( 4.818206554588904567, 18.87506802511944670, 0.000000000000000000 ) ) ;
#1529 = DIRECTION ( 'NONE',  ( -0.000000000000000000, -0.000000000000000000, -1.000000000000000000 ) ) ;
#1530 = EDGE_CURVE ( 'NONE', #2060, #2065, #2759, .T. ) ;
#1531 = CIRCLE ( 'NONE', #3580, 29.00000000000002487 ) ;
#1532 = DIRECTION ( 'NONE',  ( -0.000000000000000000, 0.000000000000000000, -1.000000000000000000 ) ) ;
#1533 = ORIENTED_EDGE ( 'NONE', *, *, #2470, .T. ) ;
#1534 = ORIENTED_EDGE ( 'NONE', *, *, #2508, .F. ) ;
#1535 = CARTESIAN_POINT ( 'NONE',  ( 9.256905473733350931, 38.03321531524403554, 14.00000000000000000 ) ) ;
#1536 = CARTESIAN_POINT ( 'NONE',  ( -3.681793445411113197, 18.87506802511944315, 6.000000000000000000 ) ) ;
#1537 = ORIENTED_EDGE ( 'NONE', *, *, #1054, .T. ) ;
#1538 = ORIENTED_EDGE ( 'NONE', *, *, #3186, .F. ) ;
#1539 = AXIS2_PLACEMENT_3D ( 'NONE', #266, #1624, #1899 ) ;
#1540 = LINE ( 'NONE', #3120, #1834 ) ;
#1541 = CARTESIAN_POINT ( 'NONE',  ( 47.42852697238529913, 3.378819091186667567, 27.00000000000000355 ) ) ;
#1542 = FACE_OUTER_BOUND ( 'NONE', #3334, .T. ) ;
#1543 = EDGE_LOOP ( 'NONE', ( #2841, #3313, #1499, #3183 ) ) ;
#1544 = ORIENTED_EDGE ( 'NONE', *, *, #61, .T. ) ;
#1545 = DIRECTION ( 'NONE',  ( -0.000000000000000000, -0.000000000000000000, -1.000000000000000000 ) ) ;
#1546 = CYLINDRICAL_SURFACE ( 'NONE', #2610, 22.25000000000000355 ) ;
#1547 = CARTESIAN_POINT ( 'NONE',  ( 47.86191496572860160, 0.6327761988846949404, 0.000000000000000000 ) ) ;
#1548 = CARTESIAN_POINT ( 'NONE',  ( 25.31820655458890812, 18.87506802511944315, 0.000000000000000000 ) ) ;
#1549 = ORIENTED_EDGE ( 'NONE', *, *, #938, .F. ) ;
#1550 = EDGE_CURVE ( 'NONE', #2247, #94, #1036, .T. ) ;
#1551 = ORIENTED_EDGE ( 'NONE', *, *, #1272, .F. ) ;
#1552 = CARTESIAN_POINT ( 'NONE',  ( 27.68319158584427697, 45.77129165971123825, 2.000000000000001776 ) ) ;
#1553 = ORIENTED_EDGE ( 'NONE', *, *, #652, .T. ) ;
#1554 = ORIENTED_EDGE ( 'NONE', *, *, #406, .T. ) ;
#1555 = EDGE_CURVE ( 'NONE', #2586, #2231, #3161, .T. ) ;
#1556 = ORIENTED_EDGE ( 'NONE', *, *, #2846, .T. ) ;
#1557 = CARTESIAN_POINT ( 'NONE',  ( 36.71818125524792009, -5.600237423932064473, 27.00000000000000355 ) ) ;
#1558 = DIRECTION ( 'NONE',  ( -0.4222212852095835189, 0.9064927944092923129, 0.000000000000000000 ) ) ;
#1559 = DIRECTION ( 'NONE',  ( 0.000000000000000000, 0.000000000000000000, -1.000000000000000000 ) ) ;
#1560 = ORIENTED_EDGE ( 'NONE', *, *, #1896, .T. ) ;
#1561 = CARTESIAN_POINT ( 'NONE',  ( 35.72048482102739797, -8.195074325218925537, 2.000000000000000000 ) ) ;
#1562 = DIRECTION ( 'NONE',  ( -0.000000000000000000, -0.000000000000000000, -1.000000000000000000 ) ) ;
#1563 = AXIS2_PLACEMENT_3D ( 'NONE', #1096, #2216, #3330 ) ;
#1564 = CARTESIAN_POINT ( 'NONE',  ( 52.21443018918072454, 16.51008299386434430, 27.00000000000000355 ) ) ;
#1565 = LINE ( 'NONE', #741, #2676 ) ;
#1566 = DIRECTION ( 'NONE',  ( -0.000000000000000000, 0.000000000000000000, 1.000000000000000000 ) ) ;
#1567 = AXIS2_PLACEMENT_3D ( 'NONE', #1548, #2961, #721 ) ;
#1568 = ORIENTED_EDGE ( 'NONE', *, *, #3276, .T. ) ;
#1569 = VERTEX_POINT ( 'NONE', #1053 ) ;
#1570 = DIRECTION ( 'NONE',  ( 3.469446951953611033E-15, -1.000000000000000000, 0.000000000000000000 ) ) ;
#1571 = AXIS2_PLACEMENT_3D ( 'NONE', #644, #1742, #352 ) ;
#1572 = ORIENTED_EDGE ( 'NONE', *, *, #1292, .F. ) ;
#1573 = ADVANCED_FACE ( 'NONE', ( #2385 ), #3504, .F. ) ;
#1574 = ORIENTED_EDGE ( 'NONE', *, *, #2287, .F. ) ;
#1575 = EDGE_CURVE ( 'NONE', #2838, #2810, #430, .T. ) ;
#1576 = EDGE_LOOP ( 'NONE', ( #3569, #1767, #2008, #2663 ) ) ;
#1577 = LINE ( 'NONE', #2143, #2192 ) ;
#1578 = CARTESIAN_POINT ( 'NONE',  ( 48.57639726378732092, 5.016620603615463025, 2.000000000000000000 ) ) ;
#1579 =( LENGTH_UNIT ( ) NAMED_UNIT ( * ) SI_UNIT ( .MILLI., .METRE. ) );
#1580 = EDGE_CURVE ( 'NONE', #2596, #3008, #3290, .T. ) ;
#1581 = EDGE_CURVE ( 'NONE', #3176, #1178, #1626, .T. ) ;
#1582 = AXIS2_PLACEMENT_3D ( 'NONE', #677, #1421, #2893 ) ;
#1583 = ORIENTED_EDGE ( 'NONE', *, *, #1406, .F. ) ;
#1584 = CARTESIAN_POINT ( 'NONE',  ( 13.91823185393006845, 43.35037347417103604, 2.000000000000001776 ) ) ;
#1585 = CARTESIAN_POINT ( 'NONE',  ( 21.90322152333371974, -8.021155609472369719, 5.999999999999998224 ) ) ;
#1586 = DIRECTION ( 'NONE',  ( -1.000000000000000000, 0.000000000000000000, 0.000000000000000000 ) ) ;
#1587 = CARTESIAN_POINT ( 'NONE',  ( 9.821957620656053933, -3.235252392676878141, 5.999999999999998224 ) ) ;
#1588 = DIRECTION ( 'NONE',  ( -1.000000000000000000, 0.000000000000000000, 0.000000000000000000 ) ) ;
#1589 = ORIENTED_EDGE ( 'NONE', *, *, #2226, .F. ) ;
#1590 = AXIS2_PLACEMENT_3D ( 'NONE', #357, #1461, #1210 ) ;
#1591 = VERTEX_POINT ( 'NONE', #2983 ) ;
#1592 = DIRECTION ( 'NONE',  ( -0.000000000000000000, 0.000000000000000000, -1.000000000000000000 ) ) ;
#1593 = DIRECTION ( 'NONE',  ( -0.8660254037844385966, -0.5000000000000002220, 0.000000000000000000 ) ) ;
#1594 = CIRCLE ( 'NONE', #2524, 1.050000000000005818 ) ;
#1595 = VERTEX_POINT ( 'NONE', #3269 ) ;
#1596 = ORIENTED_EDGE ( 'NONE', *, *, #2892, .F. ) ;
#1597 = EDGE_CURVE ( 'NONE', #730, #2372, #317, .T. ) ;
#1598 = CARTESIAN_POINT ( 'NONE',  ( 54.31820655458893299, 18.87506802511944670, 6.000000000000000000 ) ) ;
#1599 = AXIS2_PLACEMENT_3D ( 'NONE', #809, #533, #1351 ) ;
#1600 = CARTESIAN_POINT ( 'NONE',  ( 47.42852697238529913, 3.378819091186667567, 2.000000000000001776 ) ) ;
#1601 = DIRECTION ( 'NONE',  ( 0.000000000000000000, 0.000000000000000000, 1.000000000000000000 ) ) ;
#1602 = AXIS2_PLACEMENT_3D ( 'NONE', #2941, #740, #1843 ) ;
#1603 = ADVANCED_FACE ( 'NONE', ( #484, #2702 ), #3003, .T. ) ;
#1604 = ORIENTED_EDGE ( 'NONE', *, *, #2185, .F. ) ;
#1605 = EDGE_CURVE ( 'NONE', #749, #3078, #555, .T. ) ;
#1606 = DIRECTION ( 'NONE',  ( -0.9064927944092908696, -0.4222212852095867386, 0.000000000000000000 ) ) ;
#1607 = CARTESIAN_POINT ( 'NONE',  ( 7.075914728353921213, -3.668640386020050048, 0.000000000000000000 ) ) ;
#1608 = CYLINDRICAL_SURFACE ( 'NONE', #331, 1.009999999999999787 ) ;
#1609 = DIRECTION ( 'NONE',  ( 0.000000000000000000, 0.000000000000000000, 1.000000000000000000 ) ) ;
#1610 = DIRECTION ( 'NONE',  ( 0.5000000000000039968, -0.8660254037844363761, 0.000000000000000000 ) ) ;
#1611 = ORIENTED_EDGE ( 'NONE', *, *, #3564, .F. ) ;
#1612 = EDGE_LOOP ( 'NONE', ( #343, #2268, #1116, #636 ) ) ;
#1613 = CARTESIAN_POINT ( 'NONE',  ( 25.31820655458890812, 18.87506802511944315, 0.000000000000000000 ) ) ;
#1614 = CYLINDRICAL_SURFACE ( 'NONE', #529, 1.999999999999351186 ) ;
#1615 = ORIENTED_EDGE ( 'NONE', *, *, #1623, .T. ) ;
#1616 = VERTEX_POINT ( 'NONE', #3204 ) ;
#1617 = CARTESIAN_POINT ( 'NONE',  ( 0.4787575606452834642, 33.84175682649679828, 0.000000000000000000 ) ) ;
#1618 = CARTESIAN_POINT ( 'NONE',  ( 0.8429011055373636374, 7.475093324460505784, 27.00000000000000355 ) ) ;
#1619 = FACE_BOUND ( 'NONE', #1039, .T. ) ;
#1620 = ORIENTED_EDGE ( 'NONE', *, *, #882, .T. ) ;
#1621 = DIRECTION ( 'NONE',  ( -0.000000000000000000, -0.000000000000000000, -1.000000000000000000 ) ) ;
#1622 = DIRECTION ( 'NONE',  ( -0.000000000000000000, -0.000000000000000000, 1.000000000000000000 ) ) ;
#1623 = EDGE_CURVE ( 'NONE', #347, #1638, #2173, .T. ) ;
#1624 = DIRECTION ( 'NONE',  ( 0.000000000000000000, 0.000000000000000000, 1.000000000000000000 ) ) ;
#1625 = CARTESIAN_POINT ( 'NONE',  ( 25.31820655458890812, 18.87506802511944315, 6.000000000000000000 ) ) ;
#1626 = LINE ( 'NONE', #1862, #1134 ) ;
#1627 = EDGE_CURVE ( 'NONE', #1965, #1234, #1943, .T. ) ;
#1628 = EDGE_LOOP ( 'NONE', ( #1518, #926, #3489, #2391 ) ) ;
#1629 = ORIENTED_EDGE ( 'NONE', *, *, #692, .T. ) ;
#1630 = CARTESIAN_POINT ( 'NONE',  ( 41.37950763544459676, -0.2830792650050373283, 6.000000000000000000 ) ) ;
#1631 = ORIENTED_EDGE ( 'NONE', *, *, #3385, .T. ) ;
#1632 = ORIENTED_EDGE ( 'NONE', *, *, #2585, .F. ) ;
#1633 = EDGE_LOOP ( 'NONE', ( #784, #2595 ) ) ;
#1634 = FACE_OUTER_BOUND ( 'NONE', #178, .T. ) ;
#1635 = CYLINDRICAL_SURFACE ( 'NONE', #3405, 1.050000000000000044 ) ;
#1636 = CARTESIAN_POINT ( 'NONE',  ( 25.31820655458890812, 18.87506802511944315, 2.000000000000000000 ) ) ;
#1637 = AXIS2_PLACEMENT_3D ( 'NONE', #1424, #2532, #35 ) ;
#1638 = VERTEX_POINT ( 'NONE', #3111 ) ;
#1639 = CARTESIAN_POINT ( 'NONE',  ( 50.15765554853264518, 3.908379223742267872, 2.000000000000000000 ) ) ;
#1640 = DIRECTION ( 'NONE',  ( 0.000000000000000000, 0.000000000000000000, 1.000000000000000000 ) ) ;
#1641 = FACE_OUTER_BOUND ( 'NONE', #3004, .T. ) ;
#1642 = VECTOR ( 'NONE', #2673, 1000.000000000000000 ) ;
#1643 = DIRECTION ( 'NONE',  ( 0.000000000000000000, -0.000000000000000000, 1.000000000000000000 ) ) ;
#1644 = ORIENTED_EDGE ( 'NONE', *, *, #61, .F. ) ;
#1645 = EDGE_CURVE ( 'NONE', #2645, #3246, #3337, .T. ) ;
#1646 = DIRECTION ( 'NONE',  ( -0.5000000000000103251, 0.8660254037844328234, 0.000000000000000000 ) ) ;
#1647 = CARTESIAN_POINT ( 'NONE',  ( 36.71818125524792009, -5.600237423932064473, 5.999999999999998224 ) ) ;
#1648 = VECTOR ( 'NONE', #1155, 1000.000000000000000 ) ;
#1649 = ORIENTED_EDGE ( 'NONE', *, *, #340, .T. ) ;
#1650 = VERTEX_POINT ( 'NONE', #1484 ) ;
#1651 = DIRECTION ( 'NONE',  ( 0.8189007562146598529, -0.5739351457012005220, 0.000000000000000000 ) ) ;
#1652 = SHAPE_DEFINITION_REPRESENTATION ( #1289, #3359 ) ;
#1653 = VECTOR ( 'NONE', #2515, 1000.000000000000227 ) ;
#1654 = EDGE_CURVE ( 'NONE', #3149, #2926, #610, .T. ) ;
#1655 = AXIS2_PLACEMENT_3D ( 'NONE', #3525, #702, #505 ) ;
#1656 = VERTEX_POINT ( 'NONE', #1720 ) ;
#1657 = CARTESIAN_POINT ( 'NONE',  ( 2.774498143449349641, 37.11735985135435101, 0.000000000000000000 ) ) ;
#1658 = CARTESIAN_POINT ( 'NONE',  ( 0.4787575606452834642, 33.84175682649679828, 2.000000000000000000 ) ) ;
#1659 = DIRECTION ( 'NONE',  ( -0.000000000000000000, -0.000000000000000000, -1.000000000000000000 ) ) ;
#1660 = FACE_OUTER_BOUND ( 'NONE', #1628, .T. ) ;
#1661 = CIRCLE ( 'NONE', #86, 1.999999999999349409 ) ;
#1662 = ORIENTED_EDGE ( 'NONE', *, *, #1316, .T. ) ;
#1663 = VERTEX_POINT ( 'NONE', #3455 ) ;
#1664 = DIRECTION ( 'NONE',  ( 0.08759203819463512453, 0.9961564309107829862, 0.000000000000000000 ) ) ;
#1665 = DIRECTION ( 'NONE',  ( 0.000000000000000000, 0.000000000000000000, 1.000000000000000000 ) ) ;
#1666 = EDGE_CURVE ( 'NONE', #379, #118, #199, .T. ) ;
#1667 = ORIENTED_EDGE ( 'NONE', *, *, #2967, .F. ) ;
#1668 = EDGE_CURVE ( 'NONE', #1857, #1270, #363, .T. ) ;
#1669 = VECTOR ( 'NONE', #3048, 1000.000000000000000 ) ;
#1670 = ORIENTED_EDGE ( 'NONE', *, *, #2717, .F. ) ;
#1671 = EDGE_CURVE ( 'NONE', #3584, #3240, #2904, .T. ) ;
#1672 = ADVANCED_FACE ( 'NONE', ( #3130 ), #396, .F. ) ;
#1673 = DIRECTION ( 'NONE',  ( -0.5739351457012072943, -0.8189007562146550789, 0.000000000000000000 ) ) ;
#1674 = EDGE_CURVE ( 'NONE', #2388, #2927, #3145, .T. ) ;
#1675 = VERTEX_POINT ( 'NONE', #963 ) ;
#1676 = CYLINDRICAL_SURFACE ( 'NONE', #1285, 29.00000000000002132 ) ;
#1677 = LINE ( 'NONE', #2291, #3055 ) ;
#1678 = CARTESIAN_POINT ( 'NONE',  ( 0.8429011055373636374, 7.475093324460505784, 2.000000000000001776 ) ) ;
#1679 = DIRECTION ( 'NONE',  ( 0.8660254037844417052, -0.4999999999999948375, 0.000000000000000000 ) ) ;
#1680 = EDGE_LOOP ( 'NONE', ( #1813, #2027 ) ) ;
#1681 = DIRECTION ( 'NONE',  ( -0.000000000000000000, -0.000000000000000000, -1.000000000000000000 ) ) ;
#1682 = CARTESIAN_POINT ( 'NONE',  ( 3.207886136792633014, 34.37131695905236484, 27.00000000000000355 ) ) ;
#1683 = CIRCLE ( 'NONE', #2266, 1.999999999999351186 ) ;
#1684 = ORIENTED_EDGE ( 'NONE', *, *, #1817, .T. ) ;
#1685 = EDGE_LOOP ( 'NONE', ( #1903, #394, #3278, #3188 ) ) ;
#1686 = PLANE ( 'NONE',  #450 ) ;
#1687 = ADVANCED_FACE ( 'NONE', ( #673 ), #2839, .F. ) ;
#1688 = CIRCLE ( 'NONE', #3437, 1.049999999999995381 ) ;
#1689 = EDGE_LOOP ( 'NONE', ( #1384, #760, #2276, #487 ) ) ;
#1690 = EDGE_CURVE ( 'NONE', #1104, #1591, #1449, .T. ) ;
#1691 = AXIS2_PLACEMENT_3D ( 'NONE', #1625, #1109, #319 ) ;
#1692 = LINE ( 'NONE', #1897, #2222 ) ;
#1693 = CARTESIAN_POINT ( 'NONE',  ( -1.059447316238487646, 28.12072306356488838, 6.000000000000000000 ) ) ;
#1694 = LINE ( 'NONE', #2807, #916 ) ;
#1695 = CARTESIAN_POINT ( 'NONE',  ( 49.79351200364038021, 30.27504272577854394, 2.000000000000000000 ) ) ;
#1696 = EDGE_CURVE ( 'NONE', #1650, #1178, #1768, .T. ) ;
#1697 = CIRCLE ( 'NONE', #1582, 1.999999999999351186 ) ;
#1698 = EDGE_LOOP ( 'NONE', ( #2100, #1397, #2137, #2286 ) ) ;
#1699 = CARTESIAN_POINT ( 'NONE',  ( 52.21443018918072454, 16.51008299386435141, 2.000000000000000000 ) ) ;
#1700 = CARTESIAN_POINT ( 'NONE',  ( 50.68586042541623726, 9.629412986673806074, 3.000000000000000000 ) ) ;
#1701 = DIRECTION ( 'NONE',  ( -1.000000000000000000, 0.000000000000000000, 0.000000000000000000 ) ) ;
#1702 = VECTOR ( 'NONE', #1558, 1000.000000000000114 ) ;
#1703 = ORIENTED_EDGE ( 'NONE', *, *, #2079, .T. ) ;
#1704 = ORIENTED_EDGE ( 'NONE', *, *, #1796, .T. ) ;
#1705 = DIRECTION ( 'NONE',  ( -0.8189007562146550789, 0.5739351457012072943, 0.000000000000000000 ) ) ;
#1706 = EDGE_LOOP ( 'NONE', ( #313, #3533 ) ) ;
#1707 = AXIS2_PLACEMENT_3D ( 'NONE', #2422, #775, #2168 ) ;
#1708 = AXIS2_PLACEMENT_3D ( 'NONE', #3025, #2232, #527 ) ;
#1709 = CARTESIAN_POINT ( 'NONE',  ( 47.86191496572860160, 0.6327761988846880570, 2.000000000000000000 ) ) ;
#1710 = LINE ( 'NONE', #1953, #1020 ) ;
#1711 = EDGE_CURVE ( 'NONE', #1865, #864, #110, .T. ) ;
#1712 = CARTESIAN_POINT ( 'NONE',  ( 43.56049838082389414, 41.41877643625893768, 2.000000000000000000 ) ) ;
#1713 = AXIS2_PLACEMENT_3D ( 'NONE', #3598, #2211, #579 ) ;
#1714 = ORIENTED_EDGE ( 'NONE', *, *, #2188, .F. ) ;
#1715 = DIRECTION ( 'NONE',  ( -0.000000000000000000, -0.000000000000000000, -1.000000000000000000 ) ) ;
#1716 = DIRECTION ( 'NONE',  ( 0.000000000000000000, 0.000000000000000000, 1.000000000000000000 ) ) ;
#1717 = CARTESIAN_POINT ( 'NONE',  ( 51.69586042541624238, 9.629412986673806074, 6.000000000000000000 ) ) ;
#1718 = VERTEX_POINT ( 'NONE', #2872 ) ;
#1719 = EDGE_LOOP ( 'NONE', ( #2075, #1227, #295, #3475 ) ) ;
#1720 = CARTESIAN_POINT ( 'NONE',  ( 28.73319158584427768, 45.77129165971123825, 2.000000000000001776 ) ) ;
#1721 = LINE ( 'NONE', #1450, #1153 ) ;
#1722 = AXIS2_PLACEMENT_3D ( 'NONE', #1747, #1175, #443 ) ;
#1723 = VERTEX_POINT ( 'NONE', #3421 ) ;
#1724 = DIRECTION ( 'NONE',  ( 0.000000000000000000, 0.000000000000000000, -1.000000000000000000 ) ) ;
#1725 = CARTESIAN_POINT ( 'NONE',  ( 20.79177261539017252, -9.769502067553816005, 2.000000000000000000 ) ) ;
#1726 = DIRECTION ( 'NONE',  ( 0.000000000000000000, 0.000000000000000000, 1.000000000000000000 ) ) ;
#1727 = LINE ( 'NONE', #371, #1401 ) ;
#1728 = CARTESIAN_POINT ( 'NONE',  ( 46.37852697238530197, 3.378819091186667567, 2.000000000000001776 ) ) ;
#1729 = DIRECTION ( 'NONE',  ( -0.4222212852095753588, 0.9064927944092961987, 0.000000000000000000 ) ) ;
#1730 = ADVANCED_FACE ( 'NONE', ( #979 ), #687, .F. ) ;
#1731 = DIRECTION ( 'NONE',  ( 0.000000000000000000, 0.000000000000000000, 1.000000000000000000 ) ) ;
#1732 = FACE_BOUND ( 'NONE', #162, .T. ) ;
#1733 = ORIENTED_EDGE ( 'NONE', *, *, #3607, .F. ) ;
#1734 = VERTEX_POINT ( 'NONE', #927 ) ;
#1735 = DIRECTION ( 'NONE',  ( -0.000000000000000000, -0.000000000000000000, -1.000000000000000000 ) ) ;
#1736 = DIRECTION ( 'NONE',  ( -0.000000000000000000, 0.000000000000000000, -1.000000000000000000 ) ) ;
#1737 = PRESENTATION_LAYER_ASSIGNMENT (  '', '', ( #1276 ) ) ;
#1738 = CARTESIAN_POINT ( 'NONE',  ( 0.8429011055373636374, 7.475093324460512889, 0.000000000000000000 ) ) ;
#1739 = DIRECTION ( 'NONE',  ( -1.000000000000000000, 0.000000000000000000, 0.000000000000000000 ) ) ;
#1740 = AXIS2_PLACEMENT_3D ( 'NONE', #3250, #2405, #2116 ) ;
#1741 = AXIS2_PLACEMENT_3D ( 'NONE', #2170, #1091, #1392 ) ;
#1742 = DIRECTION ( 'NONE',  ( 0.000000000000000000, 0.000000000000000000, 1.000000000000000000 ) ) ;
#1743 = VECTOR ( 'NONE', #2715, 1000.000000000000000 ) ;
#1744 = DIRECTION ( 'NONE',  ( -1.000000000000000000, 0.000000000000000000, 0.000000000000000000 ) ) ;
#1745 = VECTOR ( 'NONE', #2320, 1000.000000000000227 ) ;
#1746 = PLANE ( 'NONE',  #177 ) ;
#1747 = CARTESIAN_POINT ( 'NONE',  ( 50.68586042541623726, 9.629412986673806074, 3.000000000000000000 ) ) ;
#1748 = CARTESIAN_POINT ( 'NONE',  ( 10.87195762065606175, -3.235252392676878141, 2.000000000000001776 ) ) ;
#1749 = VERTEX_POINT ( 'NONE', #2061 ) ;
#1750 = ADVANCED_FACE ( 'NONE', ( #3403, #3179 ), #657, .T. ) ;
#1751 = ORIENTED_EDGE ( 'NONE', *, *, #2588, .T. ) ;
#1752 = DIRECTION ( 'NONE',  ( 1.000000000000000000, 0.000000000000000000, 0.000000000000000000 ) ) ;
#1753 = DIRECTION ( 'NONE',  ( -0.000000000000000000, 0.000000000000000000, -1.000000000000000000 ) ) ;
#1754 = VERTEX_POINT ( 'NONE', #95 ) ;
#1755 = CARTESIAN_POINT ( 'NONE',  ( 8.006905473733349154, 38.03321531524403554, 6.000000000000000000 ) ) ;
#1756 = DIRECTION ( 'NONE',  ( 0.000000000000000000, -0.000000000000000000, -1.000000000000000000 ) ) ;
#1757 = AXIS2_PLACEMENT_3D ( 'NONE', #1466, #2302, #1515 ) ;
#1758 = ORIENTED_EDGE ( 'NONE', *, *, #1508, .F. ) ;
#1759 = VECTOR ( 'NONE', #2551, 1000.000000000000000 ) ;
#1760 = CARTESIAN_POINT ( 'NONE',  ( 39.17665397609313516, 42.13325873431770674, 2.000000000000000000 ) ) ;
#1761 =( GEOMETRIC_REPRESENTATION_CONTEXT ( 3 ) GLOBAL_UNCERTAINTY_ASSIGNED_CONTEXT ( ( #1959 ) ) GLOBAL_UNIT_ASSIGNED_CONTEXT ( ( #1579, #551, #1332 ) ) REPRESENTATION_CONTEXT ( 'NONE', 'WORKASPACE' ) );
#1762 = DIRECTION ( 'NONE',  ( -1.000000000000000000, 0.000000000000000000, 0.000000000000000000 ) ) ;
#1763 = FACE_OUTER_BOUND ( 'NONE', #2407, .T. ) ;
#1764 = FACE_BOUND ( 'NONE', #3160, .T. ) ;
#1765 = CIRCLE ( 'NONE', #3410, 1.050000000000000488 ) ;
#1766 = ORIENTED_EDGE ( 'NONE', *, *, #1032, .F. ) ;
#1767 = ORIENTED_EDGE ( 'NONE', *, *, #188, .T. ) ;
#1768 = LINE ( 'NONE', #2854, #1526 ) ;
#1769 = DIRECTION ( 'NONE',  ( 0.000000000000000000, 0.000000000000000000, 1.000000000000000000 ) ) ;
#1770 = EDGE_CURVE ( 'NONE', #380, #2081, #952, .T. ) ;
#1771 = ORIENTED_EDGE ( 'NONE', *, *, #3127, .T. ) ;
#1772 = DIRECTION ( 'NONE',  ( -0.000000000000000000, -0.000000000000000000, -1.000000000000000000 ) ) ;
#1773 = CARTESIAN_POINT ( 'NONE',  ( 22.95322152333372756, -8.021155609472369719, 2.000000000000001776 ) ) ;
#1774 = EDGE_CURVE ( 'NONE', #942, #3167, #2045, .T. ) ;
#1775 = EDGE_CURVE ( 'NONE', #412, #1776, #2369, .T. ) ;
#1776 = VERTEX_POINT ( 'NONE', #1849 ) ;
#1777 = AXIS2_PLACEMENT_3D ( 'NONE', #1215, #1769, #2873 ) ;
#1778 = ORIENTED_EDGE ( 'NONE', *, *, #2246, .T. ) ;
#1779 = CARTESIAN_POINT ( 'NONE',  ( 24.77639833903199928, -10.11987022033223482, 2.000000000000000000 ) ) ;
#1780 = LINE ( 'NONE', #3122, #2402 ) ;
#1781 = CARTESIAN_POINT ( 'NONE',  ( 52.21443018918072454, 16.51008299386435141, 2.000000000000000000 ) ) ;
#1782 = DIRECTION ( 'NONE',  ( -0.000000000000000000, -0.000000000000000000, 1.000000000000000000 ) ) ;
#1783 = EDGE_LOOP ( 'NONE', ( #1323, #3528 ) ) ;
#1784 = ORIENTED_EDGE ( 'NONE', *, *, #37, .T. ) ;
#1785 = DIRECTION ( 'NONE',  ( 0.000000000000000000, 0.000000000000000000, -1.000000000000000000 ) ) ;
#1786 = DIRECTION ( 'NONE',  ( 0.000000000000000000, 0.000000000000000000, 1.000000000000000000 ) ) ;
#1787 = VERTEX_POINT ( 'NONE', #153 ) ;
#1788 = ORIENTED_EDGE ( 'NONE', *, *, #776, .F. ) ;
#1789 = CIRCLE ( 'NONE', #3165, 20.50000000000000711 ) ;
#1790 = CARTESIAN_POINT ( 'NONE',  ( 13.91823185393006845, 43.35037347417103604, 5.999999999999998224 ) ) ;
#1791 = DIRECTION ( 'NONE',  ( 1.000000000000000000, 0.000000000000000000, 0.000000000000000000 ) ) ;
#1792 = CARTESIAN_POINT ( 'NONE',  ( -0.2070988944626362960, 7.475093324460505784, 27.00000000000000355 ) ) ;
#1793 = ADVANCED_FACE ( 'NONE', ( #3255 ), #2965, .F. ) ;
#1794 = DIRECTION ( 'NONE',  ( 0.000000000000000000, 0.000000000000000000, 1.000000000000000000 ) ) ;
#1795 = AXIS2_PLACEMENT_3D ( 'NONE', #862, #583, #3076 ) ;
#1796 = EDGE_CURVE ( 'NONE', #1907, #3198, #2098, .T. ) ;
#1797 = ORIENTED_EDGE ( 'NONE', *, *, #2193, .F. ) ;
#1798 = DIRECTION ( 'NONE',  ( -1.000000000000000000, 0.000000000000000000, 0.000000000000000000 ) ) ;
#1799 = CARTESIAN_POINT ( 'NONE',  ( -0.04944731623848785951, 28.12072306356488838, 3.000000000000000000 ) ) ;
#1800 = DIRECTION ( 'NONE',  ( -0.000000000000000000, -0.000000000000000000, -1.000000000000000000 ) ) ;
#1801 = DIRECTION ( 'NONE',  ( 1.000000000000000000, 0.000000000000000000, 0.000000000000000000 ) ) ;
#1802 = ORIENTED_EDGE ( 'NONE', *, *, #882, .F. ) ;
#1803 = ORIENTED_EDGE ( 'NONE', *, *, #2180, .F. ) ;
#1804 = CARTESIAN_POINT ( 'NONE',  ( 20.79177261539017252, -9.769502067553816005, 2.000000000000000000 ) ) ;
#1805 = LINE ( 'NONE', #2856, #2538 ) ;
#1806 = ORIENTED_EDGE ( 'NONE', *, *, #2534, .F. ) ;
#1807 = EDGE_LOOP ( 'NONE', ( #2670, #2989 ) ) ;
#1808 = AXIS2_PLACEMENT_3D ( 'NONE', #399, #3201, #1231 ) ;
#1809 = DIRECTION ( 'NONE',  ( -0.000000000000000000, -0.000000000000000000, 1.000000000000000000 ) ) ;
#1810 = CARTESIAN_POINT ( 'NONE',  ( 0.9605526837615119273, 28.12072306356488838, 6.000000000000000000 ) ) ;
#1811 = CARTESIAN_POINT ( 'NONE',  ( 21.90322152333371974, -8.021155609472369719, 27.00000000000000355 ) ) ;
#1812 = VERTEX_POINT ( 'NONE', #764 ) ;
#1813 = ORIENTED_EDGE ( 'NONE', *, *, #1158, .F. ) ;
#1814 = DIRECTION ( 'NONE',  ( -1.000000000000000000, 0.000000000000000000, 0.000000000000000000 ) ) ;
#1815 = DIRECTION ( 'NONE',  ( -0.000000000000000000, -0.000000000000000000, 1.000000000000000000 ) ) ;
#1816 = VECTOR ( 'NONE', #1562, 1000.000000000000000 ) ;
#1817 = EDGE_CURVE ( 'NONE', #637, #1387, #71, .T. ) ;
#1818 = AXIS2_PLACEMENT_3D ( 'NONE', #3006, #1326, #510 ) ;
#1819 = EDGE_CURVE ( 'NONE', #455, #2625, #1236, .T. ) ;
#1820 = AXIS2_PLACEMENT_3D ( 'NONE', #2165, #3516, #3537 ) ;
#1821 = DIRECTION ( 'NONE',  ( -1.000000000000000000, 0.000000000000000000, 0.000000000000000000 ) ) ;
#1822 = DIRECTION ( 'NONE',  ( 0.5739351457012090707, 0.8189007562146538577, 0.000000000000000000 ) ) ;
#1823 = CIRCLE ( 'NONE', #1474, 1.999999999999351186 ) ;
#1824 = DIRECTION ( 'NONE',  ( -0.000000000000000000, -0.000000000000000000, 1.000000000000000000 ) ) ;
#1825 = ORIENTED_EDGE ( 'NONE', *, *, #895, .F. ) ;
#1826 = AXIS2_PLACEMENT_3D ( 'NONE', #3543, #2918, #424 ) ;
#1827 = AXIS2_PLACEMENT_3D ( 'NONE', #307, #40, #1413 ) ;
#1828 = EDGE_LOOP ( 'NONE', ( #419, #1163, #1908, #2611 ) ) ;
#1829 = CARTESIAN_POINT ( 'NONE',  ( 25.31820655458890812, 18.87506802511944315, 6.000000000000000000 ) ) ;
#1830 = EDGE_CURVE ( 'NONE', #1038, #3292, #3576, .T. ) ;
#1831 = ORIENTED_EDGE ( 'NONE', *, *, #2106, .T. ) ;
#1832 = ORIENTED_EDGE ( 'NONE', *, *, #3138, .F. ) ;
#1833 = EDGE_LOOP ( 'NONE', ( #2891, #249 ) ) ;
#1834 = VECTOR ( 'NONE', #46, 1000.000000000000000 ) ;
#1835 = CARTESIAN_POINT ( 'NONE',  ( 49.79351200364037311, 30.27504272577854749, 27.00000000000000355 ) ) ;
#1836 = FACE_OUTER_BOUND ( 'NONE', #1212, .T. ) ;
#1837 = DIRECTION ( 'NONE',  ( -0.000000000000000000, -0.000000000000000000, -1.000000000000000000 ) ) ;
#1838 = ORIENTED_EDGE ( 'NONE', *, *, #971, .F. ) ;
#1839 = EDGE_LOOP ( 'NONE', ( #173, #3434, #3144, #2877 ) ) ;
#1840 = DIRECTION ( 'NONE',  ( -0.000000000000000000, -0.000000000000000000, -1.000000000000000000 ) ) ;
#1841 = CARTESIAN_POINT ( 'NONE',  ( 14.91592828815061722, 45.94521037545788289, 2.000000000000000000 ) ) ;
#1842 = CIRCLE ( 'NONE', #868, 1.049999999999995381 ) ;
#1843 = DIRECTION ( 'NONE',  ( 1.000000000000000000, 0.000000000000000000, 0.000000000000000000 ) ) ;
#1844 = CARTESIAN_POINT ( 'NONE',  ( 34.71818125524857379, -5.600237423932064473, 0.000000000000000000 ) ) ;
#1845 = CARTESIAN_POINT ( 'NONE',  ( 36.71818125524792009, -5.600237423932064473, 2.000000000000001776 ) ) ;
#1846 = VERTEX_POINT ( 'NONE', #3548 ) ;
#1847 = VERTEX_POINT ( 'NONE', #2685 ) ;
#1848 = ADVANCED_FACE ( 'NONE', ( #1041 ), #1307, .F. ) ;
#1849 = CARTESIAN_POINT ( 'NONE',  ( 54.31314480004058254, 18.33325980956263734, 0.000000000000000000 ) ) ;
#1850 = DIRECTION ( 'NONE',  ( -0.000000000000000000, -0.000000000000000000, -1.000000000000000000 ) ) ;
#1851 = EDGE_LOOP ( 'NONE', ( #893, #2851 ) ) ;
#1852 = VERTEX_POINT ( 'NONE', #2138 ) ;
#1853 = DIRECTION ( 'NONE',  ( 1.000000000000000000, 0.000000000000000000, 0.000000000000000000 ) ) ;
#1854 = CARTESIAN_POINT ( 'NONE',  ( 51.19029933770856644, 23.20548913390874901, 6.000000000000000000 ) ) ;
#1855 = FACE_BOUND ( 'NONE', #2362, .T. ) ;
#1856 = ADVANCED_FACE ( 'NONE', ( #1866 ), #1057, .F. ) ;
#1857 = VERTEX_POINT ( 'NONE', #2987 ) ;
#1858 = CARTESIAN_POINT ( 'NONE',  ( 39.34645599866337307, -6.506189184381145019, 0.000000000000000000 ) ) ;
#1859 = DIRECTION ( 'NONE',  ( -1.000000000000000000, 0.000000000000000000, 0.000000000000000000 ) ) ;
#1860 = CYLINDRICAL_SURFACE ( 'NONE', #863, 1.050000000000002265 ) ;
#1861 = DIRECTION ( 'NONE',  ( 1.000000000000000000, 0.000000000000000000, -0.000000000000000000 ) ) ;
#1862 = CARTESIAN_POINT ( 'NONE',  ( 7.075914728353914107, -3.668640386020050048, 0.000000000000000000 ) ) ;
#1863 = VERTEX_POINT ( 'NONE', #233 ) ;
#1864 = ADVANCED_FACE ( 'NONE', ( #3509 ), #3238, .F. ) ;
#1865 = VERTEX_POINT ( 'NONE', #2648 ) ;
#1866 = FACE_OUTER_BOUND ( 'NONE', #3589, .T. ) ;
#1867 = VECTOR ( 'NONE', #934, 1000.000000000000000 ) ;
#1868 = ORIENTED_EDGE ( 'NONE', *, *, #2205, .T. ) ;
#1869 = EDGE_CURVE ( 'NONE', #379, #3468, #3216, .T. ) ;
#1870 = EDGE_CURVE ( 'NONE', #412, #2388, #2176, .T. ) ;
#1871 = ORIENTED_EDGE ( 'NONE', *, *, #2063, .T. ) ;
#1872 = EDGE_LOOP ( 'NONE', ( #304, #2026, #80, #1311, #2090, #2043, #818, #2520, #1549, #1644, #2161, #93, #3406, #2155, #1310, #1418, #3042, #1059, #232, #1145, #2557, #1632, #3351, #843, #1349, #3121, #1929, #2628, #1110, #395, #3362, #817, #1583, #2945, #2220, #2013, #1243, #1589, #708, #2946, #2379, #1023, #1825, #2223, #2936, #982, #2386, #1957, #606, #3327, #925, #3508, #750, #126, #803, #1572 ) ) ;
#1873 = CARTESIAN_POINT ( 'NONE',  ( 34.71818125524857379, -5.600237423932064473, 2.000000000000000000 ) ) ;
#1874 = LINE ( 'NONE', #2540, #1013 ) ;
#1875 = FACE_BOUND ( 'NONE', #2550, .T. ) ;
#1876 = VERTEX_POINT ( 'NONE', #2430 ) ;
#1877 = EDGE_CURVE ( 'NONE', #2798, #2657, #1137, .T. ) ;
#1878 = DIRECTION ( 'NONE',  ( -0.000000000000000000, -0.000000000000000000, -1.000000000000000000 ) ) ;
#1879 = CYLINDRICAL_SURFACE ( 'NONE', #848, 1.999999999999349409 ) ;
#1880 = CARTESIAN_POINT ( 'NONE',  ( 33.87899825685308741, 42.36363642403309626, 0.000000000000000000 ) ) ;
#1881 = FACE_OUTER_BOUND ( 'NONE', #3498, .T. ) ;
#1882 = CYLINDRICAL_SURFACE ( 'NONE', #2285, 1.050000000000007594 ) ;
#1883 = AXIS2_PLACEMENT_3D ( 'NONE', #3527, #743, #759 ) ;
#1884 = CIRCLE ( 'NONE', #320, 1.049999999999995381 ) ;
#1885 = ORIENTED_EDGE ( 'NONE', *, *, #161, .F. ) ;
#1886 = DIRECTION ( 'NONE',  ( -1.000000000000000000, 0.000000000000000000, 0.000000000000000000 ) ) ;
#1887 = DIRECTION ( 'NONE',  ( 0.000000000000000000, -0.000000000000000000, -1.000000000000000000 ) ) ;
#1888 = VERTEX_POINT ( 'NONE', #706 ) ;
#1889 = AXIS2_PLACEMENT_3D ( 'NONE', #1162, #2164, #2518 ) ;
#1890 = VERTEX_POINT ( 'NONE', #1804 ) ;
#1891 = DIRECTION ( 'NONE',  ( -1.000000000000000000, 0.000000000000000000, 0.000000000000000000 ) ) ;
#1892 = CYLINDRICAL_SURFACE ( 'NONE', #1371, 1.050000000000002265 ) ;
#1893 = FACE_BOUND ( 'NONE', #1197, .T. ) ;
#1894 = CIRCLE ( 'NONE', #1539, 1.249999999999994227 ) ;
#1895 = VERTEX_POINT ( 'NONE', #2924 ) ;
#1896 = EDGE_CURVE ( 'NONE', #1656, #1616, #2763, .T. ) ;
#1897 = CARTESIAN_POINT ( 'NONE',  ( -3.326363538084339933, 23.40150196431828888, 2.000000000000000000 ) ) ;
#1898 = DIRECTION ( 'NONE',  ( -0.8660254037844385966, -0.5000000000000002220, 0.000000000000000000 ) ) ;
#1899 = DIRECTION ( 'NONE',  ( 1.000000000000000000, 0.000000000000000000, 0.000000000000000000 ) ) ;
#1900 = DIRECTION ( 'NONE',  ( -0.000000000000000000, -0.000000000000000000, -1.000000000000000000 ) ) ;
#1901 = CARTESIAN_POINT ( 'NONE',  ( -1.578017080002894090, 21.24005305637471963, 2.000000000000000000 ) ) ;
#1902 = VECTOR ( 'NONE', #1312, 1000.000000000000000 ) ;
#1903 = ORIENTED_EDGE ( 'NONE', *, *, #2063, .F. ) ;
#1904 = ORIENTED_EDGE ( 'NONE', *, *, #2423, .F. ) ;
#1905 = PLANE ( 'NONE',  #3401 ) ;
#1906 = ORIENTED_EDGE ( 'NONE', *, *, #3022, .F. ) ;
#1907 = VERTEX_POINT ( 'NONE', #2389 ) ;
#1908 = ORIENTED_EDGE ( 'NONE', *, *, #2603, .T. ) ;
#1909 = DIRECTION ( 'NONE',  ( -0.000000000000000000, -0.000000000000000000, -1.000000000000000000 ) ) ;
#1910 = DIRECTION ( 'NONE',  ( 1.000000000000000000, 0.000000000000000000, 0.000000000000000000 ) ) ;
#1911 = DIRECTION ( 'NONE',  ( 1.000000000000000000, 0.000000000000000000, -0.000000000000000000 ) ) ;
#1912 = ORIENTED_EDGE ( 'NONE', *, *, #953, .T. ) ;
#1913 = CARTESIAN_POINT ( 'NONE',  ( 50.21443018918137824, 16.51008299386435141, 2.000000000000000000 ) ) ;
#1914 = DIRECTION ( 'NONE',  ( 1.000000000000000000, 0.000000000000000000, 0.000000000000000000 ) ) ;
#1915 = ADVANCED_FACE ( 'NONE', ( #1018 ), #2120, .F. ) ;
#1916 = DIRECTION ( 'NONE',  ( -1.000000000000000000, 0.000000000000000000, 0.000000000000000000 ) ) ;
#1917 = CIRCLE ( 'NONE', #1167, 1.050000000000002265 ) ;
#1918 = DIRECTION ( 'NONE',  ( 0.9064927944092937562, 0.4222212852095804103, 0.000000000000000000 ) ) ;
#1919 = EDGE_LOOP ( 'NONE', ( #1196, #1233, #156, #1182 ) ) ;
#1920 = ORIENTED_EDGE ( 'NONE', *, *, #1260, .T. ) ;
#1921 = CARTESIAN_POINT ( 'NONE',  ( 42.62950763544459676, -0.2830792650050371617, 6.000000000000000000 ) ) ;
#1922 = CARTESIAN_POINT ( 'NONE',  ( 27.68319158584427697, 45.77129165971123825, 2.000000000000001776 ) ) ;
#1923 = VECTOR ( 'NONE', #339, 1000.000000000000000 ) ;
#1924 = ORIENTED_EDGE ( 'NONE', *, *, #1575, .T. ) ;
#1925 = VERTEX_POINT ( 'NONE', #2811 ) ;
#1926 = DIRECTION ( 'NONE',  ( 0.000000000000000000, -0.000000000000000000, -1.000000000000000000 ) ) ;
#1927 = CIRCLE ( 'NONE', #940, 1.999999999999353406 ) ;
#1928 = VECTOR ( 'NONE', #2438, 1000.000000000000000 ) ;
#1929 = ORIENTED_EDGE ( 'NONE', *, *, #123, .F. ) ;
#1930 = LINE ( 'NONE', #2474, #654 ) ;
#1931 = DIRECTION ( 'NONE',  ( 0.9064927944092932011, 0.4222212852095815760, -0.000000000000000000 ) ) ;
#1932 = CARTESIAN_POINT ( 'NONE',  ( 2.774498143449349641, 37.11735985135435811, 2.000000000000000000 ) ) ;
#1933 = VECTOR ( 'NONE', #2583, 1000.000000000000000 ) ;
#1934 = CARTESIAN_POINT ( 'NONE',  ( 25.31820655458890812, 18.87506802511944315, 2.000000000000000000 ) ) ;
#1935 = EDGE_CURVE ( 'NONE', #1983, #1663, #3457, .T. ) ;
#1936 = EDGE_CURVE ( 'NONE', #864, #3468, #1128, .T. ) ;
#1937 = ADVANCED_FACE ( 'NONE', ( #3363 ), #1905, .F. ) ;
#1938 = ORIENTED_EDGE ( 'NONE', *, *, #2604, .T. ) ;
#1939 = ORIENTED_EDGE ( 'NONE', *, *, #3117, .T. ) ;
#1940 = DIRECTION ( 'NONE',  ( 0.000000000000000000, 0.000000000000000000, 1.000000000000000000 ) ) ;
#1941 = DIRECTION ( 'NONE',  ( 0.000000000000000000, 0.000000000000000000, 1.000000000000000000 ) ) ;
#1942 = EDGE_CURVE ( 'NONE', #1354, #2586, #1146, .T. ) ;
#1943 = CIRCLE ( 'NONE', #1186, 29.00000000000002132 ) ;
#1944 = CIRCLE ( 'NONE', #2459, 1.050000000000005818 ) ;
#1945 = EDGE_LOOP ( 'NONE', ( #36, #754, #1305, #1328 ) ) ;
#1946 = AXIS2_PLACEMENT_3D ( 'NONE', #305, #1411, #937 ) ;
#1947 = EDGE_LOOP ( 'NONE', ( #1994, #275, #1044, #1831 ) ) ;
#1948 = DIRECTION ( 'NONE',  ( 0.4222212852095815760, -0.9064927944092932011, 0.000000000000000000 ) ) ;
#1949 = VECTOR ( 'NONE', #3300, 1000.000000000000000 ) ;
#1950 = ORIENTED_EDGE ( 'NONE', *, *, #917, .T. ) ;
#1951 = VECTOR ( 'NONE', #3299, 1000.000000000000000 ) ;
#1952 = CARTESIAN_POINT ( 'NONE',  ( 25.31820655458890812, 18.87506802511944315, 0.000000000000000000 ) ) ;
#1953 = CARTESIAN_POINT ( 'NONE',  ( 48.47852697238528918, 3.378819091186667567, 27.00000000000000355 ) ) ;
#1954 = CIRCLE ( 'NONE', #3295, 1.050000000000002265 ) ;
#1955 = CARTESIAN_POINT ( 'NONE',  ( -3.326363538084339933, 23.40150196431828178, 2.000000000000000000 ) ) ;
#1956 = CYLINDRICAL_SURFACE ( 'NONE', #1282, 1.009999999999999787 ) ;
#1957 = ORIENTED_EDGE ( 'NONE', *, *, #3343, .F. ) ;
#1958 = ORIENTED_EDGE ( 'NONE', *, *, #2378, .F. ) ;
#1959 = UNCERTAINTY_MEASURE_WITH_UNIT (LENGTH_MEASURE( 1.000000000000000082E-05 ), #1579, 'distance_accuracy_value', 'NONE');
#1960 = CARTESIAN_POINT ( 'NONE',  ( 14.91592828815061900, 45.94521037545789000, 0.000000000000000000 ) ) ;
#1961 = CARTESIAN_POINT ( 'NONE',  ( 47.42852697238529913, 3.378819091186667567, 0.000000000000000000 ) ) ;
#1962 = ORIENTED_EDGE ( 'NONE', *, *, #2287, .T. ) ;
#1963 = AXIS2_PLACEMENT_3D ( 'NONE', #2672, #3242, #1350 ) ;
#1964 = EDGE_CURVE ( 'NONE', #765, #157, #1973, .T. ) ;
#1965 = VERTEX_POINT ( 'NONE', #3585 ) ;
#1966 = DIRECTION ( 'NONE',  ( 0.8660254037844344888, 0.5000000000000069944, 0.000000000000000000 ) ) ;
#1967 = CARTESIAN_POINT ( 'NONE',  ( 11.45975913308468286, -4.383122684078817777, 0.000000000000000000 ) ) ;
#1968 = DIRECTION ( 'NONE',  ( -0.8189007562146598529, 0.5739351457012005220, 0.000000000000000000 ) ) ;
#1969 = ADVANCED_FACE ( 'NONE', ( #3602 ), #3347, .F. ) ;
#1970 = CARTESIAN_POINT ( 'NONE',  ( 39.17665397609313516, 42.13325873431770674, 2.000000000000000000 ) ) ;
#1971 = PLANE ( 'NONE',  #183 ) ;
#1972 = VERTEX_POINT ( 'NONE', #292 ) ;
#1973 = LINE ( 'NONE', #252, #1021 ) ;
#1974 = LINE ( 'NONE', #1479, #49 ) ;
#1975 = CARTESIAN_POINT ( 'NONE',  ( 25.69087872402335648, 45.94647573610046010, 2.000000000000000000 ) ) ;
#1976 = EDGE_CURVE ( 'NONE', #3468, #1925, #2876, .T. ) ;
#1977 = ORIENTED_EDGE ( 'NONE', *, *, #3203, .F. ) ;
#1978 = EDGE_LOOP ( 'NONE', ( #1832, #2766, #2970, #2667 ) ) ;
#1979 = CARTESIAN_POINT ( 'NONE',  ( -1.402833003613678020, 23.23236591819563657, 2.000000000000000000 ) ) ;
#1980 = EDGE_CURVE ( 'NONE', #329, #1294, #1362, .T. ) ;
#1981 = ADVANCED_FACE ( 'NONE', ( #3328 ), #802, .F. ) ;
#1982 = AXIS2_PLACEMENT_3D ( 'NONE', #2882, #3466, #392 ) ;
#1983 = VERTEX_POINT ( 'NONE', #1921 ) ;
#1984 = DIRECTION ( 'NONE',  ( -0.8660254037844452579, 0.4999999999999886202, 0.000000000000000000 ) ) ;
#1985 = DIRECTION ( 'NONE',  ( -0.000000000000000000, -0.000000000000000000, -1.000000000000000000 ) ) ;
#1986 = AXIS2_PLACEMENT_3D ( 'NONE', #1009, #2109, #3229 ) ;
#1987 = CARTESIAN_POINT ( 'NONE',  ( 47.86191496572860160, 0.6327761988846949404, 2.000000000000000000 ) ) ;
#1988 = DIRECTION ( 'NONE',  ( 0.08759203819463302898, 0.9961564309107832083, 0.000000000000000000 ) ) ;
#1989 = AXIS2_PLACEMENT_3D ( 'NONE', #3115, #2306, #1452 ) ;
#1990 = ORIENTED_EDGE ( 'NONE', *, *, #1666, .F. ) ;
#1991 = LINE ( 'NONE', #68, #612 ) ;
#1992 = CARTESIAN_POINT ( 'NONE',  ( 49.94029933770856644, 23.20548913390874901, 0.000000000000000000 ) ) ;
#1993 = CARTESIAN_POINT ( 'NONE',  ( 46.37852697238530197, 3.378819091186667567, 5.999999999999998224 ) ) ;
#1994 = ORIENTED_EDGE ( 'NONE', *, *, #3590, .T. ) ;
#1995 = ORIENTED_EDGE ( 'NONE', *, *, #790, .F. ) ;
#1996 = DIRECTION ( 'NONE',  ( -0.000000000000000000, -0.000000000000000000, -1.000000000000000000 ) ) ;
#1997 = VECTOR ( 'NONE', #1297, 1000.000000000000000 ) ;
#1998 = VERTEX_POINT ( 'NONE', #3311 ) ;
#1999 = VECTOR ( 'NONE', #2674, 1000.000000000000000 ) ;
#2000 = VECTOR ( 'NONE', #2296, 1000.000000000000000 ) ;
#2001 = LINE ( 'NONE', #3408, #2985 ) ;
#2002 = CYLINDRICAL_SURFACE ( 'NONE', #2758, 1.050000000000000933 ) ;
#2003 = AXIS2_PLACEMENT_3D ( 'NONE', #1799, #3465, #1320 ) ;
#2004 = AXIS2_PLACEMENT_3D ( 'NONE', #909, #3450, #2347 ) ;
#2005 = ADVANCED_FACE ( 'NONE', ( #2249 ), #1074, .F. ) ;
#2006 = CARTESIAN_POINT ( 'NONE',  ( 36.71818125524792009, -5.600237423932064473, 0.000000000000000000 ) ) ;
#2007 = AXIS2_PLACEMENT_3D ( 'NONE', #1171, #3373, #2928 ) ;
#2008 = ORIENTED_EDGE ( 'NONE', *, *, #2509, .T. ) ;
#2009 = LINE ( 'NONE', #404, #2581 ) ;
#2010 = CARTESIAN_POINT ( 'NONE',  ( -1.751935795749497204, 8.472789758681052774, 2.000000000000000000 ) ) ;
#2011 = CARTESIAN_POINT ( 'NONE',  ( 40.81445548852191507, 40.98538844291566363, 0.000000000000000000 ) ) ;
#2012 = CYLINDRICAL_SURFACE ( 'NONE', #2940, 1.999999999999349409 ) ;
#2013 = ORIENTED_EDGE ( 'NONE', *, *, #298, .F. ) ;
#2014 = ORIENTED_EDGE ( 'NONE', *, *, #1206, .T. ) ;
#2015 = DIRECTION ( 'NONE',  ( 0.000000000000000000, 0.000000000000000000, -1.000000000000000000 ) ) ;
#2016 = DIRECTION ( 'NONE',  ( -1.000000000000000000, 0.000000000000000000, 0.000000000000000000 ) ) ;
#2017 = AXIS2_PLACEMENT_3D ( 'NONE', #2769, #588, #2800 ) ;
#2018 = DIRECTION ( 'NONE',  ( 0.000000000000000000, 0.000000000000000000, 1.000000000000000000 ) ) ;
#2019 = CARTESIAN_POINT ( 'NONE',  ( 49.79351200364038021, 30.27504272577854394, 2.000000000000000000 ) ) ;
#2020 = DIRECTION ( 'NONE',  ( 0.4222212852095772462, -0.9064927944092953105, 0.000000000000000000 ) ) ;
#2021 = EDGE_CURVE ( 'NONE', #1284, #2354, #2999, .T. ) ;
#2022 = DIRECTION ( 'NONE',  ( 0.000000000000000000, 0.000000000000000000, -1.000000000000000000 ) ) ;
#2023 = DIRECTION ( 'NONE',  ( -0.000000000000000000, 0.000000000000000000, -1.000000000000000000 ) ) ;
#2024 = CARTESIAN_POINT ( 'NONE',  ( 25.86001477014602301, 47.87000627057111046, 2.000000000000000000 ) ) ;
#2025 = FACE_OUTER_BOUND ( 'NONE', #1839, .T. ) ;
#2026 = ORIENTED_EDGE ( 'NONE', *, *, #3014, .F. ) ;
#2027 = ORIENTED_EDGE ( 'NONE', *, *, #445, .F. ) ;
#2028 = DIRECTION ( 'NONE',  ( -0.000000000000000000, -0.000000000000000000, -1.000000000000000000 ) ) ;
#2029 = DIRECTION ( 'NONE',  ( 1.000000000000000000, 0.000000000000000000, 0.000000000000000000 ) ) ;
#2030 = EDGE_LOOP ( 'NONE', ( #2373, #2445, #2469, #1127 ) ) ;
#2031 = FACE_OUTER_BOUND ( 'NONE', #1685, .T. ) ;
#2032 = DIRECTION ( 'NONE',  ( -0.000000000000000000, 0.000000000000000000, -1.000000000000000000 ) ) ;
#2033 = AXIS2_PLACEMENT_3D ( 'NONE', #3001, #3526, #1822 ) ;
#2034 = ORIENTED_EDGE ( 'NONE', *, *, #3077, .F. ) ;
#2035 = AXIS2_PLACEMENT_3D ( 'NONE', #951, #1475, #2275 ) ;
#2036 = VECTOR ( 'NONE', #2147, 1000.000000000000000 ) ;
#2037 = EDGE_CURVE ( 'NONE', #2927, #1749, #1306, .T. ) ;
#2038 = CARTESIAN_POINT ( 'NONE',  ( 45.42852697238594573, 3.378819091186667567, 0.000000000000000000 ) ) ;
#2039 = CARTESIAN_POINT ( 'NONE',  ( 11.28995711051462081, 44.25632523462012813, 2.000000000000000000 ) ) ;
#2040 = CARTESIAN_POINT ( 'NONE',  ( 25.68319158584493067, 45.77129165971123825, 2.000000000000000000 ) ) ;
#2041 = DIRECTION ( 'NONE',  ( -0.8189007562146558561, 0.5739351457012061841, 0.000000000000000000 ) ) ;
#2042 = ORIENTED_EDGE ( 'NONE', *, *, #3231, .F. ) ;
#2043 = ORIENTED_EDGE ( 'NONE', *, *, #2579, .F. ) ;
#2044 = EDGE_CURVE ( 'NONE', #2122, #1382, #75, .T. ) ;
#2045 = LINE ( 'NONE', #2887, #2995 ) ;
#2046 = DIRECTION ( 'NONE',  ( -0.5739351457012090707, -0.8189007562146538577, 0.000000000000000000 ) ) ;
#2047 = VERTEX_POINT ( 'NONE', #2764 ) ;
#2048 = DIRECTION ( 'NONE',  ( 1.000000000000000000, 0.000000000000000000, 0.000000000000000000 ) ) ;
#2049 = PLANE ( 'NONE',  #3225 ) ;
#2050 = AXIS2_PLACEMENT_3D ( 'NONE', #1198, #2283, #944 ) ;
#2051 = CIRCLE ( 'NONE', #1473, 1.999999999999350075 ) ;
#2052 = CIRCLE ( 'NONE', #2582, 1.999999999999351186 ) ;
#2053 = CIRCLE ( 'NONE', #2708, 1.250000000000001110 ) ;
#2054 = CARTESIAN_POINT ( 'NONE',  ( -0.06305065491171712999, 4.846818581045061691, 0.000000000000000000 ) ) ;
#2055 = CIRCLE ( 'NONE', #268, 1.249999999999996003 ) ;
#2056 = CARTESIAN_POINT ( 'NONE',  ( -3.676731690862772517, 19.41687624067645856, 2.000000000000000000 ) ) ;
#2057 = FACE_OUTER_BOUND ( 'NONE', #2817, .T. ) ;
#2058 = AXIS2_PLACEMENT_3D ( 'NONE', #2491, #3581, #1916 ) ;
#2059 = EDGE_LOOP ( 'NONE', ( #2687, #2334, #1372, #454 ) ) ;
#2060 = VERTEX_POINT ( 'NONE', #271 ) ;
#2061 = CARTESIAN_POINT ( 'NONE',  ( 50.21443018918137824, 16.51008299386435141, 2.000000000000000000 ) ) ;
#2062 = CARTESIAN_POINT ( 'NONE',  ( 43.56049838082390124, 41.41877643625893768, 0.000000000000000000 ) ) ;
#2063 = EDGE_CURVE ( 'NONE', #2645, #427, #1380, .T. ) ;
#2064 = ORIENTED_EDGE ( 'NONE', *, *, #1796, .F. ) ;
#2065 = VERTEX_POINT ( 'NONE', #2795 ) ;
#2066 = DIRECTION ( 'NONE',  ( -1.000000000000000000, 0.000000000000000000, 0.000000000000000000 ) ) ;
#2067 = CARTESIAN_POINT ( 'NONE',  ( 32.62899825685308741, 42.36363642403309626, 14.00000000000000000 ) ) ;
#2068 = AXIS2_PLACEMENT_3D ( 'NONE', #751, #1100, #474 ) ;
#2069 = ORIENTED_EDGE ( 'NONE', *, *, #1674, .T. ) ;
#2070 = ORIENTED_EDGE ( 'NONE', *, *, #2895, .F. ) ;
#2071 = DIRECTION ( 'NONE',  ( -0.4999999999999979461, -0.8660254037844397068, 0.000000000000000000 ) ) ;
#2072 = CARTESIAN_POINT ( 'NONE',  ( 53.96277664726218859, 14.34863408592079992, 0.000000000000000000 ) ) ;
#2073 = DIRECTION ( 'NONE',  ( -1.000000000000000000, 0.000000000000000000, 0.000000000000000000 ) ) ;
#2074 = DIRECTION ( 'NONE',  ( -0.000000000000000000, -0.000000000000000000, -1.000000000000000000 ) ) ;
#2075 = ORIENTED_EDGE ( 'NONE', *, *, #2853, .F. ) ;
#2076 = EDGE_LOOP ( 'NONE', ( #3539, #1265 ) ) ;
#2077 = DIRECTION ( 'NONE',  ( -0.5000000000000099920, 0.8660254037844328234, 0.000000000000000000 ) ) ;
#2078 = DIRECTION ( 'NONE',  ( -0.000000000000000000, -0.000000000000000000, 1.000000000000000000 ) ) ;
#2079 = EDGE_CURVE ( 'NONE', #2810, #2838, #2818, .T. ) ;
#2080 = VERTEX_POINT ( 'NONE', #2038 ) ;
#2081 = VERTEX_POINT ( 'NONE', #3173 ) ;
#2082 = CIRCLE ( 'NONE', #2548, 1.250000000000001110 ) ;
#2083 = PLANE ( 'NONE',  #273 ) ;
#2084 = EDGE_CURVE ( 'NONE', #728, #329, #2277, .T. ) ;
#2085 = CARTESIAN_POINT ( 'NONE',  ( 54.31314480004058254, 18.33325980956263734, 0.000000000000000000 ) ) ;
#2086 = LINE ( 'NONE', #2655, #2240 ) ;
#2087 = EDGE_CURVE ( 'NONE', #1876, #3252, #1017, .T. ) ;
#2088 = AXIS2_PLACEMENT_3D ( 'NONE', #2390, #1850, #2370 ) ;
#2089 = ORIENTED_EDGE ( 'NONE', *, *, #209, .F. ) ;
#2090 = ORIENTED_EDGE ( 'NONE', *, *, #494, .F. ) ;
#2091 = CARTESIAN_POINT ( 'NONE',  ( 49.79351200364038021, 30.27504272577854394, 2.000000000000000000 ) ) ;
#2092 = DIRECTION ( 'NONE',  ( -0.000000000000000000, -0.000000000000000000, 1.000000000000000000 ) ) ;
#2093 = CARTESIAN_POINT ( 'NONE',  ( 54.31314480004058254, 18.33325980956263734, 2.000000000000000000 ) ) ;
#2094 = VECTOR ( 'NONE', #1878, 1000.000000000000000 ) ;
#2095 = DIRECTION ( 'NONE',  ( -0.000000000000000000, -0.000000000000000000, -1.000000000000000000 ) ) ;
#2096 = VERTEX_POINT ( 'NONE', #682 ) ;
#2097 = ORIENTED_EDGE ( 'NONE', *, *, #776, .T. ) ;
#2098 = LINE ( 'NONE', #2447, #1417 ) ;
#2099 = VERTEX_POINT ( 'NONE', #1728 ) ;
#2100 = ORIENTED_EDGE ( 'NONE', *, *, #1671, .F. ) ;
#2101 = EDGE_LOOP ( 'NONE', ( #824, #1507 ) ) ;
#2102 = AXIS2_PLACEMENT_3D ( 'NONE', #733, #3493, #984 ) ;
#2103 = DIRECTION ( 'NONE',  ( -0.9961564309107826531, 0.08759203819463866336, 0.000000000000000000 ) ) ;
#2104 = DIRECTION ( 'NONE',  ( 0.000000000000000000, 0.000000000000000000, 1.000000000000000000 ) ) ;
#2105 = CARTESIAN_POINT ( 'NONE',  ( 47.42852697238529913, 3.378819091186667567, 2.000000000000000000 ) ) ;
#2106 = EDGE_CURVE ( 'NONE', #2282, #3082, #1780, .T. ) ;
#2107 = ORIENTED_EDGE ( 'NONE', *, *, #3097, .T. ) ;
#2108 = ORIENTED_EDGE ( 'NONE', *, *, #421, .T. ) ;
#2109 = DIRECTION ( 'NONE',  ( 0.000000000000000000, 0.000000000000000000, 1.000000000000000000 ) ) ;
#2110 = LINE ( 'NONE', #908, #2998 ) ;
#2111 = AXIS2_PLACEMENT_3D ( 'NONE', #2011, #2938, #2381 ) ;
#2112 = EDGE_CURVE ( 'NONE', #3292, #942, #905, .T. ) ;
#2113 = AXIS2_PLACEMENT_3D ( 'NONE', #3234, #3021, #722 ) ;
#2114 = AXIS2_PLACEMENT_3D ( 'NONE', #2105, #2879, #2417 ) ;
#2115 = DIRECTION ( 'NONE',  ( 1.000000000000000000, 0.000000000000000000, 0.000000000000000000 ) ) ;
#2116 = DIRECTION ( 'NONE',  ( 0.5739351457012072943, 0.8189007562146550789, 0.000000000000000000 ) ) ;
#2117 = VECTOR ( 'NONE', #1681, 1000.000000000000000 ) ;
#2118 = EDGE_LOOP ( 'NONE', ( #1544, #2994, #2339, #1704 ) ) ;
#2119 = ORIENTED_EDGE ( 'NONE', *, *, #2846, .F. ) ;
#2120 = CYLINDRICAL_SURFACE ( 'NONE', #1708, 1.250000000000000888 ) ;
#2121 = VERTEX_POINT ( 'NONE', #2899 ) ;
#2122 = VERTEX_POINT ( 'NONE', #955 ) ;
#2123 = ORIENTED_EDGE ( 'NONE', *, *, #3451, .F. ) ;
#2124 = DIRECTION ( 'NONE',  ( -0.000000000000000000, -0.000000000000000000, -1.000000000000000000 ) ) ;
#2125 = DIRECTION ( 'NONE',  ( -1.000000000000000000, 0.000000000000000000, 0.000000000000000000 ) ) ;
#2126 = FACE_BOUND ( 'NONE', #3381, .T. ) ;
#2127 = VECTOR ( 'NONE', #1519, 1000.000000000000000 ) ;
#2128 = ORIENTED_EDGE ( 'NONE', *, *, #2668, .T. ) ;
#2129 = CARTESIAN_POINT ( 'NONE',  ( 52.38834890492724838, 29.27734629155801827, 0.000000000000000000 ) ) ;
#2130 = CARTESIAN_POINT ( 'NONE',  ( 36.71818125524792009, -5.600237423932064473, 2.000000000000000000 ) ) ;
#2131 = EDGE_CURVE ( 'NONE', #2202, #3240, #3056, .T. ) ;
#2132 = VECTOR ( 'NONE', #1501, 1000.000000000000000 ) ;
#2133 = LINE ( 'NONE', #2149, #2292 ) ;
#2134 = CARTESIAN_POINT ( 'NONE',  ( 47.79351200364102681, 30.27504272577854394, 2.000000000000000000 ) ) ;
#2135 = EDGE_CURVE ( 'NONE', #2514, #1895, #3104, .T. ) ;
#2136 = ORIENTED_EDGE ( 'NONE', *, *, #1386, .T. ) ;
#2137 = ORIENTED_EDGE ( 'NONE', *, *, #2160, .T. ) ;
#2138 = CARTESIAN_POINT ( 'NONE',  ( 48.57639726378732092, 5.016620603615463025, 0.000000000000000000 ) ) ;
#2139 = DIRECTION ( 'NONE',  ( 0.000000000000000000, 0.000000000000000000, -1.000000000000000000 ) ) ;
#2140 = ORIENTED_EDGE ( 'NONE', *, *, #2802, .F. ) ;
#2141 = EDGE_CURVE ( 'NONE', #2214, #3458, #1991, .T. ) ;
#2142 = ORIENTED_EDGE ( 'NONE', *, *, #715, .T. ) ;
#2143 = CARTESIAN_POINT ( 'NONE',  ( 51.69586042541624238, 9.629412986673806074, 3.000000000000000000 ) ) ;
#2144 = DIRECTION ( 'NONE',  ( 0.000000000000000000, -0.000000000000000000, -1.000000000000000000 ) ) ;
#2145 = FACE_BOUND ( 'NONE', #2101, .T. ) ;
#2146 = EDGE_LOOP ( 'NONE', ( #812, #987, #624, #1398 ) ) ;
#2147 = DIRECTION ( 'NONE',  ( -0.000000000000000000, -0.000000000000000000, -1.000000000000000000 ) ) ;
#2148 = CYLINDRICAL_SURFACE ( 'NONE', #2401, 1.999999999999349409 ) ;
#2149 = CARTESIAN_POINT ( 'NONE',  ( 25.69087872402335648, 45.94647573610046010, 2.000000000000000000 ) ) ;
#2150 = PLANE ( 'NONE',  #2033 ) ;
#2151 = DIRECTION ( 'NONE',  ( 0.08759203819464210505, 0.9961564309107823201, 0.000000000000000000 ) ) ;
#2152 = VECTOR ( 'NONE', #145, 1000.000000000000000 ) ;
#2153 = ORIENTED_EDGE ( 'NONE', *, *, #2975, .F. ) ;
#2154 = EDGE_CURVE ( 'NONE', #1998, #1876, #2009, .T. ) ;
#2155 = ORIENTED_EDGE ( 'NONE', *, *, #3206, .F. ) ;
#2156 = DIRECTION ( 'NONE',  ( -0.000000000000000000, -0.000000000000000000, -1.000000000000000000 ) ) ;
#2157 = CARTESIAN_POINT ( 'NONE',  ( 39.17665397609313516, 42.13325873431770674, 0.000000000000000000 ) ) ;
#2158 = ADVANCED_FACE ( 'NONE', ( #2832 ), #338, .F. ) ;
#2159 = EDGE_LOOP ( 'NONE', ( #2656, #1266 ) ) ;
#2160 = EDGE_CURVE ( 'NONE', #1213, #2202, #1160, .T. ) ;
#2161 = ORIENTED_EDGE ( 'NONE', *, *, #2446, .F. ) ;
#2162 = LINE ( 'NONE', #2991, #147 ) ;
#2163 = AXIS2_PLACEMENT_3D ( 'NONE', #1154, #625, #3442 ) ;
#2164 = DIRECTION ( 'NONE',  ( 0.000000000000000000, -0.000000000000000000, -1.000000000000000000 ) ) ;
#2165 = CARTESIAN_POINT ( 'NONE',  ( 54.31314480004058254, 18.33325980956263734, 2.000000000000000000 ) ) ;
#2166 = ORIENTED_EDGE ( 'NONE', *, *, #3519, .F. ) ;
#2167 = CYLINDRICAL_SURFACE ( 'NONE', #184, 1.050000000000000488 ) ;
#2168 = DIRECTION ( 'NONE',  ( 1.000000000000000000, 0.000000000000000000, 0.000000000000000000 ) ) ;
#2169 = CARTESIAN_POINT ( 'NONE',  ( 4.257886136792626175, 34.37131695905236484, 27.00000000000000355 ) ) ;
#2170 = CARTESIAN_POINT ( 'NONE',  ( 22.95322152333372756, -8.021155609472369719, 27.00000000000000355 ) ) ;
#2171 = CIRCLE ( 'NONE', #373, 29.00000000000002132 ) ;
#2172 = CARTESIAN_POINT ( 'NONE',  ( 9.821957620656053933, -3.235252392676878141, 27.00000000000000355 ) ) ;
#2173 = CIRCLE ( 'NONE', #2234, 1.050000000000000044 ) ;
#2174 = VERTEX_POINT ( 'NONE', #2263 ) ;
#2175 = EDGE_LOOP ( 'NONE', ( #619, #2652, #485, #3476 ) ) ;
#2176 = CIRCLE ( 'NONE', #668, 29.00000000000002842 ) ;
#2177 = DIRECTION ( 'NONE',  ( -0.000000000000000000, -0.000000000000000000, -1.000000000000000000 ) ) ;
#2178 = CIRCLE ( 'NONE', #2637, 1.999999999999349409 ) ;
#2179 = ORIENTED_EDGE ( 'NONE', *, *, #2226, .T. ) ;
#2180 = EDGE_CURVE ( 'NONE', #2256, #2247, #632, .T. ) ;
#2181 = ORIENTED_EDGE ( 'NONE', *, *, #1272, .T. ) ;
#2182 = ORIENTED_EDGE ( 'NONE', *, *, #2549, .T. ) ;
#2183 = FACE_OUTER_BOUND ( 'NONE', #763, .T. ) ;
#2184 = CARTESIAN_POINT ( 'NONE',  ( 34.90519566642992544, -6.444679994350957841, 0.000000000000000000 ) ) ;
#2185 = EDGE_CURVE ( 'NONE', #1591, #3171, #2935, .T. ) ;
#2186 = AXIS2_PLACEMENT_3D ( 'NONE', #2700, #1357, #1140 ) ;
#2187 = EDGE_CURVE ( 'NONE', #943, #1754, #1531, .T. ) ;
#2188 = EDGE_CURVE ( 'NONE', #943, #857, #1192, .T. ) ;
#2189 = EDGE_LOOP ( 'NONE', ( #3402, #544 ) ) ;
#2190 = DIRECTION ( 'NONE',  ( 0.000000000000000000, 0.000000000000000000, 1.000000000000000000 ) ) ;
#2191 = DIRECTION ( 'NONE',  ( -1.000000000000000000, 0.000000000000000000, 0.000000000000000000 ) ) ;
#2192 = VECTOR ( 'NONE', #3260, 1000.000000000000000 ) ;
#2193 = EDGE_CURVE ( 'NONE', #1382, #2122, #434, .T. ) ;
#2194 = CARTESIAN_POINT ( 'NONE',  ( 16.75741485232489580, -4.613500373794265919, 6.000000000000000000 ) ) ;
#2195 = CARTESIAN_POINT ( 'NONE',  ( -1.578017080002894090, 21.24005305637472318, 2.000000000000001776 ) ) ;
#2196 = AXIS2_PLACEMENT_3D ( 'NONE', #2501, #622, #1966 ) ;
#2197 = VERTEX_POINT ( 'NONE', #2864 ) ;
#2198 = ORIENTED_EDGE ( 'NONE', *, *, #2486, .T. ) ;
#2199 = CARTESIAN_POINT ( 'NONE',  ( 9.256905473733350931, 38.03321531524403554, 0.000000000000000000 ) ) ;
#2200 = CARTESIAN_POINT ( 'NONE',  ( 32.62899825685308741, 42.36363642403309626, 0.000000000000000000 ) ) ;
#2201 = VERTEX_POINT ( 'NONE', #1223 ) ;
#2202 = VERTEX_POINT ( 'NONE', #374 ) ;
#2203 = CARTESIAN_POINT ( 'NONE',  ( 35.12899825685308741, 42.36363642403309626, 0.000000000000000000 ) ) ;
#2204 = DIRECTION ( 'NONE',  ( 0.5739351457012072943, 0.8189007562146550789, 0.000000000000000000 ) ) ;
#2205 = EDGE_CURVE ( 'NONE', #3419, #2798, #2521, .T. ) ;
#2206 = EDGE_LOOP ( 'NONE', ( #2429, #276 ) ) ;
#2207 = CARTESIAN_POINT ( 'NONE',  ( 48.94906943322148152, 32.08802831459653504, 0.000000000000000000 ) ) ;
#2208 = FACE_OUTER_BOUND ( 'NONE', #690, .T. ) ;
#2209 = ADVANCED_FACE ( 'NONE', ( #3430 ), #2606, .F. ) ;
#2210 = EDGE_CURVE ( 'NONE', #765, #2367, #1823, .T. ) ;
#2211 = DIRECTION ( 'NONE',  ( -0.000000000000000000, -0.000000000000000000, -1.000000000000000000 ) ) ;
#2212 = DIRECTION ( 'NONE',  ( -1.000000000000000000, 0.000000000000000000, 0.000000000000000000 ) ) ;
#2213 = ORIENTED_EDGE ( 'NONE', *, *, #522, .T. ) ;
#2214 = VERTEX_POINT ( 'NONE', #2382 ) ;
#2215 = CARTESIAN_POINT ( 'NONE',  ( 34.90519566642992544, -6.444679994350957841, 2.000000000000000000 ) ) ;
#2216 = DIRECTION ( 'NONE',  ( 0.000000000000000000, 0.000000000000000000, -1.000000000000000000 ) ) ;
#2217 = VECTOR ( 'NONE', #2023, 1000.000000000000000 ) ;
#2218 = VERTEX_POINT ( 'NONE', #1528 ) ;
#2219 = AXIS2_PLACEMENT_3D ( 'NONE', #2195, #1643, #540 ) ;
#2220 = ORIENTED_EDGE ( 'NONE', *, *, #37, .F. ) ;
#2221 = LINE ( 'NONE', #2269, #1669 ) ;
#2222 = VECTOR ( 'NONE', #2788, 1000.000000000000000 ) ;
#2223 = ORIENTED_EDGE ( 'NONE', *, *, #2943, .F. ) ;
#2224 = LINE ( 'NONE', #2859, #2681 ) ;
#2225 = DIRECTION ( 'NONE',  ( -0.000000000000000000, -0.000000000000000000, -1.000000000000000000 ) ) ;
#2226 = EDGE_CURVE ( 'NONE', #1812, #1270, #3342, .T. ) ;
#2227 = CARTESIAN_POINT ( 'NONE',  ( 48.74351200364037595, 30.27504272577854749, 5.999999999999998224 ) ) ;
#2228 = DIRECTION ( 'NONE',  ( 0.000000000000000000, 0.000000000000000000, 1.000000000000000000 ) ) ;
#2229 = EDGE_CURVE ( 'NONE', #1368, #2596, #2133, .T. ) ;
#2230 = ORIENTED_EDGE ( 'NONE', *, *, #284, .T. ) ;
#2231 = VERTEX_POINT ( 'NONE', #481 ) ;
#2232 = DIRECTION ( 'NONE',  ( -0.000000000000000000, -0.000000000000000000, -1.000000000000000000 ) ) ;
#2233 = DIRECTION ( 'NONE',  ( -1.000000000000000000, 0.000000000000000000, 0.000000000000000000 ) ) ;
#2234 = AXIS2_PLACEMENT_3D ( 'NONE', #2418, #970, #3187 ) ;
#2235 = CIRCLE ( 'NONE', #3286, 1.050000000000002265 ) ;
#2236 = ORIENTED_EDGE ( 'NONE', *, *, #860, .T. ) ;
#2237 = AXIS2_PLACEMENT_3D ( 'NONE', #2536, #2744, #3089 ) ;
#2238 = ORIENTED_EDGE ( 'NONE', *, *, #2647, .T. ) ;
#2239 = FACE_BOUND ( 'NONE', #1706, .T. ) ;
#2240 = VECTOR ( 'NONE', #3202, 1000.000000000000000 ) ;
#2241 = ORIENTED_EDGE ( 'NONE', *, *, #3154, .T. ) ;
#2242 = DIRECTION ( 'NONE',  ( -0.000000000000000000, -0.000000000000000000, -1.000000000000000000 ) ) ;
#2243 = CARTESIAN_POINT ( 'NONE',  ( 27.68319158584427697, 45.77129165971123825, 27.00000000000000355 ) ) ;
#2244 = DIRECTION ( 'NONE',  ( -1.000000000000000000, 0.000000000000000000, 0.000000000000000000 ) ) ;
#2245 = DIRECTION ( 'NONE',  ( 0.8189007562146610741, -0.5739351457011987456, 0.000000000000000000 ) ) ;
#2246 = EDGE_CURVE ( 'NONE', #566, #1675, #2425, .T. ) ;
#2247 = VERTEX_POINT ( 'NONE', #446 ) ;
#2248 = ADVANCED_FACE ( 'NONE', ( #3190 ), #2660, .T. ) ;
#2249 = FACE_OUTER_BOUND ( 'NONE', #2831, .T. ) ;
#2250 = FACE_BOUND ( 'NONE', #3058, .T. ) ;
#2251 = EDGE_CURVE ( 'NONE', #2316, #2218, #23, .T. ) ;
#2252 = AXIS2_PLACEMENT_3D ( 'NONE', #330, #2786, #3112 ) ;
#2253 = CARTESIAN_POINT ( 'NONE',  ( 40.81445548852191507, 40.98538844291566363, 5.999999999999998224 ) ) ;
#2254 = ORIENTED_EDGE ( 'NONE', *, *, #3542, .F. ) ;
#2255 = CIRCLE ( 'NONE', #2714, 1.999999999999350075 ) ;
#2256 = VERTEX_POINT ( 'NONE', #2641 ) ;
#2257 = CARTESIAN_POINT ( 'NONE',  ( -3.681793445411113197, 18.87506802511944315, 6.000000000000000000 ) ) ;
#2258 = ADVANCED_FACE ( 'NONE', ( #121 ), #1034, .F. ) ;
#2259 = DIRECTION ( 'NONE',  ( -1.000000000000000000, 0.000000000000000000, 0.000000000000000000 ) ) ;
#2260 = DIRECTION ( 'NONE',  ( -1.000000000000000000, 0.000000000000000000, 0.000000000000000000 ) ) ;
#2261 = FACE_OUTER_BOUND ( 'NONE', #3205, .T. ) ;
#2262 = VERTEX_POINT ( 'NONE', #1547 ) ;
#2263 = CARTESIAN_POINT ( 'NONE',  ( 28.73319158584427768, 45.77129165971123825, 5.999999999999998224 ) ) ;
#2264 = CARTESIAN_POINT ( 'NONE',  ( 3.207886136792633014, 34.37131695905237194, 0.000000000000000000 ) ) ;
#2265 = DIRECTION ( 'NONE',  ( -1.040834085586421889E-14, 1.000000000000000000, 0.000000000000000000 ) ) ;
#2266 = AXIS2_PLACEMENT_3D ( 'NONE', #1961, #2796, #3312 ) ;
#2267 = VERTEX_POINT ( 'NONE', #1238 ) ;
#2268 = ORIENTED_EDGE ( 'NONE', *, *, #2154, .T. ) ;
#2269 = CARTESIAN_POINT ( 'NONE',  ( 48.74351200364037595, 30.27504272577854749, 27.00000000000000355 ) ) ;
#2270 = EDGE_CURVE ( 'NONE', #1173, #3308, #562, .T. ) ;
#2271 = AXIS2_PLACEMENT_3D ( 'NONE', #2589, #3446, #87 ) ;
#2272 = CARTESIAN_POINT ( 'NONE',  ( 9.256905473733350931, 38.03321531524403554, 6.000000000000000000 ) ) ;
#2273 = CARTESIAN_POINT ( 'NONE',  ( -1.578017080002894090, 21.24005305637472318, 27.00000000000000355 ) ) ;
#2274 = CARTESIAN_POINT ( 'NONE',  ( 49.79351200364037311, 30.27504272577854749, 2.000000000000001776 ) ) ;
#2275 = DIRECTION ( 'NONE',  ( -1.000000000000000000, 0.000000000000000000, 0.000000000000000000 ) ) ;
#2276 = ORIENTED_EDGE ( 'NONE', *, *, #161, .T. ) ;
#2277 = LINE ( 'NONE', #2847, #559 ) ;
#2278 =( NAMED_UNIT ( * ) SI_UNIT ( $, .STERADIAN. ) SOLID_ANGLE_UNIT ( ) );
#2279 = CARTESIAN_POINT ( 'NONE',  ( 25.31820655458890812, 18.87506802511944315, 1.950000000000000400 ) ) ;
#2280 = DIRECTION ( 'NONE',  ( -1.000000000000000000, 0.000000000000000000, 0.000000000000000000 ) ) ;
#2281 = ORIENTED_EDGE ( 'NONE', *, *, #1440, .F. ) ;
#2282 = VERTEX_POINT ( 'NONE', #2364 ) ;
#2283 = DIRECTION ( 'NONE',  ( -0.000000000000000000, -0.000000000000000000, -1.000000000000000000 ) ) ;
#2284 = CARTESIAN_POINT ( 'NONE',  ( -1.578017080002894090, 21.24005305637472318, 5.999999999999998224 ) ) ;
#2285 = AXIS2_PLACEMENT_3D ( 'NONE', #2172, #1322, #2366 ) ;
#2286 = ORIENTED_EDGE ( 'NONE', *, *, #692, .F. ) ;
#2287 = EDGE_CURVE ( 'NONE', #194, #2780, #2053, .T. ) ;
#2288 = AXIS2_PLACEMENT_3D ( 'NONE', #1699, #1095, #1646 ) ;
#2289 = CIRCLE ( 'NONE', #1889, 1.999999999999350742 ) ;
#2290 = DIRECTION ( 'NONE',  ( -0.000000000000000000, -0.000000000000000000, -1.000000000000000000 ) ) ;
#2291 = CARTESIAN_POINT ( 'NONE',  ( 51.16443018918072028, 16.51008299386434430, 27.00000000000000355 ) ) ;
#2292 = VECTOR ( 'NONE', #974, 1000.000000000000000 ) ;
#2293 = CIRCLE ( 'NONE', #24, 1.049999999999995381 ) ;
#2294 = DIRECTION ( 'NONE',  ( -1.000000000000000000, 0.000000000000000000, 0.000000000000000000 ) ) ;
#2295 = CYLINDRICAL_SURFACE ( 'NONE', #2271, 1.050000000000000933 ) ;
#2296 = DIRECTION ( 'NONE',  ( -0.000000000000000000, -0.000000000000000000, -1.000000000000000000 ) ) ;
#2297 = CARTESIAN_POINT ( 'NONE',  ( 29.84464049378785688, 47.51963811779266678, 2.000000000000000000 ) ) ;
#2298 = DIRECTION ( 'NONE',  ( 1.000000000000000000, 0.000000000000000000, 0.000000000000000000 ) ) ;
#2299 = AXIS2_PLACEMENT_3D ( 'NONE', #1187, #34, #886 ) ;
#2300 = ORIENTED_EDGE ( 'NONE', *, *, #2037, .T. ) ;
#2301 = ORIENTED_EDGE ( 'NONE', *, *, #3368, .T. ) ;
#2302 = DIRECTION ( 'NONE',  ( 0.000000000000000000, -0.000000000000000000, -1.000000000000000000 ) ) ;
#2303 = CARTESIAN_POINT ( 'NONE',  ( 22.95322152333372756, -8.021155609472369719, 5.999999999999998224 ) ) ;
#2304 = CIRCLE ( 'NONE', #3178, 1.999999999999350297 ) ;
#2305 = ORIENTED_EDGE ( 'NONE', *, *, #3040, .T. ) ;
#2306 = DIRECTION ( 'NONE',  ( 0.000000000000000000, 0.000000000000000000, -1.000000000000000000 ) ) ;
#2307 = LINE ( 'NONE', #2529, #2461 ) ;
#2308 = EDGE_CURVE ( 'NONE', #3252, #1876, #1954, .T. ) ;
#2309 = ADVANCED_FACE ( 'NONE', ( #3211 ), #1860, .F. ) ;
#2310 = LINE ( 'NONE', #1760, #1867 ) ;
#2311 = EDGE_CURVE ( 'NONE', #2065, #2060, #504, .T. ) ;
#2312 = DIRECTION ( 'NONE',  ( 1.000000000000000000, 0.000000000000000000, 0.000000000000000000 ) ) ;
#2313 = DIRECTION ( 'NONE',  ( 0.000000000000000000, 0.000000000000000000, 1.000000000000000000 ) ) ;
#2314 = DIRECTION ( 'NONE',  ( 1.000000000000000000, 0.000000000000000000, 0.000000000000000000 ) ) ;
#2315 = VERTEX_POINT ( 'NONE', #210 ) ;
#2316 = VERTEX_POINT ( 'NONE', #3232 ) ;
#2317 = DIRECTION ( 'NONE',  ( 0.000000000000000000, 0.000000000000000000, 1.000000000000000000 ) ) ;
#2318 = DIRECTION ( 'NONE',  ( 1.000000000000000000, 0.000000000000000000, 0.000000000000000000 ) ) ;
#2319 = ORIENTED_EDGE ( 'NONE', *, *, #2790, .T. ) ;
#2320 = DIRECTION ( 'NONE',  ( -0.8189007562146610741, 0.5739351457011987456, 0.000000000000000000 ) ) ;
#2321 = DIRECTION ( 'NONE',  ( -1.000000000000000000, 0.000000000000000000, 0.000000000000000000 ) ) ;
#2322 = CIRCLE ( 'NONE', #3264, 29.00000000000002132 ) ;
#2323 = ORIENTED_EDGE ( 'NONE', *, *, #1077, .F. ) ;
#2324 = AXIS2_PLACEMENT_3D ( 'NONE', #1584, #2958, #420 ) ;
#2325 = EDGE_CURVE ( 'NONE', #745, #2262, #1144, .T. ) ;
#2326 = DIRECTION ( 'NONE',  ( -0.000000000000000000, -0.000000000000000000, 1.000000000000000000 ) ) ;
#2327 = CARTESIAN_POINT ( 'NONE',  ( 8.771957620656046117, -3.235252392676878141, 5.999999999999998224 ) ) ;
#2328 = EDGE_CURVE ( 'NONE', #2749, #2500, #858, .T. ) ;
#2329 = DIRECTION ( 'NONE',  ( -0.000000000000000000, -0.000000000000000000, -1.000000000000000000 ) ) ;
#2330 = ORIENTED_EDGE ( 'NONE', *, *, #251, .F. ) ;
#2331 = ORIENTED_EDGE ( 'NONE', *, *, #3454, .F. ) ;
#2332 = DIRECTION ( 'NONE',  ( -0.000000000000000000, -0.000000000000000000, -1.000000000000000000 ) ) ;
#2333 = DIRECTION ( 'NONE',  ( -0.000000000000000000, -0.000000000000000000, -1.000000000000000000 ) ) ;
#2334 = ORIENTED_EDGE ( 'NONE', *, *, #467, .T. ) ;
#2335 = CARTESIAN_POINT ( 'NONE',  ( 8.184156108227126580, -2.087382101274730228, 0.000000000000000000 ) ) ;
#2336 = CARTESIAN_POINT ( 'NONE',  ( 36.71818125524792009, -5.600237423932064473, 2.000000000000000000 ) ) ;
#2337 = AXIS2_PLACEMENT_3D ( 'NONE', #621, #1785, #59 ) ;
#2338 = CIRCLE ( 'NONE', #1076, 1.050000000000000933 ) ;
#2339 = ORIENTED_EDGE ( 'NONE', *, *, #1295, .F. ) ;
#2340 = VECTOR ( 'NONE', #2464, 1000.000000000000000 ) ;
#2341 = VERTEX_POINT ( 'NONE', #189 ) ;
#2342 = LINE ( 'NONE', #3247, #1743 ) ;
#2343 = AXIS2_PLACEMENT_3D ( 'NONE', #771, #1601, #1911 ) ;
#2344 = AXIS2_PLACEMENT_3D ( 'NONE', #3418, #1241, #1801 ) ;
#2345 = CARTESIAN_POINT ( 'NONE',  ( 52.21443018918072454, 16.51008299386434430, 5.999999999999998224 ) ) ;
#2346 = CYLINDRICAL_SURFACE ( 'NONE', #3146, 1.999999999999349409 ) ;
#2347 = DIRECTION ( 'NONE',  ( -1.000000000000000000, 0.000000000000000000, 0.000000000000000000 ) ) ;
#2348 = ADVANCED_FACE ( 'NONE', ( #1299 ), #2404, .F. ) ;
#2349 = ORIENTED_EDGE ( 'NONE', *, *, #2135, .T. ) ;
#2350 = EDGE_CURVE ( 'NONE', #477, #1846, #2510, .T. ) ;
#2351 = ORIENTED_EDGE ( 'NONE', *, *, #1293, .F. ) ;
#2352 = DIRECTION ( 'NONE',  ( -0.000000000000000000, -0.000000000000000000, -1.000000000000000000 ) ) ;
#2353 = CARTESIAN_POINT ( 'NONE',  ( 33.87899825685308741, 42.36363642403309626, 0.000000000000000000 ) ) ;
#2354 = VERTEX_POINT ( 'NONE', #3358 ) ;
#2355 = ORIENTED_EDGE ( 'NONE', *, *, #277, .F. ) ;
#2356 = CARTESIAN_POINT ( 'NONE',  ( 14.91592828815061900, 45.94521037545789000, 2.000000000000000000 ) ) ;
#2357 = DIRECTION ( 'NONE',  ( 1.000000000000000000, 0.000000000000000000, 0.000000000000000000 ) ) ;
#2358 = DIRECTION ( 'NONE',  ( -0.000000000000000000, -0.000000000000000000, -1.000000000000000000 ) ) ;
#2359 = AXIS2_PLACEMENT_3D ( 'NONE', #3535, #1045, #1853 ) ;
#2360 = ADVANCED_FACE ( 'NONE', ( #815 ), #2457, .F. ) ;
#2361 = ORIENTED_EDGE ( 'NONE', *, *, #3059, .T. ) ;
#2362 = EDGE_LOOP ( 'NONE', ( #1977, #3480 ) ) ;
#2363 = FACE_OUTER_BOUND ( 'NONE', #1132, .T. ) ;
#2364 = CARTESIAN_POINT ( 'NONE',  ( 2.060015845390596123, 32.73351544662359203, 2.000000000000000000 ) ) ;
#2365 = FACE_OUTER_BOUND ( 'NONE', #723, .T. ) ;
#2366 = DIRECTION ( 'NONE',  ( -1.000000000000000000, 0.000000000000000000, 0.000000000000000000 ) ) ;
#2367 = VERTEX_POINT ( 'NONE', #17 ) ;
#2368 = ORIENTED_EDGE ( 'NONE', *, *, #2748, .T. ) ;
#2369 = LINE ( 'NONE', #3487, #3283 ) ;
#2370 = DIRECTION ( 'NONE',  ( -1.000000000000000000, 0.000000000000000000, 0.000000000000000000 ) ) ;
#2371 = EDGE_CURVE ( 'NONE', #1847, #1595, #1426, .T. ) ;
#2372 = VERTEX_POINT ( 'NONE', #872 ) ;
#2373 = ORIENTED_EDGE ( 'NONE', *, *, #1581, .T. ) ;
#2374 = AXIS2_PLACEMENT_3D ( 'NONE', #1700, #25, #39 ) ;
#2375 = CARTESIAN_POINT ( 'NONE',  ( -1.753201156392117266, 19.24774019455379559, 2.000000000000000000 ) ) ;
#2376 = CARTESIAN_POINT ( 'NONE',  ( 25.31820655458891167, 18.87506802511944315, 2.000000000000000000 ) ) ;
#2377 = CARTESIAN_POINT ( 'NONE',  ( 14.96823185393006916, 43.35037347417103604, 5.999999999999998224 ) ) ;
#2378 = EDGE_CURVE ( 'NONE', #3110, #3008, #2476, .T. ) ;
#2379 = ORIENTED_EDGE ( 'NONE', *, *, #1404, .F. ) ;
#2380 = CARTESIAN_POINT ( 'NONE',  ( 46.28065668098325602, 1.741017578757879436, 2.000000000000000000 ) ) ;
#2381 = DIRECTION ( 'NONE',  ( -1.000000000000000000, 0.000000000000000000, 0.000000000000000000 ) ) ;
#2382 = CARTESIAN_POINT ( 'NONE',  ( 38.81445548852256877, 40.98538844291566363, 2.000000000000000000 ) ) ;
#2383 = DIRECTION ( 'NONE',  ( -0.000000000000000000, -0.000000000000000000, -1.000000000000000000 ) ) ;
#2384 = AXIS2_PLACEMENT_3D ( 'NONE', #1355, #2455, #3069 ) ;
#2385 = FACE_OUTER_BOUND ( 'NONE', #3481, .T. ) ;
#2386 = ORIENTED_EDGE ( 'NONE', *, *, #695, .F. ) ;
#2387 = CIRCLE ( 'NONE', #2916, 29.00000000000002132 ) ;
#2388 = VERTEX_POINT ( 'NONE', #833 ) ;
#2389 = CARTESIAN_POINT ( 'NONE',  ( 20.96090866151281418, -7.845971533083154092, 2.000000000000000000 ) ) ;
#2390 = CARTESIAN_POINT ( 'NONE',  ( 33.87899825685308741, 42.36363642403309626, 14.00000000000000000 ) ) ;
#2391 = ORIENTED_EDGE ( 'NONE', *, *, #1288, .F. ) ;
#2392 = VERTEX_POINT ( 'NONE', #2227 ) ;
#2393 = CARTESIAN_POINT ( 'NONE',  ( 16.75741485232489580, -4.613500373794265919, 0.000000000000000000 ) ) ;
#2394 = CARTESIAN_POINT ( 'NONE',  ( 52.21443018918072454, 16.51008299386434430, 2.000000000000001776 ) ) ;
#2395 = FACE_BOUND ( 'NONE', #2159, .T. ) ;
#2396 = EDGE_CURVE ( 'NONE', #2921, #2614, #143, .T. ) ;
#2397 = ORIENTED_EDGE ( 'NONE', *, *, #1142, .T. ) ;
#2398 = VECTOR ( 'NONE', #345, 1000.000000000000000 ) ;
#2399 = DIRECTION ( 'NONE',  ( 0.000000000000000000, 0.000000000000000000, -1.000000000000000000 ) ) ;
#2400 = LINE ( 'NONE', #1030, #3340 ) ;
#2401 = AXIS2_PLACEMENT_3D ( 'NONE', #557, #2225, #2979 ) ;
#2402 = VECTOR ( 'NONE', #3139, 1000.000000000000000 ) ;
#2403 = VECTOR ( 'NONE', #1471, 1000.000000000000000 ) ;
#2404 = CYLINDRICAL_SURFACE ( 'NONE', #2186, 1.999999999999349409 ) ;
#2405 = DIRECTION ( 'NONE',  ( 0.8189007562146550789, -0.5739351457012072943, 0.000000000000000000 ) ) ;
#2406 = CARTESIAN_POINT ( 'NONE',  ( 42.45225700095068788, 39.83751815151361342, 2.000000000000000000 ) ) ;
#2407 = EDGE_LOOP ( 'NONE', ( #429, #3601, #1447, #1151 ) ) ;
#2408 = CIRCLE ( 'NONE', #2821, 22.25000000000000355 ) ;
#2409 = ORIENTED_EDGE ( 'NONE', *, *, #3318, .T. ) ;
#2410 = DIRECTION ( 'NONE',  ( 0.000000000000000000, 0.000000000000000000, 1.000000000000000000 ) ) ;
#2411 = ORIENTED_EDGE ( 'NONE', *, *, #2853, .T. ) ;
#2412 = AXIS2_PLACEMENT_3D ( 'NONE', #3019, #3338, #287 ) ;
#2413 = ORIENTED_EDGE ( 'NONE', *, *, #1086, .T. ) ;
#2414 = ORIENTED_EDGE ( 'NONE', *, *, #3469, .F. ) ;
#2415 = CARTESIAN_POINT ( 'NONE',  ( 3.068206554588906343, 18.87506802511944670, 6.000000000000000000 ) ) ;
#2416 = CARTESIAN_POINT ( 'NONE',  ( 49.94029933770856644, 23.20548913390874901, 6.000000000000000000 ) ) ;
#2417 = DIRECTION ( 'NONE',  ( -1.000000000000000000, 0.000000000000000000, 0.000000000000000000 ) ) ;
#2418 = CARTESIAN_POINT ( 'NONE',  ( 0.8429011055373636374, 7.475093324460505784, 5.999999999999998224 ) ) ;
#2419 = ORIENTED_EDGE ( 'NONE', *, *, #3284, .T. ) ;
#2420 = VECTOR ( 'NONE', #2103, 1000.000000000000000 ) ;
#2421 = DIRECTION ( 'NONE',  ( -0.000000000000000000, 0.000000000000000000, -1.000000000000000000 ) ) ;
#2422 = CARTESIAN_POINT ( 'NONE',  ( 25.31820655458890812, 18.87506802511944315, 0.000000000000000000 ) ) ;
#2423 = EDGE_CURVE ( 'NONE', #2614, #2921, #1894, .T. ) ;
#2424 = VECTOR ( 'NONE', #2627, 1000.000000000000114 ) ;
#2425 = LINE ( 'NONE', #2072, #1477 ) ;
#2426 = FACE_BOUND ( 'NONE', #2857, .T. ) ;
#2427 = EDGE_CURVE ( 'NONE', #3, #1333, #1090, .T. ) ;
#2428 = ORIENTED_EDGE ( 'NONE', *, *, #1530, .T. ) ;
#2429 = ORIENTED_EDGE ( 'NONE', *, *, #2270, .F. ) ;
#2430 = CARTESIAN_POINT ( 'NONE',  ( 41.86445548852191934, 40.98538844291566363, 2.000000000000001776 ) ) ;
#2431 = VERTEX_POINT ( 'NONE', #539 ) ;
#2432 = ORIENTED_EDGE ( 'NONE', *, *, #2748, .F. ) ;
#2433 = EDGE_LOOP ( 'NONE', ( #2300, #3505, #1099, #3199, #2069 ) ) ;
#2434 = FACE_OUTER_BOUND ( 'NONE', #3563, .T. ) ;
#2435 = DIRECTION ( 'NONE',  ( -1.000000000000000000, 0.000000000000000000, 0.000000000000000000 ) ) ;
#2436 = APPLICATION_PROTOCOL_DEFINITION ( 'draft international standard', 'automotive_design', 1998, #871 ) ;
#2437 = ORIENTED_EDGE ( 'NONE', *, *, #1077, .T. ) ;
#2438 = DIRECTION ( 'NONE',  ( -0.000000000000000000, -0.000000000000000000, -1.000000000000000000 ) ) ;
#2439 = DIRECTION ( 'NONE',  ( 0.000000000000000000, 0.000000000000000000, -1.000000000000000000 ) ) ;
#2440 = CARTESIAN_POINT ( 'NONE',  ( 4.355756428194676566, 36.00911847148115186, 2.000000000000000000 ) ) ;
#2441 = LINE ( 'NONE', #2134, #3378 ) ;
#2442 = ADVANCED_FACE ( 'NONE', ( #1641 ), #1608, .F. ) ;
#2443 = CARTESIAN_POINT ( 'NONE',  ( 25.86001477014602301, 47.87000627057111046, 0.000000000000000000 ) ) ;
#2444 = VERTEX_POINT ( 'NONE', #1970 ) ;
#2445 = ORIENTED_EDGE ( 'NONE', *, *, #1696, .F. ) ;
#2446 = EDGE_CURVE ( 'NONE', #1925, #3198, #3085, .T. ) ;
#2447 = CARTESIAN_POINT ( 'NONE',  ( 20.96090866151281418, -7.845971533083154092, 2.000000000000000000 ) ) ;
#2448 = CARTESIAN_POINT ( 'NONE',  ( 4.257886136792626175, 34.37131695905236484, 5.999999999999998224 ) ) ;
#2449 = VERTEX_POINT ( 'NONE', #1955 ) ;
#2450 = VECTOR ( 'NONE', #869, 1000.000000000000000 ) ;
#2451 = ORIENTED_EDGE ( 'NONE', *, *, #2188, .T. ) ;
#2452 = CARTESIAN_POINT ( 'NONE',  ( 50.69946376408944388, 32.90331746919400047, 0.000000000000000000 ) ) ;
#2453 = CARTESIAN_POINT ( 'NONE',  ( -0.5538862285307669664, 14.54464691633031137, 14.00000000000000000 ) ) ;
#2454 = ORIENTED_EDGE ( 'NONE', *, *, #1627, .T. ) ;
#2455 = DIRECTION ( 'NONE',  ( -0.000000000000000000, -0.000000000000000000, -1.000000000000000000 ) ) ;
#2456 = CARTESIAN_POINT ( 'NONE',  ( 27.68319158584427697, 45.77129165971123825, 5.999999999999998224 ) ) ;
#2457 = CYLINDRICAL_SURFACE ( 'NONE', #2058, 1.050000000000002265 ) ;
#2458 = DIRECTION ( 'NONE',  ( 0.4999999999999925615, 0.8660254037844430375, 0.000000000000000000 ) ) ;
#2459 = AXIS2_PLACEMENT_3D ( 'NONE', #1437, #2789, #1139 ) ;
#2460 = VERTEX_POINT ( 'NONE', #1337 ) ;
#2461 = VECTOR ( 'NONE', #2584, 1000.000000000000000 ) ;
#2462 = ORIENTED_EDGE ( 'NONE', *, *, #2187, .T. ) ;
#2463 = AXIS2_PLACEMENT_3D ( 'NONE', #1613, #3274, #3195 ) ;
#2464 = DIRECTION ( 'NONE',  ( -0.000000000000000000, -0.000000000000000000, -1.000000000000000000 ) ) ;
#2465 = DIRECTION ( 'NONE',  ( -1.000000000000000000, 0.000000000000000000, 0.000000000000000000 ) ) ;
#2466 = ADVANCED_FACE ( 'NONE', ( #2756 ), #3560, .F. ) ;
#2467 = EDGE_LOOP ( 'NONE', ( #1615, #237, #735, #3237 ) ) ;
#2468 = VECTOR ( 'NONE', #1824, 1000.000000000000000 ) ;
#2469 = ORIENTED_EDGE ( 'NONE', *, *, #3593, .F. ) ;
#2470 = EDGE_CURVE ( 'NONE', #959, #3167, #228, .T. ) ;
#2471 = DIRECTION ( 'NONE',  ( -0.000000000000000000, -0.000000000000000000, -1.000000000000000000 ) ) ;
#2472 = ORIENTED_EDGE ( 'NONE', *, *, #548, .T. ) ;
#2473 = ADVANCED_FACE ( 'NONE', ( #523 ), #1069, .F. ) ;
#2474 = CARTESIAN_POINT ( 'NONE',  ( 53.96277664726218148, 14.34863408592080702, 2.000000000000000000 ) ) ;
#2475 = DIRECTION ( 'NONE',  ( 1.000000000000000000, 0.000000000000000000, 0.000000000000000000 ) ) ;
#2476 = LINE ( 'NONE', #245, #3587 ) ;
#2477 = CARTESIAN_POINT ( 'NONE',  ( 3.207886136792633014, 34.37131695905236484, 5.999999999999998224 ) ) ;
#2478 = AXIS2_PLACEMENT_3D ( 'NONE', #945, #1180, #2046 ) ;
#2479 = EDGE_LOOP ( 'NONE', ( #1094, #697, #489, #3375, #1771 ) ) ;
#2480 = ORIENTED_EDGE ( 'NONE', *, *, #2502, .F. ) ;
#2481 = CARTESIAN_POINT ( 'NONE',  ( 34.71818125524857379, -5.600237423932064473, 2.000000000000000000 ) ) ;
#2482 = CARTESIAN_POINT ( 'NONE',  ( 11.28995711051461903, 44.25632523462012813, 2.000000000000000000 ) ) ;
#2483 = EDGE_LOOP ( 'NONE', ( #867, #224, #491, #2964 ) ) ;
#2484 = VERTEX_POINT ( 'NONE', #1124 ) ;
#2485 = PLANE ( 'NONE',  #2252 ) ;
#2486 = EDGE_CURVE ( 'NONE', #3292, #959, #3324, .T. ) ;
#2487 = EDGE_LOOP ( 'NONE', ( #3024, #499, #1551, #323 ) ) ;
#2488 = EDGE_CURVE ( 'NONE', #2214, #2444, #796, .T. ) ;
#2489 = LINE ( 'NONE', #813, #2747 ) ;
#2490 = FACE_OUTER_BOUND ( 'NONE', #2118, .T. ) ;
#2491 = CARTESIAN_POINT ( 'NONE',  ( 27.68319158584427697, 45.77129165971123825, 27.00000000000000355 ) ) ;
#2492 = CARTESIAN_POINT ( 'NONE',  ( 52.38961426556993217, 18.50239585568527900, 2.000000000000000000 ) ) ;
#2493 = ORIENTED_EDGE ( 'NONE', *, *, #986, .T. ) ;
#2494 = EDGE_CURVE ( 'NONE', #3331, #1863, #2644, .T. ) ;
#2495 = ORIENTED_EDGE ( 'NONE', *, *, #1942, .T. ) ;
#2496 = DIRECTION ( 'NONE',  ( 0.9961564309107829862, -0.08759203819463512453, 0.000000000000000000 ) ) ;
#2497 = DIRECTION ( 'NONE',  ( -1.000000000000000000, 0.000000000000000000, 0.000000000000000000 ) ) ;
#2498 = ORIENTED_EDGE ( 'NONE', *, *, #497, .T. ) ;
#2499 = AXIS2_PLACEMENT_3D ( 'NONE', #18, #2777, #2458 ) ;
#2500 = VERTEX_POINT ( 'NONE', #2547 ) ;
#2501 = CARTESIAN_POINT ( 'NONE',  ( 22.95322152333372756, -8.021155609472369719, 2.000000000000000000 ) ) ;
#2502 = EDGE_CURVE ( 'NONE', #2819, #2707, #1089, .T. ) ;
#2503 = AXIS2_PLACEMENT_3D ( 'NONE', #2272, #82, #2545 ) ;
#2504 = DIRECTION ( 'NONE',  ( 1.000000000000000000, 0.000000000000000000, 0.000000000000000000 ) ) ;
#2505 = LINE ( 'NONE', #1725, #1648 ) ;
#2506 = ADVANCED_FACE ( 'NONE', ( #1423 ), #2828, .F. ) ;
#2507 = EDGE_CURVE ( 'NONE', #1159, #1569, #3353, .T. ) ;
#2508 = EDGE_CURVE ( 'NONE', #1213, #3584, #1765, .T. ) ;
#2509 = EDGE_CURVE ( 'NONE', #1092, #2122, #1540, .T. ) ;
#2510 = LINE ( 'NONE', #3071, #913 ) ;
#2511 = ADVANCED_FACE ( 'NONE', ( #2261 ), #2083, .F. ) ;
#2512 = FACE_OUTER_BOUND ( 'NONE', #291, .T. ) ;
#2513 = DIRECTION ( 'NONE',  ( -0.8660254037844385966, -0.5000000000000002220, 0.000000000000000000 ) ) ;
#2514 = VERTEX_POINT ( 'NONE', #1156 ) ;
#2515 = DIRECTION ( 'NONE',  ( 0.4222212852095772462, -0.9064927944092953105, 0.000000000000000000 ) ) ;
#2516 = CARTESIAN_POINT ( 'NONE',  ( 47.42852697238529913, 3.378819091186667567, 2.000000000000000000 ) ) ;
#2517 = AXIS2_PLACEMENT_3D ( 'NONE', #782, #1592, #1886 ) ;
#2518 = DIRECTION ( 'NONE',  ( 0.8660254037844342667, 0.5000000000000075495, 0.000000000000000000 ) ) ;
#2519 = AXIS2_PLACEMENT_3D ( 'NONE', #3034, #2439, #1898 ) ;
#2520 = ORIENTED_EDGE ( 'NONE', *, *, #1627, .F. ) ;
#2521 = CIRCLE ( 'NONE', #957, 29.00000000000002132 ) ;
#2522 = ORIENTED_EDGE ( 'NONE', *, *, #2604, .F. ) ;
#2523 = LINE ( 'NONE', #3333, #1098 ) ;
#2524 = AXIS2_PLACEMENT_3D ( 'NONE', #1773, #116, #2321 ) ;
#2525 = CIRCLE ( 'NONE', #79, 1.999999999999351186 ) ;
#2526 = ORIENTED_EDGE ( 'NONE', *, *, #2328, .T. ) ;
#2527 = AXIS2_PLACEMENT_3D ( 'NONE', #1901, #507, #1610 ) ;
#2528 = DIRECTION ( 'NONE',  ( 1.000000000000000000, 0.000000000000000000, 0.000000000000000000 ) ) ;
#2529 = CARTESIAN_POINT ( 'NONE',  ( 2.157886136792639409, 34.37131695905236484, 27.00000000000000355 ) ) ;
#2530 = AXIS2_PLACEMENT_3D ( 'NONE', #3038, #3613, #2244 ) ;
#2531 = DIRECTION ( 'NONE',  ( 0.4222212852095785229, -0.9064927944092947554, -0.000000000000000000 ) ) ;
#2532 = DIRECTION ( 'NONE',  ( -0.000000000000000000, -0.000000000000000000, -1.000000000000000000 ) ) ;
#2533 = ADVANCED_FACE ( 'NONE', ( #1456 ), #2565, .F. ) ;
#2534 = EDGE_CURVE ( 'NONE', #1754, #2262, #983, .T. ) ;
#2535 = EDGE_LOOP ( 'NONE', ( #2650, #3041, #22, #1279 ) ) ;
#2536 = CARTESIAN_POINT ( 'NONE',  ( 25.31820655458890812, 18.87506802511944315, 0.000000000000000000 ) ) ;
#2537 = CYLINDRICAL_SURFACE ( 'NONE', #1219, 1.049999999999993605 ) ;
#2538 = VECTOR ( 'NONE', #432, 1000.000000000000000 ) ;
#2539 = ADVANCED_FACE ( 'NONE', ( #3390, #3101 ), #2653, .T. ) ;
#2540 = CARTESIAN_POINT ( 'NONE',  ( 0.9605526837615119273, 28.12072306356488838, 3.000000000000000000 ) ) ;
#2541 = ORIENTED_EDGE ( 'NONE', *, *, #2112, .T. ) ;
#2542 = ORIENTED_EDGE ( 'NONE', *, *, #1935, .F. ) ;
#2543 = FACE_OUTER_BOUND ( 'NONE', #2030, .T. ) ;
#2544 = EDGE_LOOP ( 'NONE', ( #590, #2722 ) ) ;
#2545 = DIRECTION ( 'NONE',  ( 1.000000000000000000, 0.000000000000000000, 0.000000000000000000 ) ) ;
#2546 = DIRECTION ( 'NONE',  ( -0.4222212852095815760, 0.9064927944092932011, 0.000000000000000000 ) ) ;
#2547 = CARTESIAN_POINT ( 'NONE',  ( -3.326363538084339933, 23.40150196431828178, 0.000000000000000000 ) ) ;
#2548 = AXIS2_PLACEMENT_3D ( 'NONE', #2782, #1147, #3105 ) ;
#2549 = EDGE_CURVE ( 'NONE', #2256, #530, #611, .T. ) ;
#2550 = EDGE_LOOP ( 'NONE', ( #1432, #3441 ) ) ;
#2551 = DIRECTION ( 'NONE',  ( -0.000000000000000000, 0.000000000000000000, -1.000000000000000000 ) ) ;
#2552 = CARTESIAN_POINT ( 'NONE',  ( 34.90519566642992544, -6.444679994350957841, 2.000000000000000000 ) ) ;
#2553 = DIRECTION ( 'NONE',  ( -0.5000000000000103251, 0.8660254037844328234, 0.000000000000000000 ) ) ;
#2554 = DIRECTION ( 'NONE',  ( 0.000000000000000000, 0.000000000000000000, -1.000000000000000000 ) ) ;
#2555 = ORIENTED_EDGE ( 'NONE', *, *, #1869, .T. ) ;
#2556 = EDGE_CURVE ( 'NONE', #1008, #1347, #65, .T. ) ;
#2557 = ORIENTED_EDGE ( 'NONE', *, *, #2205, .F. ) ;
#2558 = DIRECTION ( 'NONE',  ( 0.000000000000000000, -0.000000000000000000, -1.000000000000000000 ) ) ;
#2559 = DIRECTION ( 'NONE',  ( -0.000000000000000000, -0.000000000000000000, -1.000000000000000000 ) ) ;
#2560 =( GEOMETRIC_REPRESENTATION_CONTEXT ( 3 ) GLOBAL_UNCERTAINTY_ASSIGNED_CONTEXT ( ( #2898 ) ) GLOBAL_UNIT_ASSIGNED_CONTEXT ( ( #53, #2622, #2278 ) ) REPRESENTATION_CONTEXT ( 'NONE', 'WORKASPACE' ) );
#2561 = ORIENTED_EDGE ( 'NONE', *, *, #150, .F. ) ;
#2562 = FACE_OUTER_BOUND ( 'NONE', #1543, .T. ) ;
#2563 = DIRECTION ( 'NONE',  ( 0.000000000000000000, -0.000000000000000000, 1.000000000000000000 ) ) ;
#2564 = EDGE_CURVE ( 'NONE', #1852, #857, #643, .T. ) ;
#2565 = CYLINDRICAL_SURFACE ( 'NONE', #2299, 22.25000000000000355 ) ;
#2566 = CIRCLE ( 'NONE', #1298, 1.250000000000000888 ) ;
#2567 = DIRECTION ( 'NONE',  ( -0.4222212852095835189, 0.9064927944092923129, 0.000000000000000000 ) ) ;
#2568 = LINE ( 'NONE', #2039, #1348 ) ;
#2569 = DIRECTION ( 'NONE',  ( 1.000000000000000000, 0.000000000000000000, 0.000000000000000000 ) ) ;
#2570 = CARTESIAN_POINT ( 'NONE',  ( 25.31820655458890812, 18.87506802511944315, 0.000000000000000000 ) ) ;
#2571 = CIRCLE ( 'NONE', #2808, 1.250000000000001110 ) ;
#2572 = EDGE_LOOP ( 'NONE', ( #1523, #2413, #192, #3453 ) ) ;
#2573 = ORIENTED_EDGE ( 'NONE', *, *, #1668, .T. ) ;
#2574 = DIRECTION ( 'NONE',  ( -0.000000000000000000, -0.000000000000000000, 1.000000000000000000 ) ) ;
#2575 = DIRECTION ( 'NONE',  ( 0.000000000000000000, 0.000000000000000000, -1.000000000000000000 ) ) ;
#2576 = CIRCLE ( 'NONE', #1015, 1.050000000000000044 ) ;
#2577 = EDGE_CURVE ( 'NONE', #959, #2282, #1661, .T. ) ;
#2578 = EDGE_CURVE ( 'NONE', #1972, #398, #1251, .T. ) ;
#2579 = EDGE_CURVE ( 'NONE', #1294, #427, #804, .T. ) ;
#2580 = ORIENTED_EDGE ( 'NONE', *, *, #2549, .F. ) ;
#2581 = VECTOR ( 'NONE', #1715, 1000.000000000000000 ) ;
#2582 = AXIS2_PLACEMENT_3D ( 'NONE', #26, #789, #2265 ) ;
#2583 = DIRECTION ( 'NONE',  ( -0.000000000000000000, -0.000000000000000000, -1.000000000000000000 ) ) ;
#2584 = DIRECTION ( 'NONE',  ( -0.000000000000000000, -0.000000000000000000, -1.000000000000000000 ) ) ;
#2585 = EDGE_CURVE ( 'NONE', #398, #3419, #3491, .T. ) ;
#2586 = VERTEX_POINT ( 'NONE', #595 ) ;
#2587 = CIRCLE ( 'NONE', #856, 29.00000000000002132 ) ;
#2588 = EDGE_CURVE ( 'NONE', #3332, #1895, #1694, .T. ) ;
#2589 = CARTESIAN_POINT ( 'NONE',  ( -1.578017080002894090, 21.24005305637472318, 27.00000000000000355 ) ) ;
#2590 = VECTOR ( 'NONE', #3053, 1000.000000000000227 ) ;
#2591 = CARTESIAN_POINT ( 'NONE',  ( 0.6961137714692339218, 14.54464691633031137, 0.000000000000000000 ) ) ;
#2592 = CARTESIAN_POINT ( 'NONE',  ( 52.38834890492724838, 29.27734629155801827, 2.000000000000000000 ) ) ;
#2593 = DIRECTION ( 'NONE',  ( 0.4999999999999925615, 0.8660254037844430375, 0.000000000000000000 ) ) ;
#2594 = FACE_OUTER_BOUND ( 'NONE', #41, .T. ) ;
#2595 = ORIENTED_EDGE ( 'NONE', *, *, #2507, .T. ) ;
#2596 = VERTEX_POINT ( 'NONE', #179 ) ;
#2597 = CARTESIAN_POINT ( 'NONE',  ( 1.946113771469234921, 14.54464691633031137, 14.00000000000000000 ) ) ;
#2598 = CARTESIAN_POINT ( 'NONE',  ( 47.86191496572860160, 0.6327761988846880570, 0.000000000000000000 ) ) ;
#2599 = CIRCLE ( 'NONE', #575, 1.049999999999995381 ) ;
#2600 = EDGE_LOOP ( 'NONE', ( #473, #176, #236, #947 ) ) ;
#2601 = CARTESIAN_POINT ( 'NONE',  ( -0.04944731623848785951, 28.12072306356488838, 3.000000000000000000 ) ) ;
#2602 = LINE ( 'NONE', #2633, #1527 ) ;
#2603 = EDGE_CURVE ( 'NONE', #1393, #1616, #2162, .T. ) ;
#2604 = EDGE_CURVE ( 'NONE', #2707, #3291, #3572, .T. ) ;
#2605 = PLANE ( 'NONE',  #3440 ) ;
#2606 = CYLINDRICAL_SURFACE ( 'NONE', #3060, 1.250000000000001110 ) ;
#2607 = DIRECTION ( 'NONE',  ( -0.000000000000000000, -0.000000000000000000, 1.000000000000000000 ) ) ;
#2608 = CARTESIAN_POINT ( 'NONE',  ( -1.402833003613678020, 23.23236591819563657, 2.000000000000000000 ) ) ;
#2609 = ORIENTED_EDGE ( 'NONE', *, *, #1220, .T. ) ;
#2610 = AXIS2_PLACEMENT_3D ( 'NONE', #2279, #649, #3523 ) ;
#2611 = ORIENTED_EDGE ( 'NONE', *, *, #1896, .F. ) ;
#2612 = CARTESIAN_POINT ( 'NONE',  ( 14.96823185393006916, 43.35037347417103604, 27.00000000000000355 ) ) ;
#2613 = CARTESIAN_POINT ( 'NONE',  ( 15.50741485232490113, -4.613500373794265919, 6.000000000000000000 ) ) ;
#2614 = VERTEX_POINT ( 'NONE', #3513 ) ;
#2615 = CARTESIAN_POINT ( 'NONE',  ( 35.72048482102739797, -8.195074325218925537, 0.000000000000000000 ) ) ;
#2616 = DIRECTION ( 'NONE',  ( 1.000000000000000000, 0.000000000000000000, 0.000000000000000000 ) ) ;
#2617 = AXIS2_PLACEMENT_3D ( 'NONE', #1587, #1609, #190 ) ;
#2618 = VECTOR ( 'NONE', #3391, 1000.000000000000000 ) ;
#2619 = ORIENTED_EDGE ( 'NONE', *, *, #2350, .F. ) ;
#2620 = ADVANCED_FACE ( 'NONE', ( #3029 ), #3220, .F. ) ;
#2621 = DIRECTION ( 'NONE',  ( 0.000000000000000000, 0.000000000000000000, -1.000000000000000000 ) ) ;
#2622 =( NAMED_UNIT ( * ) PLANE_ANGLE_UNIT ( ) SI_UNIT ( $, .RADIAN. ) );
#2623 = CARTESIAN_POINT ( 'NONE',  ( 14.91592828815061900, 45.94521037545789000, 2.000000000000000000 ) ) ;
#2624 = ORIENTED_EDGE ( 'NONE', *, *, #3206, .T. ) ;
#2625 = VERTEX_POINT ( 'NONE', #2415 ) ;
#2626 = CARTESIAN_POINT ( 'NONE',  ( 29.84464049378784978, 47.51963811779266678, 2.000000000000000000 ) ) ;
#2627 = DIRECTION ( 'NONE',  ( -0.5739351457012072943, -0.8189007562146550789, 0.000000000000000000 ) ) ;
#2628 = ORIENTED_EDGE ( 'NONE', *, *, #1774, .F. ) ;
#2629 = ORIENTED_EDGE ( 'NONE', *, *, #742, .T. ) ;
#2630 = DIRECTION ( 'NONE',  ( 0.4999999999999925615, 0.8660254037844430375, 0.000000000000000000 ) ) ;
#2631 = CIRCLE ( 'NONE', #2698, 1.050000000000007594 ) ;
#2632 = FACE_BOUND ( 'NONE', #1851, .T. ) ;
#2633 = CARTESIAN_POINT ( 'NONE',  ( 50.69946376408944388, 32.90331746919400047, 2.000000000000000000 ) ) ;
#2634 = AXIS2_PLACEMENT_3D ( 'NONE', #1102, #3031, #826 ) ;
#2635 = ORIENTED_EDGE ( 'NONE', *, *, #1690, .F. ) ;
#2636 = VECTOR ( 'NONE', #1458, 1000.000000000000000 ) ;
#2637 = AXIS2_PLACEMENT_3D ( 'NONE', #3281, #2554, #1331 ) ;
#2638 = EDGE_LOOP ( 'NONE', ( #3015, #3594 ) ) ;
#2639 = FACE_BOUND ( 'NONE', #844, .T. ) ;
#2640 = VECTOR ( 'NONE', #2329, 1000.000000000000000 ) ;
#2641 = CARTESIAN_POINT ( 'NONE',  ( 43.56049838082389414, 41.41877643625893768, 2.000000000000000000 ) ) ;
#2642 = CARTESIAN_POINT ( 'NONE',  ( 25.86001477014602301, 47.87000627057111046, 2.000000000000000000 ) ) ;
#2643 = CYLINDRICAL_SURFACE ( 'NONE', #2004, 1.050000000000002265 ) ;
#2644 = CIRCLE ( 'NONE', #2880, 1.050000000000000044 ) ;
#2645 = VERTEX_POINT ( 'NONE', #1873 ) ;
#2646 = ORIENTED_EDGE ( 'NONE', *, *, #3447, .F. ) ;
#2647 = EDGE_CURVE ( 'NONE', #2081, #1365, #1577, .T. ) ;
#2648 = CARTESIAN_POINT ( 'NONE',  ( 11.45975913308468286, -4.383122684078817777, 2.000000000000000000 ) ) ;
#2649 = DIRECTION ( 'NONE',  ( -0.000000000000000000, -0.000000000000000000, -1.000000000000000000 ) ) ;
#2650 = ORIENTED_EDGE ( 'NONE', *, *, #182, .T. ) ;
#2651 = CIRCLE ( 'NONE', #223, 1.249999999999996003 ) ;
#2652 = ORIENTED_EDGE ( 'NONE', *, *, #1164, .T. ) ;
#2653 = PLANE ( 'NONE',  #739 ) ;
#2654 = DIRECTION ( 'NONE',  ( -1.000000000000000000, 0.000000000000000000, 0.000000000000000000 ) ) ;
#2655 = CARTESIAN_POINT ( 'NONE',  ( -3.676731690862772517, 19.41687624067645856, 2.000000000000000000 ) ) ;
#2656 = ORIENTED_EDGE ( 'NONE', *, *, #2311, .F. ) ;
#2657 = VERTEX_POINT ( 'NONE', #532 ) ;
#2658 = LINE ( 'NONE', #2129, #1003 ) ;
#2659 = DIRECTION ( 'NONE',  ( 0.000000000000000000, -0.000000000000000000, -1.000000000000000000 ) ) ;
#2660 = PLANE ( 'NONE',  #2003 ) ;
#2661 = PLANE ( 'NONE',  #1740 ) ;
#2662 = CARTESIAN_POINT ( 'NONE',  ( 13.91823185393006845, 43.35037347417103604, 0.000000000000000000 ) ) ;
#2663 = ORIENTED_EDGE ( 'NONE', *, *, #2044, .T. ) ;
#2664 = EDGE_CURVE ( 'NONE', #1250, #1315, #2651, .T. ) ;
#2665 = EDGE_LOOP ( 'NONE', ( #508, #270 ) ) ;
#2666 = DIRECTION ( 'NONE',  ( -0.000000000000000000, -0.000000000000000000, 1.000000000000000000 ) ) ;
#2667 = ORIENTED_EDGE ( 'NONE', *, *, #497, .F. ) ;
#2668 = EDGE_CURVE ( 'NONE', #1387, #637, #3073, .T. ) ;
#2669 = VERTEX_POINT ( 'NONE', #769 ) ;
#2670 = ORIENTED_EDGE ( 'NONE', *, *, #451, .F. ) ;
#2671 = CIRCLE ( 'NONE', #3608, 1.050000000000002265 ) ;
#2672 = CARTESIAN_POINT ( 'NONE',  ( 52.38834890492724838, 29.27734629155801827, 2.000000000000000000 ) ) ;
#2673 = DIRECTION ( 'NONE',  ( 0.9961564309107833193, -0.08759203819463168283, 0.000000000000000000 ) ) ;
#2674 = DIRECTION ( 'NONE',  ( -0.000000000000000000, -0.000000000000000000, -1.000000000000000000 ) ) ;
#2675 = ORIENTED_EDGE ( 'NONE', *, *, #1819, .F. ) ;
#2676 = VECTOR ( 'NONE', #2919, 1000.000000000000000 ) ;
#2677 = DIRECTION ( 'NONE',  ( 0.5739351457012090707, 0.8189007562146538577, -0.000000000000000000 ) ) ;
#2678 = CARTESIAN_POINT ( 'NONE',  ( 50.63795457405927181, 28.46205713696054573, 0.000000000000000000 ) ) ;
#2679 = DIRECTION ( 'NONE',  ( 1.000000000000000000, 0.000000000000000000, 0.000000000000000000 ) ) ;
#2680 = CARTESIAN_POINT ( 'NONE',  ( 21.90322152333371974, -8.021155609472369719, 2.000000000000001776 ) ) ;
#2681 = VECTOR ( 'NONE', #2290, 1000.000000000000000 ) ;
#2682 = DIRECTION ( 'NONE',  ( 0.5739351457012072943, 0.8189007562146550789, 0.000000000000000000 ) ) ;
#2683 = EDGE_LOOP ( 'NONE', ( #2432, #725, #3207, #1962 ) ) ;
#2684 = ORIENTED_EDGE ( 'NONE', *, *, #284, .F. ) ;
#2685 = CARTESIAN_POINT ( 'NONE',  ( 53.26443018918072880, 16.51008299386434430, 2.000000000000001776 ) ) ;
#2686 = ORIENTED_EDGE ( 'NONE', *, *, #1830, .F. ) ;
#2687 = ORIENTED_EDGE ( 'NONE', *, *, #586, .F. ) ;
#2688 = ORIENTED_EDGE ( 'NONE', *, *, #836, .T. ) ;
#2689 = CARTESIAN_POINT ( 'NONE',  ( 35.66818125524793004, -5.600237423932064473, 27.00000000000000355 ) ) ;
#2690 = ADVANCED_FACE ( 'NONE', ( #1634 ), #3280, .F. ) ;
#2691 = CARTESIAN_POINT ( 'NONE',  ( 15.73121744274807376, 44.19481604458990631, 2.000000000000000000 ) ) ;
#2692 = FACE_BOUND ( 'NONE', #1680, .T. ) ;
#2693 = ORIENTED_EDGE ( 'NONE', *, *, #1406, .T. ) ;
#2694 = EDGE_CURVE ( 'NONE', #3584, #1213, #918, .T. ) ;
#2695 = VECTOR ( 'NONE', #2028, 1000.000000000000000 ) ;
#2696 = FACE_OUTER_BOUND ( 'NONE', #2535, .T. ) ;
#2697 = CARTESIAN_POINT ( 'NONE',  ( 39.76445548852191791, 40.98538844291566363, 2.000000000000001776 ) ) ;
#2698 = AXIS2_PLACEMENT_3D ( 'NONE', #641, #2843, #3372 ) ;
#2699 = VECTOR ( 'NONE', #1281, 1000.000000000000000 ) ;
#2700 = CARTESIAN_POINT ( 'NONE',  ( 36.71818125524792009, -5.600237423932064473, 2.000000000000000000 ) ) ;
#2701 = FACE_OUTER_BOUND ( 'NONE', #436, .T. ) ;
#2702 = FACE_BOUND ( 'NONE', #704, .T. ) ;
#2703 = ORIENTED_EDGE ( 'NONE', *, *, #1054, .F. ) ;
#2704 = VECTOR ( 'NONE', #770, 1000.000000000000000 ) ;
#2705 = VERTEX_POINT ( 'NONE', #808 ) ;
#2706 = DIRECTION ( 'NONE',  ( 0.000000000000000000, 0.000000000000000000, -1.000000000000000000 ) ) ;
#2707 = VERTEX_POINT ( 'NONE', #1598 ) ;
#2708 = AXIS2_PLACEMENT_3D ( 'NONE', #1880, #2621, #3483 ) ;
#2709 = ORIENTED_EDGE ( 'NONE', *, *, #2371, .F. ) ;
#2710 = ORIENTED_EDGE ( 'NONE', *, *, #2486, .F. ) ;
#2711 = FACE_OUTER_BOUND ( 'NONE', #535, .T. ) ;
#2712 = DIRECTION ( 'NONE',  ( -0.000000000000000000, -0.000000000000000000, 1.000000000000000000 ) ) ;
#2713 = ORIENTED_EDGE ( 'NONE', *, *, #2446, .T. ) ;
#2714 = AXIS2_PLACEMENT_3D ( 'NONE', #112, #2575, #78 ) ;
#2715 = DIRECTION ( 'NONE',  ( -0.000000000000000000, -0.000000000000000000, -1.000000000000000000 ) ) ;
#2716 = DIRECTION ( 'NONE',  ( 0.000000000000000000, 0.000000000000000000, -1.000000000000000000 ) ) ;
#2717 = EDGE_CURVE ( 'NONE', #1723, #1159, #456, .T. ) ;
#2718 = DIRECTION ( 'NONE',  ( 0.08759203819463302898, 0.9961564309107832083, 0.000000000000000000 ) ) ;
#2719 = CARTESIAN_POINT ( 'NONE',  ( 29.84464049378785688, 47.51963811779266678, 2.000000000000000000 ) ) ;
#2720 = DIRECTION ( 'NONE',  ( 1.000000000000000000, 0.000000000000000000, 0.000000000000000000 ) ) ;
#2721 = ORIENTED_EDGE ( 'NONE', *, *, #1125, .T. ) ;
#2722 = ORIENTED_EDGE ( 'NONE', *, *, #1817, .F. ) ;
#2723 = DIRECTION ( 'NONE',  ( 0.000000000000000000, 0.000000000000000000, -1.000000000000000000 ) ) ;
#2724 = CARTESIAN_POINT ( 'NONE',  ( 3.207886136792633014, 34.37131695905237194, 2.000000000000000000 ) ) ;
#2725 = ORIENTED_EDGE ( 'NONE', *, *, #2943, .T. ) ;
#2726 = EDGE_LOOP ( 'NONE', ( #1058, #2108, #3591, #3143 ) ) ;
#2727 = FACE_OUTER_BOUND ( 'NONE', #42, .T. ) ;
#2728 = CARTESIAN_POINT ( 'NONE',  ( 15.73121744274807376, 44.19481604458990631, 2.000000000000000000 ) ) ;
#2729 = FACE_BOUND ( 'NONE', #2206, .T. ) ;
#2730 = EDGE_LOOP ( 'NONE', ( #2123, #1938, #3241, #1216, #781, #441, #1111, #2580, #2254, #888, #2179, #1379, #3583, #827, #2693, #2784, #1733, #1200, #256, #2822, #2686, #169, #2526, #1028, #1596, #3326, #1868, #328 ) ) ;
#2731 = LINE ( 'NONE', #3596, #1405 ) ;
#2732 = CARTESIAN_POINT ( 'NONE',  ( 9.821957620655901167, -3.235252392676773781, 0.000000000000000000 ) ) ;
#2733 = CIRCLE ( 'NONE', #821, 1.010000000000004006 ) ;
#2734 = ADVANCED_FACE ( 'NONE', ( #2183 ), #3298, .F. ) ;
#2735 = DIRECTION ( 'NONE',  ( 0.000000000000000000, -0.000000000000000000, -1.000000000000000000 ) ) ;
#2736 = CYLINDRICAL_SURFACE ( 'NONE', #1353, 1.999999999999351186 ) ;
#2737 = ADVANCED_FACE ( 'NONE', ( #2434 ), #220, .F. ) ;
#2738 = DIRECTION ( 'NONE',  ( 0.000000000000000000, 0.000000000000000000, -1.000000000000000000 ) ) ;
#2739 = ADVANCED_FACE ( 'NONE', ( #2711 ), #3553, .F. ) ;
#2740 = CIRCLE ( 'NONE', #3037, 1.999999999999348743 ) ;
#2741 = EDGE_CURVE ( 'NONE', #1787, #2810, #1061, .T. ) ;
#2742 = EDGE_LOOP ( 'NONE', ( #3094, #3490, #801, #196, #911 ) ) ;
#2743 = VERTEX_POINT ( 'NONE', #2452 ) ;
#2744 = DIRECTION ( 'NONE',  ( 0.000000000000000000, 0.000000000000000000, 1.000000000000000000 ) ) ;
#2745 = CARTESIAN_POINT ( 'NONE',  ( 46.28065668098325602, 1.741017578757879436, 0.000000000000000000 ) ) ;
#2746 = ORIENTED_EDGE ( 'NONE', *, *, #3428, .T. ) ;
#2747 = VECTOR ( 'NONE', #3033, 1000.000000000000000 ) ;
#2748 = EDGE_CURVE ( 'NONE', #1329, #2780, #202, .T. ) ;
#2749 = VERTEX_POINT ( 'NONE', #1617 ) ;
#2750 = DIRECTION ( 'NONE',  ( -1.000000000000000000, 0.000000000000000000, 0.000000000000000000 ) ) ;
#2751 = PLANE ( 'NONE',  #1827 ) ;
#2752 = FACE_BOUND ( 'NONE', #514, .T. ) ;
#2753 = ORIENTED_EDGE ( 'NONE', *, *, #3186, .T. ) ;
#2754 = CARTESIAN_POINT ( 'NONE',  ( 48.94906943322148152, 32.08802831459653504, 2.000000000000000000 ) ) ;
#2755 = FACE_OUTER_BOUND ( 'NONE', #3128, .T. ) ;
#2756 = FACE_OUTER_BOUND ( 'NONE', #3214, .T. ) ;
#2757 = CARTESIAN_POINT ( 'NONE',  ( -1.751935795749497204, 8.472789758681052774, 0.000000000000000000 ) ) ;
#2758 = AXIS2_PLACEMENT_3D ( 'NONE', #2273, #32, #2260 ) ;
#2759 = CIRCLE ( 'NONE', #2113, 1.050000000000002265 ) ;
#2760 = VECTOR ( 'NONE', #1291, 1000.000000000000000 ) ;
#2761 = ADVANCED_FACE ( 'NONE', ( #2727 ), #239, .F. ) ;
#2762 = ORIENTED_EDGE ( 'NONE', *, *, #2827, .T. ) ;
#2763 = CIRCLE ( 'NONE', #3166, 1.050000000000002265 ) ;
#2764 = CARTESIAN_POINT ( 'NONE',  ( 50.21443018918137824, 16.51008299386435141, 0.000000000000000000 ) ) ;
#2765 = CARTESIAN_POINT ( 'NONE',  ( 25.31820655458890812, 18.87506802511944315, 2.000000000000000000 ) ) ;
#2766 = ORIENTED_EDGE ( 'NONE', *, *, #2914, .T. ) ;
#2767 = EDGE_CURVE ( 'NONE', #1522, #2231, #2523, .T. ) ;
#2768 = ORIENTED_EDGE ( 'NONE', *, *, #879, .F. ) ;
#2769 = CARTESIAN_POINT ( 'NONE',  ( 13.91823185393006845, 43.35037347417103604, 2.000000000000000000 ) ) ;
#2770 = FACE_BOUND ( 'NONE', #3367, .T. ) ;
#2771 = ORIENTED_EDGE ( 'NONE', *, *, #1303, .T. ) ;
#2772 = FACE_OUTER_BOUND ( 'NONE', #2572, .T. ) ;
#2773 = DIRECTION ( 'NONE',  ( 0.000000000000000000, 0.000000000000000000, 1.000000000000000000 ) ) ;
#2774 = VECTOR ( 'NONE', #414, 1000.000000000000000 ) ;
#2775 = AXIS2_PLACEMENT_3D ( 'NONE', #492, #2972, #2750 ) ;
#2776 = DIRECTION ( 'NONE',  ( 0.000000000000000000, 0.000000000000000000, -1.000000000000000000 ) ) ;
#2777 = DIRECTION ( 'NONE',  ( 0.000000000000000000, -0.000000000000000000, -1.000000000000000000 ) ) ;
#2778 = AXIS2_PLACEMENT_3D ( 'NONE', #2303, #3422, #2029 ) ;
#2779 = ORIENTED_EDGE ( 'NONE', *, *, #1775, .T. ) ;
#2780 = VERTEX_POINT ( 'NONE', #2203 ) ;
#2781 = CARTESIAN_POINT ( 'NONE',  ( 24.77639833903199928, -10.11987022033223482, 2.000000000000000000 ) ) ;
#2782 = CARTESIAN_POINT ( 'NONE',  ( 9.256905473733350931, 38.03321531524403554, 6.000000000000000000 ) ) ;
#2783 = ADVANCED_FACE ( 'NONE', ( #3315, #279 ), #1385, .T. ) ;
#2784 = ORIENTED_EDGE ( 'NONE', *, *, #3137, .F. ) ;
#2785 = EDGE_LOOP ( 'NONE', ( #1085, #2411, #2136, #1995 ) ) ;
#2786 = DIRECTION ( 'NONE',  ( -0.9064927944092923129, -0.4222212852095835189, 0.000000000000000000 ) ) ;
#2787 = ADVANCED_FACE ( 'NONE', ( #11 ), #2485, .F. ) ;
#2788 = DIRECTION ( 'NONE',  ( 0.9961564309107828752, -0.08759203819463656782, 0.000000000000000000 ) ) ;
#2789 = DIRECTION ( 'NONE',  ( 0.000000000000000000, 0.000000000000000000, 1.000000000000000000 ) ) ;
#2790 = EDGE_CURVE ( 'NONE', #3435, #745, #3080, .T. ) ;
#2791 = DIRECTION ( 'NONE',  ( 0.000000000000000000, -0.000000000000000000, 1.000000000000000000 ) ) ;
#2792 = AXIS2_PLACEMENT_3D ( 'NONE', #154, #2139, #1593 ) ;
#2793 = FACE_OUTER_BOUND ( 'NONE', #2869, .T. ) ;
#2794 = ORIENTED_EDGE ( 'NONE', *, *, #1037, .F. ) ;
#2795 = CARTESIAN_POINT ( 'NONE',  ( 51.16443018918072028, 16.51008299386434430, 5.999999999999998224 ) ) ;
#2796 = DIRECTION ( 'NONE',  ( 0.000000000000000000, 0.000000000000000000, -1.000000000000000000 ) ) ;
#2797 = CIRCLE ( 'NONE', #1222, 1.999999999999350075 ) ;
#2798 = VERTEX_POINT ( 'NONE', #1433 ) ;
#2799 = ORIENTED_EDGE ( 'NONE', *, *, #2187, .F. ) ;
#2800 = DIRECTION ( 'NONE',  ( -1.000000000000000000, 0.000000000000000000, 0.000000000000000000 ) ) ;
#2801 = VECTOR ( 'NONE', #1545, 1000.000000000000000 ) ;
#2802 = EDGE_CURVE ( 'NONE', #2354, #1284, #1842, .T. ) ;
#2803 = DIRECTION ( 'NONE',  ( -0.000000000000000000, 0.000000000000000000, -1.000000000000000000 ) ) ;
#2804 = CARTESIAN_POINT ( 'NONE',  ( 39.34645599866337307, -6.506189184381145019, 2.000000000000000000 ) ) ;
#2805 = ADVANCED_FACE ( 'NONE', ( #2543 ), #1686, .F. ) ;
#2806 = EDGE_CURVE ( 'NONE', #2392, #1569, #2221, .T. ) ;
#2807 = CARTESIAN_POINT ( 'NONE',  ( -0.06305065491171712999, 4.846818581045061691, 2.000000000000000000 ) ) ;
#2808 = AXIS2_PLACEMENT_3D ( 'NONE', #2416, #416, #1046 ) ;
#2809 = FACE_OUTER_BOUND ( 'NONE', #2785, .T. ) ;
#2810 = VERTEX_POINT ( 'NONE', #296 ) ;
#2811 = CARTESIAN_POINT ( 'NONE',  ( 20.79177261539017252, -9.769502067553816005, 0.000000000000000000 ) ) ;
#2812 = CARTESIAN_POINT ( 'NONE',  ( 50.63795457405927181, 28.46205713696054573, 2.000000000000000000 ) ) ;
#2813 = AXIS2_PLACEMENT_3D ( 'NONE', #727, #2723, #431 ) ;
#2814 = DIRECTION ( 'NONE',  ( -0.000000000000000000, -0.000000000000000000, -1.000000000000000000 ) ) ;
#2815 = ADVANCED_FACE ( 'NONE', ( #1399, #2239 ), #3382, .T. ) ;
#2816 = AXIS2_PLACEMENT_3D ( 'NONE', #3597, #3266, #479 ) ;
#2817 = EDGE_LOOP ( 'NONE', ( #2885, #3423, #3314, #1066 ) ) ;
#2818 = CIRCLE ( 'NONE', #1946, 1.049999999999995381 ) ;
#2819 = VERTEX_POINT ( 'NONE', #2257 ) ;
#2820 = LINE ( 'NONE', #825, #3124 ) ;
#2821 = AXIS2_PLACEMENT_3D ( 'NONE', #650, #92, #2298 ) ;
#2822 = ORIENTED_EDGE ( 'NONE', *, *, #2112, .F. ) ;
#2823 = CARTESIAN_POINT ( 'NONE',  ( 0.4787575606452834642, 33.84175682649679828, 2.000000000000000000 ) ) ;
#2824 = DIRECTION ( 'NONE',  ( 0.000000000000000000, 0.000000000000000000, 1.000000000000000000 ) ) ;
#2825 = VECTOR ( 'NONE', #2718, 1000.000000000000114 ) ;
#2826 = EDGE_CURVE ( 'NONE', #1569, #1159, #2599, .T. ) ;
#2827 = EDGE_CURVE ( 'NONE', #663, #2625, #311, .T. ) ;
#2828 = CYLINDRICAL_SURFACE ( 'NONE', #1375, 1.999999999999349409 ) ;
#2829 = CARTESIAN_POINT ( 'NONE',  ( 45.81820655458891878, 18.87506802511944315, 1.950000000000000400 ) ) ;
#2830 = ADVANCED_FACE ( 'NONE', ( #1152 ), #3369, .F. ) ;
#2831 = EDGE_LOOP ( 'NONE', ( #512, #408, #2897, #3047 ) ) ;
#2832 = FACE_OUTER_BOUND ( 'NONE', #3063, .T. ) ;
#2833 = CARTESIAN_POINT ( 'NONE',  ( 35.72048482102739797, -8.195074325218925537, 2.000000000000000000 ) ) ;
#2834 = CIRCLE ( 'NONE', #1492, 1.050000000000000044 ) ;
#2835 = LINE ( 'NONE', #939, #1364 ) ;
#2836 = CYLINDRICAL_SURFACE ( 'NONE', #137, 1.049999999999993605 ) ;
#2837 = VERTEX_POINT ( 'NONE', #1979 ) ;
#2838 = VERTEX_POINT ( 'NONE', #550 ) ;
#2839 = CYLINDRICAL_SURFACE ( 'NONE', #372, 20.50000000000000711 ) ;
#2840 = DIRECTION ( 'NONE',  ( -1.000000000000000000, 0.000000000000000000, 0.000000000000000000 ) ) ;
#2841 = ORIENTED_EDGE ( 'NONE', *, *, #3309, .T. ) ;
#2842 = DIRECTION ( 'NONE',  ( -0.000000000000000000, -0.000000000000000000, -1.000000000000000000 ) ) ;
#2843 = DIRECTION ( 'NONE',  ( -0.000000000000000000, -0.000000000000000000, 1.000000000000000000 ) ) ;
#2844 = DIRECTION ( 'NONE',  ( -0.000000000000000000, -0.000000000000000000, -1.000000000000000000 ) ) ;
#2845 = FACE_OUTER_BOUND ( 'NONE', #2742, .T. ) ;
#2846 = EDGE_CURVE ( 'NONE', #448, #943, #2820, .T. ) ;
#2847 = CARTESIAN_POINT ( 'NONE',  ( 35.72048482102739797, -8.195074325218932643, 2.000000000000000000 ) ) ;
#2848 = FACE_OUTER_BOUND ( 'NONE', #3273, .T. ) ;
#2849 = DIRECTION ( 'NONE',  ( -1.000000000000000000, 0.000000000000000000, 0.000000000000000000 ) ) ;
#2850 = EDGE_CURVE ( 'NONE', #2267, #1431, #346, .T. ) ;
#2851 = ORIENTED_EDGE ( 'NONE', *, *, #2494, .T. ) ;
#2852 = ORIENTED_EDGE ( 'NONE', *, *, #1314, .F. ) ;
#2853 = EDGE_CURVE ( 'NONE', #2614, #1315, #1721, .T. ) ;
#2854 = CARTESIAN_POINT ( 'NONE',  ( 8.184156108227126580, -2.087382101274730228, 2.000000000000000000 ) ) ;
#2855 = VECTOR ( 'NONE', #168, 1000.000000000000114 ) ;
#2856 = CARTESIAN_POINT ( 'NONE',  ( 24.00322152333373182, -8.021155609472369719, 27.00000000000000355 ) ) ;
#2857 = EDGE_LOOP ( 'NONE', ( #1073, #56 ) ) ;
#2858 = AXIS2_PLACEMENT_3D ( 'NONE', #285, #2190, #2504 ) ;
#2859 = CARTESIAN_POINT ( 'NONE',  ( 46.37852697238530197, 3.378819091186667567, 27.00000000000000355 ) ) ;
#2860 = CARTESIAN_POINT ( 'NONE',  ( -3.676731690862772517, 19.41687624067645856, 0.000000000000000000 ) ) ;
#2861 = FACE_OUTER_BOUND ( 'NONE', #407, .T. ) ;
#2862 = AXIS2_PLACEMENT_3D ( 'NONE', #1738, #2803, #1489 ) ;
#2863 = CIRCLE ( 'NONE', #120, 1.050000000000007594 ) ;
#2864 = CARTESIAN_POINT ( 'NONE',  ( 48.47852697238528918, 3.378819091186667567, 2.000000000000001776 ) ) ;
#2865 = CARTESIAN_POINT ( 'NONE',  ( 52.21443018918072454, 16.51008299386435141, 0.000000000000000000 ) ) ;
#2866 = CARTESIAN_POINT ( 'NONE',  ( -0.001541464881515963725, 9.288078913278512871, 0.000000000000000000 ) ) ;
#2867 = DIRECTION ( 'NONE',  ( -0.9064927944092961987, -0.4222212852095753588, 0.000000000000000000 ) ) ;
#2868 = ADVANCED_FACE ( 'NONE', ( #60 ), #3439, .F. ) ;
#2869 = EDGE_LOOP ( 'NONE', ( #2493, #1788, #997, #3218 ) ) ;
#2870 = ORIENTED_EDGE ( 'NONE', *, *, #2895, .T. ) ;
#2871 = VECTOR ( 'NONE', #2095, 1000.000000000000000 ) ;
#2872 = CARTESIAN_POINT ( 'NONE',  ( 37.76818125524791725, -5.600237423932064473, 5.999999999999998224 ) ) ;
#2873 = DIRECTION ( 'NONE',  ( 1.000000000000000000, 0.000000000000000000, 0.000000000000000000 ) ) ;
#2874 = VECTOR ( 'NONE', #2959, 1000.000000000000000 ) ;
#2875 = EDGE_CURVE ( 'NONE', #2819, #2798, #1199, .T. ) ;
#2876 = CIRCLE ( 'NONE', #2237, 29.00000000000002132 ) ;
#2877 = ORIENTED_EDGE ( 'NONE', *, *, #2767, .T. ) ;
#2878 = CARTESIAN_POINT ( 'NONE',  ( 22.95322152333372756, -8.021155609472369719, 27.00000000000000355 ) ) ;
#2879 = DIRECTION ( 'NONE',  ( -0.000000000000000000, -0.000000000000000000, -1.000000000000000000 ) ) ;
#2880 = AXIS2_PLACEMENT_3D ( 'NONE', #1678, #2791, #1438 ) ;
#2881 = CARTESIAN_POINT ( 'NONE',  ( 43.56049838082390124, 41.41877643625893768, 2.000000000000000000 ) ) ;
#2882 = CARTESIAN_POINT ( 'NONE',  ( -1.578017080002894090, 21.24005305637472318, 2.000000000000001776 ) ) ;
#2883 = CARTESIAN_POINT ( 'NONE',  ( 52.38834890492724838, 29.27734629155801827, 2.000000000000000000 ) ) ;
#2884 = VECTOR ( 'NONE', #2020, 1000.000000000000227 ) ;
#2885 = ORIENTED_EDGE ( 'NONE', *, *, #2154, .F. ) ;
#2886 = ORIENTED_EDGE ( 'NONE', *, *, #1288, .T. ) ;
#2887 = CARTESIAN_POINT ( 'NONE',  ( 2.774498143449349641, 37.11735985135435811, 0.000000000000000000 ) ) ;
#2888 = DIRECTION ( 'NONE',  ( -0.8189007562146610741, 0.5739351457011987456, 0.000000000000000000 ) ) ;
#2889 = EDGE_CURVE ( 'NONE', #530, #94, #131, .T. ) ;
#2890 = VECTOR ( 'NONE', #29, 1000.000000000000000 ) ;
#2891 = ORIENTED_EDGE ( 'NONE', *, *, #3279, .F. ) ;
#2892 = EDGE_CURVE ( 'NONE', #2341, #2449, #628, .T. ) ;
#2893 = DIRECTION ( 'NONE',  ( -1.040834085586421889E-14, 1.000000000000000000, 0.000000000000000000 ) ) ;
#2894 = DIRECTION ( 'NONE',  ( 0.000000000000000000, 0.000000000000000000, 1.000000000000000000 ) ) ;
#2895 = EDGE_CURVE ( 'NONE', #1663, #1387, #1248, .T. ) ;
#2896 = ORIENTED_EDGE ( 'NONE', *, *, #3154, .F. ) ;
#2897 = ORIENTED_EDGE ( 'NONE', *, *, #971, .T. ) ;
#2898 = UNCERTAINTY_MEASURE_WITH_UNIT (LENGTH_MEASURE( 1.000000000000000082E-05 ), #53, 'distance_accuracy_value', 'NONE');
#2899 = CARTESIAN_POINT ( 'NONE',  ( -2.628017080002895245, 21.24005305637472318, 2.000000000000001776 ) ) ;
#2900 = DIRECTION ( 'NONE',  ( -0.9064927944092937562, -0.4222212852095804103, 0.000000000000000000 ) ) ;
#2901 = DIRECTION ( 'NONE',  ( -0.4222212852095773017, 0.9064927944092953105, 0.000000000000000000 ) ) ;
#2902 = EDGE_LOOP ( 'NONE', ( #967, #2684 ) ) ;
#2903 = ORIENTED_EDGE ( 'NONE', *, *, #960, .T. ) ;
#2904 = LINE ( 'NONE', #2612, #1367 ) ;
#2905 = CARTESIAN_POINT ( 'NONE',  ( 9.821957620656053933, -3.235252392676878141, 2.000000000000001776 ) ) ;
#2906 = CIRCLE ( 'NONE', #2792, 1.999999999999348743 ) ;
#2907 = ORIENTED_EDGE ( 'NONE', *, *, #2577, .F. ) ;
#2908 = EDGE_LOOP ( 'NONE', ( #1075, #2948, #401, #3257 ) ) ;
#2909 = DIRECTION ( 'NONE',  ( 0.9064927944092946444, 0.4222212852095784674, 0.000000000000000000 ) ) ;
#2910 = CARTESIAN_POINT ( 'NONE',  ( 15.50741485232490113, -4.613500373794265919, 0.000000000000000000 ) ) ;
#2911 = DIRECTION ( 'NONE',  ( 0.000000000000000000, 0.000000000000000000, -1.000000000000000000 ) ) ;
#2912 = CIRCLE ( 'NONE', #2219, 1.050000000000000933 ) ;
#2913 = EDGE_LOOP ( 'NONE', ( #1534, #1060 ) ) ;
#2914 = EDGE_CURVE ( 'NONE', #57, #109, #218, .T. ) ;
#2915 = DIRECTION ( 'NONE',  ( -0.4222212852095753588, 0.9064927944092961987, 0.000000000000000000 ) ) ;
#2916 = AXIS2_PLACEMENT_3D ( 'NONE', #1952, #3356, #3557 ) ;
#2917 = EDGE_CURVE ( 'NONE', #1431, #1734, #393, .T. ) ;
#2918 = DIRECTION ( 'NONE',  ( 0.000000000000000000, 0.000000000000000000, 1.000000000000000000 ) ) ;
#2919 = DIRECTION ( 'NONE',  ( -0.000000000000000000, -0.000000000000000000, 1.000000000000000000 ) ) ;
#2920 = DIRECTION ( 'NONE',  ( 1.000000000000000000, 0.000000000000000000, -0.000000000000000000 ) ) ;
#2921 = VERTEX_POINT ( 'NONE', #2613 ) ;
#2922 = AXIS2_PLACEMENT_3D ( 'NONE', #3424, #931, #2528 ) ;
#2923 = ORIENTED_EDGE ( 'NONE', *, *, #1645, .T. ) ;
#2924 = CARTESIAN_POINT ( 'NONE',  ( -0.06305065491171712999, 4.846818581045061691, 0.000000000000000000 ) ) ;
#2925 = CARTESIAN_POINT ( 'NONE',  ( 25.68319158584493067, 45.77129165971123825, 2.000000000000000000 ) ) ;
#2926 = VERTEX_POINT ( 'NONE', #688 ) ;
#2927 = VERTEX_POINT ( 'NONE', #3473 ) ;
#2928 = DIRECTION ( 'NONE',  ( 1.000000000000000000, 0.000000000000000000, 0.000000000000000000 ) ) ;
#2929 = CIRCLE ( 'NONE', #67, 1.049999999999993605 ) ;
#2930 = FACE_OUTER_BOUND ( 'NONE', #1576, .T. ) ;
#2931 = CARTESIAN_POINT ( 'NONE',  ( 11.28995711051462081, 44.25632523462012813, 2.000000000000000000 ) ) ;
#2932 = AXIS2_PLACEMENT_3D ( 'NONE', #2662, #1340, #1301 ) ;
#2933 = CIRCLE ( 'NONE', #3459, 1.999999999999350297 ) ;
#2934 = ORIENTED_EDGE ( 'NONE', *, *, #1623, .F. ) ;
#2935 = CIRCLE ( 'NONE', #3109, 1.250000000000000888 ) ;
#2936 = ORIENTED_EDGE ( 'NONE', *, *, #1031, .F. ) ;
#2937 = PLANE ( 'NONE',  #365 ) ;
#2938 = DIRECTION ( 'NONE',  ( 0.000000000000000000, 0.000000000000000000, -1.000000000000000000 ) ) ;
#2939 = EDGE_CURVE ( 'NONE', #2780, #194, #513, .T. ) ;
#2940 = AXIS2_PLACEMENT_3D ( 'NONE', #3175, #2074, #3126 ) ;
#2941 = CARTESIAN_POINT ( 'NONE',  ( 25.31820655458890812, 18.87506802511944315, 0.000000000000000000 ) ) ;
#2942 = LINE ( 'NONE', #447, #2855 ) ;
#2943 = EDGE_CURVE ( 'NONE', #839, #2743, #980, .T. ) ;
#2944 = AXIS2_PLACEMENT_3D ( 'NONE', #2274, #1809, #2294 ) ;
#2945 = ORIENTED_EDGE ( 'NONE', *, *, #1580, .F. ) ;
#2946 = ORIENTED_EDGE ( 'NONE', *, *, #3117, .F. ) ;
#2947 = DIRECTION ( 'NONE',  ( -1.000000000000000000, 0.000000000000000000, 0.000000000000000000 ) ) ;
#2948 = ORIENTED_EDGE ( 'NONE', *, *, #2251, .F. ) ;
#2949 = ORIENTED_EDGE ( 'NONE', *, *, #3318, .F. ) ;
#2950 = EDGE_CURVE ( 'NONE', #3078, #2705, #3131, .T. ) ;
#2951 = VERTEX_POINT ( 'NONE', #639 ) ;
#2952 = CARTESIAN_POINT ( 'NONE',  ( 41.37950763544459676, -0.2830792650050373283, 0.000000000000000000 ) ) ;
#2953 = LINE ( 'NONE', #457, #1702 ) ;
#2954 = PLANE ( 'NONE',  #903 ) ;
#2955 = AXIS2_PLACEMENT_3D ( 'NONE', #2284, #1786, #928 ) ;
#2956 = ORIENTED_EDGE ( 'NONE', *, *, #2210, .T. ) ;
#2957 = VERTEX_POINT ( 'NONE', #674 ) ;
#2958 = DIRECTION ( 'NONE',  ( -0.000000000000000000, -0.000000000000000000, 1.000000000000000000 ) ) ;
#2959 = DIRECTION ( 'NONE',  ( 0.000000000000000000, -0.000000000000000000, -1.000000000000000000 ) ) ;
#2960 = DIRECTION ( 'NONE',  ( -0.000000000000000000, -0.000000000000000000, -1.000000000000000000 ) ) ;
#2961 = DIRECTION ( 'NONE',  ( 0.000000000000000000, 0.000000000000000000, 1.000000000000000000 ) ) ;
#2962 = ORIENTED_EDGE ( 'NONE', *, *, #2084, .T. ) ;
#2963 = EDGE_CURVE ( 'NONE', #200, #744, #1805, .T. ) ;
#2964 = ORIENTED_EDGE ( 'NONE', *, *, #316, .T. ) ;
#2965 = CYLINDRICAL_SURFACE ( 'NONE', #2517, 1.999999999999351186 ) ;
#2966 = ORIENTED_EDGE ( 'NONE', *, *, #1774, .T. ) ;
#2967 = EDGE_CURVE ( 'NONE', #2837, #1972, #2304, .T. ) ;
#2968 = ORIENTED_EDGE ( 'NONE', *, *, #2889, .T. ) ;
#2969 = EDGE_CURVE ( 'NONE', #3308, #1173, #3538, .T. ) ;
#2970 = ORIENTED_EDGE ( 'NONE', *, *, #3140, .T. ) ;
#2971 = AXIS2_PLACEMENT_3D ( 'NONE', #1647, #1941, #3062 ) ;
#2972 = DIRECTION ( 'NONE',  ( -0.000000000000000000, -0.000000000000000000, -1.000000000000000000 ) ) ;
#2973 = CARTESIAN_POINT ( 'NONE',  ( 0.6961137714692339218, 14.54464691633031137, 6.000000000000000000 ) ) ;
#2974 = FACE_OUTER_BOUND ( 'NONE', #1464, .T. ) ;
#2975 = EDGE_CURVE ( 'NONE', #1749, #477, #2255, .T. ) ;
#2976 = ORIENTED_EDGE ( 'NONE', *, *, #2488, .F. ) ;
#2977 = VECTOR ( 'NONE', #1239, 1000.000000000000114 ) ;
#2978 = CARTESIAN_POINT ( 'NONE',  ( 7.075914728353921213, -3.668640386020050048, 2.000000000000000000 ) ) ;
#2979 = DIRECTION ( 'NONE',  ( -1.000000000000000000, 0.000000000000000000, 0.000000000000000000 ) ) ;
#2980 = CARTESIAN_POINT ( 'NONE',  ( 25.31820655458890812, 18.87506802511944315, 0.000000000000000000 ) ) ;
#2981 = CARTESIAN_POINT ( 'NONE',  ( 0.6961137714692339218, 14.54464691633031137, 6.000000000000000000 ) ) ;
#2982 = AXIS2_PLACEMENT_3D ( 'NONE', #2091, #716, #1814 ) ;
#2983 = CARTESIAN_POINT ( 'NONE',  ( 1.946113771469234921, 14.54464691633031137, 0.000000000000000000 ) ) ;
#2984 = ORIENTED_EDGE ( 'NONE', *, *, #2494, .F. ) ;
#2985 = VECTOR ( 'NONE', #348, 1000.000000000000000 ) ;
#2986 = ORIENTED_EDGE ( 'NONE', *, *, #1341, .F. ) ;
#2987 = CARTESIAN_POINT ( 'NONE',  ( 29.84464049378784978, 47.51963811779266678, 2.000000000000000000 ) ) ;
#2988 = ORIENTED_EDGE ( 'NONE', *, *, #402, .F. ) ;
#2989 = ORIENTED_EDGE ( 'NONE', *, *, #1206, .F. ) ;
#2990 = ORIENTED_EDGE ( 'NONE', *, *, #2509, .F. ) ;
#2991 = CARTESIAN_POINT ( 'NONE',  ( 26.63319158584427271, 45.77129165971123825, 27.00000000000000355 ) ) ;
#2992 = DIRECTION ( 'NONE',  ( 0.000000000000000000, 0.000000000000000000, -1.000000000000000000 ) ) ;
#2993 = EDGE_CURVE ( 'NONE', #200, #3228, #746, .T. ) ;
#2994 = ORIENTED_EDGE ( 'NONE', *, *, #522, .F. ) ;
#2995 = VECTOR ( 'NONE', #747, 1000.000000000000227 ) ;
#2996 = DIRECTION ( 'NONE',  ( -0.9961564309107832083, 0.08759203819463301510, 0.000000000000000000 ) ) ;
#2997 = DIRECTION ( 'NONE',  ( -1.000000000000000000, 0.000000000000000000, 0.000000000000000000 ) ) ;
#2998 = VECTOR ( 'NONE', #165, 1000.000000000000000 ) ;
#2999 = CIRCLE ( 'NONE', #1420, 1.049999999999995381 ) ;
#3000 = DIRECTION ( 'NONE',  ( 0.000000000000000000, 0.000000000000000000, -1.000000000000000000 ) ) ;
#3001 = CARTESIAN_POINT ( 'NONE',  ( 10.35151775321146950, -5.964380968824130491, 2.000000000000000000 ) ) ;
#3002 = VECTOR ( 'NONE', #2041, 1000.000000000000000 ) ;
#3003 = PLANE ( 'NONE',  #2527 ) ;
#3004 = EDGE_LOOP ( 'NONE', ( #1766, #282, #2886, #3194 ) ) ;
#3005 = ORIENTED_EDGE ( 'NONE', *, *, #500, .T. ) ;
#3006 = CARTESIAN_POINT ( 'NONE',  ( -3.676731690862772517, 19.41687624067645856, 2.000000000000000000 ) ) ;
#3007 = DIRECTION ( 'NONE',  ( 0.8660254037844342667, 0.5000000000000075495, 0.000000000000000000 ) ) ;
#3008 = VERTEX_POINT ( 'NONE', #3147 ) ;
#3009 = ORIENTED_EDGE ( 'NONE', *, *, #1964, .T. ) ;
#3010 = DIRECTION ( 'NONE',  ( -0.000000000000000000, -0.000000000000000000, -1.000000000000000000 ) ) ;
#3011 = CARTESIAN_POINT ( 'NONE',  ( 35.12899825685308741, 42.36363642403309626, 6.000000000000000000 ) ) ;
#3012 = PRODUCT_CONTEXT ( 'NONE', #871, 'mechanical' ) ;
#3013 = EDGE_CURVE ( 'NONE', #1638, #347, #2834, .T. ) ;
#3014 = EDGE_CURVE ( 'NONE', #2262, #157, #1485, .T. ) ;
#3015 = ORIENTED_EDGE ( 'NONE', *, *, #929, .F. ) ;
#3016 = VECTOR ( 'NONE', #2888, 1000.000000000000227 ) ;
#3017 = CARTESIAN_POINT ( 'NONE',  ( 50.15765554853264518, 3.908379223742264319, 0.000000000000000000 ) ) ;
#3018 = CARTESIAN_POINT ( 'NONE',  ( 0.6961137714692339218, 14.54464691633031137, 0.000000000000000000 ) ) ;
#3019 = CARTESIAN_POINT ( 'NONE',  ( 50.69946376408944388, 32.90331746919400047, 2.000000000000000000 ) ) ;
#3020 = CARTESIAN_POINT ( 'NONE',  ( 25.31820655458890812, 18.87506802511944315, -25.05000000000000426 ) ) ;
#3021 = DIRECTION ( 'NONE',  ( 0.000000000000000000, 0.000000000000000000, 1.000000000000000000 ) ) ;
#3022 = EDGE_CURVE ( 'NONE', #1280, #1469, #397, .T. ) ;
#3023 = ORIENTED_EDGE ( 'NONE', *, *, #3365, .F. ) ;
#3024 = ORIENTED_EDGE ( 'NONE', *, *, #2311, .T. ) ;
#3025 = CARTESIAN_POINT ( 'NONE',  ( 0.6961137714692339218, 14.54464691633031137, 14.00000000000000000 ) ) ;
#3026 = EDGE_LOOP ( 'NONE', ( #2323, #2542 ) ) ;
#3027 = ORIENTED_EDGE ( 'NONE', *, *, #646, .T. ) ;
#3028 = ORIENTED_EDGE ( 'NONE', *, *, #1555, .T. ) ;
#3029 = FACE_OUTER_BOUND ( 'NONE', #3511, .T. ) ;
#3030 = DIRECTION ( 'NONE',  ( 0.000000000000000000, 0.000000000000000000, 1.000000000000000000 ) ) ;
#3031 = DIRECTION ( 'NONE',  ( 0.000000000000000000, 0.000000000000000000, 1.000000000000000000 ) ) ;
#3032 = ORIENTED_EDGE ( 'NONE', *, *, #1550, .F. ) ;
#3033 = DIRECTION ( 'NONE',  ( -0.08759203819463512453, -0.9961564309107829862, 0.000000000000000000 ) ) ;
#3034 = CARTESIAN_POINT ( 'NONE',  ( 27.68319158584427697, 45.77129165971123825, 2.000000000000000000 ) ) ;
#3035 = COLOUR_RGB ( '',0.7921568627450980005, 0.8196078431372548767, 0.9333333333333333481 ) ;
#3036 = ADVANCED_FACE ( 'NONE', ( #3456 ), #964, .F. ) ;
#3037 = AXIS2_PLACEMENT_3D ( 'NONE', #1496, #956, #3174 ) ;
#3038 = CARTESIAN_POINT ( 'NONE',  ( 52.21443018918072454, 16.51008299386434430, 2.000000000000001776 ) ) ;
#3039 = DIRECTION ( 'NONE',  ( 1.000000000000000000, 0.000000000000000000, 0.000000000000000000 ) ) ;
#3040 = EDGE_CURVE ( 'NONE', #2444, #3294, #376, .T. ) ;
#3041 = ORIENTED_EDGE ( 'NONE', *, *, #227, .T. ) ;
#3042 = ORIENTED_EDGE ( 'NONE', *, *, #2135, .F. ) ;
#3043 = DIRECTION ( 'NONE',  ( 1.000000000000000000, 0.000000000000000000, 0.000000000000000000 ) ) ;
#3044 = DIRECTION ( 'NONE',  ( -0.000000000000000000, -0.000000000000000000, -1.000000000000000000 ) ) ;
#3045 = VERTEX_POINT ( 'NONE', #2866 ) ;
#3046 = AXIS2_PLACEMENT_3D ( 'NONE', #461, #2399, #1798 ) ;
#3047 = ORIENTED_EDGE ( 'NONE', *, *, #1400, .F. ) ;
#3048 = DIRECTION ( 'NONE',  ( -0.000000000000000000, -0.000000000000000000, -1.000000000000000000 ) ) ;
#3049 = APPLICATION_PROTOCOL_DEFINITION ( 'draft international standard', 'automotive_design', 1998, #235 ) ;
#3050 = EDGE_LOOP ( 'NONE', ( #294, #3462 ) ) ;
#3051 = CYLINDRICAL_SURFACE ( 'NONE', #1123, 1.250000000000001110 ) ;
#3052 = CARTESIAN_POINT ( 'NONE',  ( 3.207886136792633014, 34.37131695905236484, 2.000000000000001776 ) ) ;
#3053 = DIRECTION ( 'NONE',  ( 0.8189007562146570773, -0.5739351457012044078, 0.000000000000000000 ) ) ;
#3054 = DIRECTION ( 'NONE',  ( 0.000000000000000000, -0.000000000000000000, -1.000000000000000000 ) ) ;
#3055 = VECTOR ( 'NONE', #3409, 1000.000000000000000 ) ;
#3056 = CIRCLE ( 'NONE', #133, 1.050000000000000488 ) ;
#3057 = ORIENTED_EDGE ( 'NONE', *, *, #2741, .T. ) ;
#3058 = EDGE_LOOP ( 'NONE', ( #10, #3219 ) ) ;
#3059 = EDGE_CURVE ( 'NONE', #1365, #3551, #152, .T. ) ;
#3060 = AXIS2_PLACEMENT_3D ( 'NONE', #106, #2960, #1277 ) ;
#3061 = CARTESIAN_POINT ( 'NONE',  ( 10.35151775321146950, -5.964380968824130491, 0.000000000000000000 ) ) ;
#3062 = DIRECTION ( 'NONE',  ( 1.000000000000000000, 0.000000000000000000, 0.000000000000000000 ) ) ;
#3063 = EDGE_LOOP ( 'NONE', ( #847, #2281, #3239, #978 ) ) ;
#3064 = ORIENTED_EDGE ( 'NONE', *, *, #2396, .F. ) ;
#3065 = CARTESIAN_POINT ( 'NONE',  ( 47.42852697238529913, 3.378819091186667567, 5.999999999999998224 ) ) ;
#3066 = ADVANCED_FACE ( 'NONE', ( #2848 ), #1546, .F. ) ;
#3067 = AXIS2_PLACEMENT_3D ( 'NONE', #2345, #167, #2115 ) ;
#3068 = ORIENTED_EDGE ( 'NONE', *, *, #188, .F. ) ;
#3069 = DIRECTION ( 'NONE',  ( -1.000000000000000000, 0.000000000000000000, 0.000000000000000000 ) ) ;
#3070 = DIRECTION ( 'NONE',  ( -0.000000000000000000, -0.000000000000000000, -1.000000000000000000 ) ) ;
#3071 = CARTESIAN_POINT ( 'NONE',  ( 52.38961426556993217, 18.50239585568527900, 2.000000000000000000 ) ) ;
#3072 = DIRECTION ( 'NONE',  ( 1.000000000000000000, 0.000000000000000000, 0.000000000000000000 ) ) ;
#3073 = CIRCLE ( 'NONE', #1205, 1.250000000000001110 ) ;
#3074 = VERTEX_POINT ( 'NONE', #187 ) ;
#3075 = DIRECTION ( 'NONE',  ( 0.5739351457012044078, 0.8189007562146570773, 0.000000000000000000 ) ) ;
#3076 = DIRECTION ( 'NONE',  ( -0.08759203819464209118, -0.9961564309107823201, 0.000000000000000000 ) ) ;
#3077 = EDGE_CURVE ( 'NONE', #2218, #2316, #1789, .T. ) ;
#3078 = VERTEX_POINT ( 'NONE', #2040 ) ;
#3079 = ORIENTED_EDGE ( 'NONE', *, *, #1103, .T. ) ;
#3080 = LINE ( 'NONE', #845, #1383 ) ;
#3081 = EDGE_CURVE ( 'NONE', #3556, #3045, #2835, .T. ) ;
#3082 = VERTEX_POINT ( 'NONE', #3396 ) ;
#3083 = CARTESIAN_POINT ( 'NONE',  ( 53.26443018918072880, 16.51008299386434430, 27.00000000000000355 ) ) ;
#3084 = LINE ( 'NONE', #368, #2403 ) ;
#3085 = LINE ( 'NONE', #1108, #2825 ) ;
#3086 = EDGE_CURVE ( 'NONE', #2500, #1006, #2110, .T. ) ;
#3087 = DIRECTION ( 'NONE',  ( -0.5739351457011987456, -0.8189007562146610741, 0.000000000000000000 ) ) ;
#3088 = ORIENTED_EDGE ( 'NONE', *, *, #671, .T. ) ;
#3089 = DIRECTION ( 'NONE',  ( 1.000000000000000000, 0.000000000000000000, 0.000000000000000000 ) ) ;
#3090 = DIRECTION ( 'NONE',  ( -0.000000000000000000, 0.000000000000000000, -1.000000000000000000 ) ) ;
#3091 = CARTESIAN_POINT ( 'NONE',  ( 10.50690547373335093, 38.03321531524403554, 0.000000000000000000 ) ) ;
#3092 = ORIENTED_EDGE ( 'NONE', *, *, #1671, .T. ) ;
#3093 = AXIS2_PLACEMENT_3D ( 'NONE', #3172, #389, #680 ) ;
#3094 = ORIENTED_EDGE ( 'NONE', *, *, #3407, .T. ) ;
#3095 = DIRECTION ( 'NONE',  ( -0.000000000000000000, -0.000000000000000000, 1.000000000000000000 ) ) ;
#3096 = ORIENTED_EDGE ( 'NONE', *, *, #2427, .T. ) ;
#3097 = EDGE_CURVE ( 'NONE', #329, #2645, #3393, .T. ) ;
#3098 = DIRECTION ( 'NONE',  ( 0.000000000000000000, 0.000000000000000000, 1.000000000000000000 ) ) ;
#3099 = DIRECTION ( 'NONE',  ( -1.000000000000000000, 0.000000000000000000, 0.000000000000000000 ) ) ;
#3100 = ADVANCED_FACE ( 'NONE', ( #91 ), #70, .F. ) ;
#3101 = FACE_BOUND ( 'NONE', #731, .T. ) ;
#3102 = ORIENTED_EDGE ( 'NONE', *, *, #1105, .T. ) ;
#3103 = CIRCLE ( 'NONE', #2519, 1.999999999999348743 ) ;
#3104 = LINE ( 'NONE', #2054, #849 ) ;
#3105 = DIRECTION ( 'NONE',  ( 1.000000000000000000, 0.000000000000000000, 0.000000000000000000 ) ) ;
#3106 = VECTOR ( 'NONE', #3472, 1000.000000000000114 ) ;
#3107 = FACE_OUTER_BOUND ( 'NONE', #453, .T. ) ;
#3108 = EDGE_LOOP ( 'NONE', ( #135, #2561, #2238, #2361 ) ) ;
#3109 = AXIS2_PLACEMENT_3D ( 'NONE', #2591, #3394, #1174 ) ;
#3110 = VERTEX_POINT ( 'NONE', #2024 ) ;
#3111 = CARTESIAN_POINT ( 'NONE',  ( 1.892901105537363682, 7.475093324460505784, 5.999999999999998224 ) ) ;
#3112 = DIRECTION ( 'NONE',  ( 0.4222212852095835189, -0.9064927944092923129, 0.000000000000000000 ) ) ;
#3113 = AXIS2_PLACEMENT_3D ( 'NONE', #2623, #3467, #2901 ) ;
#3114 = ORIENTED_EDGE ( 'NONE', *, *, #1830, .T. ) ;
#3115 = CARTESIAN_POINT ( 'NONE',  ( 25.31820655458890812, 18.87506802511944315, 2.000000000000000000 ) ) ;
#3116 = DIRECTION ( 'NONE',  ( 1.000000000000000000, 0.000000000000000000, 0.000000000000000000 ) ) ;
#3117 = EDGE_CURVE ( 'NONE', #3458, #4, #203, .T. ) ;
#3118 = EDGE_CURVE ( 'NONE', #3074, #1998, #1185, .T. ) ;
#3119 = EDGE_CURVE ( 'NONE', #2218, #2957, #3432, .T. ) ;
#3120 = CARTESIAN_POINT ( 'NONE',  ( 8.006905473733349154, 38.03321531524403554, 14.00000000000000000 ) ) ;
#3121 = ORIENTED_EDGE ( 'NONE', *, *, #3590, .F. ) ;
#3122 = CARTESIAN_POINT ( 'NONE',  ( 2.060015845390596123, 32.73351544662359203, 2.000000000000000000 ) ) ;
#3123 = FILL_AREA_STYLE ('',( #648 ) ) ;
#3124 = VECTOR ( 'NONE', #1651, 1000.000000000000000 ) ;
#3125 = CARTESIAN_POINT ( 'NONE',  ( 25.31820655458890812, 18.87506802511944315, 0.000000000000000000 ) ) ;
#3126 = DIRECTION ( 'NONE',  ( -1.000000000000000000, 0.000000000000000000, 0.000000000000000000 ) ) ;
#3127 = EDGE_CURVE ( 'NONE', #1857, #749, #1274, .T. ) ;
#3128 = EDGE_LOOP ( 'NONE', ( #2042, #269, #1784, #97 ) ) ;
#3129 = ORIENTED_EDGE ( 'NONE', *, *, #2577, .T. ) ;
#3130 = FACE_OUTER_BOUND ( 'NONE', #3256, .T. ) ;
#3131 = LINE ( 'NONE', #2925, #681 ) ;
#3132 = ORIENTED_EDGE ( 'NONE', *, *, #150, .T. ) ;
#3133 = LINE ( 'NONE', #640, #1933 ) ;
#3134 = FACE_OUTER_BOUND ( 'NONE', #261, .T. ) ;
#3135 = DIRECTION ( 'NONE',  ( -0.5000000000000101030, 0.8660254037844328234, 0.000000000000000000 ) ) ;
#3136 = CYLINDRICAL_SURFACE ( 'NONE', #3093, 1.999999999999349409 ) ;
#3137 = EDGE_CURVE ( 'NONE', #1008, #1354, #737, .T. ) ;
#3138 = EDGE_CURVE ( 'NONE', #57, #2096, #923, .T. ) ;
#3139 = DIRECTION ( 'NONE',  ( -0.000000000000000000, 0.000000000000000000, -1.000000000000000000 ) ) ;
#3140 = EDGE_CURVE ( 'NONE', #109, #2121, #462, .T. ) ;
#3141 = CARTESIAN_POINT ( 'NONE',  ( -2.628017080002895245, 21.24005305637472318, 27.00000000000000355 ) ) ;
#3142 = CARTESIAN_POINT ( 'NONE',  ( 25.31820655458890812, 18.87506802511944315, 0.000000000000000000 ) ) ;
#3143 = ORIENTED_EDGE ( 'NONE', *, *, #2647, .F. ) ;
#3144 = ORIENTED_EDGE ( 'NONE', *, *, #227, .F. ) ;
#3145 = LINE ( 'NONE', #130, #3106 ) ;
#3146 = AXIS2_PLACEMENT_3D ( 'NONE', #1781, #975, #2073 ) ;
#3147 = CARTESIAN_POINT ( 'NONE',  ( 25.86001477014602301, 47.87000627057111046, 0.000000000000000000 ) ) ;
#3148 = AXIS2_PLACEMENT_3D ( 'NONE', #1934, #3054, #3289 ) ;
#3149 = VERTEX_POINT ( 'NONE', #2678 ) ;
#3150 = AXIS2_PLACEMENT_3D ( 'NONE', #3208, #774, #2071 ) ;
#3151 = CARTESIAN_POINT ( 'NONE',  ( 14.91592828815061722, 45.94521037545788289, 2.000000000000000000 ) ) ;
#3152 = CARTESIAN_POINT ( 'NONE',  ( 25.31820655458890812, 18.87506802511944315, 6.000000000000000000 ) ) ;
#3153 = VECTOR ( 'NONE', #607, 1000.000000000000000 ) ;
#3154 = EDGE_CURVE ( 'NONE', #1888, #714, #2400, .T. ) ;
#3155 = DIRECTION ( 'NONE',  ( -1.000000000000000000, 0.000000000000000000, 0.000000000000000000 ) ) ;
#3156 = DIRECTION ( 'NONE',  ( 0.000000000000000000, 0.000000000000000000, 1.000000000000000000 ) ) ;
#3157 = DIRECTION ( 'NONE',  ( 0.000000000000000000, 0.000000000000000000, -1.000000000000000000 ) ) ;
#3158 = EDGE_LOOP ( 'NONE', ( #805, #3485, #1667, #910 ) ) ;
#3159 = EDGE_CURVE ( 'NONE', #1675, #2047, #2051, .T. ) ;
#3160 = EDGE_LOOP ( 'NONE', ( #1513, #1604 ) ) ;
#3161 = CIRCLE ( 'NONE', #2932, 1.999999999999350297 ) ;
#3162 = DIRECTION ( 'NONE',  ( -1.000000000000000000, 0.000000000000000000, 0.000000000000000000 ) ) ;
#3163 = CARTESIAN_POINT ( 'NONE',  ( 25.31820655458890457, 18.87506802511944315, 2.000000000000000000 ) ) ;
#3164 = EDGE_CURVE ( 'NONE', #2099, #2197, #1884, .T. ) ;
#3165 = AXIS2_PLACEMENT_3D ( 'NONE', #3125, #1731, #1480 ) ;
#3166 = AXIS2_PLACEMENT_3D ( 'NONE', #1552, #2666, #172 ) ;
#3167 = VERTEX_POINT ( 'NONE', #3558 ) ;
#3168 = CARTESIAN_POINT ( 'NONE',  ( 1.946113771469234921, 14.54464691633031137, 6.000000000000000000 ) ) ;
#3169 = DIRECTION ( 'NONE',  ( -0.000000000000000000, -0.000000000000000000, -1.000000000000000000 ) ) ;
#3170 = EDGE_CURVE ( 'NONE', #1038, #2749, #3305, .T. ) ;
#3171 = VERTEX_POINT ( 'NONE', #3610 ) ;
#3172 = CARTESIAN_POINT ( 'NONE',  ( 27.68319158584427697, 45.77129165971123825, 2.000000000000000000 ) ) ;
#3173 = CARTESIAN_POINT ( 'NONE',  ( 51.69586042541624238, 9.629412986673806074, 3.000000000000000000 ) ) ;
#3174 = DIRECTION ( 'NONE',  ( -0.8660254037844385966, -0.5000000000000002220, 0.000000000000000000 ) ) ;
#3175 = CARTESIAN_POINT ( 'NONE',  ( 52.21443018918072454, 16.51008299386435141, 2.000000000000000000 ) ) ;
#3176 = VERTEX_POINT ( 'NONE', #1607 ) ;
#3177 = EDGE_LOOP ( 'NONE', ( #3253, #2703, #1415, #2573 ) ) ;
#3178 = AXIS2_PLACEMENT_3D ( 'NONE', #3404, #1736, #1467 ) ;
#3179 = FACE_BOUND ( 'NONE', #2189, .T. ) ;
#3180 = CARTESIAN_POINT ( 'NONE',  ( 50.69946376408944388, 32.90331746919400047, 0.000000000000000000 ) ) ;
#3181 = ADVANCED_FACE ( 'NONE', ( #208 ), #1879, .F. ) ;
#3182 = EDGE_LOOP ( 'NONE', ( #2976, #148, #1939, #255 ) ) ;
#3183 = ORIENTED_EDGE ( 'NONE', *, *, #3492, .F. ) ;
#3184 = FACE_OUTER_BOUND ( 'NONE', #780, .T. ) ;
#3185 = CARTESIAN_POINT ( 'NONE',  ( -0.5538862285307669664, 14.54464691633031137, 6.000000000000000000 ) ) ;
#3186 = EDGE_CURVE ( 'NONE', #1333, #1435, #3221, .T. ) ;
#3187 = DIRECTION ( 'NONE',  ( 1.000000000000000000, 0.000000000000000000, 0.000000000000000000 ) ) ;
#3188 = ORIENTED_EDGE ( 'NONE', *, *, #2579, .T. ) ;
#3189 = CYLINDRICAL_SURFACE ( 'NONE', #2982, 1.999999999999349409 ) ;
#3190 = FACE_OUTER_BOUND ( 'NONE', #2076, .T. ) ;
#3191 = LINE ( 'NONE', #2833, #1923 ) ;
#3192 = LINE ( 'NONE', #359, #3002 ) ;
#3193 = ORIENTED_EDGE ( 'NONE', *, *, #500, .F. ) ;
#3194 = ORIENTED_EDGE ( 'NONE', *, *, #2270, .T. ) ;
#3195 = DIRECTION ( 'NONE',  ( 1.000000000000000000, 0.000000000000000000, 0.000000000000000000 ) ) ;
#3196 = DIRECTION ( 'NONE',  ( 0.9064927944092917578, 0.4222212852095847957, 0.000000000000000000 ) ) ;
#3197 = CIRCLE ( 'NONE', #1563, 1.999999999999350297 ) ;
#3198 = VERTEX_POINT ( 'NONE', #795 ) ;
#3199 = ORIENTED_EDGE ( 'NONE', *, *, #1870, .T. ) ;
#3200 = CARTESIAN_POINT ( 'NONE',  ( 3.207886136792633014, 34.37131695905237194, 2.000000000000000000 ) ) ;
#3201 = DIRECTION ( 'NONE',  ( 0.000000000000000000, -0.000000000000000000, -1.000000000000000000 ) ) ;
#3202 = DIRECTION ( 'NONE',  ( -0.9961564309107826531, 0.08759203819463866336, 0.000000000000000000 ) ) ;
#3203 = EDGE_CURVE ( 'NONE', #109, #57, #2338, .T. ) ;
#3204 = CARTESIAN_POINT ( 'NONE',  ( 26.63319158584427271, 45.77129165971123825, 2.000000000000001776 ) ) ;
#3205 = EDGE_LOOP ( 'NONE', ( #2349, #748, #3350, #2097 ) ) ;
#3206 = EDGE_CURVE ( 'NONE', #1178, #864, #553, .T. ) ;
#3207 = ORIENTED_EDGE ( 'NONE', *, *, #3524, .T. ) ;
#3208 = CARTESIAN_POINT ( 'NONE',  ( 13.91823185393006845, 43.35037347417103604, 2.000000000000000000 ) ) ;
#3209 = CARTESIAN_POINT ( 'NONE',  ( 4.818206554588904567, 18.87506802511944670, -25.05000000000000426 ) ) ;
#3210 = CIRCLE ( 'NONE', #1986, 1.250000000000001110 ) ;
#3211 = FACE_OUTER_BOUND ( 'NONE', #3486, .T. ) ;
#3212 = AXIS2_PLACEMENT_3D ( 'NONE', #2601, #3098, #883 ) ;
#3213 = CARTESIAN_POINT ( 'NONE',  ( 49.67586042541623215, 9.629412986673806074, 3.000000000000000000 ) ) ;
#3214 = EDGE_LOOP ( 'NONE', ( #2725, #185, #2414, #1912 ) ) ;
#3215 = ORIENTED_EDGE ( 'NONE', *, *, #2371, .T. ) ;
#3216 = LINE ( 'NONE', #452, #2699 ) ;
#3217 = EDGE_LOOP ( 'NONE', ( #2956, #2721, #1556, #2462, #531 ) ) ;
#3218 = ORIENTED_EDGE ( 'NONE', *, *, #3081, .T. ) ;
#3219 = ORIENTED_EDGE ( 'NONE', *, *, #1400, .T. ) ;
#3220 = CYLINDRICAL_SURFACE ( 'NONE', #2775, 1.999999999999349409 ) ;
#3221 = CIRCLE ( 'NONE', #132, 1.049999999999993605 ) ;
#3222 = DIRECTION ( 'NONE',  ( -0.000000000000000000, 0.000000000000000000, -1.000000000000000000 ) ) ;
#3223 = CARTESIAN_POINT ( 'NONE',  ( 38.53116684406592185, -4.755794853513170217, 0.000000000000000000 ) ) ;
#3224 = VECTOR ( 'NONE', #2558, 1000.000000000000000 ) ;
#3225 = AXIS2_PLACEMENT_3D ( 'NONE', #2336, #1559, #734 ) ;
#3226 = VERTEX_POINT ( 'NONE', #226 ) ;
#3227 = AXIS2_PLACEMENT_3D ( 'NONE', #1630, #324, #567 ) ;
#3228 = VERTEX_POINT ( 'NONE', #1585 ) ;
#3229 = DIRECTION ( 'NONE',  ( 1.000000000000000000, 0.000000000000000000, 0.000000000000000000 ) ) ;
#3230 = DIRECTION ( 'NONE',  ( 0.000000000000000000, 0.000000000000000000, 1.000000000000000000 ) ) ;
#3231 = EDGE_CURVE ( 'NONE', #3078, #1368, #3103, .T. ) ;
#3232 = CARTESIAN_POINT ( 'NONE',  ( 45.81820655458891878, 18.87506802511944315, 0.000000000000000000 ) ) ;
#3233 = CARTESIAN_POINT ( 'NONE',  ( -1.753201156392117266, 19.24774019455379559, 0.000000000000000000 ) ) ;
#3234 = CARTESIAN_POINT ( 'NONE',  ( 52.21443018918072454, 16.51008299386434430, 5.999999999999998224 ) ) ;
#3235 = ADVANCED_FACE ( 'NONE', ( #2755 ), #3541, .F. ) ;
#3236 = ORIENTED_EDGE ( 'NONE', *, *, #1148, .T. ) ;
#3237 = ORIENTED_EDGE ( 'NONE', *, *, #3532, .F. ) ;
#3238 = PLANE ( 'NONE',  #1818 ) ;
#3239 = ORIENTED_EDGE ( 'NONE', *, *, #836, .F. ) ;
#3240 = VERTEX_POINT ( 'NONE', #1335 ) ;
#3241 = ORIENTED_EDGE ( 'NONE', *, *, #3343, .T. ) ;
#3242 = DIRECTION ( 'NONE',  ( 0.4222212852095867386, -0.9064927944092908696, 0.000000000000000000 ) ) ;
#3243 = LINE ( 'NONE', #752, #3388 ) ;
#3244 = LINE ( 'NONE', #1083, #1949 ) ;
#3245 = AXIS2_PLACEMENT_3D ( 'NONE', #1557, #2471, #1891 ) ;
#3246 = VERTEX_POINT ( 'NONE', #537 ) ;
#3247 = CARTESIAN_POINT ( 'NONE',  ( 48.69029933770855934, 23.20548913390874901, 14.00000000000000000 ) ) ;
#3248 = DIRECTION ( 'NONE',  ( -0.08759203819463512453, -0.9961564309107829862, 0.000000000000000000 ) ) ;
#3249 = DIRECTION ( 'NONE',  ( 0.000000000000000000, 0.000000000000000000, 1.000000000000000000 ) ) ;
#3250 = CARTESIAN_POINT ( 'NONE',  ( 43.56049838082390124, 41.41877643625893768, 2.000000000000000000 ) ) ;
#3251 = EDGE_CURVE ( 'NONE', #3, #113, #788, .T. ) ;
#3252 = VERTEX_POINT ( 'NONE', #2697 ) ;
#3253 = ORIENTED_EDGE ( 'NONE', *, *, #383, .T. ) ;
#3254 = ADVANCED_FACE ( 'NONE', ( #2490 ), #2148, .F. ) ;
#3255 = FACE_OUTER_BOUND ( 'NONE', #3158, .T. ) ;
#3256 = EDGE_LOOP ( 'NONE', ( #2624, #3571, #2852, #74 ) ) ;
#3257 = ORIENTED_EDGE ( 'NONE', *, *, #1246, .T. ) ;
#3258 = ORIENTED_EDGE ( 'NONE', *, *, #2826, .F. ) ;
#3259 = CIRCLE ( 'NONE', #350, 29.00000000000002842 ) ;
#3260 = DIRECTION ( 'NONE',  ( -0.000000000000000000, -0.000000000000000000, 1.000000000000000000 ) ) ;
#3261 = DIRECTION ( 'NONE',  ( -0.000000000000000000, 0.000000000000000000, 1.000000000000000000 ) ) ;
#3262 = FACE_BOUND ( 'NONE', #2665, .T. ) ;
#3263 = ORIENTED_EDGE ( 'NONE', *, *, #2585, .T. ) ;
#3264 = AXIS2_PLACEMENT_3D ( 'NONE', #89, #1716, #1209 ) ;
#3265 = CARTESIAN_POINT ( 'NONE',  ( 20.79177261539016541, -9.769502067553823110, 2.000000000000000000 ) ) ;
#3266 = DIRECTION ( 'NONE',  ( 0.000000000000000000, 0.000000000000000000, 1.000000000000000000 ) ) ;
#3267 = CARTESIAN_POINT ( 'NONE',  ( 9.821957620656053933, -3.235252392676878141, 27.00000000000000355 ) ) ;
#3268 = CARTESIAN_POINT ( 'NONE',  ( 10.35151775321146950, -5.964380968824130491, 2.000000000000000000 ) ) ;
#3269 = CARTESIAN_POINT ( 'NONE',  ( 51.16443018918072028, 16.51008299386434430, 2.000000000000001776 ) ) ;
#3270 = ORIENTED_EDGE ( 'NONE', *, *, #3309, .F. ) ;
#3271 = EDGE_CURVE ( 'NONE', #859, #1329, #724, .T. ) ;
#3272 = AXIS2_PLACEMENT_3D ( 'NONE', #44, #2842, #2259 ) ;
#3273 = EDGE_LOOP ( 'NONE', ( #27, #2762, #1135, #880 ) ) ;
#3274 = DIRECTION ( 'NONE',  ( 0.000000000000000000, 0.000000000000000000, 1.000000000000000000 ) ) ;
#3275 = LINE ( 'NONE', #1327, #1275 ) ;
#3276 = EDGE_CURVE ( 'NONE', #3171, #1591, #1304, .T. ) ;
#3277 = ORIENTED_EDGE ( 'NONE', *, *, #1964, .F. ) ;
#3278 = ORIENTED_EDGE ( 'NONE', *, *, #1980, .T. ) ;
#3279 = EDGE_CURVE ( 'NONE', #1393, #2174, #2235, .T. ) ;
#3280 = CYLINDRICAL_SURFACE ( 'NONE', #3595, 1.049999999999995381 ) ;
#3281 = CARTESIAN_POINT ( 'NONE',  ( 40.81445548852191507, 40.98538844291566363, 2.000000000000000000 ) ) ;
#3282 = ORIENTED_EDGE ( 'NONE', *, *, #3013, .F. ) ;
#3283 = VECTOR ( 'NONE', #2156, 1000.000000000000000 ) ;
#3284 = EDGE_CURVE ( 'NONE', #1776, #3291, #428, .T. ) ;
#3285 = CARTESIAN_POINT ( 'NONE',  ( 2.774498143449349641, 37.11735985135435101, 2.000000000000000000 ) ) ;
#3286 = AXIS2_PLACEMENT_3D ( 'NONE', #2456, #1068, #286 ) ;
#3287 = VECTOR ( 'NONE', #5, 1000.000000000000000 ) ;
#3288 = DIRECTION ( 'NONE',  ( -0.000000000000000000, -0.000000000000000000, 1.000000000000000000 ) ) ;
#3289 = DIRECTION ( 'NONE',  ( 0.4999999999999919509, 0.8660254037844432595, 0.000000000000000000 ) ) ;
#3290 = LINE ( 'NONE', #2443, #1079 ) ;
#3291 = VERTEX_POINT ( 'NONE', #1107 ) ;
#3292 = VERTEX_POINT ( 'NONE', #3285 ) ;
#3293 = CARTESIAN_POINT ( 'NONE',  ( 47.42852697238529913, 3.378819091186667567, 5.999999999999998224 ) ) ;
#3294 = VERTEX_POINT ( 'NONE', #1088 ) ;
#3295 = AXIS2_PLACEMENT_3D ( 'NONE', #992, #2092, #1586 ) ;
#3296 = ORIENTED_EDGE ( 'NONE', *, *, #2717, .T. ) ;
#3297 = ORIENTED_EDGE ( 'NONE', *, *, #1454, .F. ) ;
#3298 = CYLINDRICAL_SURFACE ( 'NONE', #3245, 1.049999999999995381 ) ;
#3299 = DIRECTION ( 'NONE',  ( 0.4222212852095815760, -0.9064927944092932011, 0.000000000000000000 ) ) ;
#3300 = DIRECTION ( 'NONE',  ( -0.8189007562146558561, 0.5739351457012061841, 0.000000000000000000 ) ) ;
#3301 = ORIENTED_EDGE ( 'NONE', *, *, #3059, .F. ) ;
#3302 = VECTOR ( 'NONE', #2649, 1000.000000000000000 ) ;
#3303 = ADVANCED_FACE ( 'NONE', ( #2208 ), #3321, .F. ) ;
#3304 = DIRECTION ( 'NONE',  ( -1.000000000000000000, 0.000000000000000000, 0.000000000000000000 ) ) ;
#3305 = LINE ( 'NONE', #1658, #493 ) ;
#3306 = DIRECTION ( 'NONE',  ( -0.000000000000000000, -0.000000000000000000, -1.000000000000000000 ) ) ;
#3307 = FACE_OUTER_BOUND ( 'NONE', #2730, .T. ) ;
#3308 = VERTEX_POINT ( 'NONE', #1693 ) ;
#3309 = EDGE_CURVE ( 'NONE', #3228, #200, #1944, .T. ) ;
#3310 = ORIENTED_EDGE ( 'NONE', *, *, #1086, .F. ) ;
#3311 = CARTESIAN_POINT ( 'NONE',  ( 41.86445548852191934, 40.98538844291566363, 5.999999999999998224 ) ) ;
#3312 = DIRECTION ( 'NONE',  ( -1.040834085586421889E-14, 1.000000000000000000, 0.000000000000000000 ) ) ;
#3313 = ORIENTED_EDGE ( 'NONE', *, *, #2963, .T. ) ;
#3314 = ORIENTED_EDGE ( 'NONE', *, *, #689, .T. ) ;
#3315 = FACE_OUTER_BOUND ( 'NONE', #1019, .T. ) ;
#3316 = PLANE ( 'NONE',  #1820 ) ;
#3317 = VECTOR ( 'NONE', #1363, 1000.000000000000000 ) ;
#3318 = EDGE_CURVE ( 'NONE', #655, #745, #64, .T. ) ;
#3319 = ORIENTED_EDGE ( 'NONE', *, *, #1158, .T. ) ;
#3320 = LINE ( 'NONE', #3335, #415 ) ;
#3321 = PLANE ( 'NONE',  #665 ) ;
#3322 = EDGE_CURVE ( 'NONE', #2449, #2500, #1184, .T. ) ;
#3323 = VECTOR ( 'NONE', #1800, 1000.000000000000000 ) ;
#3324 = LINE ( 'NONE', #1932, #2590 ) ;
#3325 = CYLINDRICAL_SURFACE ( 'NONE', #303, 20.50000000000000711 ) ;
#3326 = ORIENTED_EDGE ( 'NONE', *, *, #251, .T. ) ;
#3327 = ORIENTED_EDGE ( 'NONE', *, *, #1201, .F. ) ;
#3328 = FACE_OUTER_BOUND ( 'NONE', #1689, .T. ) ;
#3329 = VECTOR ( 'NONE', #263, 1000.000000000000000 ) ;
#3330 = DIRECTION ( 'NONE',  ( -0.4999999999999980571, -0.8660254037844397068, 0.000000000000000000 ) ) ;
#3331 = VERTEX_POINT ( 'NONE', #3387 ) ;
#3332 = VERTEX_POINT ( 'NONE', #899 ) ;
#3333 = CARTESIAN_POINT ( 'NONE',  ( 12.10524626511206492, 42.50593090375215155, 2.000000000000000000 ) ) ;
#3334 = EDGE_LOOP ( 'NONE', ( #3132, #874 ) ) ;
#3335 = CARTESIAN_POINT ( 'NONE',  ( 1.892901105537363682, 7.475093324460505784, 27.00000000000000355 ) ) ;
#3336 = CARTESIAN_POINT ( 'NONE',  ( 47.42852697238529913, 3.378819091186667567, 2.000000000000001776 ) ) ;
#3337 = CIRCLE ( 'NONE', #1757, 1.999999999999351630 ) ;
#3338 = DIRECTION ( 'NONE',  ( -0.4222212852095847957, 0.9064927944092917578, 0.000000000000000000 ) ) ;
#3339 = LINE ( 'NONE', #2757, #1511 ) ;
#3340 = VECTOR ( 'NONE', #3248, 1000.000000000000000 ) ;
#3341 = ADVANCED_FACE ( 'NONE', ( #1169 ), #2002, .F. ) ;
#3342 = CIRCLE ( 'NONE', #1655, 29.00000000000002132 ) ;
#3343 = EDGE_CURVE ( 'NONE', #3291, #2315, #2171, .T. ) ;
#3344 = EDGE_LOOP ( 'NONE', ( #3263, #2330, #1611, #3568 ) ) ;
#3345 = AXIS2_PLACEMENT_3D ( 'NONE', #2019, #884, #333 ) ;
#3346 = ORIENTED_EDGE ( 'NONE', *, *, #58, .F. ) ;
#3347 = PLANE ( 'NONE',  #265 ) ;
#3348 = DIRECTION ( 'NONE',  ( 3.469446951954742654E-15, -1.000000000000000000, 0.000000000000000000 ) ) ;
#3349 = ADVANCED_FACE ( 'NONE', ( #626 ), #870, .F. ) ;
#3350 = ORIENTED_EDGE ( 'NONE', *, *, #3426, .F. ) ;
#3351 = ORIENTED_EDGE ( 'NONE', *, *, #3507, .F. ) ;
#3352 = DIRECTION ( 'NONE',  ( -1.000000000000000000, 0.000000000000000000, 0.000000000000000000 ) ) ;
#3353 = CIRCLE ( 'NONE', #2944, 1.049999999999995381 ) ;
#3354 = EDGE_CURVE ( 'NONE', #1890, #1925, #2505, .T. ) ;
#3355 = ORIENTED_EDGE ( 'NONE', *, *, #3429, .T. ) ;
#3356 = DIRECTION ( 'NONE',  ( 0.000000000000000000, 0.000000000000000000, 1.000000000000000000 ) ) ;
#3357 = DIRECTION ( 'NONE',  ( 0.5739351457012005220, 0.8189007562146598529, -0.000000000000000000 ) ) ;
#3358 = CARTESIAN_POINT ( 'NONE',  ( 48.47852697238528918, 3.378819091186667567, 5.999999999999998224 ) ) ;
#3359 = ADVANCED_BREP_SHAPE_REPRESENTATION ( '\X2\8f9351fa7aef76d6\X0\v1.0', ( #213, #2634 ), #1761 ) ;
#3360 = DIRECTION ( 'NONE',  ( 0.000000000000000000, 0.000000000000000000, -1.000000000000000000 ) ) ;
#3361 = VECTOR ( 'NONE', #3196, 1000.000000000000000 ) ;
#3362 = ORIENTED_EDGE ( 'NONE', *, *, #1555, .F. ) ;
#3363 = FACE_OUTER_BOUND ( 'NONE', #526, .T. ) ;
#3364 = DIRECTION ( 'NONE',  ( 0.000000000000000000, 0.000000000000000000, -1.000000000000000000 ) ) ;
#3365 = EDGE_CURVE ( 'NONE', #1734, #1431, #2631, .T. ) ;
#3366 = DIRECTION ( 'NONE',  ( 0.000000000000000000, 0.000000000000000000, -1.000000000000000000 ) ) ;
#3367 = EDGE_LOOP ( 'NONE', ( #2675, #3297 ) ) ;
#3368 = EDGE_CURVE ( 'NONE', #1435, #1333, #2929, .T. ) ;
#3369 = CYLINDRICAL_SURFACE ( 'NONE', #334, 1.249999999999996003 ) ;
#3370 = ORIENTED_EDGE ( 'NONE', *, *, #1976, .T. ) ;
#3371 = CARTESIAN_POINT ( 'NONE',  ( -1.059447316238487646, 28.12072306356488838, 3.000000000000000000 ) ) ;
#3372 = DIRECTION ( 'NONE',  ( -1.000000000000000000, 0.000000000000000000, 0.000000000000000000 ) ) ;
#3373 = DIRECTION ( 'NONE',  ( 0.000000000000000000, 0.000000000000000000, 1.000000000000000000 ) ) ;
#3374 = DIRECTION ( 'NONE',  ( 0.000000000000000000, 0.000000000000000000, -1.000000000000000000 ) ) ;
#3375 = ORIENTED_EDGE ( 'NONE', *, *, #1093, .T. ) ;
#3376 = CARTESIAN_POINT ( 'NONE',  ( 25.31820655458890812, 18.87506802511944315, 2.000000000000000000 ) ) ;
#3377 = DIRECTION ( 'NONE',  ( -0.000000000000000000, -0.000000000000000000, 1.000000000000000000 ) ) ;
#3378 = VECTOR ( 'NONE', #1529, 1000.000000000000000 ) ;
#3379 = FACE_BOUND ( 'NONE', #653, .T. ) ;
#3380 = ORIENTED_EDGE ( 'NONE', *, *, #2229, .T. ) ;
#3381 = EDGE_LOOP ( 'NONE', ( #3270, #620 ) ) ;
#3382 = PLANE ( 'NONE',  #2196 ) ;
#3383 = EDGE_CURVE ( 'NONE', #1863, #3331, #2576, .T. ) ;
#3384 = VECTOR ( 'NONE', #2915, 1000.000000000000000 ) ;
#3385 = EDGE_CURVE ( 'NONE', #2065, #1595, #1677, .T. ) ;
#3386 = CARTESIAN_POINT ( 'NONE',  ( 49.79351200364038021, 30.27504272577854394, 0.000000000000000000 ) ) ;
#3387 = CARTESIAN_POINT ( 'NONE',  ( 1.892901105537363682, 7.475093324460505784, 2.000000000000001776 ) ) ;
#3388 = VECTOR ( 'NONE', #1313, 1000.000000000000000 ) ;
#3389 = ADVANCED_FACE ( 'NONE', ( #915 ), #608, .F. ) ;
#3390 = FACE_OUTER_BOUND ( 'NONE', #2433, .T. ) ;
#3391 = DIRECTION ( 'NONE',  ( -0.000000000000000000, 0.000000000000000000, -1.000000000000000000 ) ) ;
#3392 = ORIENTED_EDGE ( 'NONE', *, *, #2963, .F. ) ;
#3393 = CIRCLE ( 'NONE', #1525, 1.999999999999351630 ) ;
#3394 = DIRECTION ( 'NONE',  ( 0.000000000000000000, 0.000000000000000000, -1.000000000000000000 ) ) ;
#3395 = LINE ( 'NONE', #2056, #2217 ) ;
#3396 = CARTESIAN_POINT ( 'NONE',  ( 2.060015845390596123, 32.73351544662359203, 0.000000000000000000 ) ) ;
#3397 = AXIS2_PLACEMENT_3D ( 'NONE', #195, #3530, #1570 ) ;
#3398 = PLANE ( 'NONE',  #616 ) ;
#3399 = AXIS2_PLACEMENT_3D ( 'NONE', #1636, #1370, #810 ) ;
#3400 = EDGE_LOOP ( 'NONE', ( #1703, #1924 ) ) ;
#3401 = AXIS2_PLACEMENT_3D ( 'NONE', #2781, #2496, #1664 ) ;
#3402 = ORIENTED_EDGE ( 'NONE', *, *, #2308, .T. ) ;
#3403 = FACE_OUTER_BOUND ( 'NONE', #242, .T. ) ;
#3404 = CARTESIAN_POINT ( 'NONE',  ( -1.578017080002894090, 21.24005305637471963, 2.000000000000000000 ) ) ;
#3405 = AXIS2_PLACEMENT_3D ( 'NONE', #1618, #1430, #240 ) ;
#3406 = ORIENTED_EDGE ( 'NONE', *, *, #1936, .F. ) ;
#3407 = EDGE_CURVE ( 'NONE', #2484, #2951, #792, .T. ) ;
#3408 = CARTESIAN_POINT ( 'NONE',  ( 37.76818125524791725, -5.600237423932064473, 27.00000000000000355 ) ) ;
#3409 = DIRECTION ( 'NONE',  ( -0.000000000000000000, -0.000000000000000000, -1.000000000000000000 ) ) ;
#3410 = AXIS2_PLACEMENT_3D ( 'NONE', #1790, #1726, #437 ) ;
#3411 = ADVANCED_FACE ( 'NONE', ( #3134 ), #577, .F. ) ;
#3412 = DIRECTION ( 'NONE',  ( -0.000000000000000000, -0.000000000000000000, -1.000000000000000000 ) ) ;
#3413 = VECTOR ( 'NONE', #257, 1000.000000000000000 ) ;
#3414 = CARTESIAN_POINT ( 'NONE',  ( 40.81445548852191507, 40.98538844291566363, 2.000000000000001776 ) ) ;
#3415 = DIRECTION ( 'NONE',  ( -0.4222212852095804103, 0.9064927944092937562, 0.000000000000000000 ) ) ;
#3416 = AXIS2_PLACEMENT_3D ( 'NONE', #2905, #2078, #2016 ) ;
#3417 = DIRECTION ( 'NONE',  ( -0.08759203819464000951, -0.9961564309107825421, 0.000000000000000000 ) ) ;
#3418 = CARTESIAN_POINT ( 'NONE',  ( 25.31820655458890812, 18.87506802511944315, 1.950000000000000400 ) ) ;
#3419 = VERTEX_POINT ( 'NONE', #2860 ) ;
#3420 = EDGE_LOOP ( 'NONE', ( #2107, #2923, #1662, #2472, #2962 ) ) ;
#3421 = CARTESIAN_POINT ( 'NONE',  ( 50.84351200364036316, 30.27504272577854749, 5.999999999999998224 ) ) ;
#3422 = DIRECTION ( 'NONE',  ( 0.000000000000000000, 0.000000000000000000, 1.000000000000000000 ) ) ;
#3423 = ORIENTED_EDGE ( 'NONE', *, *, #1339, .T. ) ;
#3424 = CARTESIAN_POINT ( 'NONE',  ( 49.94029933770856644, 23.20548913390874901, 6.000000000000000000 ) ) ;
#3425 = CARTESIAN_POINT ( 'NONE',  ( 50.68586042541623726, 9.629412986673806074, 3.000000000000000000 ) ) ;
#3426 = EDGE_CURVE ( 'NONE', #2460, #3332, #3084, .T. ) ;
#3427 = DIRECTION ( 'NONE',  ( -0.8660254037844449249, 0.4999999999999888423, 0.000000000000000000 ) ) ;
#3428 = EDGE_CURVE ( 'NONE', #113, #1435, #2307, .T. ) ;
#3429 = EDGE_CURVE ( 'NONE', #2354, #2197, #1710, .T. ) ;
#3430 = FACE_OUTER_BOUND ( 'NONE', #2600, .T. ) ;
#3431 = CARTESIAN_POINT ( 'NONE',  ( 49.79351200364037311, 30.27504272577854749, 5.999999999999998224 ) ) ;
#3432 = LINE ( 'NONE', #3209, #1237 ) ;
#3433 = LINE ( 'NONE', #107, #2640 ) ;
#3434 = ORIENTED_EDGE ( 'NONE', *, *, #3570, .F. ) ;
#3435 = VERTEX_POINT ( 'NONE', #3223 ) ;
#3436 = DIRECTION ( 'NONE',  ( -1.000000000000000000, 0.000000000000000000, 0.000000000000000000 ) ) ;
#3437 = AXIS2_PLACEMENT_3D ( 'NONE', #3431, #3156, #667 ) ;
#3438 = ADVANCED_FACE ( 'NONE', ( #1542 ), #2954, .F. ) ;
#3439 = PLANE ( 'NONE',  #2478 ) ;
#3440 = AXIS2_PLACEMENT_3D ( 'NONE', #66, #3374, #3427 ) ;
#3441 = ORIENTED_EDGE ( 'NONE', *, *, #3251, .F. ) ;
#3442 = DIRECTION ( 'NONE',  ( 1.000000000000000000, -0.000000000000000000, 0.000000000000000000 ) ) ;
#3443 = DIRECTION ( 'NONE',  ( -0.000000000000000000, -0.000000000000000000, -1.000000000000000000 ) ) ;
#3444 = ORIENTED_EDGE ( 'NONE', *, *, #1142, .F. ) ;
#3445 = CIRCLE ( 'NONE', #605, 20.50000000000000711 ) ;
#3446 = DIRECTION ( 'NONE',  ( -0.000000000000000000, -0.000000000000000000, -1.000000000000000000 ) ) ;
#3447 = EDGE_CURVE ( 'NONE', #744, #440, #1594, .T. ) ;
#3448 = DIRECTION ( 'NONE',  ( -0.000000000000000000, -0.000000000000000000, 1.000000000000000000 ) ) ;
#3449 = DIRECTION ( 'NONE',  ( 0.000000000000000000, 0.000000000000000000, -1.000000000000000000 ) ) ;
#3450 = DIRECTION ( 'NONE',  ( -0.000000000000000000, -0.000000000000000000, -1.000000000000000000 ) ) ;
#3451 = EDGE_CURVE ( 'NONE', #2707, #2819, #852, .T. ) ;
#3452 = ORIENTED_EDGE ( 'NONE', *, *, #166, .F. ) ;
#3453 = ORIENTED_EDGE ( 'NONE', *, *, #2741, .F. ) ;
#3454 = EDGE_CURVE ( 'NONE', #3246, #3435, #387, .T. ) ;
#3455 = CARTESIAN_POINT ( 'NONE',  ( 40.12950763544459676, -0.2830792650050373283, 6.000000000000000000 ) ) ;
#3456 = FACE_OUTER_BOUND ( 'NONE', #2726, .T. ) ;
#3457 = CIRCLE ( 'NONE', #3227, 1.250000000000001110 ) ;
#3458 = VERTEX_POINT ( 'NONE', #949 ) ;
#3459 = AXIS2_PLACEMENT_3D ( 'NONE', #181, #2032, #1504 ) ;
#3460 = DIRECTION ( 'NONE',  ( -0.000000000000000000, -0.000000000000000000, -1.000000000000000000 ) ) ;
#3461 = CARTESIAN_POINT ( 'NONE',  ( 45.42852697238594573, 3.378819091186667567, 2.000000000000000000 ) ) ;
#3462 = ORIENTED_EDGE ( 'NONE', *, *, #2917, .T. ) ;
#3463 = CARTESIAN_POINT ( 'NONE',  ( 0.9605526837615119273, 28.12072306356488838, 3.000000000000000000 ) ) ;
#3464 = AXIS2_PLACEMENT_3D ( 'NONE', #2194, #797, #301 ) ;
#3465 = DIRECTION ( 'NONE',  ( 0.000000000000000000, 0.000000000000000000, 1.000000000000000000 ) ) ;
#3466 = DIRECTION ( 'NONE',  ( 0.000000000000000000, -0.000000000000000000, 1.000000000000000000 ) ) ;
#3467 = DIRECTION ( 'NONE',  ( 0.9064927944092953105, 0.4222212852095773017, 0.000000000000000000 ) ) ;
#3468 = VERTEX_POINT ( 'NONE', #1490 ) ;
#3469 = EDGE_CURVE ( 'NONE', #3575, #2201, #2602, .T. ) ;
#3470 = EDGE_LOOP ( 'NONE', ( #685, #1797 ) ) ;
#3471 = VECTOR ( 'NONE', #1010, 1000.000000000000000 ) ;
#3472 = DIRECTION ( 'NONE',  ( -0.9961564309107834303, 0.08759203819462957341, 0.000000000000000000 ) ) ;
#3473 = CARTESIAN_POINT ( 'NONE',  ( 52.03924611279152401, 14.51777013204343447, 2.000000000000000000 ) ) ;
#3474 = ADVANCED_FACE ( 'NONE', ( #458, #712 ), #2049, .T. ) ;
#3475 = ORIENTED_EDGE ( 'NONE', *, *, #2664, .T. ) ;
#3476 = ORIENTED_EDGE ( 'NONE', *, *, #3593, .T. ) ;
#3477 = CARTESIAN_POINT ( 'NONE',  ( 50.15765554853264518, 3.908379223742264319, 0.000000000000000000 ) ) ;
#3478 = DIRECTION ( 'NONE',  ( 0.8660254037844414832, -0.4999999999999948930, 0.000000000000000000 ) ) ;
#3479 = DIRECTION ( 'NONE',  ( -1.000000000000000000, 0.000000000000000000, 0.000000000000000000 ) ) ;
#3480 = ORIENTED_EDGE ( 'NONE', *, *, #2914, .F. ) ;
#3481 = EDGE_LOOP ( 'NONE', ( #1670, #2230, #1283, #1131 ) ) ;
#3482 = DIRECTION ( 'NONE',  ( -0.08759203819463301510, -0.9961564309107832083, 0.000000000000000000 ) ) ;
#3483 = DIRECTION ( 'NONE',  ( -1.000000000000000000, 0.000000000000000000, 0.000000000000000000 ) ) ;
#3484 = DIRECTION ( 'NONE',  ( 0.08759203819464000951, 0.9961564309107825421, 0.000000000000000000 ) ) ;
#3485 = ORIENTED_EDGE ( 'NONE', *, *, #2578, .F. ) ;
#3486 = EDGE_LOOP ( 'NONE', ( #2768, #2428, #1631, #2709 ) ) ;
#3487 = CARTESIAN_POINT ( 'NONE',  ( 54.31314480004058254, 18.33325980956263734, 2.000000000000000000 ) ) ;
#3488 = VERTEX_POINT ( 'NONE', #3185 ) ;
#3489 = ORIENTED_EDGE ( 'NONE', *, *, #2969, .T. ) ;
#3490 = ORIENTED_EDGE ( 'NONE', *, *, #586, .T. ) ;
#3491 = LINE ( 'NONE', #1002, #2420 ) ;
#3492 = EDGE_CURVE ( 'NONE', #3228, #440, #932, .T. ) ;
#3493 = DIRECTION ( 'NONE',  ( -0.000000000000000000, -0.000000000000000000, -1.000000000000000000 ) ) ;
#3494 = FACE_OUTER_BOUND ( 'NONE', #786, .T. ) ;
#3495 = CIRCLE ( 'NONE', #597, 22.25000000000000355 ) ;
#3496 = ORIENTED_EDGE ( 'NONE', *, *, #2664, .F. ) ;
#3497 = VECTOR ( 'NONE', #1900, 1000.000000000000000 ) ;
#3498 = EDGE_LOOP ( 'NONE', ( #2968, #3032, #1803, #2182 ) ) ;
#3499 = FACE_OUTER_BOUND ( 'NONE', #2059, .T. ) ;
#3500 = DIRECTION ( 'NONE',  ( -0.000000000000000000, 0.000000000000000000, -1.000000000000000000 ) ) ;
#3501 = VECTOR ( 'NONE', #3577, 1000.000000000000000 ) ;
#3502 = DIRECTION ( 'NONE',  ( -0.9961564309107834303, 0.08759203819462957341, 0.000000000000000000 ) ) ;
#3503 = CARTESIAN_POINT ( 'NONE',  ( 25.31820655458890812, 18.87506802511944315, 1.950000000000000400 ) ) ;
#3504 = CYLINDRICAL_SURFACE ( 'NONE', #1883, 1.049999999999995381 ) ;
#3505 = ORIENTED_EDGE ( 'NONE', *, *, #2975, .T. ) ;
#3506 = AXIS2_PLACEMENT_3D ( 'NONE', #1541, #1772, #2654 ) ;
#3507 = EDGE_CURVE ( 'NONE', #1006, #398, #2933, .T. ) ;
#3508 = ORIENTED_EDGE ( 'NONE', *, *, #3159, .F. ) ;
#3509 = FACE_OUTER_BOUND ( 'NONE', #3344, .T. ) ;
#3510 = FACE_OUTER_BOUND ( 'NONE', #3521, .T. ) ;
#3511 = EDGE_LOOP ( 'NONE', ( #2166, #3529, #3009, #1259 ) ) ;
#3512 = ORIENTED_EDGE ( 'NONE', *, *, #3137, .T. ) ;
#3513 = CARTESIAN_POINT ( 'NONE',  ( 18.00741485232489225, -4.613500373794265919, 6.000000000000000000 ) ) ;
#3514 = AXIS2_PLACEMENT_3D ( 'NONE', #1050, #1389, #1859 ) ;
#3515 = DIRECTION ( 'NONE',  ( 1.000000000000000000, 0.000000000000000000, 0.000000000000000000 ) ) ;
#3516 = DIRECTION ( 'NONE',  ( 0.08759203819463166896, 0.9961564309107833193, -0.000000000000000000 ) ) ;
#3517 = AXIS2_PLACEMENT_3D ( 'NONE', #88, #2022, #1744 ) ;
#3518 = AXIS2_PLACEMENT_3D ( 'NONE', #1253, #2358, #3479 ) ;
#3519 = EDGE_CURVE ( 'NONE', #2367, #2080, #1232, .T. ) ;
#3520 = AXIS2_PLACEMENT_3D ( 'NONE', #777, #3249, #1256 ) ;
#3521 = EDGE_LOOP ( 'NONE', ( #1465, #2368, #659, #360 ) ) ;
#3522 = CYLINDRICAL_SURFACE ( 'NONE', #1459, 1.050000000000002265 ) ;
#3523 = DIRECTION ( 'NONE',  ( 1.000000000000000000, 0.000000000000000000, 0.000000000000000000 ) ) ;
#3524 = EDGE_CURVE ( 'NONE', #859, #194, #969, .T. ) ;
#3525 = CARTESIAN_POINT ( 'NONE',  ( 25.31820655458890812, 18.87506802511944315, 0.000000000000000000 ) ) ;
#3526 = DIRECTION ( 'NONE',  ( 0.8189007562146538577, -0.5739351457012090707, 0.000000000000000000 ) ) ;
#3527 = CARTESIAN_POINT ( 'NONE',  ( 49.79351200364037311, 30.27504272577854749, 27.00000000000000355 ) ) ;
#3528 = ORIENTED_EDGE ( 'NONE', *, *, #3077, .T. ) ;
#3529 = ORIENTED_EDGE ( 'NONE', *, *, #2210, .F. ) ;
#3530 = DIRECTION ( 'NONE',  ( -0.000000000000000000, 0.000000000000000000, -1.000000000000000000 ) ) ;
#3531 = CYLINDRICAL_SURFACE ( 'NONE', #2088, 1.250000000000001110 ) ;
#3532 = EDGE_CURVE ( 'NONE', #347, #1863, #694, .T. ) ;
#3533 = ORIENTED_EDGE ( 'NONE', *, *, #3447, .T. ) ;
#3534 = EDGE_LOOP ( 'NONE', ( #571, #385, #1537, #837 ) ) ;
#3535 = CARTESIAN_POINT ( 'NONE',  ( 13.91823185393006845, 43.35037347417103604, 5.999999999999998224 ) ) ;
#3536 = PLANE ( 'NONE',  #1808 ) ;
#3537 = DIRECTION ( 'NONE',  ( -0.9961564309107833193, 0.08759203819463166896, 0.000000000000000000 ) ) ;
#3538 = CIRCLE ( 'NONE', #1777, 1.009999999999999787 ) ;
#3539 = ORIENTED_EDGE ( 'NONE', *, *, #1597, .T. ) ;
#3540 = LINE ( 'NONE', #1049, #2036 ) ;
#3541 = CYLINDRICAL_SURFACE ( 'NONE', #3514, 1.999999999999349409 ) ;
#3542 = EDGE_CURVE ( 'NONE', #3294, #2256, #729, .T. ) ;
#3543 = CARTESIAN_POINT ( 'NONE',  ( 25.31820655458890812, 18.87506802511944315, 0.000000000000000000 ) ) ;
#3544 = PLANE ( 'NONE',  #3612 ) ;
#3545 = ADVANCED_FACE ( 'NONE', ( #1521 ), #139, .F. ) ;
#3546 = EDGE_LOOP ( 'NONE', ( #2153, #1620, #403, #2619 ) ) ;
#3547 = ORIENTED_EDGE ( 'NONE', *, *, #2131, .F. ) ;
#3548 = CARTESIAN_POINT ( 'NONE',  ( 52.38961426556993217, 18.50239585568527900, 0.000000000000000000 ) ) ;
#3549 = DIRECTION ( 'NONE',  ( 0.9961564309107833193, -0.08759203819463168283, 0.000000000000000000 ) ) ;
#3550 = ORIENTED_EDGE ( 'NONE', *, *, #700, .F. ) ;
#3551 = VERTEX_POINT ( 'NONE', #1269 ) ;
#3552 = AXIS2_PLACEMENT_3D ( 'NONE', #783, #1887, #3007 ) ;
#3553 = PLANE ( 'NONE',  #2068 ) ;
#3554 = LINE ( 'NONE', #2453, #2704 ) ;
#3555 = FACE_OUTER_BOUND ( 'NONE', #1451, .T. ) ;
#3556 = VERTEX_POINT ( 'NONE', #985 ) ;
#3557 = DIRECTION ( 'NONE',  ( 1.000000000000000000, 0.000000000000000000, 0.000000000000000000 ) ) ;
#3558 = CARTESIAN_POINT ( 'NONE',  ( 4.355756428194676566, 36.00911847148115186, 0.000000000000000000 ) ) ;
#3559 = AXIS2_PLACEMENT_3D ( 'NONE', #2477, #2228, #1 ) ;
#3560 = PLANE ( 'NONE',  #2412 ) ;
#3561 = FACE_OUTER_BOUND ( 'NONE', #1945, .T. ) ;
#3562 = CIRCLE ( 'NONE', #3046, 1.250000000000001110 ) ;
#3563 = EDGE_LOOP ( 'NONE', ( #1378, #1885, #2355, #1115 ) ) ;
#3564 = EDGE_CURVE ( 'NONE', #1972, #2341, #2086, .T. ) ;
#3565 = CIRCLE ( 'NONE', #946, 1.250000000000001110 ) ;
#3566 = ORIENTED_EDGE ( 'NONE', *, *, #3426, .T. ) ;
#3567 = DIRECTION ( 'NONE',  ( -0.000000000000000000, -0.000000000000000000, -1.000000000000000000 ) ) ;
#3568 = ORIENTED_EDGE ( 'NONE', *, *, #2578, .T. ) ;
#3569 = ORIENTED_EDGE ( 'NONE', *, *, #675, .F. ) ;
#3570 = EDGE_CURVE ( 'NONE', #151, #3226, #662, .T. ) ;
#3571 = ORIENTED_EDGE ( 'NONE', *, *, #1711, .F. ) ;
#3572 = LINE ( 'NONE', #1330, #3413 ) ;
#3573 = FACE_OUTER_BOUND ( 'NONE', #1612, .T. ) ;
#3574 = AXIS2_PLACEMENT_3D ( 'NONE', #3018, #244, #521 ) ;
#3575 = VERTEX_POINT ( 'NONE', #439 ) ;
#3576 = CIRCLE ( 'NONE', #3397, 29.00000000000002487 ) ;
#3577 = DIRECTION ( 'NONE',  ( -0.000000000000000000, -0.000000000000000000, -1.000000000000000000 ) ) ;
#3578 = DIRECTION ( 'NONE',  ( 0.000000000000000000, -0.000000000000000000, 1.000000000000000000 ) ) ;
#3579 = AXIS2_PLACEMENT_3D ( 'NONE', #315, #3357, #1968 ) ;
#3580 = AXIS2_PLACEMENT_3D ( 'NONE', #3376, #889, #355 ) ;
#3581 = DIRECTION ( 'NONE',  ( -0.000000000000000000, -0.000000000000000000, -1.000000000000000000 ) ) ;
#3582 = CARTESIAN_POINT ( 'NONE',  ( 24.94553438515464450, -8.196339685861572022, 2.000000000000000000 ) ) ;
#3583 = ORIENTED_EDGE ( 'NONE', *, *, #1093, .F. ) ;
#3584 = VERTEX_POINT ( 'NONE', #2377 ) ;
#3585 = CARTESIAN_POINT ( 'NONE',  ( 24.77639833903199928, -10.11987022033223482, 0.000000000000000000 ) ) ;
#3586 = PLANE ( 'NONE',  #1795 ) ;
#3587 = VECTOR ( 'NONE', #2735, 1000.000000000000000 ) ;
#3588 = ADVANCED_FACE ( 'NONE', ( #3494 ), #1005, .F. ) ;
#3589 = EDGE_LOOP ( 'NONE', ( #1906, #547, #2142, #528 ) ) ;
#3590 = EDGE_CURVE ( 'NONE', #3082, #2749, #3244, .T. ) ;
#3591 = ORIENTED_EDGE ( 'NONE', *, *, #155, .T. ) ;
#3592 = DIRECTION ( 'NONE',  ( 0.000000000000000000, 0.000000000000000000, -1.000000000000000000 ) ) ;
#3593 = EDGE_CURVE ( 'NONE', #118, #1650, #280, .T. ) ;
#3594 = ORIENTED_EDGE ( 'NONE', *, *, #201, .F. ) ;
#3595 = AXIS2_PLACEMENT_3D ( 'NONE', #1835, #1369, #1287 ) ;
#3596 = CARTESIAN_POINT ( 'NONE',  ( -1.751935795749497204, 8.472789758681052774, 2.000000000000000000 ) ) ;
#3597 = CARTESIAN_POINT ( 'NONE',  ( 33.87899825685308741, 42.36363642403309626, 6.000000000000000000 ) ) ;
#3598 = CARTESIAN_POINT ( 'NONE',  ( 0.8429011055373636374, 7.475093324460505784, 27.00000000000000355 ) ) ;
#3599 = DIRECTION ( 'NONE',  ( -0.000000000000000000, 0.000000000000000000, -1.000000000000000000 ) ) ;
#3600 = ORIENTED_EDGE ( 'NONE', *, *, #609, .F. ) ;
#3601 = ORIENTED_EDGE ( 'NONE', *, *, #3081, .F. ) ;
#3602 = FACE_OUTER_BOUND ( 'NONE', #1249, .T. ) ;
#3603 = DIRECTION ( 'NONE',  ( -1.000000000000000000, 0.000000000000000000, 0.000000000000000000 ) ) ;
#3604 = EDGE_LOOP ( 'NONE', ( #2034, #569, #3079, #1758 ) ) ;
#3605 = ORIENTED_EDGE ( 'NONE', *, *, #3159, .T. ) ;
#3606 = DIRECTION ( 'NONE',  ( 0.000000000000000000, 0.000000000000000000, 1.000000000000000000 ) ) ;
#3607 = EDGE_CURVE ( 'NONE', #151, #1008, #378, .T. ) ;
#3608 = AXIS2_PLACEMENT_3D ( 'NONE', #326, #1665, #7 ) ;
#3609 = ADVANCED_FACE ( 'NONE', ( #3555 ), #3316, .F. ) ;
#3610 = CARTESIAN_POINT ( 'NONE',  ( -0.5538862285307669664, 14.54464691633031137, 0.000000000000000000 ) ) ;
#3611 = ADVANCED_FACE ( 'NONE', ( #2729, #1893, #2145, #517, #1063, #753, #1352, #2752, #1047, #2395, #1027, #534, #2126, #2692, #1619, #1855, #1875, #241, #222, #3262, #2770, #2974 ), #476, .T. ) ;
#3612 = AXIS2_PLACEMENT_3D ( 'NONE', #3503, #1070, #1861 ) ;
#3613 = DIRECTION ( 'NONE',  ( -0.000000000000000000, -0.000000000000000000, 1.000000000000000000 ) ) ;
ENDSEC;
END-ISO-10303-21;
